{
	"display": {
		"icon": {
			"id": "minecraft:furnace",
			"components": {
				"minecraft:item_model": "stardust:quarry_lv1"
			}
		},
		"title": {
			"translate": "stardust.mining_industry_i",
			"color": "aqua"
		},
		"description": [
			{
				"translate": "stardust.obtain_a",
				"color": "green"
			},
			{
				"translate": "stardust.quarry_lv_1",
				"italic": false
			}
		],
		"frame": "task",
		"show_toast": true,
		"announce_to_chat": true,
		"hidden": false
	},
	"criteria": {
		"requirement": {
			"trigger": "minecraft:inventory_changed",
			"conditions": {
				"items": [
					{
						"predicates": {
							"minecraft:custom_data": {"stardust": {"quarry_lv1": true}}
						}
					}
				]
			}
		}
	},
	"requirements": [
		[
			"requirement"
		]
	],
	"parent": "stardust:visible/technology/quarry_configurator"
}
