{
	"type": "minecraft:notice",
	"title": {
		"translate": "stardust.awakened_stardust_bow",
		"underlined": true
	},
	"body": [
		{
			"type": "minecraft:plain_message",
			"contents": [
				{"text": "V   ","font": "stardust:manual","color": "white"},
				{"text": "\n   ","click_event": {"action": "show_dialog","dialog": "stardust:manual/page_120"},"hover_event": {"action": "show_text","value": [{"translate": "stardust.go_to_previous_page"}," (120)"]}},
				" ",
				{"text": "   ","click_event": {"action": "show_dialog","dialog": "stardust:manual/page_122"},"hover_event": {"action": "show_text","value": [{"translate": "stardust.go_to_next_page"}," (122)"]}},
				{"text": "\n   ","click_event": {"action": "show_dialog","dialog": "stardust:manual/page_120"},"hover_event": {"action": "show_text","value": [{"translate": "stardust.go_to_previous_page"}," (120)"]}},
				" ",
				{"text": "   ","click_event": {"action": "show_dialog","dialog": "stardust:manual/page_122"},"hover_event": {"action": "show_text","value": [{"translate": "stardust.go_to_next_page"}," (122)"]}}
			],
			"width": 400
		},
		{
			"type": "minecraft:plain_message",
			"contents": [
				{"text": "","font": "stardust:manual","color": "white","shadow_color": [0,0,0,0]},
				"\"$6\n\"",
				{"text": "$聧","hover_event": {"action": "show_item","id": "furnace","components": {"item_model": "stardust:awakened_stardust_frame","item_name": {"translate": "stardust.awakened_stardust_frame"},"lore": [["",{"text": "I","color": "white","italic": false,"font": "stardust:icons"},{"translate": "stardustfragment","italic": true,"color": "blue"}]],"custom_data": {"stardust": {"awakened_stardust_frame": true},"smithed": {"ignore": {"functionality": true,"crafting": true}}},"container": [{"slot": 0,"item": {"id": "minecraft:stone","count": 1,"components": {"minecraft:custom_data": {"smithed": {"block": {"id": "stardust:awakened_stardust_frame","from": "stardust"}}}}}}],"tooltip_display": {"hidden_components": ["minecraft:container"]}}},"click_event": {"action": "show_dialog","dialog": "stardust:manual/page_45"}},
				{"text": "$聟","hover_event": {"action": "show_item","id": "furnace","components": {"lore": [{"translate": "stardust.equivalent_to_531441_cobblestones","color": "gray","italic": false},["",{"text": "I","color": "white","italic": false,"font": "stardust:icons"},{"translate": "stardustfragment","italic": true,"color": "blue"}]],"item_model": "stardust:sextuple_compressed_cobblestone","item_name": {"translate": "stardust.sextuple_compressed_cobblestone"},"custom_data": {"stardust": {"sextuple_compressed_cobblestone": true},"smithed": {"ignore": {"functionality": true,"crafting": true}}},"container": [{"slot": 0,"item": {"id": "minecraft:stone","count": 1,"components": {"minecraft:custom_data": {"smithed": {"block": {"id": "stardust:sextuple_compressed_cobblestone","from": "stardust"}}}}}}],"tooltip_display": {"hidden_components": ["minecraft:container"]}}},"click_event": {"action": "show_dialog","dialog": "stardust:manual/page_41"}},
				{"text": "$聧","hover_event": {"action": "show_item","id": "furnace","components": {"item_model": "stardust:awakened_stardust_frame","item_name": {"translate": "stardust.awakened_stardust_frame"},"lore": [["",{"text": "I","color": "white","italic": false,"font": "stardust:icons"},{"translate": "stardustfragment","italic": true,"color": "blue"}]],"custom_data": {"stardust": {"awakened_stardust_frame": true},"smithed": {"ignore": {"functionality": true,"crafting": true}}},"container": [{"slot": 0,"item": {"id": "minecraft:stone","count": 1,"components": {"minecraft:custom_data": {"smithed": {"block": {"id": "stardust:awakened_stardust_frame","from": "stardust"}}}}}}],"tooltip_display": {"hidden_components": ["minecraft:container"]}}},"click_event": {"action": "show_dialog","dialog": "stardust:manual/page_45"}},
				"  \n\"",
				{"text": "U$","hover_event": {"action": "show_item","id": "furnace","components": {"item_model": "stardust:awakened_stardust_frame","item_name": {"translate": "stardust.awakened_stardust_frame"},"lore": [["",{"text": "I","color": "white","italic": false,"font": "stardust:icons"},{"translate": "stardustfragment","italic": true,"color": "blue"}]],"custom_data": {"stardust": {"awakened_stardust_frame": true},"smithed": {"ignore": {"functionality": true,"crafting": true}}},"container": [{"slot": 0,"item": {"id": "minecraft:stone","count": 1,"components": {"minecraft:custom_data": {"smithed": {"block": {"id": "stardust:awakened_stardust_frame","from": "stardust"}}}}}}],"tooltip_display": {"hidden_components": ["minecraft:container"]}}},"click_event": {"action": "show_dialog","dialog": "stardust:manual/page_45"}},
				{"text": "U$","hover_event": {"action": "show_item","id": "furnace","components": {"lore": [{"translate": "stardust.equivalent_to_531441_cobblestones","color": "gray","italic": false},["",{"text": "I","color": "white","italic": false,"font": "stardust:icons"},{"translate": "stardustfragment","italic": true,"color": "blue"}]],"item_model": "stardust:sextuple_compressed_cobblestone","item_name": {"translate": "stardust.sextuple_compressed_cobblestone"},"custom_data": {"stardust": {"sextuple_compressed_cobblestone": true},"smithed": {"ignore": {"functionality": true,"crafting": true}}},"container": [{"slot": 0,"item": {"id": "minecraft:stone","count": 1,"components": {"minecraft:custom_data": {"smithed": {"block": {"id": "stardust:sextuple_compressed_cobblestone","from": "stardust"}}}}}}],"tooltip_display": {"hidden_components": ["minecraft:container"]}}},"click_event": {"action": "show_dialog","dialog": "stardust:manual/page_41"}},
				{"text": "U$","hover_event": {"action": "show_item","id": "furnace","components": {"item_model": "stardust:awakened_stardust_frame","item_name": {"translate": "stardust.awakened_stardust_frame"},"lore": [["",{"text": "I","color": "white","italic": false,"font": "stardust:icons"},{"translate": "stardustfragment","italic": true,"color": "blue"}]],"custom_data": {"stardust": {"awakened_stardust_frame": true},"smithed": {"ignore": {"functionality": true,"crafting": true}}},"container": [{"slot": 0,"item": {"id": "minecraft:stone","count": 1,"components": {"minecraft:custom_data": {"smithed": {"block": {"id": "stardust:awakened_stardust_frame","from": "stardust"}}}}}}],"tooltip_display": {"hidden_components": ["minecraft:container"]}}},"click_event": {"action": "show_dialog","dialog": "stardust:manual/page_45"}},
				"  \n\"",
				{"text": "$聟","hover_event": {"action": "show_item","id": "furnace","components": {"lore": [{"translate": "stardust.equivalent_to_531441_cobblestones","color": "gray","italic": false},["",{"text": "I","color": "white","italic": false,"font": "stardust:icons"},{"translate": "stardustfragment","italic": true,"color": "blue"}]],"item_model": "stardust:sextuple_compressed_cobblestone","item_name": {"translate": "stardust.sextuple_compressed_cobblestone"},"custom_data": {"stardust": {"sextuple_compressed_cobblestone": true},"smithed": {"ignore": {"functionality": true,"crafting": true}}},"container": [{"slot": 0,"item": {"id": "minecraft:stone","count": 1,"components": {"minecraft:custom_data": {"smithed": {"block": {"id": "stardust:sextuple_compressed_cobblestone","from": "stardust"}}}}}}],"tooltip_display": {"hidden_components": ["minecraft:container"]}}},"click_event": {"action": "show_dialog","dialog": "stardust:manual/page_41"}},
				{"text": "$能","hover_event": {"action": "show_item","id": "bow","components": {"max_damage": 768,"item_model": "stardust:stardust_bow","item_name": {"translate": "stardust_bow"},"lore": [["",{"text": "I","color": "white","italic": false,"font": "stardust:icons"},{"translate": "stardustfragment","italic": true,"color": "blue"}]],"custom_data": {"stardust": {"stardust_bow": true},"smithed": {"ignore": {"functionality": true,"crafting": true}}}}},"click_event": {"action": "show_dialog","dialog": "stardust:manual/page_120"}},
				{"text": "$聟","hover_event": {"action": "show_item","id": "furnace","components": {"lore": [{"translate": "stardust.equivalent_to_531441_cobblestones","color": "gray","italic": false},["",{"text": "I","color": "white","italic": false,"font": "stardust:icons"},{"translate": "stardustfragment","italic": true,"color": "blue"}]],"item_model": "stardust:sextuple_compressed_cobblestone","item_name": {"translate": "stardust.sextuple_compressed_cobblestone"},"custom_data": {"stardust": {"sextuple_compressed_cobblestone": true},"smithed": {"ignore": {"functionality": true,"crafting": true}}},"container": [{"slot": 0,"item": {"id": "minecraft:stone","count": 1,"components": {"minecraft:custom_data": {"smithed": {"block": {"id": "stardust:sextuple_compressed_cobblestone","from": "stardust"}}}}}}],"tooltip_display": {"hidden_components": ["minecraft:container"]}}},"click_event": {"action": "show_dialog","dialog": "stardust:manual/page_41"}},
				"\"\"",
				{"text": "$$胿","hover_event": {"action": "show_item","id": "bow","components": {"max_damage": 1536,"item_model": "stardust:awakened_stardust_bow","item_name": {"translate": "stardust.awakened_stardust_bow"},"lore": [["",{"text": "I","color": "white","italic": false,"font": "stardust:icons"},{"translate": "stardustfragment","italic": true,"color": "blue"}]],"custom_data": {"stardust": {"awakened_stardust_bow": true},"smithed": {"ignore": {"functionality": true,"crafting": true}}}}}},
				"#$\n\"",
				{"text": "U$","hover_event": {"action": "show_item","id": "furnace","components": {"lore": [{"translate": "stardust.equivalent_to_531441_cobblestones","color": "gray","italic": false},["",{"text": "I","color": "white","italic": false,"font": "stardust:icons"},{"translate": "stardustfragment","italic": true,"color": "blue"}]],"item_model": "stardust:sextuple_compressed_cobblestone","item_name": {"translate": "stardust.sextuple_compressed_cobblestone"},"custom_data": {"stardust": {"sextuple_compressed_cobblestone": true},"smithed": {"ignore": {"functionality": true,"crafting": true}}},"container": [{"slot": 0,"item": {"id": "minecraft:stone","count": 1,"components": {"minecraft:custom_data": {"smithed": {"block": {"id": "stardust:sextuple_compressed_cobblestone","from": "stardust"}}}}}}],"tooltip_display": {"hidden_components": ["minecraft:container"]}}},"click_event": {"action": "show_dialog","dialog": "stardust:manual/page_41"}},
				{"text": "U$","hover_event": {"action": "show_item","id": "bow","components": {"max_damage": 768,"item_model": "stardust:stardust_bow","item_name": {"translate": "stardust_bow"},"lore": [["",{"text": "I","color": "white","italic": false,"font": "stardust:icons"},{"translate": "stardustfragment","italic": true,"color": "blue"}]],"custom_data": {"stardust": {"stardust_bow": true},"smithed": {"ignore": {"functionality": true,"crafting": true}}}}},"click_event": {"action": "show_dialog","dialog": "stardust:manual/page_120"}},
				{"text": "U$","hover_event": {"action": "show_item","id": "furnace","components": {"lore": [{"translate": "stardust.equivalent_to_531441_cobblestones","color": "gray","italic": false},["",{"text": "I","color": "white","italic": false,"font": "stardust:icons"},{"translate": "stardustfragment","italic": true,"color": "blue"}]],"item_model": "stardust:sextuple_compressed_cobblestone","item_name": {"translate": "stardust.sextuple_compressed_cobblestone"},"custom_data": {"stardust": {"sextuple_compressed_cobblestone": true},"smithed": {"ignore": {"functionality": true,"crafting": true}}},"container": [{"slot": 0,"item": {"id": "minecraft:stone","count": 1,"components": {"minecraft:custom_data": {"smithed": {"block": {"id": "stardust:sextuple_compressed_cobblestone","from": "stardust"}}}}}}],"tooltip_display": {"hidden_components": ["minecraft:container"]}}},"click_event": {"action": "show_dialog","dialog": "stardust:manual/page_41"}},
				"\"\"",
				{"text": "U$","hover_event": {"action": "show_item","id": "bow","components": {"max_damage": 1536,"item_model": "stardust:awakened_stardust_bow","item_name": {"translate": "stardust.awakened_stardust_bow"},"lore": [["",{"text": "I","color": "white","italic": false,"font": "stardust:icons"},{"translate": "stardustfragment","italic": true,"color": "blue"}]],"custom_data": {"stardust": {"awakened_stardust_bow": true},"smithed": {"ignore": {"functionality": true,"crafting": true}}}}}},
				"#$\n\"",
				{"text": "$聧","hover_event": {"action": "show_item","id": "furnace","components": {"item_model": "stardust:awakened_stardust_frame","item_name": {"translate": "stardust.awakened_stardust_frame"},"lore": [["",{"text": "I","color": "white","italic": false,"font": "stardust:icons"},{"translate": "stardustfragment","italic": true,"color": "blue"}]],"custom_data": {"stardust": {"awakened_stardust_frame": true},"smithed": {"ignore": {"functionality": true,"crafting": true}}},"container": [{"slot": 0,"item": {"id": "minecraft:stone","count": 1,"components": {"minecraft:custom_data": {"smithed": {"block": {"id": "stardust:awakened_stardust_frame","from": "stardust"}}}}}}],"tooltip_display": {"hidden_components": ["minecraft:container"]}}},"click_event": {"action": "show_dialog","dialog": "stardust:manual/page_45"}},
				{"text": "$聟","hover_event": {"action": "show_item","id": "furnace","components": {"lore": [{"translate": "stardust.equivalent_to_531441_cobblestones","color": "gray","italic": false},["",{"text": "I","color": "white","italic": false,"font": "stardust:icons"},{"translate": "stardustfragment","italic": true,"color": "blue"}]],"item_model": "stardust:sextuple_compressed_cobblestone","item_name": {"translate": "stardust.sextuple_compressed_cobblestone"},"custom_data": {"stardust": {"sextuple_compressed_cobblestone": true},"smithed": {"ignore": {"functionality": true,"crafting": true}}},"container": [{"slot": 0,"item": {"id": "minecraft:stone","count": 1,"components": {"minecraft:custom_data": {"smithed": {"block": {"id": "stardust:sextuple_compressed_cobblestone","from": "stardust"}}}}}}],"tooltip_display": {"hidden_components": ["minecraft:container"]}}},"click_event": {"action": "show_dialog","dialog": "stardust:manual/page_41"}},
				{"text": "$聧","hover_event": {"action": "show_item","id": "furnace","components": {"item_model": "stardust:awakened_stardust_frame","item_name": {"translate": "stardust.awakened_stardust_frame"},"lore": [["",{"text": "I","color": "white","italic": false,"font": "stardust:icons"},{"translate": "stardustfragment","italic": true,"color": "blue"}]],"custom_data": {"stardust": {"awakened_stardust_frame": true},"smithed": {"ignore": {"functionality": true,"crafting": true}}},"container": [{"slot": 0,"item": {"id": "minecraft:stone","count": 1,"components": {"minecraft:custom_data": {"smithed": {"block": {"id": "stardust:awakened_stardust_frame","from": "stardust"}}}}}}],"tooltip_display": {"hidden_components": ["minecraft:container"]}}},"click_event": {"action": "show_dialog","dialog": "stardust:manual/page_45"}},
				"  \n\"",
				{"text": "U$","hover_event": {"action": "show_item","id": "furnace","components": {"item_model": "stardust:awakened_stardust_frame","item_name": {"translate": "stardust.awakened_stardust_frame"},"lore": [["",{"text": "I","color": "white","italic": false,"font": "stardust:icons"},{"translate": "stardustfragment","italic": true,"color": "blue"}]],"custom_data": {"stardust": {"awakened_stardust_frame": true},"smithed": {"ignore": {"functionality": true,"crafting": true}}},"container": [{"slot": 0,"item": {"id": "minecraft:stone","count": 1,"components": {"minecraft:custom_data": {"smithed": {"block": {"id": "stardust:awakened_stardust_frame","from": "stardust"}}}}}}],"tooltip_display": {"hidden_components": ["minecraft:container"]}}},"click_event": {"action": "show_dialog","dialog": "stardust:manual/page_45"}},
				{"text": "U$","hover_event": {"action": "show_item","id": "furnace","components": {"lore": [{"translate": "stardust.equivalent_to_531441_cobblestones","color": "gray","italic": false},["",{"text": "I","color": "white","italic": false,"font": "stardust:icons"},{"translate": "stardustfragment","italic": true,"color": "blue"}]],"item_model": "stardust:sextuple_compressed_cobblestone","item_name": {"translate": "stardust.sextuple_compressed_cobblestone"},"custom_data": {"stardust": {"sextuple_compressed_cobblestone": true},"smithed": {"ignore": {"functionality": true,"crafting": true}}},"container": [{"slot": 0,"item": {"id": "minecraft:stone","count": 1,"components": {"minecraft:custom_data": {"smithed": {"block": {"id": "stardust:sextuple_compressed_cobblestone","from": "stardust"}}}}}}],"tooltip_display": {"hidden_components": ["minecraft:container"]}}},"click_event": {"action": "show_dialog","dialog": "stardust:manual/page_41"}},
				{"text": "U$","hover_event": {"action": "show_item","id": "furnace","components": {"item_model": "stardust:awakened_stardust_frame","item_name": {"translate": "stardust.awakened_stardust_frame"},"lore": [["",{"text": "I","color": "white","italic": false,"font": "stardust:icons"},{"translate": "stardustfragment","italic": true,"color": "blue"}]],"custom_data": {"stardust": {"awakened_stardust_frame": true},"smithed": {"ignore": {"functionality": true,"crafting": true}}},"container": [{"slot": 0,"item": {"id": "minecraft:stone","count": 1,"components": {"minecraft:custom_data": {"smithed": {"block": {"id": "stardust:awakened_stardust_frame","from": "stardust"}}}}}}],"tooltip_display": {"hidden_components": ["minecraft:container"]}}},"click_event": {"action": "show_dialog","dialog": "stardust:manual/page_45"}},
				"  \n\n",
				{"text": "1##","hover_event": {"action": "show_text","value": [{"translate": "stardust.bow_crafted_from_awakened_stardust_materials","color": "yellow"},{"translate": "stardust.higher_durability_x4_and_power_x2_than_regular_bows","color": "gray"},{"translate": "stardust.shooting_while_sneaking_makes_no_gravity_arrows","color": "gray"}]}},
				{"text": "2##","hover_event": {"action": "show_text","value": [{"text": ""},[{"text": "","font": "stardust:manual","color": "white"},"\"F\n","\"",{"text": "$聧"},{"text": "$聟"},{"text": "$聧"},"\n","\"",{"text": "U$"},{"text": "U$"},{"text": "U$"},"\n","\"",{"text": "$聟"},{"text": "$能"},{"text": "$聟"},"\"\"",{"text": "$$胿"},"\n","\"",{"text": "U$"},{"text": "U$"},{"text": "U$"},"\"\"",{"text": "U$"},"\n","\"",{"text": "$聧"},{"text": "$聟"},{"text": "$聧"},"\n","\"",{"text": "U$"},{"text": "U$"},{"text": "U$"},"\n"],{"text": "\n- x4 ","color": "gray"},{"translate": "stardust.awakened_stardust_frame","color": "gray"},{"text": "\n- x4 ","color": "gray"},{"translate": "stardust.sextuple_compressed_cobblestone","color": "gray"},{"text": "\n- x1 ","color": "gray"},{"translate": "stardust_bow","color": "gray"}]}},
				{"text": "2\n","hover_event": {"action": "show_text","value": [{"text": ""},[{"text": "","font": "stardust:manual","color": "white"},"\"F\n","\"",{"text": "$聟"},{"text": "$聧"},{"text": "$聟"},"\n","\"",{"text": "U$"},{"text": "U$"},{"text": "U$"},"\n","\"",{"text": "$聧"},{"text": "$能"},{"text": "$聧"},"\"\"",{"text": "$$胿"},"\n","\"",{"text": "U$"},{"text": "U$"},{"text": "U$"},"\"\"",{"text": "U$"},"\n","\"",{"text": "$聟"},{"text": "$聧"},{"text": "$聟"},"\n","\"",{"text": "U$"},{"text": "U$"},{"text": "U$"},"\n"],{"text": "\n- x4 ","color": "gray"},{"translate": "stardust.awakened_stardust_frame","color": "gray"},{"text": "\n- x4 ","color": "gray"},{"translate": "stardust.sextuple_compressed_cobblestone","color": "gray"},{"text": "\n- x1 ","color": "gray"},{"translate": "stardust_bow","color": "gray"}]}},
				{"text": "0##","hover_event": {"action": "show_text","value": [{"translate": "stardust.bow_crafted_from_awakened_stardust_materials","color": "yellow"},{"translate": "stardust.higher_durability_x4_and_power_x2_than_regular_bows","color": "gray"},{"translate": "stardust.shooting_while_sneaking_makes_no_gravity_arrows","color": "gray"}]}},
				{"text": "0##","hover_event": {"action": "show_text","value": [{"text": ""},[{"text": "","font": "stardust:manual","color": "white"},"\"F\n","\"",{"text": "$聧"},{"text": "$聟"},{"text": "$聧"},"\n","\"",{"text": "U$"},{"text": "U$"},{"text": "U$"},"\n","\"",{"text": "$聟"},{"text": "$能"},{"text": "$聟"},"\"\"",{"text": "$$胿"},"\n","\"",{"text": "U$"},{"text": "U$"},{"text": "U$"},"\"\"",{"text": "U$"},"\n","\"",{"text": "$聧"},{"text": "$聟"},{"text": "$聧"},"\n","\"",{"text": "U$"},{"text": "U$"},{"text": "U$"},"\n"],{"text": "\n- x4 ","color": "gray"},{"translate": "stardust.awakened_stardust_frame","color": "gray"},{"text": "\n- x4 ","color": "gray"},{"translate": "stardust.sextuple_compressed_cobblestone","color": "gray"},{"text": "\n- x1 ","color": "gray"},{"translate": "stardust_bow","color": "gray"}]}},
				{"text": "0","hover_event": {"action": "show_text","value": [{"text": ""},[{"text": "","font": "stardust:manual","color": "white"},"\"F\n","\"",{"text": "$聟"},{"text": "$聧"},{"text": "$聟"},"\n","\"",{"text": "U$"},{"text": "U$"},{"text": "U$"},"\n","\"",{"text": "$聧"},{"text": "$能"},{"text": "$聧"},"\"\"",{"text": "$$胿"},"\n","\"",{"text": "U$"},{"text": "U$"},{"text": "U$"},"\"\"",{"text": "U$"},"\n","\"",{"text": "$聟"},{"text": "$聧"},{"text": "$聟"},"\n","\"",{"text": "U$"},{"text": "U$"},{"text": "U$"},"\n"],{"text": "\n- x4 ","color": "gray"},{"translate": "stardust.awakened_stardust_frame","color": "gray"},{"text": "\n- x4 ","color": "gray"},{"translate": "stardust.sextuple_compressed_cobblestone","color": "gray"},{"text": "\n- x1 ","color": "gray"},{"translate": "stardust_bow","color": "gray"}]}},
				"\n\n\n\n\n\n\n\n\n\n\n\n\n\n\n\n"
			],
			"width": 140
		}
	]
}
