{
	"type": "minecraft:notice",
	"title": {
		"translate": "stardust.darkium_boots",
		"underlined": true
	},
	"body": [
		{
			"type": "minecraft:plain_message",
			"contents": [
				{"text": "V   ","font": "stardust:manual","color": "white"},
				{"text": "\n   ","click_event": {"action": "show_dialog","dialog": "stardust:manual/page_114"},"hover_event": {"action": "show_text","value": [{"translate": "stardust.go_to_previous_page"},{"translate": "stardust.114"}]}},
				" ",
				{"text": "   ","click_event": {"action": "show_dialog","dialog": "stardust:manual/page_116"},"hover_event": {"action": "show_text","value": [{"translate": "stardust.go_to_next_page"},{"translate": "stardust.116"}]}},
				{"text": "\n   ","click_event": {"action": "show_dialog","dialog": "stardust:manual/page_114"},"hover_event": {"action": "show_text","value": [{"translate": "stardust.go_to_previous_page"},{"translate": "stardust.114"}]}},
				" ",
				{"text": "   ","click_event": {"action": "show_dialog","dialog": "stardust:manual/page_116"},"hover_event": {"action": "show_text","value": [{"translate": "stardust.go_to_next_page"},{"translate": "stardust.116"}]}}
			],
			"width": 400
		},
		{
			"type": "minecraft:plain_message",
			"contents": [
				{"text": "","font": "stardust:manual","color": "white","shadow_color": [0,0,0,0]},
				"႒\n",
				{"text": "  \n  \n  \n  \n","hover_event": {"action": "show_item","id": "netherite_boots","components": {"custom_data": {"smithed": {"dict": {"armor": {"darkium": true,"boots": true}},"ignore": {"functionality": true,"crafting": true}},"stardust": {"darkium_boots": true}},"max_damage": 2033,"attribute_modifiers": [{"type": "armor","amount": 9.5,"operation": "add_value","slot": "feet","id": "stardust:armor.feet"},{"type": "armor_toughness","amount": 5.0,"operation": "add_value","slot": "feet","id": "stardust:armor_toughness.feet"},{"type": "knockback_resistance","amount": 0.1,"operation": "add_value","slot": "feet","id": "stardust:knockback_resistance.feet"}],"item_model": "stardust:darkium_boots","item_name": {"translate": "stardust.darkium_boots"},"lore": [["",{"text": "I","color": "white","italic": false,"font": "stardust:icons"},{"translate": "stardustfragment","italic": true,"color": "blue"}]]}},"click_event": {"action": "show_dialog","dialog": "stardust:manual/page_115"}},
				"\n\n\n\n\n\n\n\n\n\n\n\n\n\n\n\n\n\n\n\n"
			],
			"width": 140
		}
	]
}
