{
	"type": "minecraft:notice",
	"title": {
		"translate": "stardust.elite_stardust_seed",
		"underlined": true
	},
	"body": [
		{
			"type": "minecraft:plain_message",
			"contents": [
				{"text": "V   ","font": "stardust:manual","color": "white"},
				{"text": "\n   ","click_event": {"action": "show_dialog","dialog": "stardust:manual/page_148"},"hover_event": {"action": "show_text","value": [{"translate": "stardust.go_to_previous_page"},{"translate": "stardust.148"}]}},
				" ",
				{"text": "   ","click_event": {"action": "show_dialog","dialog": "stardust:manual/page_150"},"hover_event": {"action": "show_text","value": [{"translate": "stardust.go_to_next_page"},{"translate": "stardust.150"}]}},
				{"text": "\n   ","click_event": {"action": "show_dialog","dialog": "stardust:manual/page_148"},"hover_event": {"action": "show_text","value": [{"translate": "stardust.go_to_previous_page"},{"translate": "stardust.148"}]}},
				" ",
				{"text": "   ","click_event": {"action": "show_dialog","dialog": "stardust:manual/page_150"},"hover_event": {"action": "show_text","value": [{"translate": "stardust.go_to_next_page"},{"translate": "stardust.150"}]}}
			],
			"width": 400
		},
		{
			"type": "minecraft:plain_message",
			"contents": [
				{"text": "","font": "stardust:manual","color": "white","shadow_color": [0,0,0,0]},
				"\"$6\n\"U$",
				{"text": "$耣","hover_event": {"action": "show_item","id": "command_block","components": {"item_model": "stardust:stardust_ingot","item_name": {"translate": "stardust_ingot"},"lore": [["",{"text": "I","color": "white","italic": false,"font": "stardust:icons"},{"translate": "stardustfragment","italic": true,"color": "blue"}]],"custom_data": {"stardust": {"stardust_ingot": true},"smithed": {"ignore": {"functionality": true,"crafting": true}}}}},"click_event": {"action": "show_dialog","dialog": "stardust:manual/page_11"}},
				"U$  \n\"U$",
				{"text": "U$","hover_event": {"action": "show_item","id": "command_block","components": {"item_model": "stardust:stardust_ingot","item_name": {"translate": "stardust_ingot"},"lore": [["",{"text": "I","color": "white","italic": false,"font": "stardust:icons"},{"translate": "stardustfragment","italic": true,"color": "blue"}]],"custom_data": {"stardust": {"stardust_ingot": true},"smithed": {"ignore": {"functionality": true,"crafting": true}}}}},"click_event": {"action": "show_dialog","dialog": "stardust:manual/page_11"}},
				"U$  \n\"",
				{"text": "$耣","hover_event": {"action": "show_item","id": "command_block","components": {"item_model": "stardust:stardust_ingot","item_name": {"translate": "stardust_ingot"},"lore": [["",{"text": "I","color": "white","italic": false,"font": "stardust:icons"},{"translate": "stardustfragment","italic": true,"color": "blue"}]],"custom_data": {"stardust": {"stardust_ingot": true},"smithed": {"ignore": {"functionality": true,"crafting": true}}}}},"click_event": {"action": "show_dialog","dialog": "stardust:manual/page_11"}},
				{"text": "$脵","hover_event": {"action": "show_item","id": "item_frame","components": {"lore": [{"translate": "stardust.can_only_be_planted_on_diamond_block","italic": false,"color": "gray"},["",{"text": "I","color": "white","italic": false,"font": "stardust:icons"},{"translate": "stardustfragment","italic": true,"color": "blue"}]],"item_model": "stardust:advanced_stardust_seed","item_name": {"translate": "stardust.advanced_stardust_seed"},"custom_data": {"stardust": {"advanced_stardust_seed": true},"smithed": {"ignore": {"functionality": true,"crafting": true}}},"entity_data": {"id": "minecraft:item_frame","Tags": ["stardust.new","stardust.advanced_stardust_seed"],"Invisible": true,"Silent": true}}},"click_event": {"action": "show_dialog","dialog": "stardust:manual/page_148"}},
				{"text": "$耣","hover_event": {"action": "show_item","id": "command_block","components": {"item_model": "stardust:stardust_ingot","item_name": {"translate": "stardust_ingot"},"lore": [["",{"text": "I","color": "white","italic": false,"font": "stardust:icons"},{"translate": "stardustfragment","italic": true,"color": "blue"}]],"custom_data": {"stardust": {"stardust_ingot": true},"smithed": {"ignore": {"functionality": true,"crafting": true}}}}},"click_event": {"action": "show_dialog","dialog": "stardust:manual/page_11"}},
				"\"\"",
				{"text": "$$脷","hover_event": {"action": "show_item","id": "item_frame","components": {"lore": [{"translate": "stardust.can_only_be_planted_on_diamond_block","italic": false,"color": "gray"},["",{"text": "I","color": "white","italic": false,"font": "stardust:icons"},{"translate": "stardustfragment","italic": true,"color": "blue"}]],"item_model": "stardust:elite_stardust_seed","item_name": {"translate": "stardust.elite_stardust_seed"},"custom_data": {"stardust": {"elite_stardust_seed": true},"smithed": {"ignore": {"functionality": true,"crafting": true}}},"entity_data": {"id": "minecraft:item_frame","Tags": ["stardust.new","stardust.elite_stardust_seed"],"Invisible": true,"Silent": true}}}},
				"#$\n\"",
				{"text": "U$","hover_event": {"action": "show_item","id": "command_block","components": {"item_model": "stardust:stardust_ingot","item_name": {"translate": "stardust_ingot"},"lore": [["",{"text": "I","color": "white","italic": false,"font": "stardust:icons"},{"translate": "stardustfragment","italic": true,"color": "blue"}]],"custom_data": {"stardust": {"stardust_ingot": true},"smithed": {"ignore": {"functionality": true,"crafting": true}}}}},"click_event": {"action": "show_dialog","dialog": "stardust:manual/page_11"}},
				{"text": "U$","hover_event": {"action": "show_item","id": "item_frame","components": {"lore": [{"translate": "stardust.can_only_be_planted_on_diamond_block","italic": false,"color": "gray"},["",{"text": "I","color": "white","italic": false,"font": "stardust:icons"},{"translate": "stardustfragment","italic": true,"color": "blue"}]],"item_model": "stardust:advanced_stardust_seed","item_name": {"translate": "stardust.advanced_stardust_seed"},"custom_data": {"stardust": {"advanced_stardust_seed": true},"smithed": {"ignore": {"functionality": true,"crafting": true}}},"entity_data": {"id": "minecraft:item_frame","Tags": ["stardust.new","stardust.advanced_stardust_seed"],"Invisible": true,"Silent": true}}},"click_event": {"action": "show_dialog","dialog": "stardust:manual/page_148"}},
				{"text": "U$","hover_event": {"action": "show_item","id": "command_block","components": {"item_model": "stardust:stardust_ingot","item_name": {"translate": "stardust_ingot"},"lore": [["",{"text": "I","color": "white","italic": false,"font": "stardust:icons"},{"translate": "stardustfragment","italic": true,"color": "blue"}]],"custom_data": {"stardust": {"stardust_ingot": true},"smithed": {"ignore": {"functionality": true,"crafting": true}}}}},"click_event": {"action": "show_dialog","dialog": "stardust:manual/page_11"}},
				"\"\"",
				{"text": "U$","hover_event": {"action": "show_item","id": "item_frame","components": {"lore": [{"translate": "stardust.can_only_be_planted_on_diamond_block","italic": false,"color": "gray"},["",{"text": "I","color": "white","italic": false,"font": "stardust:icons"},{"translate": "stardustfragment","italic": true,"color": "blue"}]],"item_model": "stardust:elite_stardust_seed","item_name": {"translate": "stardust.elite_stardust_seed"},"custom_data": {"stardust": {"elite_stardust_seed": true},"smithed": {"ignore": {"functionality": true,"crafting": true}}},"entity_data": {"id": "minecraft:item_frame","Tags": ["stardust.new","stardust.elite_stardust_seed"],"Invisible": true,"Silent": true}}}},
				"#$\n\"U$",
				{"text": "$耣","hover_event": {"action": "show_item","id": "command_block","components": {"item_model": "stardust:stardust_ingot","item_name": {"translate": "stardust_ingot"},"lore": [["",{"text": "I","color": "white","italic": false,"font": "stardust:icons"},{"translate": "stardustfragment","italic": true,"color": "blue"}]],"custom_data": {"stardust": {"stardust_ingot": true},"smithed": {"ignore": {"functionality": true,"crafting": true}}}}},"click_event": {"action": "show_dialog","dialog": "stardust:manual/page_11"}},
				"U$  \n\"U$",
				{"text": "U$","hover_event": {"action": "show_item","id": "command_block","components": {"item_model": "stardust:stardust_ingot","item_name": {"translate": "stardust_ingot"},"lore": [["",{"text": "I","color": "white","italic": false,"font": "stardust:icons"},{"translate": "stardustfragment","italic": true,"color": "blue"}]],"custom_data": {"stardust": {"stardust_ingot": true},"smithed": {"ignore": {"functionality": true,"crafting": true}}}}},"click_event": {"action": "show_dialog","dialog": "stardust:manual/page_11"}},
				"U$  \n\n",
				{"text": "1##","hover_event": {"action": "show_text","value": [{"translate": "stardust.magical_seed_that_grows_stardust_essences","color": "yellow"},{"translate": "stardust.can_only_be_planted_on_diamond_blocks","color": "gray"},{"translate": "stardust.grows_fully_after_32_minutes","color": "gray"},{"translate": "stardust.yields_1_2_stardust_essences_when_harvested","color": "gray"},{"translate": "stardust.fortune_effect_applies_20_per_level","color": "gray"}]}},
				{"text": "2##","hover_event": {"action": "show_text","value": [{"text": ""},[{"text": "","font": "stardust:manual","color": "white"},"\"F\n","\"","U$",{"text": "$耣"},"U$","\n","\"","U$",{"text": "U$"},"U$","\n","\"",{"text": "$耣"},{"text": "$脵"},{"text": "$耣"},"\"\"",{"text": "$$脷"},"\n","\"",{"text": "U$"},{"text": "U$"},{"text": "U$"},"\"\"",{"text": "U$"},"\n","\"","U$",{"text": "$耣"},"U$","\n","\"","U$",{"text": "U$"},"U$","\n"],{"text": "\n- x4 ","color": "gray"},{"translate": "stardust_ingot","color": "gray"},{"text": "\n- x1 ","color": "gray"},{"translate": "stardust.advanced_stardust_seed","color": "gray"}]}},
				{"text": "觩##","hover_event": {"action": "show_text","value": [{"text": ""},[{"text": "","font": "stardust:manual","color": "white"},"\"F\n","\"",{"text": "$虫"},{"text": "$觧"},{"text": "$虫"},"\n","\"",{"text": "U$"},{"text": "U$"},{"text": "U$"},"\n","\"",{"text": "$觧"},{"text": "$脷"},{"text": "$觧"},"\"\"",{"text": "$$脹"},"\n","\"",{"text": "U$"},{"text": "U$"},{"text": "U$"},"\"\"",{"text": "U$"},"\n","\"",{"text": "$虫"},{"text": "$觧"},{"text": "$虫"},"\n","\"",{"text": "U$"},{"text": "U$"},{"text": "U$"},"\n"],{"text": "\n- x4 ","color": "gray"},{"translate": "stardust.emerald","color": "gray"},{"text": "\n- x4 ","color": "gray"},{"translate": "stardust.feather","color": "gray"},{"text": "\n- x1 ","color": "gray"},{"translate": "stardust.elite_stardust_seed","color": "gray"}]},"click_event": {"action": "show_dialog","dialog": "stardust:manual/page_150"}},
				{"text": "觮##","hover_event": {"action": "show_text","value": [{"text": ""},[{"text": "","font": "stardust:manual","color": "white"},"\"F\n","\"",{"text": "$觫"},{"text": "$膪"},{"text": "$觫"},"\n","\"",{"text": "U$"},{"text": "U$"},{"text": "U$"},"\n","\"",{"text": "$膪"},{"text": "$脷"},{"text": "$膪"},"\"\"",{"text": "$$脻"},"\n","\"",{"text": "U$"},{"text": "U$"},{"text": "U$"},"\"\"",{"text": "U$"},"\n","\"",{"text": "$觫"},{"text": "$膪"},{"text": "$觫"},"\n","\"",{"text": "U$"},{"text": "U$"},{"text": "U$"},"\n"],{"text": "\n- x4 ","color": "gray"},{"translate": "stardust.magma_cream","color": "gray"},{"text": "\n- x4 ","color": "gray"},{"translate": "stardust.blaze_powder","color": "gray"},{"text": "\n- x1 ","color": "gray"},{"translate": "stardust.elite_stardust_seed","color": "gray"}]},"click_event": {"action": "show_dialog","dialog": "stardust:manual/page_151"}},
				{"text": "觳\n","hover_event": {"action": "show_text","value": [{"text": ""},[{"text": "","font": "stardust:manual","color": "white"},"\"F\n","\"",{"text": "$觰"},{"text": "$觱"},{"text": "$觰"},"\n","\"",{"text": "U$"},{"text": "U$"},{"text": "U$"},"\n","\"",{"text": "$觱"},{"text": "$脷"},{"text": "$觱"},"\"\"",{"text": "$$脽"},"\n","\"",{"text": "U$"},{"text": "U$"},{"text": "U$"},"\"\"",{"text": "U$"},"\n","\"",{"text": "$觰"},{"text": "$觱"},{"text": "$觰"},"\n","\"",{"text": "U$"},{"text": "U$"},{"text": "U$"},"\n"],{"text": "\n- x4 ","color": "gray"},{"translate": "stardust.ink_sac","color": "gray"},{"text": "\n- x4 ","color": "gray"},{"translate": "stardust.wither_rose","color": "gray"},{"text": "\n- x1 ","color": "gray"},{"translate": "stardust.elite_stardust_seed","color": "gray"}]},"click_event": {"action": "show_dialog","dialog": "stardust:manual/page_152"}},
				{"text": "0##","hover_event": {"action": "show_text","value": [{"translate": "stardust.magical_seed_that_grows_stardust_essences","color": "yellow"},{"translate": "stardust.can_only_be_planted_on_diamond_blocks","color": "gray"},{"translate": "stardust.grows_fully_after_32_minutes","color": "gray"},{"translate": "stardust.yields_1_2_stardust_essences_when_harvested","color": "gray"},{"translate": "stardust.fortune_effect_applies_20_per_level","color": "gray"}]}},
				{"text": "0##","hover_event": {"action": "show_text","value": [{"text": ""},[{"text": "","font": "stardust:manual","color": "white"},"\"F\n","\"","U$",{"text": "$耣"},"U$","\n","\"","U$",{"text": "U$"},"U$","\n","\"",{"text": "$耣"},{"text": "$脵"},{"text": "$耣"},"\"\"",{"text": "$$脷"},"\n","\"",{"text": "U$"},{"text": "U$"},{"text": "U$"},"\"\"",{"text": "U$"},"\n","\"","U$",{"text": "$耣"},"U$","\n","\"","U$",{"text": "U$"},"U$","\n"],{"text": "\n- x4 ","color": "gray"},{"translate": "stardust_ingot","color": "gray"},{"text": "\n- x1 ","color": "gray"},{"translate": "stardust.advanced_stardust_seed","color": "gray"}]}},
				{"text": "0##","hover_event": {"action": "show_text","value": [{"text": ""},[{"text": "","font": "stardust:manual","color": "white"},"\"F\n","\"",{"text": "$虫"},{"text": "$觧"},{"text": "$虫"},"\n","\"",{"text": "U$"},{"text": "U$"},{"text": "U$"},"\n","\"",{"text": "$觧"},{"text": "$脷"},{"text": "$觧"},"\"\"",{"text": "$$脹"},"\n","\"",{"text": "U$"},{"text": "U$"},{"text": "U$"},"\"\"",{"text": "U$"},"\n","\"",{"text": "$虫"},{"text": "$觧"},{"text": "$虫"},"\n","\"",{"text": "U$"},{"text": "U$"},{"text": "U$"},"\n"],{"text": "\n- x4 ","color": "gray"},{"translate": "stardust.emerald","color": "gray"},{"text": "\n- x4 ","color": "gray"},{"translate": "stardust.feather","color": "gray"},{"text": "\n- x1 ","color": "gray"},{"translate": "stardust.elite_stardust_seed","color": "gray"}]},"click_event": {"action": "show_dialog","dialog": "stardust:manual/page_150"}},
				{"text": "0##","hover_event": {"action": "show_text","value": [{"text": ""},[{"text": "","font": "stardust:manual","color": "white"},"\"F\n","\"",{"text": "$觫"},{"text": "$膪"},{"text": "$觫"},"\n","\"",{"text": "U$"},{"text": "U$"},{"text": "U$"},"\n","\"",{"text": "$膪"},{"text": "$脷"},{"text": "$膪"},"\"\"",{"text": "$$脻"},"\n","\"",{"text": "U$"},{"text": "U$"},{"text": "U$"},"\"\"",{"text": "U$"},"\n","\"",{"text": "$觫"},{"text": "$膪"},{"text": "$觫"},"\n","\"",{"text": "U$"},{"text": "U$"},{"text": "U$"},"\n"],{"text": "\n- x4 ","color": "gray"},{"translate": "stardust.magma_cream","color": "gray"},{"text": "\n- x4 ","color": "gray"},{"translate": "stardust.blaze_powder","color": "gray"},{"text": "\n- x1 ","color": "gray"},{"translate": "stardust.elite_stardust_seed","color": "gray"}]},"click_event": {"action": "show_dialog","dialog": "stardust:manual/page_151"}},
				{"text": "0","hover_event": {"action": "show_text","value": [{"text": ""},[{"text": "","font": "stardust:manual","color": "white"},"\"F\n","\"",{"text": "$觰"},{"text": "$觱"},{"text": "$觰"},"\n","\"",{"text": "U$"},{"text": "U$"},{"text": "U$"},"\n","\"",{"text": "$觱"},{"text": "$脷"},{"text": "$觱"},"\"\"",{"text": "$$脽"},"\n","\"",{"text": "U$"},{"text": "U$"},{"text": "U$"},"\"\"",{"text": "U$"},"\n","\"",{"text": "$觰"},{"text": "$觱"},{"text": "$觰"},"\n","\"",{"text": "U$"},{"text": "U$"},{"text": "U$"},"\n"],{"text": "\n- x4 ","color": "gray"},{"translate": "stardust.ink_sac","color": "gray"},{"text": "\n- x4 ","color": "gray"},{"translate": "stardust.wither_rose","color": "gray"},{"text": "\n- x1 ","color": "gray"},{"translate": "stardust.elite_stardust_seed","color": "gray"}]},"click_event": {"action": "show_dialog","dialog": "stardust:manual/page_152"}},
				"\n\n\n\n\n\n\n\n\n\n\n\n\n\n\n\n"
			],
			"width": 140
		}
	]
}
