{
	"type": "minecraft:notice",
	"title": {
		"translate": "stardust.darkium_block",
		"underlined": true
	},
	"body": [
		{
			"type": "minecraft:plain_message",
			"contents": [
				{"text": "V   ","font": "stardust:manual","color": "white"},
				{"text": "\n   ","click_event": {"action": "show_dialog","dialog": "stardust:manual/page_30"},"hover_event": {"action": "show_text","value": [{"translate": "stardust.go_to_previous_page"},{"text": " (30)"}]}},
				" ",
				{"text": "   ","click_event": {"action": "show_dialog","dialog": "stardust:manual/page_32"},"hover_event": {"action": "show_text","value": [{"translate": "stardust.go_to_next_page"},{"text": " (32)"}]}},
				{"text": "\n   ","click_event": {"action": "show_dialog","dialog": "stardust:manual/page_30"},"hover_event": {"action": "show_text","value": [{"translate": "stardust.go_to_previous_page"},{"text": " (30)"}]}},
				" ",
				{"text": "   ","click_event": {"action": "show_dialog","dialog": "stardust:manual/page_32"},"hover_event": {"action": "show_text","value": [{"translate": "stardust.go_to_next_page"},{"text": " (32)"}]}}
			],
			"width": 400
		},
		{
			"type": "minecraft:plain_message",
			"contents": [
				{"text": "","font": "stardust:manual","color": "white","shadow_color": [0,0,0,0]},
				"\"$6\n\"",
				{"text": "$聉$聉$聉","hover_event": {"action": "show_item","id": "command_block","components": {"custom_data": {"smithed": {"dict": {"ingot": {"darkium": true}},"ignore": {"functionality": true,"crafting": true}},"stardust": {"darkium_ingot": true}},"item_model": "stardust:darkium_ingot","item_name": {"translate": "stardust.darkium_ingot"},"lore": [["",{"text": "I","color": "white","italic": false,"font": "stardust:icons"},{"translate": "stardustfragment","italic": true,"color": "blue"}]]}},"click_event": {"action": "show_dialog","dialog": "stardust:manual/page_30"}},
				"  \n\"",
				{"translate": "stardust.uuu","hover_event": {"action": "show_item","id": "command_block","components": {"custom_data": {"smithed": {"dict": {"ingot": {"darkium": true}},"ignore": {"functionality": true,"crafting": true}},"stardust": {"darkium_ingot": true}},"item_model": "stardust:darkium_ingot","item_name": {"translate": "stardust.darkium_ingot"},"lore": [["",{"text": "I","color": "white","italic": false,"font": "stardust:icons"},{"translate": "stardustfragment","italic": true,"color": "blue"}]]}},"click_event": {"action": "show_dialog","dialog": "stardust:manual/page_30"}},
				"  \n\"",
				{"text": "$聉","hover_event": {"action": "show_item","id": "command_block","components": {"custom_data": {"smithed": {"dict": {"ingot": {"darkium": true}},"ignore": {"functionality": true,"crafting": true}},"stardust": {"darkium_ingot": true}},"item_model": "stardust:darkium_ingot","item_name": {"translate": "stardust.darkium_ingot"},"lore": [["",{"text": "I","color": "white","italic": false,"font": "stardust:icons"},{"translate": "stardustfragment","italic": true,"color": "blue"}]]}},"click_event": {"action": "show_dialog","dialog": "stardust:manual/page_30"}},
				{"text": "$耫","hover_event": {"action": "show_item","id": "furnace","components": {"item_model": "stardust:stardust_block","item_name": {"translate": "stardust_block"},"lore": [["",{"text": "I","color": "white","italic": false,"font": "stardust:icons"},{"translate": "stardustfragment","italic": true,"color": "blue"}]],"custom_data": {"stardust": {"stardust_block": true},"smithed": {"ignore": {"functionality": true,"crafting": true}}},"container": [{"slot": 0,"item": {"id": "minecraft:stone","count": 1,"components": {"minecraft:custom_data": {"smithed": {"block": {"id": "stardust:stardust_block","from": "stardust"}}}}}}],"tooltip_display": {"hidden_components": ["minecraft:container"]}}},"click_event": {"action": "show_dialog","dialog": "stardust:manual/page_15"}},
				{"text": "$聉","hover_event": {"action": "show_item","id": "command_block","components": {"custom_data": {"smithed": {"dict": {"ingot": {"darkium": true}},"ignore": {"functionality": true,"crafting": true}},"stardust": {"darkium_ingot": true}},"item_model": "stardust:darkium_ingot","item_name": {"translate": "stardust.darkium_ingot"},"lore": [["",{"text": "I","color": "white","italic": false,"font": "stardust:icons"},{"translate": "stardustfragment","italic": true,"color": "blue"}]]}},"click_event": {"action": "show_dialog","dialog": "stardust:manual/page_30"}},
				"\"\"",
				{"text": "$$聋","hover_event": {"action": "show_item","id": "furnace","components": {"custom_data": {"smithed": {"dict": {"block": {"darkium": true}},"ignore": {"functionality": true,"crafting": true}},"stardust": {"darkium_block": true}},"item_model": "stardust:darkium_block","item_name": {"translate": "stardust.darkium_block"},"lore": [["",{"text": "I","color": "white","italic": false,"font": "stardust:icons"},{"translate": "stardustfragment","italic": true,"color": "blue"}]],"container": [{"slot": 0,"item": {"id": "minecraft:stone","count": 1,"components": {"minecraft:custom_data": {"smithed": {"block": {"id": "stardust:darkium_block","from": "stardust"}}}}}}],"tooltip_display": {"hidden_components": ["minecraft:container"]}}}},
				"#$\n\"",
				{"text": "U$","hover_event": {"action": "show_item","id": "command_block","components": {"custom_data": {"smithed": {"dict": {"ingot": {"darkium": true}},"ignore": {"functionality": true,"crafting": true}},"stardust": {"darkium_ingot": true}},"item_model": "stardust:darkium_ingot","item_name": {"translate": "stardust.darkium_ingot"},"lore": [["",{"text": "I","color": "white","italic": false,"font": "stardust:icons"},{"translate": "stardustfragment","italic": true,"color": "blue"}]]}},"click_event": {"action": "show_dialog","dialog": "stardust:manual/page_30"}},
				{"text": "U$","hover_event": {"action": "show_item","id": "furnace","components": {"item_model": "stardust:stardust_block","item_name": {"translate": "stardust_block"},"lore": [["",{"text": "I","color": "white","italic": false,"font": "stardust:icons"},{"translate": "stardustfragment","italic": true,"color": "blue"}]],"custom_data": {"stardust": {"stardust_block": true},"smithed": {"ignore": {"functionality": true,"crafting": true}}},"container": [{"slot": 0,"item": {"id": "minecraft:stone","count": 1,"components": {"minecraft:custom_data": {"smithed": {"block": {"id": "stardust:stardust_block","from": "stardust"}}}}}}],"tooltip_display": {"hidden_components": ["minecraft:container"]}}},"click_event": {"action": "show_dialog","dialog": "stardust:manual/page_15"}},
				{"text": "U$","hover_event": {"action": "show_item","id": "command_block","components": {"custom_data": {"smithed": {"dict": {"ingot": {"darkium": true}},"ignore": {"functionality": true,"crafting": true}},"stardust": {"darkium_ingot": true}},"item_model": "stardust:darkium_ingot","item_name": {"translate": "stardust.darkium_ingot"},"lore": [["",{"text": "I","color": "white","italic": false,"font": "stardust:icons"},{"translate": "stardustfragment","italic": true,"color": "blue"}]]}},"click_event": {"action": "show_dialog","dialog": "stardust:manual/page_30"}},
				"\"\"",
				{"text": "U$","hover_event": {"action": "show_item","id": "furnace","components": {"custom_data": {"smithed": {"dict": {"block": {"darkium": true}},"ignore": {"functionality": true,"crafting": true}},"stardust": {"darkium_block": true}},"item_model": "stardust:darkium_block","item_name": {"translate": "stardust.darkium_block"},"lore": [["",{"text": "I","color": "white","italic": false,"font": "stardust:icons"},{"translate": "stardustfragment","italic": true,"color": "blue"}]],"container": [{"slot": 0,"item": {"id": "minecraft:stone","count": 1,"components": {"minecraft:custom_data": {"smithed": {"block": {"id": "stardust:darkium_block","from": "stardust"}}}}}}],"tooltip_display": {"hidden_components": ["minecraft:container"]}}}},
				"#$\n\"",
				{"text": "$聉$聉$聉","hover_event": {"action": "show_item","id": "command_block","components": {"custom_data": {"smithed": {"dict": {"ingot": {"darkium": true}},"ignore": {"functionality": true,"crafting": true}},"stardust": {"darkium_ingot": true}},"item_model": "stardust:darkium_ingot","item_name": {"translate": "stardust.darkium_ingot"},"lore": [["",{"text": "I","color": "white","italic": false,"font": "stardust:icons"},{"translate": "stardustfragment","italic": true,"color": "blue"}]]}},"click_event": {"action": "show_dialog","dialog": "stardust:manual/page_30"}},
				"  \n\"",
				{"translate": "stardust.uuu","hover_event": {"action": "show_item","id": "command_block","components": {"custom_data": {"smithed": {"dict": {"ingot": {"darkium": true}},"ignore": {"functionality": true,"crafting": true}},"stardust": {"darkium_ingot": true}},"item_model": "stardust:darkium_ingot","item_name": {"translate": "stardust.darkium_ingot"},"lore": [["",{"text": "I","color": "white","italic": false,"font": "stardust:icons"},{"translate": "stardustfragment","italic": true,"color": "blue"}]]}},"click_event": {"action": "show_dialog","dialog": "stardust:manual/page_30"}},
				"  \n\n",
				{"text": "1##","hover_event": {"action": "show_text","value": [{"translate": "stardust.compressed_darkium_storage_block","color": "yellow"},{"translate": "stardust.crafted_from_9_darkium_ingots","color": "gray"}]}},
				{"text": "2##","hover_event": {"action": "show_text","value": [{"text": ""},[{"text": "","font": "stardust:manual","color": "white"},"\"F\n","\"",{"text": "$聉"},{"text": "$聉"},{"text": "$聉"},"\n","\"",{"text": "U$"},{"text": "U$"},{"text": "U$"},"\n","\"",{"text": "$聉"},{"text": "$耫"},{"text": "$聉"},"\"\"",{"text": "$$聋"},"\n","\"",{"text": "U$"},{"text": "U$"},{"text": "U$"},"\"\"",{"text": "U$"},"\n","\"",{"text": "$聉"},{"text": "$聉"},{"text": "$聉"},"\n","\"",{"text": "U$"},{"text": "U$"},{"text": "U$"},"\n"],{"text": "\n- x1 ","color": "gray"},{"translate": "stardust_block","color": "gray"},{"text": "\n- x8 ","color": "gray"},{"translate": "stardust.darkium_ingot","color": "gray"}]}},
				{"text": "菧##","hover_event": {"action": "show_text","value": [{"text": ""},[{"text": "","font": "stardust:manual","color": "white"},"\"E\n","\"",{"text": "$聋"},"\n","\"",{"text": "U$"},"U$U$",{"text": "$$莿"},"\n\"","U$U$U$",{"text": "U$"},"\n","\n"],{"text": "\n- x1 ","color": "gray"},{"translate": "stardust.darkium_block","color": "gray"}]},"click_event": {"action": "show_dialog","dialog": "stardust:manual/page_30"}},
				{"text": "菲##","hover_event": {"action": "show_text","value": [{"text": ""},[{"text": "","font": "stardust:manual","color": "white"},"\"F\n","\"",{"text": "$舁"},{"text": "$耧"},{"text": "$舃"},"\n","\"",{"text": "U$"},{"text": "U$"},{"text": "U$"},"\n","\"",{"text": "$耿"},{"text": "$耩"},{"text": "$聅"},"\"\"",{"text": "$$聑"},"\n","\"",{"text": "U$"},{"text": "U$"},{"text": "U$"},"\"\"",{"text": "U$"},"\n","\"",{"text": "$與"},{"text": "$聋"},{"text": "$舉"},"\n","\"",{"text": "U$"},{"text": "U$"},{"text": "U$"},"\n"],{"text": "\n- x1 ","color": "gray"},{"translate": "stardust.popped_chorus_fruit","color": "gray"},{"text": "\n- x1 ","color": "gray"},{"translate": "stardust_core","color": "gray"},{"text": "\n- x1 ","color": "gray"},{"translate": "stardust.echo_shard","color": "gray"},{"text": "\n- x1 ","color": "gray"},{"translate": "stardust.legendarium_block","color": "gray"},{"text": "\n- x1 ","color": "gray"},{"translate": "stardust.compacted_stardust_shard","color": "gray"},{"text": "\n- x1 ","color": "gray"},{"translate": "stardust.solarium_block","color": "gray"},{"text": "\n- x1 ","color": "gray"},{"translate": "stardust.resin_brick","color": "gray"},{"text": "\n- x1 ","color": "gray"},{"translate": "stardust.darkium_block","color": "gray"},{"text": "\n- x1 ","color": "gray"},{"translate": "stardust.turtle_scute","color": "gray"}]},"click_event": {"action": "show_dialog","dialog": "stardust:manual/page_34"}},
				{"text": "菺##","hover_event": {"action": "show_text","value": [{"text": ""},[{"text": "","font": "stardust:manual","color": "white"},"\"F\n","\"",{"text": "$耿"},{"text": "$聅"},{"text": "$聋"},"\n","\"",{"text": "U$"},{"text": "U$"},{"text": "U$"},"\n","\"",{"text": "$聑"},{"text": "$聧"},{"text": "$聑"},"\"\"",{"text": "$$聩"},"\n","\"",{"text": "U$"},{"text": "U$"},{"text": "U$"},"\"\"",{"text": "U$"},"\n","\"",{"text": "$荡"},{"text": "$荡"},{"text": "$荡"},"\n","\"",{"text": "U$"},{"text": "U$"},{"text": "U$"},"\n"],{"text": "\n- x1 ","color": "gray"},{"translate": "stardust.legendarium_block","color": "gray"},{"text": "\n- x1 ","color": "gray"},{"translate": "stardust.solarium_block","color": "gray"},{"text": "\n- x1 ","color": "gray"},{"translate": "stardust.darkium_block","color": "gray"},{"text": "\n- x2 ","color": "gray"},{"translate": "stardust.ultimate_shard","color": "gray"},{"text": "\n- x1 ","color": "gray"},{"translate": "stardust.awakened_stardust_frame","color": "gray"},{"text": "\n- x3 ","color": "gray"},{"translate": "stardust.stripped_pale_oak_wood","color": "gray"}]},"click_event": {"action": "show_dialog","dialog": "stardust:manual/page_46"}},
				{"text": "萂\n","hover_event": {"action": "show_text","value": [{"text": ""},[{"text": "","font": "stardust:manual","color": "white"},"\"F\n","\"",{"text": "$職"},{"text": "$職"},{"text": "$職"},"\n","\"",{"text": "U$"},{"text": "U$"},{"text": "U$"},"\n","\"",{"text": "$聑"},{"text": "$肋"},{"text": "$聑"},"\"\"",{"text": "$$肑"},"\n","\"",{"text": "U$"},{"text": "U$"},{"text": "U$"},"\"\"",{"text": "U$"},"\n","\"",{"text": "$聅"},{"text": "$耧"},{"text": "$聋"},"\n","\"",{"text": "U$"},{"text": "U$"},{"text": "U$"},"\n"],{"text": "\n- x3 ","color": "gray"},{"translate": "stardust.ultimate_photovoltaic_cell","color": "gray"},{"text": "\n- x2 ","color": "gray"},{"translate": "stardust.ultimate_shard","color": "gray"},{"text": "\n- x1 ","color": "gray"},{"translate": "stardust.legendarium_solar_panel","color": "gray"},{"text": "\n- x1 ","color": "gray"},{"translate": "stardust.solarium_block","color": "gray"},{"text": "\n- x1 ","color": "gray"},{"translate": "stardust_core","color": "gray"},{"text": "\n- x1 ","color": "gray"},{"translate": "stardust.darkium_block","color": "gray"}]},"click_event": {"action": "show_dialog","dialog": "stardust:manual/page_66"}},
				{"text": "0##","hover_event": {"action": "show_text","value": [{"translate": "stardust.compressed_darkium_storage_block","color": "yellow"},{"translate": "stardust.crafted_from_9_darkium_ingots","color": "gray"}]}},
				{"text": "0##","hover_event": {"action": "show_text","value": [{"text": ""},[{"text": "","font": "stardust:manual","color": "white"},"\"F\n","\"",{"text": "$聉"},{"text": "$聉"},{"text": "$聉"},"\n","\"",{"text": "U$"},{"text": "U$"},{"text": "U$"},"\n","\"",{"text": "$聉"},{"text": "$耫"},{"text": "$聉"},"\"\"",{"text": "$$聋"},"\n","\"",{"text": "U$"},{"text": "U$"},{"text": "U$"},"\"\"",{"text": "U$"},"\n","\"",{"text": "$聉"},{"text": "$聉"},{"text": "$聉"},"\n","\"",{"text": "U$"},{"text": "U$"},{"text": "U$"},"\n"],{"text": "\n- x1 ","color": "gray"},{"translate": "stardust_block","color": "gray"},{"text": "\n- x8 ","color": "gray"},{"translate": "stardust.darkium_ingot","color": "gray"}]}},
				{"text": "0##","hover_event": {"action": "show_text","value": [{"text": ""},[{"text": "","font": "stardust:manual","color": "white"},"\"E\n","\"",{"text": "$聋"},"\n","\"",{"text": "U$"},"U$U$",{"text": "$$莿"},"\n\"","U$U$U$",{"text": "U$"},"\n","\n"],{"text": "\n- x1 ","color": "gray"},{"translate": "stardust.darkium_block","color": "gray"}]},"click_event": {"action": "show_dialog","dialog": "stardust:manual/page_30"}},
				{"text": "0##","hover_event": {"action": "show_text","value": [{"text": ""},[{"text": "","font": "stardust:manual","color": "white"},"\"F\n","\"",{"text": "$舁"},{"text": "$耧"},{"text": "$舃"},"\n","\"",{"text": "U$"},{"text": "U$"},{"text": "U$"},"\n","\"",{"text": "$耿"},{"text": "$耩"},{"text": "$聅"},"\"\"",{"text": "$$聑"},"\n","\"",{"text": "U$"},{"text": "U$"},{"text": "U$"},"\"\"",{"text": "U$"},"\n","\"",{"text": "$與"},{"text": "$聋"},{"text": "$舉"},"\n","\"",{"text": "U$"},{"text": "U$"},{"text": "U$"},"\n"],{"text": "\n- x1 ","color": "gray"},{"translate": "stardust.popped_chorus_fruit","color": "gray"},{"text": "\n- x1 ","color": "gray"},{"translate": "stardust_core","color": "gray"},{"text": "\n- x1 ","color": "gray"},{"translate": "stardust.echo_shard","color": "gray"},{"text": "\n- x1 ","color": "gray"},{"translate": "stardust.legendarium_block","color": "gray"},{"text": "\n- x1 ","color": "gray"},{"translate": "stardust.compacted_stardust_shard","color": "gray"},{"text": "\n- x1 ","color": "gray"},{"translate": "stardust.solarium_block","color": "gray"},{"text": "\n- x1 ","color": "gray"},{"translate": "stardust.resin_brick","color": "gray"},{"text": "\n- x1 ","color": "gray"},{"translate": "stardust.darkium_block","color": "gray"},{"text": "\n- x1 ","color": "gray"},{"translate": "stardust.turtle_scute","color": "gray"}]},"click_event": {"action": "show_dialog","dialog": "stardust:manual/page_34"}},
				{"text": "0##","hover_event": {"action": "show_text","value": [{"text": ""},[{"text": "","font": "stardust:manual","color": "white"},"\"F\n","\"",{"text": "$耿"},{"text": "$聅"},{"text": "$聋"},"\n","\"",{"text": "U$"},{"text": "U$"},{"text": "U$"},"\n","\"",{"text": "$聑"},{"text": "$聧"},{"text": "$聑"},"\"\"",{"text": "$$聩"},"\n","\"",{"text": "U$"},{"text": "U$"},{"text": "U$"},"\"\"",{"text": "U$"},"\n","\"",{"text": "$荡"},{"text": "$荡"},{"text": "$荡"},"\n","\"",{"text": "U$"},{"text": "U$"},{"text": "U$"},"\n"],{"text": "\n- x1 ","color": "gray"},{"translate": "stardust.legendarium_block","color": "gray"},{"text": "\n- x1 ","color": "gray"},{"translate": "stardust.solarium_block","color": "gray"},{"text": "\n- x1 ","color": "gray"},{"translate": "stardust.darkium_block","color": "gray"},{"text": "\n- x2 ","color": "gray"},{"translate": "stardust.ultimate_shard","color": "gray"},{"text": "\n- x1 ","color": "gray"},{"translate": "stardust.awakened_stardust_frame","color": "gray"},{"text": "\n- x3 ","color": "gray"},{"translate": "stardust.stripped_pale_oak_wood","color": "gray"}]},"click_event": {"action": "show_dialog","dialog": "stardust:manual/page_46"}},
				{"text": "0","hover_event": {"action": "show_text","value": [{"text": ""},[{"text": "","font": "stardust:manual","color": "white"},"\"F\n","\"",{"text": "$職"},{"text": "$職"},{"text": "$職"},"\n","\"",{"text": "U$"},{"text": "U$"},{"text": "U$"},"\n","\"",{"text": "$聑"},{"text": "$肋"},{"text": "$聑"},"\"\"",{"text": "$$肑"},"\n","\"",{"text": "U$"},{"text": "U$"},{"text": "U$"},"\"\"",{"text": "U$"},"\n","\"",{"text": "$聅"},{"text": "$耧"},{"text": "$聋"},"\n","\"",{"text": "U$"},{"text": "U$"},{"text": "U$"},"\n"],{"text": "\n- x3 ","color": "gray"},{"translate": "stardust.ultimate_photovoltaic_cell","color": "gray"},{"text": "\n- x2 ","color": "gray"},{"translate": "stardust.ultimate_shard","color": "gray"},{"text": "\n- x1 ","color": "gray"},{"translate": "stardust.legendarium_solar_panel","color": "gray"},{"text": "\n- x1 ","color": "gray"},{"translate": "stardust.solarium_block","color": "gray"},{"text": "\n- x1 ","color": "gray"},{"translate": "stardust_core","color": "gray"},{"text": "\n- x1 ","color": "gray"},{"translate": "stardust.darkium_block","color": "gray"}]},"click_event": {"action": "show_dialog","dialog": "stardust:manual/page_66"}},
				"\n\n\n\n\n\n\n\n\n\n\n\n\n\n\n\n"
			],
			"width": 140
		}
	]
}
