{
	"type": "minecraft:notice",
	"title": {
		"translate": "stardust.miscellaneous",
		"underlined": true
	},
	"body": [
		{
			"type": "minecraft:plain_message",
			"contents": [
				{"text": "V   ","font": "stardust:manual","color": "white"},
				{"text": "\n   ","click_event": {"action": "show_dialog","dialog": "stardust:manual/page_10"},"hover_event": {"action": "show_text","value": [{"translate": "stardust.go_to_previous_page"},{"text": " (10)"}]}},
				" ",
				{"text": "   ","click_event": {"action": "show_dialog","dialog": "stardust:manual/page_12"},"hover_event": {"action": "show_text","value": [{"translate": "stardust.go_to_next_page"},{"text": " (12)"}]}},
				{"text": "\n   ","click_event": {"action": "show_dialog","dialog": "stardust:manual/page_10"},"hover_event": {"action": "show_text","value": [{"translate": "stardust.go_to_previous_page"},{"text": " (10)"}]}},
				" ",
				{"text": "   ","click_event": {"action": "show_dialog","dialog": "stardust:manual/page_12"},"hover_event": {"action": "show_text","value": [{"translate": "stardust.go_to_next_page"},{"text": " (12)"}]}}
			],
			"width": 400
		},
		{
			"type": "minecraft:plain_message",
			"contents": [
				{"text": "","font": "stardust:manual","color": "white","shadow_color": [0,0,0,0]},
				"\"ဪ\n\"",
				{"text": "$脯","hover_event": {"action": "show_item","id": "item_frame","components": {"item_name": {"translate": "stardust.diamond_seed"}}},"click_event": {"action": "show_dialog","dialog": "stardust:manual/page_147"}},
				{"text": "$脱","hover_event": {"action": "show_item","id": "item_frame","components": {"item_name": {"translate": "stardust.advanced_diamond_seed"}}},"click_event": {"action": "show_dialog","dialog": "stardust:manual/page_148"}},
				{"text": "$脳","hover_event": {"action": "show_item","id": "item_frame","components": {"item_name": {"translate": "stardust_seed"}}},"click_event": {"action": "show_dialog","dialog": "stardust:manual/page_149"}},
				{"text": "$脵","hover_event": {"action": "show_item","id": "item_frame","components": {"item_name": {"translate": "stardust.advanced_stardust_seed"}}},"click_event": {"action": "show_dialog","dialog": "stardust:manual/page_150"}},
				{"text": "$脷","hover_event": {"action": "show_item","id": "item_frame","components": {"item_name": {"translate": "stardust.elite_stardust_seed"}}},"click_event": {"action": "show_dialog","dialog": "stardust:manual/page_151"}},
				"#\n\"",
				{"text": "!","hover_event": {"action": "show_item","id": "item_frame","components": {"item_name": {"translate": "stardust.diamond_seed"}}},"click_event": {"action": "show_dialog","dialog": "stardust:manual/page_147"}},
				{"text": "!","hover_event": {"action": "show_item","id": "item_frame","components": {"item_name": {"translate": "stardust.advanced_diamond_seed"}}},"click_event": {"action": "show_dialog","dialog": "stardust:manual/page_148"}},
				{"text": "!","hover_event": {"action": "show_item","id": "item_frame","components": {"item_name": {"translate": "stardust_seed"}}},"click_event": {"action": "show_dialog","dialog": "stardust:manual/page_149"}},
				{"text": "!","hover_event": {"action": "show_item","id": "item_frame","components": {"item_name": {"translate": "stardust.advanced_stardust_seed"}}},"click_event": {"action": "show_dialog","dialog": "stardust:manual/page_150"}},
				{"text": "!","hover_event": {"action": "show_item","id": "item_frame","components": {"item_name": {"translate": "stardust.elite_stardust_seed"}}},"click_event": {"action": "show_dialog","dialog": "stardust:manual/page_151"}},
				"#\n\"",
				{"text": "$脹","hover_event": {"action": "show_item","id": "item_frame","components": {"item_name": {"translate": "stardust.legendarium_seed"}}},"click_event": {"action": "show_dialog","dialog": "stardust:manual/page_152"}},
				{"text": "$脻","hover_event": {"action": "show_item","id": "item_frame","components": {"item_name": {"translate": "stardust.solarium_seed"}}},"click_event": {"action": "show_dialog","dialog": "stardust:manual/page_153"}},
				{"text": "$脽","hover_event": {"action": "show_item","id": "item_frame","components": {"item_name": {"translate": "stardust.darkium_seed"}}},"click_event": {"action": "show_dialog","dialog": "stardust:manual/page_154"}},
				{"text": "$脿","hover_event": {"action": "show_item","id": "furnace","components": {"item_name": {"translate": "stardust.cobblestone_miner_lv_1"}}},"click_event": {"action": "show_dialog","dialog": "stardust:manual/page_155"}},
				{"text": "$腁","hover_event": {"action": "show_item","id": "furnace","components": {"item_name": {"translate": "stardust.cobblestone_miner_lv_2"}}},"click_event": {"action": "show_dialog","dialog": "stardust:manual/page_156"}},
				"#\n\"",
				{"text": "!","hover_event": {"action": "show_item","id": "item_frame","components": {"item_name": {"translate": "stardust.legendarium_seed"}}},"click_event": {"action": "show_dialog","dialog": "stardust:manual/page_152"}},
				{"text": "!","hover_event": {"action": "show_item","id": "item_frame","components": {"item_name": {"translate": "stardust.solarium_seed"}}},"click_event": {"action": "show_dialog","dialog": "stardust:manual/page_153"}},
				{"text": "!","hover_event": {"action": "show_item","id": "item_frame","components": {"item_name": {"translate": "stardust.darkium_seed"}}},"click_event": {"action": "show_dialog","dialog": "stardust:manual/page_154"}},
				{"text": "!","hover_event": {"action": "show_item","id": "furnace","components": {"item_name": {"translate": "stardust.cobblestone_miner_lv_1"}}},"click_event": {"action": "show_dialog","dialog": "stardust:manual/page_155"}},
				{"text": "!","hover_event": {"action": "show_item","id": "furnace","components": {"item_name": {"translate": "stardust.cobblestone_miner_lv_2"}}},"click_event": {"action": "show_dialog","dialog": "stardust:manual/page_156"}},
				"#\n\"",
				{"text": "$腃","hover_event": {"action": "show_item","id": "furnace","components": {"item_name": {"translate": "stardust.cobblestone_miner_lv_3"}}},"click_event": {"action": "show_dialog","dialog": "stardust:manual/page_157"}},
				{"text": "$腅","hover_event": {"action": "show_item","id": "furnace","components": {"item_name": {"translate": "stardust.cobblestone_miner_lv_4"}}},"click_event": {"action": "show_dialog","dialog": "stardust:manual/page_158"}},
				{"text": "$腇","hover_event": {"action": "show_item","id": "furnace","components": {"item_name": {"translate": "stardust.cobblestone_miner_lv_5"}}},"click_event": {"action": "show_dialog","dialog": "stardust:manual/page_159"}},
				{"text": "$腉","hover_event": {"action": "show_item","id": "furnace","components": {"item_name": {"translate": "stardust.cobblestone_miner_lv_6"}}},"click_event": {"action": "show_dialog","dialog": "stardust:manual/page_160"}},
				{"text": "$腋","hover_event": {"action": "show_item","id": "furnace","components": {"item_name": {"translate": "stardust.cobblestone_miner_lv_7"}}},"click_event": {"action": "show_dialog","dialog": "stardust:manual/page_161"}},
				"#\n\"",
				{"text": "!","hover_event": {"action": "show_item","id": "furnace","components": {"item_name": {"translate": "stardust.cobblestone_miner_lv_3"}}},"click_event": {"action": "show_dialog","dialog": "stardust:manual/page_157"}},
				{"text": "!","hover_event": {"action": "show_item","id": "furnace","components": {"item_name": {"translate": "stardust.cobblestone_miner_lv_4"}}},"click_event": {"action": "show_dialog","dialog": "stardust:manual/page_158"}},
				{"text": "!","hover_event": {"action": "show_item","id": "furnace","components": {"item_name": {"translate": "stardust.cobblestone_miner_lv_5"}}},"click_event": {"action": "show_dialog","dialog": "stardust:manual/page_159"}},
				{"text": "!","hover_event": {"action": "show_item","id": "furnace","components": {"item_name": {"translate": "stardust.cobblestone_miner_lv_6"}}},"click_event": {"action": "show_dialog","dialog": "stardust:manual/page_160"}},
				{"text": "!","hover_event": {"action": "show_item","id": "furnace","components": {"item_name": {"translate": "stardust.cobblestone_miner_lv_7"}}},"click_event": {"action": "show_dialog","dialog": "stardust:manual/page_161"}},
				"#\n\"",
				{"text": "$腍","hover_event": {"action": "show_item","id": "furnace","components": {"item_name": {"translate": "stardust.cobblestone_miner_lv_8"}}},"click_event": {"action": "show_dialog","dialog": "stardust:manual/page_162"}},
				{"text": "$腏","hover_event": {"action": "show_item","id": "command_block","components": {"item_name": {"translate": "stardust.stoupegg"}}},"click_event": {"action": "show_dialog","dialog": "stardust:manual/page_163"}},
				{"text": "$腑","hover_event": {"action": "show_item","id": "command_block","components": {"item_name": {"translate": "stardust_pillar"}}},"click_event": {"action": "show_dialog","dialog": "stardust:manual/page_164"}},
				{"text": "$腓","hover_event": {"action": "show_item","id": "command_block","components": {"item_name": {"translate": "stardust_dungeon_key"}}},"click_event": {"action": "show_dialog","dialog": "stardust:manual/page_165"}},
				{"text": "$腕","hover_event": {"action": "show_item","id": "command_block","components": {"item_name": {"translate": "stardust.quarry_configurator"}}},"click_event": {"action": "show_dialog","dialog": "stardust:manual/page_166"}},
				"#\n\"",
				{"text": "!","hover_event": {"action": "show_item","id": "furnace","components": {"item_name": {"translate": "stardust.cobblestone_miner_lv_8"}}},"click_event": {"action": "show_dialog","dialog": "stardust:manual/page_162"}},
				{"text": "!","hover_event": {"action": "show_item","id": "command_block","components": {"item_name": {"translate": "stardust.stoupegg"}}},"click_event": {"action": "show_dialog","dialog": "stardust:manual/page_163"}},
				{"text": "!","hover_event": {"action": "show_item","id": "command_block","components": {"item_name": {"translate": "stardust_pillar"}}},"click_event": {"action": "show_dialog","dialog": "stardust:manual/page_164"}},
				{"text": "!","hover_event": {"action": "show_item","id": "command_block","components": {"item_name": {"translate": "stardust_dungeon_key"}}},"click_event": {"action": "show_dialog","dialog": "stardust:manual/page_165"}},
				{"text": "!","hover_event": {"action": "show_item","id": "command_block","components": {"item_name": {"translate": "stardust.quarry_configurator"}}},"click_event": {"action": "show_dialog","dialog": "stardust:manual/page_166"}},
				"#\n\"",
				{"text": "$腗","hover_event": {"action": "show_item","id": "command_block","components": {"item_name": {"translate": "stardust.fortune_module"}}},"click_event": {"action": "show_dialog","dialog": "stardust:manual/page_167"}},
				{"text": "$腙","hover_event": {"action": "show_item","id": "command_block","components": {"item_name": {"translate": "stardust.silk_touch_module"}}},"click_event": {"action": "show_dialog","dialog": "stardust:manual/page_168"}},
				{"text": "$腛","hover_event": {"action": "show_item","id": "written_book","components": {"item_name": "Stardust Manual"}},"click_event": {"action": "show_dialog","dialog": "stardust:manual/page_169"}},
				"!!#\n\"",
				{"text": "!","hover_event": {"action": "show_item","id": "command_block","components": {"item_name": {"translate": "stardust.fortune_module"}}},"click_event": {"action": "show_dialog","dialog": "stardust:manual/page_167"}},
				{"text": "!","hover_event": {"action": "show_item","id": "command_block","components": {"item_name": {"translate": "stardust.silk_touch_module"}}},"click_event": {"action": "show_dialog","dialog": "stardust:manual/page_168"}},
				{"text": "!","hover_event": {"action": "show_item","id": "written_book","components": {"item_name": "Stardust Manual"}},"click_event": {"action": "show_dialog","dialog": "stardust:manual/page_169"}},
				"!!#\n",
				"\n\n\n\n\n\n\n\n\n"
			],
			"width": 150
		}
	]
}
