{
	"type": "minecraft:notice",
	"title": [
		{
			"sprite": "stardust:item/stardust_photovoltaic_cell",
			"atlas": "minecraft:items",
			"shadow_color": [
				0,
				0,
				0,
				0
			]
		},
		" ",
		{
			"translate": "stardust_photovoltaic_cell",
			"underlined": true
		},
		" ",
		{
			"sprite": "stardust:item/stardust_photovoltaic_cell",
			"atlas": "minecraft:items",
			"shadow_color": [
				0,
				0,
				0,
				0
			]
		}
	],
	"body": [
		{
			"type": "minecraft:plain_message",
			"contents": [
				{"text": "V   ","font": "stardust:manual","color": "white"},
				{"text": "\n   ","click_event": {"action": "show_dialog","dialog": "stardust:manual/page_49"},"hover_event": {"action": "show_text","value": [{"translate": "stardust.go_to_previous_page"}," (49)"]}},
				" ",
				{"text": "   ","click_event": {"action": "show_dialog","dialog": "stardust:manual/page_51"},"hover_event": {"action": "show_text","value": [{"translate": "stardust.go_to_next_page"}," (51)"]}},
				{"text": "\n   ","click_event": {"action": "show_dialog","dialog": "stardust:manual/page_49"},"hover_event": {"action": "show_text","value": [{"translate": "stardust.go_to_previous_page"}," (49)"]}},
				" ",
				{"text": "   ","click_event": {"action": "show_dialog","dialog": "stardust:manual/page_51"},"hover_event": {"action": "show_text","value": [{"translate": "stardust.go_to_next_page"}," (51)"]}}
			],
			"width": 400
		},
		{
			"type": "minecraft:plain_message",
			"contents": [
				{"text": "","font": "stardust:manual","color": "white","shadow_color": [0,0,0,0]},
				"\"$6\n\"",
				{"text": "$耡$耡$耡","hover_event": {"action": "show_item","id": "command_block","components": {"item_model": "stardust:stardust_fragment","item_name": {"translate": "stardust_fragment"},"lore": [["",{"text": "I","color": "white","italic": false,"font": "stardust:icons"},{"translate": "stardustfragment","italic": true,"color": "blue"}]],"custom_data": {"stardust": {"stardust_fragment": true},"smithed": {"ignore": {"functionality": true,"crafting": true}}}}},"click_event": {"action": "show_dialog","dialog": "stardust:manual/page_12"}},
				"  \n\"",
				{"translate": "stardust.uuu","hover_event": {"action": "show_item","id": "command_block","components": {"item_model": "stardust:stardust_fragment","item_name": {"translate": "stardust_fragment"},"lore": [["",{"text": "I","color": "white","italic": false,"font": "stardust:icons"},{"translate": "stardustfragment","italic": true,"color": "blue"}]],"custom_data": {"stardust": {"stardust_fragment": true},"smithed": {"ignore": {"functionality": true,"crafting": true}}}}},"click_event": {"action": "show_dialog","dialog": "stardust:manual/page_12"}},
				"  \n\"",
				{"text": "$聫$聫$聫","hover_event": {"action": "show_item","id": "command_block","components": {"item_model": "stardust:mirror","item_name": {"translate": "stardust.mirror"},"lore": [["",{"text": "I","color": "white","italic": false,"font": "stardust:icons"},{"translate": "stardustfragment","italic": true,"color": "blue"}]],"custom_data": {"stardust": {"mirror": true},"smithed": {"ignore": {"functionality": true,"crafting": true}}}}},"click_event": {"action": "show_dialog","dialog": "stardust:manual/page_49"}},
				"\"\"",
				{"text": "$$聭","hover_event": {"action": "show_item","id": "command_block","components": {"item_model": "stardust:stardust_photovoltaic_cell","item_name": {"translate": "stardust_photovoltaic_cell"},"lore": [["",{"text": "I","color": "white","italic": false,"font": "stardust:icons"},{"translate": "stardustfragment","italic": true,"color": "blue"}]],"custom_data": {"stardust": {"stardust_photovoltaic_cell": true},"smithed": {"ignore": {"functionality": true,"crafting": true}}}}}},
				"#$\n\"",
				{"translate": "stardust.uuu","hover_event": {"action": "show_item","id": "command_block","components": {"item_model": "stardust:mirror","item_name": {"translate": "stardust.mirror"},"lore": [["",{"text": "I","color": "white","italic": false,"font": "stardust:icons"},{"translate": "stardustfragment","italic": true,"color": "blue"}]],"custom_data": {"stardust": {"mirror": true},"smithed": {"ignore": {"functionality": true,"crafting": true}}}}},"click_event": {"action": "show_dialog","dialog": "stardust:manual/page_49"}},
				"\"\"",
				{"text": "U$","hover_event": {"action": "show_item","id": "command_block","components": {"item_model": "stardust:stardust_photovoltaic_cell","item_name": {"translate": "stardust_photovoltaic_cell"},"lore": [["",{"text": "I","color": "white","italic": false,"font": "stardust:icons"},{"translate": "stardustfragment","italic": true,"color": "blue"}]],"custom_data": {"stardust": {"stardust_photovoltaic_cell": true},"smithed": {"ignore": {"functionality": true,"crafting": true}}}}}},
				"#$\n\"U$",
				{"text": "$耣","hover_event": {"action": "show_item","id": "command_block","components": {"item_model": "stardust:stardust_ingot","item_name": {"translate": "stardust_ingot"},"lore": [["",{"text": "I","color": "white","italic": false,"font": "stardust:icons"},{"translate": "stardustfragment","italic": true,"color": "blue"}]],"custom_data": {"stardust": {"stardust_ingot": true},"smithed": {"ignore": {"functionality": true,"crafting": true}}}}},"click_event": {"action": "show_dialog","dialog": "stardust:manual/page_13"}},
				"U$  \n\"U$",
				{"text": "U$","hover_event": {"action": "show_item","id": "command_block","components": {"item_model": "stardust:stardust_ingot","item_name": {"translate": "stardust_ingot"},"lore": [["",{"text": "I","color": "white","italic": false,"font": "stardust:icons"},{"translate": "stardustfragment","italic": true,"color": "blue"}]],"custom_data": {"stardust": {"stardust_ingot": true},"smithed": {"ignore": {"functionality": true,"crafting": true}}}}},"click_event": {"action": "show_dialog","dialog": "stardust:manual/page_13"}},
				"U$  \n\n",
				{"text": "1##","hover_event": {"action": "show_text","value": [{"translate": "stardust.photovoltaic_cell_made_from_stardust","color": "yellow"},{"translate": "stardust.used_to_convert_sunlight_into_energy","color": "gray"}]}},
				{"text": "2##","hover_event": {"action": "show_text","value": [{"text": ""},[{"text": "","font": "stardust:manual","color": "white"},"\"F\n","\"",{"text": "$耡"},{"text": "$耡"},{"text": "$耡"},"\n","\"",{"text": "U$"},{"text": "U$"},{"text": "U$"},"\n","\"",{"text": "$聫"},{"text": "$聫"},{"text": "$聫"},"\"\"",{"text": "$$聭"},"\n","\"",{"text": "U$"},{"text": "U$"},{"text": "U$"},"\"\"",{"text": "U$"},"\n","\"","U$",{"text": "$耣"},"U$","\n","\"","U$",{"text": "U$"},"U$","\n"],{"text": "\n- x3 ","color": "gray"},{"translate": "stardust_fragment","color": "gray"},{"text": "\n- x3 ","color": "gray"},{"translate": "stardust.mirror","color": "gray"},{"text": "\n- x1 ","color": "gray"},{"translate": "stardust_ingot","color": "gray"}]}},
				{"text": "誤##","hover_event": {"action": "show_text","value": [{"text": ""},[{"text": "","font": "stardust:manual","color": "white"},"\"F\n","\"",{"text": "$耵"},{"text": "$耵"},{"text": "$耵"},"\n","\"",{"text": "U$"},{"text": "U$"},{"text": "U$"},"\n","\"",{"text": "$聭"},{"text": "$聭"},{"text": "$聭"},"\"\"",{"text": "$$聯"},"\n","\"",{"text": "U$"},{"text": "U$"},{"text": "U$"},"\"\"",{"text": "U$"},"\n","\"",{"text": "$耵"},{"text": "$耵"},{"text": "$耵"},"\n","\"",{"text": "U$"},{"text": "U$"},{"text": "U$"},"\n"],{"text": "\n- x6 ","color": "gray"},{"translate": "stardust.awakened_stardust","color": "gray"},{"text": "\n- x3 ","color": "gray"},{"translate": "stardust_photovoltaic_cell","color": "gray"}]},"click_event": {"action": "show_dialog","dialog": "stardust:manual/page_51"}},
				{"text": "說\n","hover_event": {"action": "show_text","value": [{"text": ""},[{"text": "","font": "stardust:manual","color": "white"},"\"F\n","\"",{"text": "$聭"},{"text": "$聭"},{"text": "$聭"},"\n","\"",{"text": "U$"},{"text": "U$"},{"text": "U$"},"\n","\"",{"text": "$耥"},{"text": "$臭"},{"text": "$耥"},"\"\"",{"text": "$$肇"},"\n","\"",{"text": "U$"},{"text": "U$"},{"text": "U$"},"\"\"",{"text": "U$"},"\n","\"",{"text": "$臮"},{"text": "$臮"},{"text": "$臮"},"\n","\"",{"text": "U$"},{"text": "U$"},{"text": "U$"},"\n"],{"text": "\n- x3 ","color": "gray"},{"translate": "stardust_photovoltaic_cell","color": "gray"},{"text": "\n- x2 ","color": "gray"},{"translate": "stardust_essence","color": "gray"},{"text": "\n- x1 ","color": "gray"},{"translate": "stardust.solar_panel","color": "gray"},{"text": "\n- x3 ","color": "gray"},{"translate": "stardust.lapis_block","color": "gray"}]},"click_event": {"action": "show_dialog","dialog": "stardust:manual/page_63"}},
				{"text": "0##","hover_event": {"action": "show_text","value": [{"translate": "stardust.photovoltaic_cell_made_from_stardust","color": "yellow"},{"translate": "stardust.used_to_convert_sunlight_into_energy","color": "gray"}]}},
				{"text": "0##","hover_event": {"action": "show_text","value": [{"text": ""},[{"text": "","font": "stardust:manual","color": "white"},"\"F\n","\"",{"text": "$耡"},{"text": "$耡"},{"text": "$耡"},"\n","\"",{"text": "U$"},{"text": "U$"},{"text": "U$"},"\n","\"",{"text": "$聫"},{"text": "$聫"},{"text": "$聫"},"\"\"",{"text": "$$聭"},"\n","\"",{"text": "U$"},{"text": "U$"},{"text": "U$"},"\"\"",{"text": "U$"},"\n","\"","U$",{"text": "$耣"},"U$","\n","\"","U$",{"text": "U$"},"U$","\n"],{"text": "\n- x3 ","color": "gray"},{"translate": "stardust_fragment","color": "gray"},{"text": "\n- x3 ","color": "gray"},{"translate": "stardust.mirror","color": "gray"},{"text": "\n- x1 ","color": "gray"},{"translate": "stardust_ingot","color": "gray"}]}},
				{"text": "0##","hover_event": {"action": "show_text","value": [{"text": ""},[{"text": "","font": "stardust:manual","color": "white"},"\"F\n","\"",{"text": "$耵"},{"text": "$耵"},{"text": "$耵"},"\n","\"",{"text": "U$"},{"text": "U$"},{"text": "U$"},"\n","\"",{"text": "$聭"},{"text": "$聭"},{"text": "$聭"},"\"\"",{"text": "$$聯"},"\n","\"",{"text": "U$"},{"text": "U$"},{"text": "U$"},"\"\"",{"text": "U$"},"\n","\"",{"text": "$耵"},{"text": "$耵"},{"text": "$耵"},"\n","\"",{"text": "U$"},{"text": "U$"},{"text": "U$"},"\n"],{"text": "\n- x6 ","color": "gray"},{"translate": "stardust.awakened_stardust","color": "gray"},{"text": "\n- x3 ","color": "gray"},{"translate": "stardust_photovoltaic_cell","color": "gray"}]},"click_event": {"action": "show_dialog","dialog": "stardust:manual/page_51"}},
				{"text": "0","hover_event": {"action": "show_text","value": [{"text": ""},[{"text": "","font": "stardust:manual","color": "white"},"\"F\n","\"",{"text": "$聭"},{"text": "$聭"},{"text": "$聭"},"\n","\"",{"text": "U$"},{"text": "U$"},{"text": "U$"},"\n","\"",{"text": "$耥"},{"text": "$臭"},{"text": "$耥"},"\"\"",{"text": "$$肇"},"\n","\"",{"text": "U$"},{"text": "U$"},{"text": "U$"},"\"\"",{"text": "U$"},"\n","\"",{"text": "$臮"},{"text": "$臮"},{"text": "$臮"},"\n","\"",{"text": "U$"},{"text": "U$"},{"text": "U$"},"\n"],{"text": "\n- x3 ","color": "gray"},{"translate": "stardust_photovoltaic_cell","color": "gray"},{"text": "\n- x2 ","color": "gray"},{"translate": "stardust_essence","color": "gray"},{"text": "\n- x1 ","color": "gray"},{"translate": "stardust.solar_panel","color": "gray"},{"text": "\n- x3 ","color": "gray"},{"translate": "stardust.lapis_block","color": "gray"}]},"click_event": {"action": "show_dialog","dialog": "stardust:manual/page_63"}},
				"\n\n\n\n\n\n\n\n\n\n\n\n\n\n\n\n"
			],
			"width": 140
		}
	]
}
