{
	"type": "minecraft:notice",
	"title": {
		"translate": "stardust_apple",
		"underlined": true
	},
	"body": [
		{
			"type": "minecraft:plain_message",
			"contents": [
				{"text": "V   ","font": "stardust:manual","color": "white"},
				{"text": "\n   ","click_event": {"action": "show_dialog","dialog": "stardust:manual/page_143"},"hover_event": {"action": "show_text","value": [{"translate": "stardust.go_to_previous_page"},{"translate": "stardust.143"}]}},
				" ",
				{"text": "   ","click_event": {"action": "show_dialog","dialog": "stardust:manual/page_145"},"hover_event": {"action": "show_text","value": [{"translate": "stardust.go_to_next_page"},{"translate": "stardust.145"}]}},
				{"text": "\n   ","click_event": {"action": "show_dialog","dialog": "stardust:manual/page_143"},"hover_event": {"action": "show_text","value": [{"translate": "stardust.go_to_previous_page"},{"translate": "stardust.143"}]}},
				" ",
				{"text": "   ","click_event": {"action": "show_dialog","dialog": "stardust:manual/page_145"},"hover_event": {"action": "show_text","value": [{"translate": "stardust.go_to_next_page"},{"translate": "stardust.145"}]}}
			],
			"width": 400
		},
		{
			"type": "minecraft:plain_message",
			"contents": [
				{"text": "","font": "stardust:manual","color": "white","shadow_color": [0,0,0,0]},
				"\"$6\n\"",
				{"text": "$耡$耡$耡","hover_event": {"action": "show_item","id": "command_block","components": {"item_name": {"translate": "stardust_fragment"},"lore": [["",{"text": "I","color": "white","italic": false,"font": "stardust:icons"},{"translate": "stardustfragment","italic": true,"color": "blue"}]]}},"click_event": {"action": "show_dialog","dialog": "stardust:manual/page_12"}},
				"  \n\"",
				{"translate": "stardust.uuu","hover_event": {"action": "show_item","id": "command_block","components": {"item_name": {"translate": "stardust_fragment"},"lore": [["",{"text": "I","color": "white","italic": false,"font": "stardust:icons"},{"translate": "stardustfragment","italic": true,"color": "blue"}]]}},"click_event": {"action": "show_dialog","dialog": "stardust:manual/page_12"}},
				"  \n\"",
				{"text": "$耡","hover_event": {"action": "show_item","id": "command_block","components": {"item_name": {"translate": "stardust_fragment"},"lore": [["",{"text": "I","color": "white","italic": false,"font": "stardust:icons"},{"translate": "stardustfragment","italic": true,"color": "blue"}]]}},"click_event": {"action": "show_dialog","dialog": "stardust:manual/page_12"}},
				{"text": "$腿","hover_event": {"action": "show_item","id": "minecraft:golden_apple","components": {}}},
				{"text": "$耡","hover_event": {"action": "show_item","id": "command_block","components": {"item_name": {"translate": "stardust_fragment"},"lore": [["",{"text": "I","color": "white","italic": false,"font": "stardust:icons"},{"translate": "stardustfragment","italic": true,"color": "blue"}]]}},"click_event": {"action": "show_dialog","dialog": "stardust:manual/page_12"}},
				"\"\"",
				{"text": "$$脩","hover_event": {"action": "show_item","id": "command_block","components": {"item_name": {"translate": "stardust_apple"},"lore": [["",{"text": "I","color": "white","italic": false,"font": "stardust:icons"},{"translate": "stardustfragment","italic": true,"color": "blue"}]]}}},
				"#$\n\"",
				{"text": "U$","hover_event": {"action": "show_item","id": "command_block","components": {"item_name": {"translate": "stardust_fragment"},"lore": [["",{"text": "I","color": "white","italic": false,"font": "stardust:icons"},{"translate": "stardustfragment","italic": true,"color": "blue"}]]}},"click_event": {"action": "show_dialog","dialog": "stardust:manual/page_12"}},
				{"text": "U$","hover_event": {"action": "show_item","id": "minecraft:golden_apple","components": {}}},
				{"text": "U$","hover_event": {"action": "show_item","id": "command_block","components": {"item_name": {"translate": "stardust_fragment"},"lore": [["",{"text": "I","color": "white","italic": false,"font": "stardust:icons"},{"translate": "stardustfragment","italic": true,"color": "blue"}]]}},"click_event": {"action": "show_dialog","dialog": "stardust:manual/page_12"}},
				"\"\"",
				{"text": "U$","hover_event": {"action": "show_item","id": "command_block","components": {"item_name": {"translate": "stardust_apple"},"lore": [["",{"text": "I","color": "white","italic": false,"font": "stardust:icons"},{"translate": "stardustfragment","italic": true,"color": "blue"}]]}}},
				"#$\n\"",
				{"text": "$耡$耡$耡","hover_event": {"action": "show_item","id": "command_block","components": {"item_name": {"translate": "stardust_fragment"},"lore": [["",{"text": "I","color": "white","italic": false,"font": "stardust:icons"},{"translate": "stardustfragment","italic": true,"color": "blue"}]]}},"click_event": {"action": "show_dialog","dialog": "stardust:manual/page_12"}},
				"  \n\"",
				{"translate": "stardust.uuu","hover_event": {"action": "show_item","id": "command_block","components": {"item_name": {"translate": "stardust_fragment"},"lore": [["",{"text": "I","color": "white","italic": false,"font": "stardust:icons"},{"translate": "stardustfragment","italic": true,"color": "blue"}]]}},"click_event": {"action": "show_dialog","dialog": "stardust:manual/page_12"}},
				"  \n\n",
				{"text": "2\n0##","hover_event": {"action": "show_text","value": [{"text": ""},[{"text": "","font": "stardust:manual","color": "white"},"\"F\n","\"",{"text": "$耡"},{"text": "$耡"},{"text": "$耡"},"\n","\"",{"text": "U$"},{"text": "U$"},{"text": "U$"},"\n","\"",{"text": "$耡"},{"text": "$腿"},{"text": "$耡"},"\"\"",{"text": "$$脩"},"\n","\"",{"text": "U$"},{"text": "U$"},{"text": "U$"},"\"\"",{"text": "U$"},"\n","\"",{"text": "$耡"},{"text": "$耡"},{"text": "$耡"},"\n","\"",{"text": "U$"},{"text": "U$"},{"text": "U$"},"\n"],{"text": "\n- x8 ","color": "gray"},{"translate": "stardust_fragment","color": "gray"},{"text": "\n- x1 ","color": "gray"},{"translate": "stardust.golden_apple","color": "gray"}]}},
				"\n\n\n\n\n\n\n\n\n\n\n"
			],
			"width": 150
		}
	]
}
