{
	"type": "minecraft:notice",
	"title": {
		"translate": "stardust_dungeon_portal",
		"underlined": true
	},
	"body": [
		{
			"type": "minecraft:plain_message",
			"contents": [
				{"text": "V   ","font": "stardust:manual","color": "white"},
				{"text": "\n   ","click_event": {"action": "show_dialog","dialog": "stardust:manual/page_75"},"hover_event": {"action": "show_text","value": [{"translate": "stardust.go_to_previous_page"}," (75)"]}},
				" ",
				{"text": "   ","click_event": {"action": "show_dialog","dialog": "stardust:manual/page_77"},"hover_event": {"action": "show_text","value": [{"translate": "stardust.go_to_next_page"}," (77)"]}},
				{"text": "\n   ","click_event": {"action": "show_dialog","dialog": "stardust:manual/page_75"},"hover_event": {"action": "show_text","value": [{"translate": "stardust.go_to_previous_page"}," (75)"]}},
				" ",
				{"text": "   ","click_event": {"action": "show_dialog","dialog": "stardust:manual/page_77"},"hover_event": {"action": "show_text","value": [{"translate": "stardust.go_to_next_page"}," (77)"]}}
			],
			"width": 400
		},
		{
			"type": "minecraft:plain_message",
			"contents": [
				{"text": "","font": "stardust:manual","color": "white","shadow_color": [0,0,0,0]},
				"\"$6\n\"",
				{"text": "$耷","hover_event": {"action": "show_item","id": "furnace","components": {"custom_data": {"smithed": {"dict": {"block": {"awakened_stardust": true}},"ignore": {"functionality": true,"crafting": true}},"stardust": {"awakened_stardust_block": true}},"item_model": "stardust:awakened_stardust_block","item_name": {"translate": "stardust.awakened_stardust_block"},"lore": [["",{"text": "I","color": "white","italic": false,"font": "stardust:icons"},{"translate": "stardustfragment","italic": true,"color": "blue"}]],"container": [{"slot": 0,"item": {"id": "minecraft:stone","count": 1,"components": {"minecraft:custom_data": {"smithed": {"block": {"id": "stardust:awakened_stardust_block","from": "stardust"}}}}}}],"tooltip_display": {"hidden_components": ["minecraft:container"]}}},"click_event": {"action": "show_dialog","dialog": "stardust:manual/page_21"}},
				{"text": "$耹","hover_event": {"action": "show_item","id": "furnace","components": {"custom_data": {"smithed": {"dict": {"block": {"awakened_stardust": true},"ore": {"awakened_stardust": true}},"ignore": {"functionality": true,"crafting": true}},"stardust": {"awakened_stardust_ore": true}},"item_model": "stardust:awakened_stardust_ore","item_name": {"translate": "stardust.awakened_stardust_ore"},"lore": [["",{"text": "I","color": "white","italic": false,"font": "stardust:icons"},{"translate": "stardustfragment","italic": true,"color": "blue"}]],"container": [{"slot": 0,"item": {"id": "minecraft:stone","count": 1,"components": {"minecraft:custom_data": {"smithed": {"block": {"id": "stardust:awakened_stardust_ore","from": "stardust"}}}}}}],"tooltip_display": {"hidden_components": ["minecraft:container"]}}},"click_event": {"action": "show_dialog","dialog": "stardust:manual/page_22"}},
				{"text": "$耷","hover_event": {"action": "show_item","id": "furnace","components": {"custom_data": {"smithed": {"dict": {"block": {"awakened_stardust": true}},"ignore": {"functionality": true,"crafting": true}},"stardust": {"awakened_stardust_block": true}},"item_model": "stardust:awakened_stardust_block","item_name": {"translate": "stardust.awakened_stardust_block"},"lore": [["",{"text": "I","color": "white","italic": false,"font": "stardust:icons"},{"translate": "stardustfragment","italic": true,"color": "blue"}]],"container": [{"slot": 0,"item": {"id": "minecraft:stone","count": 1,"components": {"minecraft:custom_data": {"smithed": {"block": {"id": "stardust:awakened_stardust_block","from": "stardust"}}}}}}],"tooltip_display": {"hidden_components": ["minecraft:container"]}}},"click_event": {"action": "show_dialog","dialog": "stardust:manual/page_21"}},
				"  \n\"",
				{"text": "U$","hover_event": {"action": "show_item","id": "furnace","components": {"custom_data": {"smithed": {"dict": {"block": {"awakened_stardust": true}},"ignore": {"functionality": true,"crafting": true}},"stardust": {"awakened_stardust_block": true}},"item_model": "stardust:awakened_stardust_block","item_name": {"translate": "stardust.awakened_stardust_block"},"lore": [["",{"text": "I","color": "white","italic": false,"font": "stardust:icons"},{"translate": "stardustfragment","italic": true,"color": "blue"}]],"container": [{"slot": 0,"item": {"id": "minecraft:stone","count": 1,"components": {"minecraft:custom_data": {"smithed": {"block": {"id": "stardust:awakened_stardust_block","from": "stardust"}}}}}}],"tooltip_display": {"hidden_components": ["minecraft:container"]}}},"click_event": {"action": "show_dialog","dialog": "stardust:manual/page_21"}},
				{"text": "U$","hover_event": {"action": "show_item","id": "furnace","components": {"custom_data": {"smithed": {"dict": {"block": {"awakened_stardust": true},"ore": {"awakened_stardust": true}},"ignore": {"functionality": true,"crafting": true}},"stardust": {"awakened_stardust_ore": true}},"item_model": "stardust:awakened_stardust_ore","item_name": {"translate": "stardust.awakened_stardust_ore"},"lore": [["",{"text": "I","color": "white","italic": false,"font": "stardust:icons"},{"translate": "stardustfragment","italic": true,"color": "blue"}]],"container": [{"slot": 0,"item": {"id": "minecraft:stone","count": 1,"components": {"minecraft:custom_data": {"smithed": {"block": {"id": "stardust:awakened_stardust_ore","from": "stardust"}}}}}}],"tooltip_display": {"hidden_components": ["minecraft:container"]}}},"click_event": {"action": "show_dialog","dialog": "stardust:manual/page_22"}},
				{"text": "U$","hover_event": {"action": "show_item","id": "furnace","components": {"custom_data": {"smithed": {"dict": {"block": {"awakened_stardust": true}},"ignore": {"functionality": true,"crafting": true}},"stardust": {"awakened_stardust_block": true}},"item_model": "stardust:awakened_stardust_block","item_name": {"translate": "stardust.awakened_stardust_block"},"lore": [["",{"text": "I","color": "white","italic": false,"font": "stardust:icons"},{"translate": "stardustfragment","italic": true,"color": "blue"}]],"container": [{"slot": 0,"item": {"id": "minecraft:stone","count": 1,"components": {"minecraft:custom_data": {"smithed": {"block": {"id": "stardust:awakened_stardust_block","from": "stardust"}}}}}}],"tooltip_display": {"hidden_components": ["minecraft:container"]}}},"click_event": {"action": "show_dialog","dialog": "stardust:manual/page_21"}},
				"  \n\"",
				{"text": "$耹","hover_event": {"action": "show_item","id": "furnace","components": {"custom_data": {"smithed": {"dict": {"block": {"awakened_stardust": true},"ore": {"awakened_stardust": true}},"ignore": {"functionality": true,"crafting": true}},"stardust": {"awakened_stardust_ore": true}},"item_model": "stardust:awakened_stardust_ore","item_name": {"translate": "stardust.awakened_stardust_ore"},"lore": [["",{"text": "I","color": "white","italic": false,"font": "stardust:icons"},{"translate": "stardustfragment","italic": true,"color": "blue"}]],"container": [{"slot": 0,"item": {"id": "minecraft:stone","count": 1,"components": {"minecraft:custom_data": {"smithed": {"block": {"id": "stardust:awakened_stardust_ore","from": "stardust"}}}}}}],"tooltip_display": {"hidden_components": ["minecraft:container"]}}},"click_event": {"action": "show_dialog","dialog": "stardust:manual/page_22"}},
				{"text": "$肣","hover_event": {"action": "show_item","id": "furnace","components": {"custom_data": {"energy": {"usage": 100,"max_storage": 6000},"stardust": {"stardust_portal": true},"smithed": {"ignore": {"functionality": true,"crafting": true}}},"item_name": {"translate": "stardust_portal","italic": false,"color": "blue"},"lore": [{"translate": "stardust.this_portal_allows_access_to_the_stardust_dimension_with_lots_of","italic": false,"color": "white"},{"translate": "stardust.power_usage_100_kw","italic": false,"color": "gray"},{"translate": "stardust.energy_buffer_6000_kj","italic": false,"color": "gray"},["",{"text": "I","color": "white","italic": false,"font": "stardust:icons"},{"translate": "stardustfragment","italic": true,"color": "blue"}]],"item_model": "stardust:stardust_portal","container": [{"slot": 0,"item": {"id": "minecraft:stone","count": 1,"components": {"minecraft:custom_data": {"smithed": {"block": {"id": "stardust:stardust_portal","from": "stardust"}}}}}}],"tooltip_display": {"hidden_components": ["minecraft:container"]}}},"click_event": {"action": "show_dialog","dialog": "stardust:manual/page_75"}},
				{"text": "$耹","hover_event": {"action": "show_item","id": "furnace","components": {"custom_data": {"smithed": {"dict": {"block": {"awakened_stardust": true},"ore": {"awakened_stardust": true}},"ignore": {"functionality": true,"crafting": true}},"stardust": {"awakened_stardust_ore": true}},"item_model": "stardust:awakened_stardust_ore","item_name": {"translate": "stardust.awakened_stardust_ore"},"lore": [["",{"text": "I","color": "white","italic": false,"font": "stardust:icons"},{"translate": "stardustfragment","italic": true,"color": "blue"}]],"container": [{"slot": 0,"item": {"id": "minecraft:stone","count": 1,"components": {"minecraft:custom_data": {"smithed": {"block": {"id": "stardust:awakened_stardust_ore","from": "stardust"}}}}}}],"tooltip_display": {"hidden_components": ["minecraft:container"]}}},"click_event": {"action": "show_dialog","dialog": "stardust:manual/page_22"}},
				"\"\"",
				{"text": "$$肥","hover_event": {"action": "show_item","id": "furnace","components": {"custom_data": {"energy": {"usage": 200,"max_storage": 12000},"stardust": {"stardust_dungeon_portal": true},"smithed": {"ignore": {"functionality": true,"crafting": true}}},"item_name": {"translate": "stardust_dungeon_portal","italic": false,"color": "red"},"lore": [{"translate": "stardust.this_portal_allows_access_to_the_dimension_of_the_stardust_dunge","italic": false,"color": "white"},{"translate": "stardust.power_usage_200_kw","italic": false,"color": "gray"},{"translate": "stardust.energy_buffer_12_mj","italic": false,"color": "gray"},["",{"text": "I","color": "white","italic": false,"font": "stardust:icons"},{"translate": "stardustfragment","italic": true,"color": "blue"}]],"item_model": "stardust:stardust_dungeon_portal","container": [{"slot": 0,"item": {"id": "minecraft:stone","count": 1,"components": {"minecraft:custom_data": {"smithed": {"block": {"id": "stardust:stardust_dungeon_portal","from": "stardust"}}}}}}],"tooltip_display": {"hidden_components": ["minecraft:container"]}}}},
				"#$\n\"",
				{"text": "U$","hover_event": {"action": "show_item","id": "furnace","components": {"custom_data": {"smithed": {"dict": {"block": {"awakened_stardust": true},"ore": {"awakened_stardust": true}},"ignore": {"functionality": true,"crafting": true}},"stardust": {"awakened_stardust_ore": true}},"item_model": "stardust:awakened_stardust_ore","item_name": {"translate": "stardust.awakened_stardust_ore"},"lore": [["",{"text": "I","color": "white","italic": false,"font": "stardust:icons"},{"translate": "stardustfragment","italic": true,"color": "blue"}]],"container": [{"slot": 0,"item": {"id": "minecraft:stone","count": 1,"components": {"minecraft:custom_data": {"smithed": {"block": {"id": "stardust:awakened_stardust_ore","from": "stardust"}}}}}}],"tooltip_display": {"hidden_components": ["minecraft:container"]}}},"click_event": {"action": "show_dialog","dialog": "stardust:manual/page_22"}},
				{"text": "U$","hover_event": {"action": "show_item","id": "furnace","components": {"custom_data": {"energy": {"usage": 100,"max_storage": 6000},"stardust": {"stardust_portal": true},"smithed": {"ignore": {"functionality": true,"crafting": true}}},"item_name": {"translate": "stardust_portal","italic": false,"color": "blue"},"lore": [{"translate": "stardust.this_portal_allows_access_to_the_stardust_dimension_with_lots_of","italic": false,"color": "white"},{"translate": "stardust.power_usage_100_kw","italic": false,"color": "gray"},{"translate": "stardust.energy_buffer_6000_kj","italic": false,"color": "gray"},["",{"text": "I","color": "white","italic": false,"font": "stardust:icons"},{"translate": "stardustfragment","italic": true,"color": "blue"}]],"item_model": "stardust:stardust_portal","container": [{"slot": 0,"item": {"id": "minecraft:stone","count": 1,"components": {"minecraft:custom_data": {"smithed": {"block": {"id": "stardust:stardust_portal","from": "stardust"}}}}}}],"tooltip_display": {"hidden_components": ["minecraft:container"]}}},"click_event": {"action": "show_dialog","dialog": "stardust:manual/page_75"}},
				{"text": "U$","hover_event": {"action": "show_item","id": "furnace","components": {"custom_data": {"smithed": {"dict": {"block": {"awakened_stardust": true},"ore": {"awakened_stardust": true}},"ignore": {"functionality": true,"crafting": true}},"stardust": {"awakened_stardust_ore": true}},"item_model": "stardust:awakened_stardust_ore","item_name": {"translate": "stardust.awakened_stardust_ore"},"lore": [["",{"text": "I","color": "white","italic": false,"font": "stardust:icons"},{"translate": "stardustfragment","italic": true,"color": "blue"}]],"container": [{"slot": 0,"item": {"id": "minecraft:stone","count": 1,"components": {"minecraft:custom_data": {"smithed": {"block": {"id": "stardust:awakened_stardust_ore","from": "stardust"}}}}}}],"tooltip_display": {"hidden_components": ["minecraft:container"]}}},"click_event": {"action": "show_dialog","dialog": "stardust:manual/page_22"}},
				"\"\"",
				{"text": "U$","hover_event": {"action": "show_item","id": "furnace","components": {"custom_data": {"energy": {"usage": 200,"max_storage": 12000},"stardust": {"stardust_dungeon_portal": true},"smithed": {"ignore": {"functionality": true,"crafting": true}}},"item_name": {"translate": "stardust_dungeon_portal","italic": false,"color": "red"},"lore": [{"translate": "stardust.this_portal_allows_access_to_the_dimension_of_the_stardust_dunge","italic": false,"color": "white"},{"translate": "stardust.power_usage_200_kw","italic": false,"color": "gray"},{"translate": "stardust.energy_buffer_12_mj","italic": false,"color": "gray"},["",{"text": "I","color": "white","italic": false,"font": "stardust:icons"},{"translate": "stardustfragment","italic": true,"color": "blue"}]],"item_model": "stardust:stardust_dungeon_portal","container": [{"slot": 0,"item": {"id": "minecraft:stone","count": 1,"components": {"minecraft:custom_data": {"smithed": {"block": {"id": "stardust:stardust_dungeon_portal","from": "stardust"}}}}}}],"tooltip_display": {"hidden_components": ["minecraft:container"]}}}},
				"#$\n\"",
				{"text": "$耷","hover_event": {"action": "show_item","id": "furnace","components": {"custom_data": {"smithed": {"dict": {"block": {"awakened_stardust": true}},"ignore": {"functionality": true,"crafting": true}},"stardust": {"awakened_stardust_block": true}},"item_model": "stardust:awakened_stardust_block","item_name": {"translate": "stardust.awakened_stardust_block"},"lore": [["",{"text": "I","color": "white","italic": false,"font": "stardust:icons"},{"translate": "stardustfragment","italic": true,"color": "blue"}]],"container": [{"slot": 0,"item": {"id": "minecraft:stone","count": 1,"components": {"minecraft:custom_data": {"smithed": {"block": {"id": "stardust:awakened_stardust_block","from": "stardust"}}}}}}],"tooltip_display": {"hidden_components": ["minecraft:container"]}}},"click_event": {"action": "show_dialog","dialog": "stardust:manual/page_21"}},
				{"text": "$耹","hover_event": {"action": "show_item","id": "furnace","components": {"custom_data": {"smithed": {"dict": {"block": {"awakened_stardust": true},"ore": {"awakened_stardust": true}},"ignore": {"functionality": true,"crafting": true}},"stardust": {"awakened_stardust_ore": true}},"item_model": "stardust:awakened_stardust_ore","item_name": {"translate": "stardust.awakened_stardust_ore"},"lore": [["",{"text": "I","color": "white","italic": false,"font": "stardust:icons"},{"translate": "stardustfragment","italic": true,"color": "blue"}]],"container": [{"slot": 0,"item": {"id": "minecraft:stone","count": 1,"components": {"minecraft:custom_data": {"smithed": {"block": {"id": "stardust:awakened_stardust_ore","from": "stardust"}}}}}}],"tooltip_display": {"hidden_components": ["minecraft:container"]}}},"click_event": {"action": "show_dialog","dialog": "stardust:manual/page_22"}},
				{"text": "$耷","hover_event": {"action": "show_item","id": "furnace","components": {"custom_data": {"smithed": {"dict": {"block": {"awakened_stardust": true}},"ignore": {"functionality": true,"crafting": true}},"stardust": {"awakened_stardust_block": true}},"item_model": "stardust:awakened_stardust_block","item_name": {"translate": "stardust.awakened_stardust_block"},"lore": [["",{"text": "I","color": "white","italic": false,"font": "stardust:icons"},{"translate": "stardustfragment","italic": true,"color": "blue"}]],"container": [{"slot": 0,"item": {"id": "minecraft:stone","count": 1,"components": {"minecraft:custom_data": {"smithed": {"block": {"id": "stardust:awakened_stardust_block","from": "stardust"}}}}}}],"tooltip_display": {"hidden_components": ["minecraft:container"]}}},"click_event": {"action": "show_dialog","dialog": "stardust:manual/page_21"}},
				"  \n\"",
				{"text": "U$","hover_event": {"action": "show_item","id": "furnace","components": {"custom_data": {"smithed": {"dict": {"block": {"awakened_stardust": true}},"ignore": {"functionality": true,"crafting": true}},"stardust": {"awakened_stardust_block": true}},"item_model": "stardust:awakened_stardust_block","item_name": {"translate": "stardust.awakened_stardust_block"},"lore": [["",{"text": "I","color": "white","italic": false,"font": "stardust:icons"},{"translate": "stardustfragment","italic": true,"color": "blue"}]],"container": [{"slot": 0,"item": {"id": "minecraft:stone","count": 1,"components": {"minecraft:custom_data": {"smithed": {"block": {"id": "stardust:awakened_stardust_block","from": "stardust"}}}}}}],"tooltip_display": {"hidden_components": ["minecraft:container"]}}},"click_event": {"action": "show_dialog","dialog": "stardust:manual/page_21"}},
				{"text": "U$","hover_event": {"action": "show_item","id": "furnace","components": {"custom_data": {"smithed": {"dict": {"block": {"awakened_stardust": true},"ore": {"awakened_stardust": true}},"ignore": {"functionality": true,"crafting": true}},"stardust": {"awakened_stardust_ore": true}},"item_model": "stardust:awakened_stardust_ore","item_name": {"translate": "stardust.awakened_stardust_ore"},"lore": [["",{"text": "I","color": "white","italic": false,"font": "stardust:icons"},{"translate": "stardustfragment","italic": true,"color": "blue"}]],"container": [{"slot": 0,"item": {"id": "minecraft:stone","count": 1,"components": {"minecraft:custom_data": {"smithed": {"block": {"id": "stardust:awakened_stardust_ore","from": "stardust"}}}}}}],"tooltip_display": {"hidden_components": ["minecraft:container"]}}},"click_event": {"action": "show_dialog","dialog": "stardust:manual/page_22"}},
				{"text": "U$","hover_event": {"action": "show_item","id": "furnace","components": {"custom_data": {"smithed": {"dict": {"block": {"awakened_stardust": true}},"ignore": {"functionality": true,"crafting": true}},"stardust": {"awakened_stardust_block": true}},"item_model": "stardust:awakened_stardust_block","item_name": {"translate": "stardust.awakened_stardust_block"},"lore": [["",{"text": "I","color": "white","italic": false,"font": "stardust:icons"},{"translate": "stardustfragment","italic": true,"color": "blue"}]],"container": [{"slot": 0,"item": {"id": "minecraft:stone","count": 1,"components": {"minecraft:custom_data": {"smithed": {"block": {"id": "stardust:awakened_stardust_block","from": "stardust"}}}}}}],"tooltip_display": {"hidden_components": ["minecraft:container"]}}},"click_event": {"action": "show_dialog","dialog": "stardust:manual/page_21"}},
				"  \n\n",
				{"text": "1##","hover_event": {"action": "show_text","value": [{"translate": "stardust.portal_to_the_stardust_dungeon","color": "yellow"},{"text": "\nThis portal allows access to the dimension of the Stardust Dungeon!","color": "gray"},{"translate": "stardust.consumes_200_kw_of_power","color": "gray"},{"translate": "stardust.energy_buffer_of_12_mj","color": "gray"}]}},
				{"text": "2##","hover_event": {"action": "show_text","value": [{"text": ""},[{"text": "","font": "stardust:manual","color": "white"},"\"F\n","\"",{"text": "$耷"},{"text": "$耹"},{"text": "$耷"},"\n","\"",{"text": "U$"},{"text": "U$"},{"text": "U$"},"\n","\"",{"text": "$耹"},{"text": "$肣"},{"text": "$耹"},"\"\"",{"text": "$$肥"},"\n","\"",{"text": "U$"},{"text": "U$"},{"text": "U$"},"\"\"",{"text": "U$"},"\n","\"",{"text": "$耷"},{"text": "$耹"},{"text": "$耷"},"\n","\"",{"text": "U$"},{"text": "U$"},{"text": "U$"},"\n"],{"text": "\n- x4 ","color": "gray"},{"translate": "stardust.awakened_stardust_block","color": "gray"},{"text": "\n- x4 ","color": "gray"},{"translate": "stardust.awakened_stardust_ore","color": "gray"},{"text": "\n- x1 ","color": "gray"},{"translate": "stardust_portal","color": "gray"}]}},
				{"text": "蠹\n","hover_event": {"action": "show_text","value": [{"text": ""},[{"text": "","font": "stardust:manual","color": "white"},"\"F\n","\"",{"text": "$聑"},{"text": "$聑"},{"text": "$聑"},"\n","\"",{"text": "U$"},{"text": "U$"},{"text": "U$"},"\n","\"",{"text": "$聩"},{"text": "$肥"},{"text": "$聩"},"\"\"",{"text": "$$肧"},"\n","\"",{"text": "U$"},{"text": "U$"},{"text": "U$"},"\"\"",{"text": "U$"},"\n","\"",{"text": "$艴"},{"text": "$艴"},{"text": "$艴"},"\n","\"",{"text": "U$"},{"text": "U$"},{"text": "U$"},"\n"],{"text": "\n- x3 ","color": "gray"},{"translate": "stardust.ultimate_shard","color": "gray"},{"text": "\n- x2 ","color": "gray"},{"translate": "stardust.ultimate_frame","color": "gray"},{"text": "\n- x1 ","color": "gray"},{"translate": "stardust_dungeon_portal","color": "gray"},{"text": "\n- x3 ","color": "gray"},{"translate": "stardust.respawn_anchor","color": "gray"}]},"click_event": {"action": "show_dialog","dialog": "stardust:manual/page_77"}},
				{"text": "0##","hover_event": {"action": "show_text","value": [{"translate": "stardust.portal_to_the_stardust_dungeon","color": "yellow"},{"text": "\nThis portal allows access to the dimension of the Stardust Dungeon!","color": "gray"},{"translate": "stardust.consumes_200_kw_of_power","color": "gray"},{"translate": "stardust.energy_buffer_of_12_mj","color": "gray"}]}},
				{"text": "0##","hover_event": {"action": "show_text","value": [{"text": ""},[{"text": "","font": "stardust:manual","color": "white"},"\"F\n","\"",{"text": "$耷"},{"text": "$耹"},{"text": "$耷"},"\n","\"",{"text": "U$"},{"text": "U$"},{"text": "U$"},"\n","\"",{"text": "$耹"},{"text": "$肣"},{"text": "$耹"},"\"\"",{"text": "$$肥"},"\n","\"",{"text": "U$"},{"text": "U$"},{"text": "U$"},"\"\"",{"text": "U$"},"\n","\"",{"text": "$耷"},{"text": "$耹"},{"text": "$耷"},"\n","\"",{"text": "U$"},{"text": "U$"},{"text": "U$"},"\n"],{"text": "\n- x4 ","color": "gray"},{"translate": "stardust.awakened_stardust_block","color": "gray"},{"text": "\n- x4 ","color": "gray"},{"translate": "stardust.awakened_stardust_ore","color": "gray"},{"text": "\n- x1 ","color": "gray"},{"translate": "stardust_portal","color": "gray"}]}},
				{"text": "0","hover_event": {"action": "show_text","value": [{"text": ""},[{"text": "","font": "stardust:manual","color": "white"},"\"F\n","\"",{"text": "$聑"},{"text": "$聑"},{"text": "$聑"},"\n","\"",{"text": "U$"},{"text": "U$"},{"text": "U$"},"\n","\"",{"text": "$聩"},{"text": "$肥"},{"text": "$聩"},"\"\"",{"text": "$$肧"},"\n","\"",{"text": "U$"},{"text": "U$"},{"text": "U$"},"\"\"",{"text": "U$"},"\n","\"",{"text": "$艴"},{"text": "$艴"},{"text": "$艴"},"\n","\"",{"text": "U$"},{"text": "U$"},{"text": "U$"},"\n"],{"text": "\n- x3 ","color": "gray"},{"translate": "stardust.ultimate_shard","color": "gray"},{"text": "\n- x2 ","color": "gray"},{"translate": "stardust.ultimate_frame","color": "gray"},{"text": "\n- x1 ","color": "gray"},{"translate": "stardust_dungeon_portal","color": "gray"},{"text": "\n- x3 ","color": "gray"},{"translate": "stardust.respawn_anchor","color": "gray"}]},"click_event": {"action": "show_dialog","dialog": "stardust:manual/page_77"}},
				"\n\n\n\n\n\n\n\n\n\n\n\n\n\n\n\n"
			],
			"width": 140
		}
	]
}
