{
	"type": "minecraft:notice",
	"title": {
		"translate": "stardust.speed_artifact_lvmax",
		"underlined": true
	},
	"body": [
		{
			"type": "minecraft:plain_message",
			"contents": [
				{"text": "V   ","font": "stardust:manual","color": "white"},
				{"text": "\n   ","click_event": {"action": "show_dialog","dialog": "stardust:manual/page_136"},"hover_event": {"action": "show_text","value": [{"translate": "stardust.go_to_previous_page"},{"translate": "stardust.136"}]}},
				" ",
				{"text": "   ","click_event": {"action": "show_dialog","dialog": "stardust:manual/page_138"},"hover_event": {"action": "show_text","value": [{"translate": "stardust.go_to_next_page"},{"translate": "stardust.138"}]}},
				{"text": "\n   ","click_event": {"action": "show_dialog","dialog": "stardust:manual/page_136"},"hover_event": {"action": "show_text","value": [{"translate": "stardust.go_to_previous_page"},{"translate": "stardust.136"}]}},
				" ",
				{"text": "   ","click_event": {"action": "show_dialog","dialog": "stardust:manual/page_138"},"hover_event": {"action": "show_text","value": [{"translate": "stardust.go_to_next_page"},{"translate": "stardust.138"}]}}
			],
			"width": 400
		},
		{
			"type": "minecraft:plain_message",
			"contents": [
				{"text": "","font": "stardust:manual","color": "white","shadow_color": [0,0,0,0]},
				"\"$5\n\"",
				{"text": "$脝$脝","hover_event": {"action": "show_item","id": "command_block","components": {"item_name": {"translate": "stardust.speed_artifact_lv_3"},"rarity": "rare","lore": [{"translate": "stardust.hold_in_any_hand_to_get_the_speed_effect","color": "gray","italic": false},{"translate": "stardust.20_base_speed","color": "gray","italic": false},["",{"text": "I","color": "white","italic": false,"font": "stardust:icons"},{"translate": "stardustfragment","italic": true,"color": "blue"}]],"attribute_modifiers": [{"type": "movement_speed","amount": 0.2,"operation": "add_multiplied_base","slot": "hand","id": "stardust:base_movement_speed"}],"item_model": "stardust:speed_artifact_lv3","custom_data": {"stardust": {"speed_artifact_lv3": true},"smithed": {"ignore": {"functionality": true,"crafting": true}}}}},"click_event": {"action": "show_dialog","dialog": "stardust:manual/page_136"}},
				"  \n\"",
				{"text": "U$U$","hover_event": {"action": "show_item","id": "command_block","components": {"item_name": {"translate": "stardust.speed_artifact_lv_3"},"rarity": "rare","lore": [{"translate": "stardust.hold_in_any_hand_to_get_the_speed_effect","color": "gray","italic": false},{"translate": "stardust.20_base_speed","color": "gray","italic": false},["",{"text": "I","color": "white","italic": false,"font": "stardust:icons"},{"translate": "stardustfragment","italic": true,"color": "blue"}]],"attribute_modifiers": [{"type": "movement_speed","amount": 0.2,"operation": "add_multiplied_base","slot": "hand","id": "stardust:base_movement_speed"}],"item_model": "stardust:speed_artifact_lv3","custom_data": {"stardust": {"speed_artifact_lv3": true},"smithed": {"ignore": {"functionality": true,"crafting": true}}}}},"click_event": {"action": "show_dialog","dialog": "stardust:manual/page_136"}},
				"U$",
				{"text": "$$脟","hover_event": {"action": "show_item","id": "command_block","components": {"item_name": {"translate": "stardust.speed_artifact_lv_max"},"rarity": "epic","lore": [{"translate": "stardust.hold_in_any_hand_to_get_the_speed_effect","color": "gray","italic": false},{"translate": "stardust.25_base_speed","color": "gray","italic": false},["",{"text": "I","color": "white","italic": false,"font": "stardust:icons"},{"translate": "stardustfragment","italic": true,"color": "blue"}]],"attribute_modifiers": [{"type": "movement_speed","amount": 0.25,"operation": "add_multiplied_base","slot": "hand","id": "stardust:base_movement_speed"}],"item_model": "stardust:speed_artifact_lvmax","custom_data": {"stardust": {"speed_artifact_lvmax": true},"smithed": {"ignore": {"functionality": true,"crafting": true}}}}}},
				"#$\n\"U$U$U$",
				{"text": "U$","hover_event": {"action": "show_item","id": "command_block","components": {"item_name": {"translate": "stardust.speed_artifact_lv_max"},"rarity": "epic","lore": [{"translate": "stardust.hold_in_any_hand_to_get_the_speed_effect","color": "gray","italic": false},{"translate": "stardust.25_base_speed","color": "gray","italic": false},["",{"text": "I","color": "white","italic": false,"font": "stardust:icons"},{"translate": "stardustfragment","italic": true,"color": "blue"}]],"attribute_modifiers": [{"type": "movement_speed","amount": 0.25,"operation": "add_multiplied_base","slot": "hand","id": "stardust:base_movement_speed"}],"item_model": "stardust:speed_artifact_lvmax","custom_data": {"stardust": {"speed_artifact_lvmax": true},"smithed": {"ignore": {"functionality": true,"crafting": true}}}}}},
				"#$\n\n\n",
				{"text": "1##","hover_event": {"action": "show_text","value": [{"translate": "stardust.lv_max_speed_artifact","color": "yellow"},{"text": "\nHold in any hand to get the speed effect","color": "gray"},{"text": "\n[+25% Base Speed]","color": "gray"}]}},
				{"text": "2\n","hover_event": {"action": "show_text","value": [{"text": ""},[{"text": "","font": "stardust:manual","color": "white"},"\"E\n","\"",{"text": "$脝"},{"text": "$脝"},"\n","\"",{"text": "U$"},{"text": "U$"},"U$",{"text": "$$脟"},"\n\"","U$U$U$",{"text": "U$"},"\n","\n"],{"text": "\n- x2 ","color": "gray"},{"translate": "stardust.speed_artifact_lv3","color": "gray"}]},"click_event": {"action": "show_dialog","dialog": "stardust:manual/page_136"}},
				{"text": "0##","hover_event": {"action": "show_text","value": [{"translate": "stardust.lv_max_speed_artifact","color": "yellow"},{"text": "\nHold in any hand to get the speed effect","color": "gray"},{"text": "\n[+25% Base Speed]","color": "gray"}]}},
				{"text": "0","hover_event": {"action": "show_text","value": [{"text": ""},[{"text": "","font": "stardust:manual","color": "white"},"\"E\n","\"",{"text": "$脝"},{"text": "$脝"},"\n","\"",{"text": "U$"},{"text": "U$"},"U$",{"text": "$$脟"},"\n\"","U$U$U$",{"text": "U$"},"\n","\n"],{"text": "\n- x2 ","color": "gray"},{"translate": "stardust.speed_artifact_lv3","color": "gray"}]},"click_event": {"action": "show_dialog","dialog": "stardust:manual/page_136"}},
				"\n\n\n\n\n\n\n\n\n\n\n\n\n\n\n\n\n\n"
			],
			"width": 140
		}
	]
}
