{
	"type": "minecraft:notice",
	"title": [
		{
			"sprite": "stardust:item/fortune_module",
			"shadow_color": [
				0,
				0,
				0,
				0
			],
			"atlas": "minecraft:items"
		},
		" ",
		{
			"translate": "stardust.fortune_module",
			"underlined": true
		},
		" ",
		{
			"sprite": "stardust:item/fortune_module",
			"shadow_color": [
				0,
				0,
				0,
				0
			],
			"atlas": "minecraft:items"
		}
	],
	"body": [
		{
			"type": "minecraft:plain_message",
			"contents": [
				{"text": "V   ","font": "stardust:manual","color": "white"},
				{"text": "\n   ","click_event": {"action": "show_dialog","dialog": "stardust:manual/page_163"},"hover_event": {"action": "show_text","value": [{"translate": "stardust.go_to_previous_page"}," (163)"]}},
				" ",
				{"text": "   ","click_event": {"action": "show_dialog","dialog": "stardust:manual/page_165"},"hover_event": {"action": "show_text","value": [{"translate": "stardust.go_to_next_page"}," (165)"]}},
				{"text": "\n   ","click_event": {"action": "show_dialog","dialog": "stardust:manual/page_163"},"hover_event": {"action": "show_text","value": [{"translate": "stardust.go_to_previous_page"}," (163)"]}},
				" ",
				{"text": "   ","click_event": {"action": "show_dialog","dialog": "stardust:manual/page_165"},"hover_event": {"action": "show_text","value": [{"translate": "stardust.go_to_next_page"}," (165)"]}}
			],
			"width": 400
		},
		{
			"type": "minecraft:plain_message",
			"contents": [
				{"text": "","font": "stardust:manual","color": "white","shadow_color": [0,0,0,0]},
				"\"$6\n\"",
				{"text": "$謬","hover_event": {"action": "show_item","id": "minecraft:emerald","components": {}}},
				{"text": "$謭","hover_event": {"action": "show_item","id": "minecraft:diamond","components": {}}},
				{"text": "$謬","hover_event": {"action": "show_item","id": "minecraft:emerald","components": {}}},
				"  \n\"",
				{"text": "U$","hover_event": {"action": "show_item","id": "minecraft:emerald","components": {}}},
				{"text": "U$","hover_event": {"action": "show_item","id": "minecraft:diamond","components": {}}},
				{"text": "U$","hover_event": {"action": "show_item","id": "minecraft:emerald","components": {}}},
				"  \n\"",
				{"text": "$謭","hover_event": {"action": "show_item","id": "minecraft:diamond","components": {}}},
				{"text": "$聹","hover_event": {"action": "show_item","id": "command_block","components": {"item_model": "stardust:empty_module","item_name": {"translate": "stardust.empty_module"},"lore": [["",{"text": "I","color": "white","italic": false,"font": "stardust:icons"},{"translate": "stardustfragment","italic": true,"color": "blue"}]],"custom_data": {"stardust": {"empty_module": true},"smithed": {"ignore": {"functionality": true,"crafting": true}}}}},"click_event": {"action": "show_dialog","dialog": "stardust:manual/page_56"}},
				{"text": "$謭","hover_event": {"action": "show_item","id": "minecraft:diamond","components": {}}},
				"\"\"",
				{"text": "$$腑","hover_event": {"action": "show_item","id": "command_block","components": {"max_stack_size": 5,"lore": [{"translate": "stardust.increases_fortune_level_of_the_quarry","italic": false,"color": "gray"},{"translate": "stardust.by_1_max_5","italic": false,"color": "gray"},["",{"text": "I","color": "white","italic": false,"font": "stardust:icons"},{"translate": "stardustfragment","italic": true,"color": "blue"}]],"item_model": "stardust:fortune_module","item_name": {"translate": "stardust.fortune_module"},"custom_data": {"stardust": {"fortune_module": true},"smithed": {"ignore": {"functionality": true,"crafting": true}}}}}},
				"#$\n\"",
				{"text": "U$","hover_event": {"action": "show_item","id": "minecraft:diamond","components": {}}},
				{"text": "U$","hover_event": {"action": "show_item","id": "command_block","components": {"item_model": "stardust:empty_module","item_name": {"translate": "stardust.empty_module"},"lore": [["",{"text": "I","color": "white","italic": false,"font": "stardust:icons"},{"translate": "stardustfragment","italic": true,"color": "blue"}]],"custom_data": {"stardust": {"empty_module": true},"smithed": {"ignore": {"functionality": true,"crafting": true}}}}},"click_event": {"action": "show_dialog","dialog": "stardust:manual/page_56"}},
				{"text": "U$","hover_event": {"action": "show_item","id": "minecraft:diamond","components": {}}},
				"\"\"",
				{"text": "U$","hover_event": {"action": "show_item","id": "command_block","components": {"max_stack_size": 5,"lore": [{"translate": "stardust.increases_fortune_level_of_the_quarry","italic": false,"color": "gray"},{"translate": "stardust.by_1_max_5","italic": false,"color": "gray"},["",{"text": "I","color": "white","italic": false,"font": "stardust:icons"},{"translate": "stardustfragment","italic": true,"color": "blue"}]],"item_model": "stardust:fortune_module","item_name": {"translate": "stardust.fortune_module"},"custom_data": {"stardust": {"fortune_module": true},"smithed": {"ignore": {"functionality": true,"crafting": true}}}}}},
				"#$\n\"",
				{"text": "$謬","hover_event": {"action": "show_item","id": "minecraft:emerald","components": {}}},
				{"text": "$謭","hover_event": {"action": "show_item","id": "minecraft:diamond","components": {}}},
				{"text": "$謬","hover_event": {"action": "show_item","id": "minecraft:emerald","components": {}}},
				"  \n\"",
				{"text": "U$","hover_event": {"action": "show_item","id": "minecraft:emerald","components": {}}},
				{"text": "U$","hover_event": {"action": "show_item","id": "minecraft:diamond","components": {}}},
				{"text": "U$","hover_event": {"action": "show_item","id": "minecraft:emerald","components": {}}},
				"  \n\n",
				{"text": "1##","hover_event": {"action": "show_text","value": [{"translate": "stardust.module_that_increases_the_fortune_level_of_compatible_machines","color": "yellow"},{"translate": "stardust.each_module_increases_fortune_by_1_up_to_a_maximum_of_5","color": "gray"},{"translate": "stardust.put_the_module_in_the_dedicated_slot_of_the_quarry","color": "gray"}]}},
				{"text": "2##","hover_event": {"action": "show_text","value": [{"text": ""},[{"text": "","font": "stardust:manual","color": "white"},"\"F\n","\"",{"text": "$謬"},{"text": "$謭"},{"text": "$謬"},"\n","\"",{"text": "U$"},{"text": "U$"},{"text": "U$"},"\n","\"",{"text": "$謭"},{"text": "$聹"},{"text": "$謭"},"\"\"",{"text": "$$腑"},"\n","\"",{"text": "U$"},{"text": "U$"},{"text": "U$"},"\"\"",{"text": "U$"},"\n","\"",{"text": "$謬"},{"text": "$謭"},{"text": "$謬"},"\n","\"",{"text": "U$"},{"text": "U$"},{"text": "U$"},"\n"],{"text": "\n- x4 ","color": "gray"},{"translate": "stardust.emerald","color": "gray"},{"text": "\n- x4 ","color": "gray"},{"translate": "stardust.diamond","color": "gray"},{"text": "\n- x1 ","color": "gray"},{"translate": "stardust.empty_module","color": "gray"}]}},
				{"text": "2\n","hover_event": {"action": "show_text","value": [{"text": ""},[{"text": "","font": "stardust:manual","color": "white"},"\"F\n","\"",{"text": "$謭"},{"text": "$謬"},{"text": "$謭"},"\n","\"",{"text": "U$"},{"text": "U$"},{"text": "U$"},"\n","\"",{"text": "$謬"},{"text": "$聹"},{"text": "$謬"},"\"\"",{"text": "$$腑"},"\n","\"",{"text": "U$"},{"text": "U$"},{"text": "U$"},"\"\"",{"text": "U$"},"\n","\"",{"text": "$謭"},{"text": "$謬"},{"text": "$謭"},"\n","\"",{"text": "U$"},{"text": "U$"},{"text": "U$"},"\n"],{"text": "\n- x4 ","color": "gray"},{"translate": "stardust.emerald","color": "gray"},{"text": "\n- x4 ","color": "gray"},{"translate": "stardust.diamond","color": "gray"},{"text": "\n- x1 ","color": "gray"},{"translate": "stardust.empty_module","color": "gray"}]}},
				{"text": "0##","hover_event": {"action": "show_text","value": [{"translate": "stardust.module_that_increases_the_fortune_level_of_compatible_machines","color": "yellow"},{"translate": "stardust.each_module_increases_fortune_by_1_up_to_a_maximum_of_5","color": "gray"},{"translate": "stardust.put_the_module_in_the_dedicated_slot_of_the_quarry","color": "gray"}]}},
				{"text": "0##","hover_event": {"action": "show_text","value": [{"text": ""},[{"text": "","font": "stardust:manual","color": "white"},"\"F\n","\"",{"text": "$謬"},{"text": "$謭"},{"text": "$謬"},"\n","\"",{"text": "U$"},{"text": "U$"},{"text": "U$"},"\n","\"",{"text": "$謭"},{"text": "$聹"},{"text": "$謭"},"\"\"",{"text": "$$腑"},"\n","\"",{"text": "U$"},{"text": "U$"},{"text": "U$"},"\"\"",{"text": "U$"},"\n","\"",{"text": "$謬"},{"text": "$謭"},{"text": "$謬"},"\n","\"",{"text": "U$"},{"text": "U$"},{"text": "U$"},"\n"],{"text": "\n- x4 ","color": "gray"},{"translate": "stardust.emerald","color": "gray"},{"text": "\n- x4 ","color": "gray"},{"translate": "stardust.diamond","color": "gray"},{"text": "\n- x1 ","color": "gray"},{"translate": "stardust.empty_module","color": "gray"}]}},
				{"text": "0","hover_event": {"action": "show_text","value": [{"text": ""},[{"text": "","font": "stardust:manual","color": "white"},"\"F\n","\"",{"text": "$謭"},{"text": "$謬"},{"text": "$謭"},"\n","\"",{"text": "U$"},{"text": "U$"},{"text": "U$"},"\n","\"",{"text": "$謬"},{"text": "$聹"},{"text": "$謬"},"\"\"",{"text": "$$腑"},"\n","\"",{"text": "U$"},{"text": "U$"},{"text": "U$"},"\"\"",{"text": "U$"},"\n","\"",{"text": "$謭"},{"text": "$謬"},{"text": "$謭"},"\n","\"",{"text": "U$"},{"text": "U$"},{"text": "U$"},"\n"],{"text": "\n- x4 ","color": "gray"},{"translate": "stardust.emerald","color": "gray"},{"text": "\n- x4 ","color": "gray"},{"translate": "stardust.diamond","color": "gray"},{"text": "\n- x1 ","color": "gray"},{"translate": "stardust.empty_module","color": "gray"}]}},
				"\n\n\n\n\n\n\n\n\n\n\n\n\n\n\n\n"
			],
			"width": 140
		}
	]
}
