{
	"type": "minecraft:notice",
	"title": [
		{
			"sprite": "stardust:item/legendarium_block",
			"shadow_color": [
				0,
				0,
				0,
				0
			],
			"atlas": "minecraft:items"
		},
		" ",
		{
			"translate": "stardust.legendarium_block",
			"underlined": true
		},
		" ",
		{
			"sprite": "stardust:item/legendarium_block",
			"shadow_color": [
				0,
				0,
				0,
				0
			],
			"atlas": "minecraft:items"
		}
	],
	"body": [
		{
			"type": "minecraft:plain_message",
			"contents": [
				{"text": "V   ","font": "stardust:manual","color": "white"},
				{"text": "\n   ","click_event": {"action": "show_dialog","dialog": "stardust:manual/page_26"},"hover_event": {"action": "show_text","value": [{"translate": "stardust.go_to_previous_page"}," (26)"]}},
				" ",
				{"text": "   ","click_event": {"action": "show_dialog","dialog": "stardust:manual/page_28"},"hover_event": {"action": "show_text","value": [{"translate": "stardust.go_to_next_page"}," (28)"]}},
				{"text": "\n   ","click_event": {"action": "show_dialog","dialog": "stardust:manual/page_26"},"hover_event": {"action": "show_text","value": [{"translate": "stardust.go_to_previous_page"}," (26)"]}},
				" ",
				{"text": "   ","click_event": {"action": "show_dialog","dialog": "stardust:manual/page_28"},"hover_event": {"action": "show_text","value": [{"translate": "stardust.go_to_next_page"}," (28)"]}}
			],
			"width": 400
		},
		{
			"type": "minecraft:plain_message",
			"contents": [
				{"text": "","font": "stardust:manual","color": "white","shadow_color": [0,0,0,0]},
				"\"$6\n\"",
				{"text": "$耽$耽$耽","hover_event": {"action": "show_item","id": "command_block","components": {"custom_data": {"smithed": {"dict": {"ingot": {"legendarium": true}},"ignore": {"functionality": true,"crafting": true}},"stardust": {"legendarium_ingot": true}},"item_model": "stardust:legendarium_ingot","item_name": {"translate": "stardust.legendarium_ingot"},"lore": [["",{"text": "I","color": "white","italic": false,"font": "stardust:icons"},{"translate": "stardustfragment","italic": true,"color": "blue"}]]}},"click_event": {"action": "show_dialog","dialog": "stardust:manual/page_26"}},
				"  \n\"",
				{"translate": "stardust.uuu","hover_event": {"action": "show_item","id": "command_block","components": {"custom_data": {"smithed": {"dict": {"ingot": {"legendarium": true}},"ignore": {"functionality": true,"crafting": true}},"stardust": {"legendarium_ingot": true}},"item_model": "stardust:legendarium_ingot","item_name": {"translate": "stardust.legendarium_ingot"},"lore": [["",{"text": "I","color": "white","italic": false,"font": "stardust:icons"},{"translate": "stardustfragment","italic": true,"color": "blue"}]]}},"click_event": {"action": "show_dialog","dialog": "stardust:manual/page_26"}},
				"  \n\"",
				{"text": "$耽","hover_event": {"action": "show_item","id": "command_block","components": {"custom_data": {"smithed": {"dict": {"ingot": {"legendarium": true}},"ignore": {"functionality": true,"crafting": true}},"stardust": {"legendarium_ingot": true}},"item_model": "stardust:legendarium_ingot","item_name": {"translate": "stardust.legendarium_ingot"},"lore": [["",{"text": "I","color": "white","italic": false,"font": "stardust:icons"},{"translate": "stardustfragment","italic": true,"color": "blue"}]]}},"click_event": {"action": "show_dialog","dialog": "stardust:manual/page_26"}},
				{"text": "$耫","hover_event": {"action": "show_item","id": "furnace","components": {"item_model": "stardust:stardust_block","item_name": {"translate": "stardust_block"},"lore": [["",{"text": "I","color": "white","italic": false,"font": "stardust:icons"},{"translate": "stardustfragment","italic": true,"color": "blue"}]],"custom_data": {"stardust": {"stardust_block": true},"smithed": {"ignore": {"functionality": true,"crafting": true}}},"container": [{"slot": 0,"item": {"id": "minecraft:stone","count": 1,"components": {"minecraft:custom_data": {"smithed": {"block": {"id": "stardust:stardust_block","from": "stardust"}}}}}}],"tooltip_display": {"hidden_components": ["minecraft:container"]}}},"click_event": {"action": "show_dialog","dialog": "stardust:manual/page_17"}},
				{"text": "$耽","hover_event": {"action": "show_item","id": "command_block","components": {"custom_data": {"smithed": {"dict": {"ingot": {"legendarium": true}},"ignore": {"functionality": true,"crafting": true}},"stardust": {"legendarium_ingot": true}},"item_model": "stardust:legendarium_ingot","item_name": {"translate": "stardust.legendarium_ingot"},"lore": [["",{"text": "I","color": "white","italic": false,"font": "stardust:icons"},{"translate": "stardustfragment","italic": true,"color": "blue"}]]}},"click_event": {"action": "show_dialog","dialog": "stardust:manual/page_26"}},
				"\"\"",
				{"text": "$$耿","hover_event": {"action": "show_item","id": "furnace","components": {"custom_data": {"smithed": {"dict": {"block": {"legendarium": true}},"ignore": {"functionality": true,"crafting": true}},"stardust": {"legendarium_block": true}},"item_model": "stardust:legendarium_block","item_name": {"translate": "stardust.legendarium_block"},"lore": [["",{"text": "I","color": "white","italic": false,"font": "stardust:icons"},{"translate": "stardustfragment","italic": true,"color": "blue"}]],"container": [{"slot": 0,"item": {"id": "minecraft:stone","count": 1,"components": {"minecraft:custom_data": {"smithed": {"block": {"id": "stardust:legendarium_block","from": "stardust"}}}}}}],"tooltip_display": {"hidden_components": ["minecraft:container"]}}}},
				"#$\n\"",
				{"text": "U$","hover_event": {"action": "show_item","id": "command_block","components": {"custom_data": {"smithed": {"dict": {"ingot": {"legendarium": true}},"ignore": {"functionality": true,"crafting": true}},"stardust": {"legendarium_ingot": true}},"item_model": "stardust:legendarium_ingot","item_name": {"translate": "stardust.legendarium_ingot"},"lore": [["",{"text": "I","color": "white","italic": false,"font": "stardust:icons"},{"translate": "stardustfragment","italic": true,"color": "blue"}]]}},"click_event": {"action": "show_dialog","dialog": "stardust:manual/page_26"}},
				{"text": "U$","hover_event": {"action": "show_item","id": "furnace","components": {"item_model": "stardust:stardust_block","item_name": {"translate": "stardust_block"},"lore": [["",{"text": "I","color": "white","italic": false,"font": "stardust:icons"},{"translate": "stardustfragment","italic": true,"color": "blue"}]],"custom_data": {"stardust": {"stardust_block": true},"smithed": {"ignore": {"functionality": true,"crafting": true}}},"container": [{"slot": 0,"item": {"id": "minecraft:stone","count": 1,"components": {"minecraft:custom_data": {"smithed": {"block": {"id": "stardust:stardust_block","from": "stardust"}}}}}}],"tooltip_display": {"hidden_components": ["minecraft:container"]}}},"click_event": {"action": "show_dialog","dialog": "stardust:manual/page_17"}},
				{"text": "U$","hover_event": {"action": "show_item","id": "command_block","components": {"custom_data": {"smithed": {"dict": {"ingot": {"legendarium": true}},"ignore": {"functionality": true,"crafting": true}},"stardust": {"legendarium_ingot": true}},"item_model": "stardust:legendarium_ingot","item_name": {"translate": "stardust.legendarium_ingot"},"lore": [["",{"text": "I","color": "white","italic": false,"font": "stardust:icons"},{"translate": "stardustfragment","italic": true,"color": "blue"}]]}},"click_event": {"action": "show_dialog","dialog": "stardust:manual/page_26"}},
				"\"\"",
				{"text": "U$","hover_event": {"action": "show_item","id": "furnace","components": {"custom_data": {"smithed": {"dict": {"block": {"legendarium": true}},"ignore": {"functionality": true,"crafting": true}},"stardust": {"legendarium_block": true}},"item_model": "stardust:legendarium_block","item_name": {"translate": "stardust.legendarium_block"},"lore": [["",{"text": "I","color": "white","italic": false,"font": "stardust:icons"},{"translate": "stardustfragment","italic": true,"color": "blue"}]],"container": [{"slot": 0,"item": {"id": "minecraft:stone","count": 1,"components": {"minecraft:custom_data": {"smithed": {"block": {"id": "stardust:legendarium_block","from": "stardust"}}}}}}],"tooltip_display": {"hidden_components": ["minecraft:container"]}}}},
				"#$\n\"",
				{"text": "$耽$耽$耽","hover_event": {"action": "show_item","id": "command_block","components": {"custom_data": {"smithed": {"dict": {"ingot": {"legendarium": true}},"ignore": {"functionality": true,"crafting": true}},"stardust": {"legendarium_ingot": true}},"item_model": "stardust:legendarium_ingot","item_name": {"translate": "stardust.legendarium_ingot"},"lore": [["",{"text": "I","color": "white","italic": false,"font": "stardust:icons"},{"translate": "stardustfragment","italic": true,"color": "blue"}]]}},"click_event": {"action": "show_dialog","dialog": "stardust:manual/page_26"}},
				"  \n\"",
				{"translate": "stardust.uuu","hover_event": {"action": "show_item","id": "command_block","components": {"custom_data": {"smithed": {"dict": {"ingot": {"legendarium": true}},"ignore": {"functionality": true,"crafting": true}},"stardust": {"legendarium_ingot": true}},"item_model": "stardust:legendarium_ingot","item_name": {"translate": "stardust.legendarium_ingot"},"lore": [["",{"text": "I","color": "white","italic": false,"font": "stardust:icons"},{"translate": "stardustfragment","italic": true,"color": "blue"}]]}},"click_event": {"action": "show_dialog","dialog": "stardust:manual/page_26"}},
				"  \n\n",
				{"text": "1##","hover_event": {"action": "show_text","value": [{"translate": "stardust.compressed_legendarium_storage_block","color": "yellow"},{"translate": "stardust.crafted_from_8legendarium_ingots","color": "gray"}]}},
				{"text": "2##","hover_event": {"action": "show_text","value": [{"text": ""},[{"text": "","font": "stardust:manual","color": "white"},"\"F\n","\"",{"text": "$耽"},{"text": "$耽"},{"text": "$耽"},"\n","\"",{"text": "U$"},{"text": "U$"},{"text": "U$"},"\n","\"",{"text": "$耽"},{"text": "$耫"},{"text": "$耽"},"\"\"",{"text": "$$耿"},"\n","\"",{"text": "U$"},{"text": "U$"},{"text": "U$"},"\"\"",{"text": "U$"},"\n","\"",{"text": "$耽"},{"text": "$耽"},{"text": "$耽"},"\n","\"",{"text": "U$"},{"text": "U$"},{"text": "U$"},"\n"],{"text": "\n- x1 ","color": "gray"},{"translate": "stardust_block","color": "gray"},{"text": "\n- x8 ","color": "gray"},{"translate": "stardust.legendarium_ingot","color": "gray"}]}},
				{"text": "蔉##","hover_event": {"action": "show_text","value": [{"text": ""},[{"text": "","font": "stardust:manual","color": "white"},"\"I\n","\n\n","\"",{"text": "$耿"},"\"\"\"\"#U$",{"text": "$$蒛"},"\n","\"",{"text": "U$"},"\"\"\"\"#U$",{"text": "U$"},"\n","\n"],{"translate": "stardust.simplenergy_pulverizing","color": "yellow"},{"text": "\n- x1 ","color": "gray"},{"translate": "stardust.legendarium_block","color": "gray"}]},"click_event": {"action": "show_dialog","dialog": "stardust:manual/page_26"}},
				{"text": "蔔##","hover_event": {"action": "show_text","value": [{"text": ""},[{"text": "","font": "stardust:manual","color": "white"},"\"F\n","\"",{"text": "$舍"},{"text": "$耧"},{"text": "$舏"},"\n","\"",{"text": "U$"},{"text": "U$"},{"text": "U$"},"\n","\"",{"text": "$耿"},{"text": "$耩"},{"text": "$聅"},"\"\"",{"text": "$$聑"},"\n","\"",{"text": "U$"},{"text": "U$"},{"text": "U$"},"\"\"",{"text": "U$"},"\n","\"",{"text": "$舓"},{"text": "$聋"},{"text": "$舕"},"\n","\"",{"text": "U$"},{"text": "U$"},{"text": "U$"},"\n"],{"text": "\n- x1 ","color": "gray"},{"translate": "stardust.popped_chorus_fruit","color": "gray"},{"text": "\n- x1 ","color": "gray"},{"translate": "stardust_core","color": "gray"},{"text": "\n- x1 ","color": "gray"},{"translate": "stardust.echo_shard","color": "gray"},{"text": "\n- x1 ","color": "gray"},{"translate": "stardust.legendarium_block","color": "gray"},{"text": "\n- x1 ","color": "gray"},{"translate": "stardust.compacted_stardust_shard","color": "gray"},{"text": "\n- x1 ","color": "gray"},{"translate": "stardust.solarium_block","color": "gray"},{"text": "\n- x1 ","color": "gray"},{"translate": "stardust.resin_brick","color": "gray"},{"text": "\n- x1 ","color": "gray"},{"translate": "stardust.darkium_block","color": "gray"},{"text": "\n- x1 ","color": "gray"},{"translate": "stardust.turtle_scute","color": "gray"}]},"click_event": {"action": "show_dialog","dialog": "stardust:manual/page_36"}},
				{"text": "蔜##","hover_event": {"action": "show_text","value": [{"text": ""},[{"text": "","font": "stardust:manual","color": "white"},"\"F\n","\"",{"text": "$耿"},{"text": "$聅"},{"text": "$聋"},"\n","\"",{"text": "U$"},{"text": "U$"},{"text": "U$"},"\n","\"",{"text": "$聑"},{"text": "$聧"},{"text": "$聑"},"\"\"",{"text": "$$聩"},"\n","\"",{"text": "U$"},{"text": "U$"},{"text": "U$"},"\"\"",{"text": "U$"},"\n","\"",{"text": "$蔛"},{"text": "$蔛"},{"text": "$蔛"},"\n","\"",{"text": "U$"},{"text": "U$"},{"text": "U$"},"\n"],{"text": "\n- x1 ","color": "gray"},{"translate": "stardust.legendarium_block","color": "gray"},{"text": "\n- x1 ","color": "gray"},{"translate": "stardust.solarium_block","color": "gray"},{"text": "\n- x1 ","color": "gray"},{"translate": "stardust.darkium_block","color": "gray"},{"text": "\n- x2 ","color": "gray"},{"translate": "stardust.ultimate_shard","color": "gray"},{"text": "\n- x1 ","color": "gray"},{"translate": "stardust.awakened_stardust_frame","color": "gray"},{"text": "\n- x3 ","color": "gray"},{"translate": "stardust.stripped_pale_oak_wood","color": "gray"}]},"click_event": {"action": "show_dialog","dialog": "stardust:manual/page_48"}},
				{"text": "蔤\n","hover_event": {"action": "show_text","value": [{"text": ""},[{"text": "","font": "stardust:manual","color": "white"},"\"F\n","\"",{"text": "$職"},{"text": "$職"},{"text": "$職"},"\n","\"",{"text": "U$"},{"text": "U$"},{"text": "U$"},"\n","\"",{"text": "$聑"},{"text": "$肍"},{"text": "$聑"},"\"\"",{"text": "$$肑"},"\n","\"",{"text": "U$"},{"text": "U$"},{"text": "U$"},"\"\"",{"text": "U$"},"\n","\"",{"text": "$耿"},{"text": "$耧"},{"text": "$聋"},"\n","\"",{"text": "U$"},{"text": "U$"},{"text": "U$"},"\n"],{"text": "\n- x3 ","color": "gray"},{"translate": "stardust.ultimate_photovoltaic_cell","color": "gray"},{"text": "\n- x2 ","color": "gray"},{"translate": "stardust.ultimate_shard","color": "gray"},{"text": "\n- x1 ","color": "gray"},{"translate": "stardust.solarium_solar_panel","color": "gray"},{"text": "\n- x1 ","color": "gray"},{"translate": "stardust.legendarium_block","color": "gray"},{"text": "\n- x1 ","color": "gray"},{"translate": "stardust_core","color": "gray"},{"text": "\n- x1 ","color": "gray"},{"translate": "stardust.darkium_block","color": "gray"}]},"click_event": {"action": "show_dialog","dialog": "stardust:manual/page_68"}},
				{"text": "0##","hover_event": {"action": "show_text","value": [{"translate": "stardust.compressed_legendarium_storage_block","color": "yellow"},{"translate": "stardust.crafted_from_8legendarium_ingots","color": "gray"}]}},
				{"text": "0##","hover_event": {"action": "show_text","value": [{"text": ""},[{"text": "","font": "stardust:manual","color": "white"},"\"F\n","\"",{"text": "$耽"},{"text": "$耽"},{"text": "$耽"},"\n","\"",{"text": "U$"},{"text": "U$"},{"text": "U$"},"\n","\"",{"text": "$耽"},{"text": "$耫"},{"text": "$耽"},"\"\"",{"text": "$$耿"},"\n","\"",{"text": "U$"},{"text": "U$"},{"text": "U$"},"\"\"",{"text": "U$"},"\n","\"",{"text": "$耽"},{"text": "$耽"},{"text": "$耽"},"\n","\"",{"text": "U$"},{"text": "U$"},{"text": "U$"},"\n"],{"text": "\n- x1 ","color": "gray"},{"translate": "stardust_block","color": "gray"},{"text": "\n- x8 ","color": "gray"},{"translate": "stardust.legendarium_ingot","color": "gray"}]}},
				{"text": "0##","hover_event": {"action": "show_text","value": [{"text": ""},[{"text": "","font": "stardust:manual","color": "white"},"\"I\n","\n\n","\"",{"text": "$耿"},"\"\"\"\"#U$",{"text": "$$蒛"},"\n","\"",{"text": "U$"},"\"\"\"\"#U$",{"text": "U$"},"\n","\n"],{"translate": "stardust.simplenergy_pulverizing","color": "yellow"},{"text": "\n- x1 ","color": "gray"},{"translate": "stardust.legendarium_block","color": "gray"}]},"click_event": {"action": "show_dialog","dialog": "stardust:manual/page_26"}},
				{"text": "0##","hover_event": {"action": "show_text","value": [{"text": ""},[{"text": "","font": "stardust:manual","color": "white"},"\"F\n","\"",{"text": "$舍"},{"text": "$耧"},{"text": "$舏"},"\n","\"",{"text": "U$"},{"text": "U$"},{"text": "U$"},"\n","\"",{"text": "$耿"},{"text": "$耩"},{"text": "$聅"},"\"\"",{"text": "$$聑"},"\n","\"",{"text": "U$"},{"text": "U$"},{"text": "U$"},"\"\"",{"text": "U$"},"\n","\"",{"text": "$舓"},{"text": "$聋"},{"text": "$舕"},"\n","\"",{"text": "U$"},{"text": "U$"},{"text": "U$"},"\n"],{"text": "\n- x1 ","color": "gray"},{"translate": "stardust.popped_chorus_fruit","color": "gray"},{"text": "\n- x1 ","color": "gray"},{"translate": "stardust_core","color": "gray"},{"text": "\n- x1 ","color": "gray"},{"translate": "stardust.echo_shard","color": "gray"},{"text": "\n- x1 ","color": "gray"},{"translate": "stardust.legendarium_block","color": "gray"},{"text": "\n- x1 ","color": "gray"},{"translate": "stardust.compacted_stardust_shard","color": "gray"},{"text": "\n- x1 ","color": "gray"},{"translate": "stardust.solarium_block","color": "gray"},{"text": "\n- x1 ","color": "gray"},{"translate": "stardust.resin_brick","color": "gray"},{"text": "\n- x1 ","color": "gray"},{"translate": "stardust.darkium_block","color": "gray"},{"text": "\n- x1 ","color": "gray"},{"translate": "stardust.turtle_scute","color": "gray"}]},"click_event": {"action": "show_dialog","dialog": "stardust:manual/page_36"}},
				{"text": "0##","hover_event": {"action": "show_text","value": [{"text": ""},[{"text": "","font": "stardust:manual","color": "white"},"\"F\n","\"",{"text": "$耿"},{"text": "$聅"},{"text": "$聋"},"\n","\"",{"text": "U$"},{"text": "U$"},{"text": "U$"},"\n","\"",{"text": "$聑"},{"text": "$聧"},{"text": "$聑"},"\"\"",{"text": "$$聩"},"\n","\"",{"text": "U$"},{"text": "U$"},{"text": "U$"},"\"\"",{"text": "U$"},"\n","\"",{"text": "$蔛"},{"text": "$蔛"},{"text": "$蔛"},"\n","\"",{"text": "U$"},{"text": "U$"},{"text": "U$"},"\n"],{"text": "\n- x1 ","color": "gray"},{"translate": "stardust.legendarium_block","color": "gray"},{"text": "\n- x1 ","color": "gray"},{"translate": "stardust.solarium_block","color": "gray"},{"text": "\n- x1 ","color": "gray"},{"translate": "stardust.darkium_block","color": "gray"},{"text": "\n- x2 ","color": "gray"},{"translate": "stardust.ultimate_shard","color": "gray"},{"text": "\n- x1 ","color": "gray"},{"translate": "stardust.awakened_stardust_frame","color": "gray"},{"text": "\n- x3 ","color": "gray"},{"translate": "stardust.stripped_pale_oak_wood","color": "gray"}]},"click_event": {"action": "show_dialog","dialog": "stardust:manual/page_48"}},
				{"text": "0\n","hover_event": {"action": "show_text","value": [{"text": ""},[{"text": "","font": "stardust:manual","color": "white"},"\"F\n","\"",{"text": "$職"},{"text": "$職"},{"text": "$職"},"\n","\"",{"text": "U$"},{"text": "U$"},{"text": "U$"},"\n","\"",{"text": "$聑"},{"text": "$肍"},{"text": "$聑"},"\"\"",{"text": "$$肑"},"\n","\"",{"text": "U$"},{"text": "U$"},{"text": "U$"},"\"\"",{"text": "U$"},"\n","\"",{"text": "$耿"},{"text": "$耧"},{"text": "$聋"},"\n","\"",{"text": "U$"},{"text": "U$"},{"text": "U$"},"\n"],{"text": "\n- x3 ","color": "gray"},{"translate": "stardust.ultimate_photovoltaic_cell","color": "gray"},{"text": "\n- x2 ","color": "gray"},{"translate": "stardust.ultimate_shard","color": "gray"},{"text": "\n- x1 ","color": "gray"},{"translate": "stardust.solarium_solar_panel","color": "gray"},{"text": "\n- x1 ","color": "gray"},{"translate": "stardust.legendarium_block","color": "gray"},{"text": "\n- x1 ","color": "gray"},{"translate": "stardust_core","color": "gray"},{"text": "\n- x1 ","color": "gray"},{"translate": "stardust.darkium_block","color": "gray"}]},"click_event": {"action": "show_dialog","dialog": "stardust:manual/page_68"}},
				{"text": "蔮##","hover_event": {"action": "show_text","value": [{"text": ""},[{"text": "","font": "stardust:manual","color": "white"},"\"Q\n","\n","\"",{"text": "$胃"},{"text": "$莟"},{"text": "$莠"},"\n","\"",{"text": "U$"},{"text": "U$"},{"text": "U$"},"\n","\"",{"text": "$莡"},{"text": "$莢"},{"text": "$莣"},"\"\"",{"text": "$$胑"},"\n","\"",{"text": "U$"},{"text": "U$"},{"text": "U$"},"\"\"",{"text": "U$"},"\n","\"",{"text": "$莤"},{"text": "$聟"},"\n","\"",{"text": "U$"},{"text": "U$"},"\n"],{"translate": "stardust_fragment_awakened_forge","color": "yellow"},{"text": "\n- x1 ","color": "gray"},{"translate": "stardust.original_stardust_helmet","color": "gray"},{"text": "\n- x4 ","color": "gray"},{"translate": "stardust.legendarium_block","color": "gray"},{"translate": "stardust.x64","color": "gray"},{"translate": "stardust.wind_charge","color": "gray"},{"translate": "stardust.x96","color": "gray"},{"translate": "stardust.feather","color": "gray"},{"text": "\n- x6 ","color": "gray"},{"translate": "stardust.ender_dragon_pearl","color": "gray"},{"text": "\n- x8 ","color": "gray"},{"translate": "stardust.awakened_stardust_block","color": "gray"},{"translate": "stardust.x12","color": "gray"},{"translate": "stardust.legendarium_ingot","color": "gray"},{"text": "\n- x1 ","color": "gray"},{"translate": "stardust.sextuple_compressed_cobblestone","color": "gray"}]},"click_event": {"action": "show_dialog","dialog": "stardust:manual/page_100"}},
				{"text": "蔸##","hover_event": {"action": "show_text","value": [{"text": ""},[{"text": "","font": "stardust:manual","color": "white"},"\"Q\n","\n","\"",{"text": "$胅"},{"text": "$莟"},{"text": "$莠"},"\n","\"",{"text": "U$"},{"text": "U$"},{"text": "U$"},"\n","\"",{"text": "$莡"},{"text": "$莢"},{"text": "$莣"},"\"\"",{"text": "$$胓"},"\n","\"",{"text": "U$"},{"text": "U$"},{"text": "U$"},"\"\"",{"text": "U$"},"\n","\"",{"text": "$莤"},{"text": "$聟"},"\n","\"",{"text": "U$"},{"text": "U$"},"\n"],{"translate": "stardust_fragment_awakened_forge","color": "yellow"},{"text": "\n- x1 ","color": "gray"},{"translate": "stardust.original_stardust_chestplate","color": "gray"},{"text": "\n- x4 ","color": "gray"},{"translate": "stardust.legendarium_block","color": "gray"},{"translate": "stardust.x64","color": "gray"},{"translate": "stardust.wind_charge","color": "gray"},{"translate": "stardust.x96","color": "gray"},{"translate": "stardust.feather","color": "gray"},{"text": "\n- x6 ","color": "gray"},{"translate": "stardust.ender_dragon_pearl","color": "gray"},{"text": "\n- x8 ","color": "gray"},{"translate": "stardust.awakened_stardust_block","color": "gray"},{"translate": "stardust.x12","color": "gray"},{"translate": "stardust.legendarium_ingot","color": "gray"},{"text": "\n- x1 ","color": "gray"},{"translate": "stardust.sextuple_compressed_cobblestone","color": "gray"}]},"click_event": {"action": "show_dialog","dialog": "stardust:manual/page_101"}},
				{"text": "蕂##","hover_event": {"action": "show_text","value": [{"text": ""},[{"text": "","font": "stardust:manual","color": "white"},"\"Q\n","\n","\"",{"text": "$胇"},{"text": "$莟"},{"text": "$莠"},"\n","\"",{"text": "U$"},{"text": "U$"},{"text": "U$"},"\n","\"",{"text": "$莡"},{"text": "$莢"},{"text": "$莣"},"\"\"",{"text": "$$胕"},"\n","\"",{"text": "U$"},{"text": "U$"},{"text": "U$"},"\"\"",{"text": "U$"},"\n","\"",{"text": "$莤"},{"text": "$聟"},"\n","\"",{"text": "U$"},{"text": "U$"},"\n"],{"translate": "stardust_fragment_awakened_forge","color": "yellow"},{"text": "\n- x1 ","color": "gray"},{"translate": "stardust.original_stardust_leggings","color": "gray"},{"text": "\n- x4 ","color": "gray"},{"translate": "stardust.legendarium_block","color": "gray"},{"translate": "stardust.x64","color": "gray"},{"translate": "stardust.wind_charge","color": "gray"},{"translate": "stardust.x96","color": "gray"},{"translate": "stardust.feather","color": "gray"},{"text": "\n- x6 ","color": "gray"},{"translate": "stardust.ender_dragon_pearl","color": "gray"},{"text": "\n- x8 ","color": "gray"},{"translate": "stardust.awakened_stardust_block","color": "gray"},{"translate": "stardust.x12","color": "gray"},{"translate": "stardust.legendarium_ingot","color": "gray"},{"text": "\n- x1 ","color": "gray"},{"translate": "stardust.sextuple_compressed_cobblestone","color": "gray"}]},"click_event": {"action": "show_dialog","dialog": "stardust:manual/page_102"}},
				{"text": "蕌##","hover_event": {"action": "show_text","value": [{"text": ""},[{"text": "","font": "stardust:manual","color": "white"},"\"Q\n","\n","\"",{"text": "$胉"},{"text": "$莟"},{"text": "$莠"},"\n","\"",{"text": "U$"},{"text": "U$"},{"text": "U$"},"\n","\"",{"text": "$莡"},{"text": "$莢"},{"text": "$莣"},"\"\"",{"text": "$$胗"},"\n","\"",{"text": "U$"},{"text": "U$"},{"text": "U$"},"\"\"",{"text": "U$"},"\n","\"",{"text": "$莤"},{"text": "$聟"},"\n","\"",{"text": "U$"},{"text": "U$"},"\n"],{"translate": "stardust_fragment_awakened_forge","color": "yellow"},{"text": "\n- x1 ","color": "gray"},{"translate": "stardust.original_stardust_boots","color": "gray"},{"text": "\n- x4 ","color": "gray"},{"translate": "stardust.legendarium_block","color": "gray"},{"translate": "stardust.x64","color": "gray"},{"translate": "stardust.wind_charge","color": "gray"},{"translate": "stardust.x96","color": "gray"},{"translate": "stardust.feather","color": "gray"},{"text": "\n- x6 ","color": "gray"},{"translate": "stardust.ender_dragon_pearl","color": "gray"},{"text": "\n- x8 ","color": "gray"},{"translate": "stardust.awakened_stardust_block","color": "gray"},{"translate": "stardust.x12","color": "gray"},{"translate": "stardust.legendarium_ingot","color": "gray"},{"text": "\n- x1 ","color": "gray"},{"translate": "stardust.sextuple_compressed_cobblestone","color": "gray"}]},"click_event": {"action": "show_dialog","dialog": "stardust:manual/page_103"}},
				{"text": "蕖##","hover_event": {"action": "show_text","value": [{"text": ""},[{"text": "","font": "stardust:manual","color": "white"},"\"Q\n","\n","\"",{"text": "$胋"},{"text": "$莟"},{"text": "$莠"},"\n","\"",{"text": "U$"},{"text": "U$"},{"text": "U$"},"\n","\"",{"text": "$莡"},{"text": "$莢"},{"text": "$莣"},"\"\"",{"text": "$$胙"},"\n","\"",{"text": "U$"},{"text": "U$"},{"text": "U$"},"\"\"",{"text": "U$"},"\n","\"",{"text": "$莤"},{"text": "$聟"},"\n","\"",{"text": "U$"},{"text": "U$"},"\n"],{"translate": "stardust_fragment_awakened_forge","color": "yellow"},{"text": "\n- x1 ","color": "gray"},{"translate": "stardust.original_stardust_sword","color": "gray"},{"text": "\n- x4 ","color": "gray"},{"translate": "stardust.legendarium_block","color": "gray"},{"translate": "stardust.x64","color": "gray"},{"translate": "stardust.wind_charge","color": "gray"},{"translate": "stardust.x96","color": "gray"},{"translate": "stardust.feather","color": "gray"},{"text": "\n- x6 ","color": "gray"},{"translate": "stardust.ender_dragon_pearl","color": "gray"},{"text": "\n- x8 ","color": "gray"},{"translate": "stardust.awakened_stardust_block","color": "gray"},{"translate": "stardust.x12","color": "gray"},{"translate": "stardust.legendarium_ingot","color": "gray"},{"text": "\n- x1 ","color": "gray"},{"translate": "stardust.sextuple_compressed_cobblestone","color": "gray"}]},"click_event": {"action": "show_dialog","dialog": "stardust:manual/page_104"}},
				{"text": "蕠\n","hover_event": {"action": "show_text","value": [{"text": ""},[{"text": "","font": "stardust:manual","color": "white"},"\"Q\n","\n","\"",{"text": "$胍"},{"text": "$莟"},{"text": "$莠"},"\n","\"",{"text": "U$"},{"text": "U$"},{"text": "U$"},"\n","\"",{"text": "$莡"},{"text": "$莢"},{"text": "$莣"},"\"\"",{"text": "$$胛"},"\n","\"",{"text": "U$"},{"text": "U$"},{"text": "U$"},"\"\"",{"text": "U$"},"\n","\"",{"text": "$莤"},{"text": "$聟"},"\n","\"",{"text": "U$"},{"text": "U$"},"\n"],{"translate": "stardust_fragment_awakened_forge","color": "yellow"},{"text": "\n- x1 ","color": "gray"},{"translate": "stardust.original_stardust_pickaxe","color": "gray"},{"text": "\n- x4 ","color": "gray"},{"translate": "stardust.legendarium_block","color": "gray"},{"translate": "stardust.x64","color": "gray"},{"translate": "stardust.wind_charge","color": "gray"},{"translate": "stardust.x96","color": "gray"},{"translate": "stardust.feather","color": "gray"},{"text": "\n- x6 ","color": "gray"},{"translate": "stardust.ender_dragon_pearl","color": "gray"},{"text": "\n- x8 ","color": "gray"},{"translate": "stardust.awakened_stardust_block","color": "gray"},{"translate": "stardust.x12","color": "gray"},{"translate": "stardust.legendarium_ingot","color": "gray"},{"text": "\n- x1 ","color": "gray"},{"translate": "stardust.sextuple_compressed_cobblestone","color": "gray"}]},"click_event": {"action": "show_dialog","dialog": "stardust:manual/page_105"}},
				{"text": "0##","hover_event": {"action": "show_text","value": [{"text": ""},[{"text": "","font": "stardust:manual","color": "white"},"\"Q\n","\n","\"",{"text": "$胃"},{"text": "$莟"},{"text": "$莠"},"\n","\"",{"text": "U$"},{"text": "U$"},{"text": "U$"},"\n","\"",{"text": "$莡"},{"text": "$莢"},{"text": "$莣"},"\"\"",{"text": "$$胑"},"\n","\"",{"text": "U$"},{"text": "U$"},{"text": "U$"},"\"\"",{"text": "U$"},"\n","\"",{"text": "$莤"},{"text": "$聟"},"\n","\"",{"text": "U$"},{"text": "U$"},"\n"],{"translate": "stardust_fragment_awakened_forge","color": "yellow"},{"text": "\n- x1 ","color": "gray"},{"translate": "stardust.original_stardust_helmet","color": "gray"},{"text": "\n- x4 ","color": "gray"},{"translate": "stardust.legendarium_block","color": "gray"},{"translate": "stardust.x64","color": "gray"},{"translate": "stardust.wind_charge","color": "gray"},{"translate": "stardust.x96","color": "gray"},{"translate": "stardust.feather","color": "gray"},{"text": "\n- x6 ","color": "gray"},{"translate": "stardust.ender_dragon_pearl","color": "gray"},{"text": "\n- x8 ","color": "gray"},{"translate": "stardust.awakened_stardust_block","color": "gray"},{"translate": "stardust.x12","color": "gray"},{"translate": "stardust.legendarium_ingot","color": "gray"},{"text": "\n- x1 ","color": "gray"},{"translate": "stardust.sextuple_compressed_cobblestone","color": "gray"}]},"click_event": {"action": "show_dialog","dialog": "stardust:manual/page_100"}},
				{"text": "0##","hover_event": {"action": "show_text","value": [{"text": ""},[{"text": "","font": "stardust:manual","color": "white"},"\"Q\n","\n","\"",{"text": "$胅"},{"text": "$莟"},{"text": "$莠"},"\n","\"",{"text": "U$"},{"text": "U$"},{"text": "U$"},"\n","\"",{"text": "$莡"},{"text": "$莢"},{"text": "$莣"},"\"\"",{"text": "$$胓"},"\n","\"",{"text": "U$"},{"text": "U$"},{"text": "U$"},"\"\"",{"text": "U$"},"\n","\"",{"text": "$莤"},{"text": "$聟"},"\n","\"",{"text": "U$"},{"text": "U$"},"\n"],{"translate": "stardust_fragment_awakened_forge","color": "yellow"},{"text": "\n- x1 ","color": "gray"},{"translate": "stardust.original_stardust_chestplate","color": "gray"},{"text": "\n- x4 ","color": "gray"},{"translate": "stardust.legendarium_block","color": "gray"},{"translate": "stardust.x64","color": "gray"},{"translate": "stardust.wind_charge","color": "gray"},{"translate": "stardust.x96","color": "gray"},{"translate": "stardust.feather","color": "gray"},{"text": "\n- x6 ","color": "gray"},{"translate": "stardust.ender_dragon_pearl","color": "gray"},{"text": "\n- x8 ","color": "gray"},{"translate": "stardust.awakened_stardust_block","color": "gray"},{"translate": "stardust.x12","color": "gray"},{"translate": "stardust.legendarium_ingot","color": "gray"},{"text": "\n- x1 ","color": "gray"},{"translate": "stardust.sextuple_compressed_cobblestone","color": "gray"}]},"click_event": {"action": "show_dialog","dialog": "stardust:manual/page_101"}},
				{"text": "0##","hover_event": {"action": "show_text","value": [{"text": ""},[{"text": "","font": "stardust:manual","color": "white"},"\"Q\n","\n","\"",{"text": "$胇"},{"text": "$莟"},{"text": "$莠"},"\n","\"",{"text": "U$"},{"text": "U$"},{"text": "U$"},"\n","\"",{"text": "$莡"},{"text": "$莢"},{"text": "$莣"},"\"\"",{"text": "$$胕"},"\n","\"",{"text": "U$"},{"text": "U$"},{"text": "U$"},"\"\"",{"text": "U$"},"\n","\"",{"text": "$莤"},{"text": "$聟"},"\n","\"",{"text": "U$"},{"text": "U$"},"\n"],{"translate": "stardust_fragment_awakened_forge","color": "yellow"},{"text": "\n- x1 ","color": "gray"},{"translate": "stardust.original_stardust_leggings","color": "gray"},{"text": "\n- x4 ","color": "gray"},{"translate": "stardust.legendarium_block","color": "gray"},{"translate": "stardust.x64","color": "gray"},{"translate": "stardust.wind_charge","color": "gray"},{"translate": "stardust.x96","color": "gray"},{"translate": "stardust.feather","color": "gray"},{"text": "\n- x6 ","color": "gray"},{"translate": "stardust.ender_dragon_pearl","color": "gray"},{"text": "\n- x8 ","color": "gray"},{"translate": "stardust.awakened_stardust_block","color": "gray"},{"translate": "stardust.x12","color": "gray"},{"translate": "stardust.legendarium_ingot","color": "gray"},{"text": "\n- x1 ","color": "gray"},{"translate": "stardust.sextuple_compressed_cobblestone","color": "gray"}]},"click_event": {"action": "show_dialog","dialog": "stardust:manual/page_102"}},
				{"text": "0##","hover_event": {"action": "show_text","value": [{"text": ""},[{"text": "","font": "stardust:manual","color": "white"},"\"Q\n","\n","\"",{"text": "$胉"},{"text": "$莟"},{"text": "$莠"},"\n","\"",{"text": "U$"},{"text": "U$"},{"text": "U$"},"\n","\"",{"text": "$莡"},{"text": "$莢"},{"text": "$莣"},"\"\"",{"text": "$$胗"},"\n","\"",{"text": "U$"},{"text": "U$"},{"text": "U$"},"\"\"",{"text": "U$"},"\n","\"",{"text": "$莤"},{"text": "$聟"},"\n","\"",{"text": "U$"},{"text": "U$"},"\n"],{"translate": "stardust_fragment_awakened_forge","color": "yellow"},{"text": "\n- x1 ","color": "gray"},{"translate": "stardust.original_stardust_boots","color": "gray"},{"text": "\n- x4 ","color": "gray"},{"translate": "stardust.legendarium_block","color": "gray"},{"translate": "stardust.x64","color": "gray"},{"translate": "stardust.wind_charge","color": "gray"},{"translate": "stardust.x96","color": "gray"},{"translate": "stardust.feather","color": "gray"},{"text": "\n- x6 ","color": "gray"},{"translate": "stardust.ender_dragon_pearl","color": "gray"},{"text": "\n- x8 ","color": "gray"},{"translate": "stardust.awakened_stardust_block","color": "gray"},{"translate": "stardust.x12","color": "gray"},{"translate": "stardust.legendarium_ingot","color": "gray"},{"text": "\n- x1 ","color": "gray"},{"translate": "stardust.sextuple_compressed_cobblestone","color": "gray"}]},"click_event": {"action": "show_dialog","dialog": "stardust:manual/page_103"}},
				{"text": "0##","hover_event": {"action": "show_text","value": [{"text": ""},[{"text": "","font": "stardust:manual","color": "white"},"\"Q\n","\n","\"",{"text": "$胋"},{"text": "$莟"},{"text": "$莠"},"\n","\"",{"text": "U$"},{"text": "U$"},{"text": "U$"},"\n","\"",{"text": "$莡"},{"text": "$莢"},{"text": "$莣"},"\"\"",{"text": "$$胙"},"\n","\"",{"text": "U$"},{"text": "U$"},{"text": "U$"},"\"\"",{"text": "U$"},"\n","\"",{"text": "$莤"},{"text": "$聟"},"\n","\"",{"text": "U$"},{"text": "U$"},"\n"],{"translate": "stardust_fragment_awakened_forge","color": "yellow"},{"text": "\n- x1 ","color": "gray"},{"translate": "stardust.original_stardust_sword","color": "gray"},{"text": "\n- x4 ","color": "gray"},{"translate": "stardust.legendarium_block","color": "gray"},{"translate": "stardust.x64","color": "gray"},{"translate": "stardust.wind_charge","color": "gray"},{"translate": "stardust.x96","color": "gray"},{"translate": "stardust.feather","color": "gray"},{"text": "\n- x6 ","color": "gray"},{"translate": "stardust.ender_dragon_pearl","color": "gray"},{"text": "\n- x8 ","color": "gray"},{"translate": "stardust.awakened_stardust_block","color": "gray"},{"translate": "stardust.x12","color": "gray"},{"translate": "stardust.legendarium_ingot","color": "gray"},{"text": "\n- x1 ","color": "gray"},{"translate": "stardust.sextuple_compressed_cobblestone","color": "gray"}]},"click_event": {"action": "show_dialog","dialog": "stardust:manual/page_104"}},
				{"text": "0\n","hover_event": {"action": "show_text","value": [{"text": ""},[{"text": "","font": "stardust:manual","color": "white"},"\"Q\n","\n","\"",{"text": "$胍"},{"text": "$莟"},{"text": "$莠"},"\n","\"",{"text": "U$"},{"text": "U$"},{"text": "U$"},"\n","\"",{"text": "$莡"},{"text": "$莢"},{"text": "$莣"},"\"\"",{"text": "$$胛"},"\n","\"",{"text": "U$"},{"text": "U$"},{"text": "U$"},"\"\"",{"text": "U$"},"\n","\"",{"text": "$莤"},{"text": "$聟"},"\n","\"",{"text": "U$"},{"text": "U$"},"\n"],{"translate": "stardust_fragment_awakened_forge","color": "yellow"},{"text": "\n- x1 ","color": "gray"},{"translate": "stardust.original_stardust_pickaxe","color": "gray"},{"text": "\n- x4 ","color": "gray"},{"translate": "stardust.legendarium_block","color": "gray"},{"translate": "stardust.x64","color": "gray"},{"translate": "stardust.wind_charge","color": "gray"},{"translate": "stardust.x96","color": "gray"},{"translate": "stardust.feather","color": "gray"},{"text": "\n- x6 ","color": "gray"},{"translate": "stardust.ender_dragon_pearl","color": "gray"},{"text": "\n- x8 ","color": "gray"},{"translate": "stardust.awakened_stardust_block","color": "gray"},{"translate": "stardust.x12","color": "gray"},{"translate": "stardust.legendarium_ingot","color": "gray"},{"text": "\n- x1 ","color": "gray"},{"translate": "stardust.sextuple_compressed_cobblestone","color": "gray"}]},"click_event": {"action": "show_dialog","dialog": "stardust:manual/page_105"}},
				{"text": "蕪##","hover_event": {"action": "show_text","value": [{"text": ""},[{"text": "","font": "stardust:manual","color": "white"},"\"Q\n","\n","\"",{"text": "$胏"},{"text": "$莟"},{"text": "$莠"},"\n","\"",{"text": "U$"},{"text": "U$"},{"text": "U$"},"\n","\"",{"text": "$莡"},{"text": "$莢"},{"text": "$莣"},"\"\"",{"text": "$$胝"},"\n","\"",{"text": "U$"},{"text": "U$"},{"text": "U$"},"\"\"",{"text": "U$"},"\n","\"",{"text": "$莤"},{"text": "$聟"},"\n","\"",{"text": "U$"},{"text": "U$"},"\n"],{"translate": "stardust_fragment_awakened_forge","color": "yellow"},{"text": "\n- x1 ","color": "gray"},{"translate": "stardust.original_stardust_axe","color": "gray"},{"text": "\n- x4 ","color": "gray"},{"translate": "stardust.legendarium_block","color": "gray"},{"translate": "stardust.x64","color": "gray"},{"translate": "stardust.wind_charge","color": "gray"},{"translate": "stardust.x96","color": "gray"},{"translate": "stardust.feather","color": "gray"},{"text": "\n- x6 ","color": "gray"},{"translate": "stardust.ender_dragon_pearl","color": "gray"},{"text": "\n- x8 ","color": "gray"},{"translate": "stardust.awakened_stardust_block","color": "gray"},{"translate": "stardust.x12","color": "gray"},{"translate": "stardust.legendarium_ingot","color": "gray"},{"text": "\n- x1 ","color": "gray"},{"translate": "stardust.sextuple_compressed_cobblestone","color": "gray"}]},"click_event": {"action": "show_dialog","dialog": "stardust:manual/page_106"}},
				"\n\n\n\n\n\n\n\n\n\n\n\n\n"
			],
			"width": 140
		}
	]
}
