{
	"type": "minecraft:notice",
	"title": [
		{
			"sprite": "stardust:item/speed_artifact_lv1",
			"shadow_color": [
				0,
				0,
				0,
				0
			],
			"atlas": "minecraft:items"
		},
		" ",
		{
			"translate": "stardust.speed_artifact_lv1",
			"underlined": true
		},
		" ",
		{
			"sprite": "stardust:item/speed_artifact_lv1",
			"shadow_color": [
				0,
				0,
				0,
				0
			],
			"atlas": "minecraft:items"
		}
	],
	"body": [
		{
			"type": "minecraft:plain_message",
			"contents": [
				{"text": "V   ","font": "stardust:manual","color": "white"},
				{"text": "\n   ","click_event": {"action": "show_dialog","dialog": "stardust:manual/page_135"},"hover_event": {"action": "show_text","value": [{"translate": "stardust.go_to_previous_page"}," (135)"]}},
				" ",
				{"text": "   ","click_event": {"action": "show_dialog","dialog": "stardust:manual/page_137"},"hover_event": {"action": "show_text","value": [{"translate": "stardust.go_to_next_page"}," (137)"]}},
				{"text": "\n   ","click_event": {"action": "show_dialog","dialog": "stardust:manual/page_135"},"hover_event": {"action": "show_text","value": [{"translate": "stardust.go_to_previous_page"}," (135)"]}},
				" ",
				{"text": "   ","click_event": {"action": "show_dialog","dialog": "stardust:manual/page_137"},"hover_event": {"action": "show_text","value": [{"translate": "stardust.go_to_next_page"}," (137)"]}}
			],
			"width": 400
		},
		{
			"type": "minecraft:plain_message",
			"contents": [
				{"text": "","font": "stardust:manual","color": "white","shadow_color": [0,0,0,0]},
				"Ⴆ\n",
				{"text": "  \n  \n  \n  \n\n","hover_event": {"action": "show_item","id": "command_block","components": {"item_name": {"translate": "stardust.speed_artifact_lv_1"},"rarity": "rare","lore": [{"translate": "stardust.hold_in_any_hand_to_get_the_speed_effect","color": "gray","italic": false},{"translate": "stardust.10_base_speed","color": "gray","italic": false},["",{"text": "I","color": "white","italic": false,"font": "stardust:icons"},{"translate": "stardustfragment","italic": true,"color": "blue"}]],"attribute_modifiers": [{"type": "movement_speed","amount": 0.1,"operation": "add_multiplied_base","slot": "hand","id": "stardust:base_movement_speed"}],"item_model": "stardust:speed_artifact_lv1","custom_data": {"stardust": {"speed_artifact_lv1": true},"smithed": {"ignore": {"functionality": true,"crafting": true}}}}},"click_event": {"action": "show_dialog","dialog": "stardust:manual/page_136"}},
				{"text": "1##","hover_event": {"action": "show_text","value": [{"translate": "stardust.lv_1_speed_artifact","color": "yellow"},{"text": "\nHold in any hand to get the speed effect","color": "gray"},{"text": "\n[+10% Base Speed]","color": "gray"},{"translate": "stardust.can_be_obtained_from_lucky_artifact_bags_only","color": "gray"}]}},
				{"text": "郣\n","hover_event": {"action": "show_text","value": [{"text": ""},[{"text": "","font": "stardust:manual","color": "white"},"\"E\n","\"",{"text": "$脙"},{"text": "$脙"},"\n","\"",{"text": "U$"},{"text": "U$"},"U$",{"text": "$$脛"},"\n\"","U$U$U$",{"text": "U$"},"\n","\n"],{"text": "\n- x2 ","color": "gray"},{"translate": "stardust.speed_artifact_lv_1","color": "gray"}]},"click_event": {"action": "show_dialog","dialog": "stardust:manual/page_137"}},
				{"text": "0##","hover_event": {"action": "show_text","value": [{"translate": "stardust.lv_1_speed_artifact","color": "yellow"},{"text": "\nHold in any hand to get the speed effect","color": "gray"},{"text": "\n[+10% Base Speed]","color": "gray"},{"translate": "stardust.can_be_obtained_from_lucky_artifact_bags_only","color": "gray"}]}},
				{"text": "0","hover_event": {"action": "show_text","value": [{"text": ""},[{"text": "","font": "stardust:manual","color": "white"},"\"E\n","\"",{"text": "$脙"},{"text": "$脙"},"\n","\"",{"text": "U$"},{"text": "U$"},"U$",{"text": "$$脛"},"\n\"","U$U$U$",{"text": "U$"},"\n","\n"],{"text": "\n- x2 ","color": "gray"},{"translate": "stardust.speed_artifact_lv_1","color": "gray"}]},"click_event": {"action": "show_dialog","dialog": "stardust:manual/page_137"}},
				"\n\n\n\n\n\n\n\n\n\n\n\n\n\n\n\n\n\n"
			],
			"width": 140
		}
	]
}
