{
	"type": "minecraft:notice",
	"title": {
		"translate": "stardust_frame",
		"underlined": true
	},
	"body": [
		{
			"type": "minecraft:plain_message",
			"contents": [
				{"text": "V   ","font": "stardust:manual","color": "white"},
				{"text": "\n   ","click_event": {"action": "show_dialog","dialog": "stardust:manual/page_45"},"hover_event": {"action": "show_text","value": [{"translate": "stardust.go_to_previous_page"},{"text": " (45)"}]}},
				" ",
				{"text": "   ","click_event": {"action": "show_dialog","dialog": "stardust:manual/page_47"},"hover_event": {"action": "show_text","value": [{"translate": "stardust.go_to_next_page"},{"text": " (47)"}]}},
				{"text": "\n   ","click_event": {"action": "show_dialog","dialog": "stardust:manual/page_45"},"hover_event": {"action": "show_text","value": [{"translate": "stardust.go_to_previous_page"},{"text": " (45)"}]}},
				" ",
				{"text": "   ","click_event": {"action": "show_dialog","dialog": "stardust:manual/page_47"},"hover_event": {"action": "show_text","value": [{"translate": "stardust.go_to_next_page"},{"text": " (47)"}]}}
			],
			"width": 400
		},
		{
			"type": "minecraft:plain_message",
			"contents": [
				{"text": "","font": "stardust:manual","color": "white","shadow_color": [0,0,0,0]},
				"\"$6\n\"",
				{"text": "$舢$舢$舢","hover_event": {"action": "show_item","id": "minecraft:blue_glazed_terracotta","components": {}}},
				"  \n\"",
				{"translate": "stardust.uuu","hover_event": {"action": "show_item","id": "minecraft:blue_glazed_terracotta","components": {}}},
				"  \n\"",
				{"text": "$耩","hover_event": {"action": "show_item","id": "command_block","components": {"item_name": {"translate": "stardust.compacted_stardust_shard"},"lore": [["",{"text": "I","color": "white","italic": false,"font": "stardust:icons"},{"translate": "stardustfragment","italic": true,"color": "blue"}]]}},"click_event": {"action": "show_dialog","dialog": "stardust:manual/page_16"}},
				{"text": "$舤","hover_event": {"action": "show_item","id": "furnace","components": {"item_name": {"translate": "stardust.machine_block"},"lore": [{"translate": "stardust.simplenergy","italic": true,"color": "blue"}]}}},
				{"text": "$耩","hover_event": {"action": "show_item","id": "command_block","components": {"item_name": {"translate": "stardust.compacted_stardust_shard"},"lore": [["",{"text": "I","color": "white","italic": false,"font": "stardust:icons"},{"translate": "stardustfragment","italic": true,"color": "blue"}]]}},"click_event": {"action": "show_dialog","dialog": "stardust:manual/page_16"}},
				"\"\"",
				{"text": "$$聥","hover_event": {"action": "show_item","id": "furnace","components": {"item_name": {"translate": "stardust_frame"},"lore": [["",{"text": "I","color": "white","italic": false,"font": "stardust:icons"},{"translate": "stardustfragment","italic": true,"color": "blue"}]]}}},
				"#$\n\"",
				{"text": "U$","hover_event": {"action": "show_item","id": "command_block","components": {"item_name": {"translate": "stardust.compacted_stardust_shard"},"lore": [["",{"text": "I","color": "white","italic": false,"font": "stardust:icons"},{"translate": "stardustfragment","italic": true,"color": "blue"}]]}},"click_event": {"action": "show_dialog","dialog": "stardust:manual/page_16"}},
				{"text": "U$","hover_event": {"action": "show_item","id": "furnace","components": {"item_name": {"translate": "stardust.machine_block"},"lore": [{"translate": "stardust.simplenergy","italic": true,"color": "blue"}]}}},
				{"text": "U$","hover_event": {"action": "show_item","id": "command_block","components": {"item_name": {"translate": "stardust.compacted_stardust_shard"},"lore": [["",{"text": "I","color": "white","italic": false,"font": "stardust:icons"},{"translate": "stardustfragment","italic": true,"color": "blue"}]]}},"click_event": {"action": "show_dialog","dialog": "stardust:manual/page_16"}},
				"\"\"",
				{"text": "U$","hover_event": {"action": "show_item","id": "furnace","components": {"item_name": {"translate": "stardust_frame"},"lore": [["",{"text": "I","color": "white","italic": false,"font": "stardust:icons"},{"translate": "stardustfragment","italic": true,"color": "blue"}]]}}},
				"#$\n\"",
				{"text": "$耫$耫$耫","hover_event": {"action": "show_item","id": "furnace","components": {"item_name": {"translate": "stardust_block"},"lore": [["",{"text": "I","color": "white","italic": false,"font": "stardust:icons"},{"translate": "stardustfragment","italic": true,"color": "blue"}]]}},"click_event": {"action": "show_dialog","dialog": "stardust:manual/page_17"}},
				"  \n\"",
				{"translate": "stardust.uuu","hover_event": {"action": "show_item","id": "furnace","components": {"item_name": {"translate": "stardust_block"},"lore": [["",{"text": "I","color": "white","italic": false,"font": "stardust:icons"},{"translate": "stardustfragment","italic": true,"color": "blue"}]]}},"click_event": {"action": "show_dialog","dialog": "stardust:manual/page_17"}},
				"  \n\n",
				{"text": "1##","hover_event": {"action": "show_text","value": [{"translate": "stardust.enhanced_machine_block_with_stardust","color": "yellow"},{"translate": "stardust.used_as_a_base_for_most_advanced_machines","color": "gray"}]}},
				{"text": "2##","hover_event": {"action": "show_text","value": [{"text": ""},[{"text": "","font": "stardust:manual","color": "white"},"\"F\n","\"",{"text": "$舢"},{"text": "$舢"},{"text": "$舢"},"\n","\"",{"text": "U$"},{"text": "U$"},{"text": "U$"},"\n","\"",{"text": "$耩"},{"text": "$舤"},{"text": "$耩"},"\"\"",{"text": "$$聥"},"\n","\"",{"text": "U$"},{"text": "U$"},{"text": "U$"},"\"\"",{"text": "U$"},"\n","\"",{"text": "$耫"},{"text": "$耫"},{"text": "$耫"},"\n","\"",{"text": "U$"},{"text": "U$"},{"text": "U$"},"\n"],{"text": "\n- x3 ","color": "gray"},{"translate": "stardust.blue_glazed_terracotta","color": "gray"},{"text": "\n- x2 ","color": "gray"},{"translate": "stardust.compacted_stardust_shard","color": "gray"},{"text": "\n- x1 ","color": "gray"},{"translate": "stardust.machine_block","color": "gray"},{"text": "\n- x3 ","color": "gray"},{"translate": "stardust_block","color": "gray"}]}},
				{"text": "2##","hover_event": {"action": "show_text","value": [{"text": ""},[{"text": "","font": "stardust:manual","color": "white"},"\"F\n","\"",{"text": "$耫"},{"text": "$耫"},{"text": "$耫"},"\n","\"",{"text": "U$"},{"text": "U$"},{"text": "U$"},"\n","\"",{"text": "$耩"},{"text": "$舤"},{"text": "$耩"},"\"\"",{"text": "$$聥"},"\n","\"",{"text": "U$"},{"text": "U$"},{"text": "U$"},"\"\"",{"text": "U$"},"\n","\"",{"text": "$舢"},{"text": "$舢"},{"text": "$舢"},"\n","\"",{"text": "U$"},{"text": "U$"},{"text": "U$"},"\n"],{"text": "\n- x3 ","color": "gray"},{"translate": "stardust.blue_glazed_terracotta","color": "gray"},{"text": "\n- x2 ","color": "gray"},{"translate": "stardust.compacted_stardust_shard","color": "gray"},{"text": "\n- x1 ","color": "gray"},{"translate": "stardust.machine_block","color": "gray"},{"text": "\n- x3 ","color": "gray"},{"translate": "stardust_block","color": "gray"}]}},
				{"text": "蔁##","hover_event": {"action": "show_text","value": [{"text": ""},[{"text": "","font": "stardust:manual","color": "white"},"\"F\n","\"",{"text": "$芳"},{"text": "$芳"},{"text": "$芳"},"\n","\"",{"text": "U$"},{"text": "U$"},{"text": "U$"},"\n","\"",{"text": "$耹"},{"text": "$聥"},{"text": "$耹"},"\"\"",{"text": "$$聧"},"\n","\"",{"text": "U$"},{"text": "U$"},{"text": "U$"},"\"\"",{"text": "U$"},"\n","\"",{"text": "$耵"},{"text": "$耵"},{"text": "$耵"},"\n","\"",{"text": "U$"},{"text": "U$"},{"text": "U$"},"\n"],{"text": "\n- x3 ","color": "gray"},{"translate": "stardust.nether_wart_block","color": "gray"},{"text": "\n- x2 ","color": "gray"},{"translate": "stardust.awakened_stardust","color": "gray"},{"text": "\n- x1 ","color": "gray"},{"translate": "stardust_frame","color": "gray"},{"text": "\n- x3 ","color": "gray"},{"translate": "stardust.awakened_stardust_block","color": "gray"}]},"click_event": {"action": "show_dialog","dialog": "stardust:manual/page_47"}},
				{"text": "蔇\n","hover_event": {"action": "show_text","value": [{"text": ""},[{"text": "","font": "stardust:manual","color": "white"},"\"F\n","\"",{"text": "$耥"},{"text": "$耥"},{"text": "$耥"},"\n","\"",{"text": "U$"},{"text": "U$"},{"text": "U$"},"\n","\"",{"text": "$聓"},{"text": "$脯"},{"text": "$聓"},"\"\"",{"text": "$$肩"},"\n","\"",{"text": "U$"},{"text": "U$"},{"text": "U$"},"\"\"",{"text": "U$"},"\n","\"",{"text": "$聥"},{"text": "$聥"},{"text": "$聥"},"\n","\"",{"text": "U$"},{"text": "U$"},{"text": "U$"},"\n"],{"text": "\n- x3 ","color": "gray"},{"translate": "stardust_essence","color": "gray"},{"text": "\n- x2 ","color": "gray"},{"translate": "stardust.dog_excrement","color": "gray"},{"text": "\n- x1 ","color": "gray"},{"translate": "stardust.diamond_seed","color": "gray"},{"text": "\n- x3 ","color": "gray"},{"translate": "stardust_frame","color": "gray"}]},"click_event": {"action": "show_dialog","dialog": "stardust:manual/page_80"}},
				{"text": "0##","hover_event": {"action": "show_text","value": [{"translate": "stardust.enhanced_machine_block_with_stardust","color": "yellow"},{"translate": "stardust.used_as_a_base_for_most_advanced_machines","color": "gray"}]}},
				{"text": "0##","hover_event": {"action": "show_text","value": [{"text": ""},[{"text": "","font": "stardust:manual","color": "white"},"\"F\n","\"",{"text": "$舢"},{"text": "$舢"},{"text": "$舢"},"\n","\"",{"text": "U$"},{"text": "U$"},{"text": "U$"},"\n","\"",{"text": "$耩"},{"text": "$舤"},{"text": "$耩"},"\"\"",{"text": "$$聥"},"\n","\"",{"text": "U$"},{"text": "U$"},{"text": "U$"},"\"\"",{"text": "U$"},"\n","\"",{"text": "$耫"},{"text": "$耫"},{"text": "$耫"},"\n","\"",{"text": "U$"},{"text": "U$"},{"text": "U$"},"\n"],{"text": "\n- x3 ","color": "gray"},{"translate": "stardust.blue_glazed_terracotta","color": "gray"},{"text": "\n- x2 ","color": "gray"},{"translate": "stardust.compacted_stardust_shard","color": "gray"},{"text": "\n- x1 ","color": "gray"},{"translate": "stardust.machine_block","color": "gray"},{"text": "\n- x3 ","color": "gray"},{"translate": "stardust_block","color": "gray"}]}},
				{"text": "0##","hover_event": {"action": "show_text","value": [{"text": ""},[{"text": "","font": "stardust:manual","color": "white"},"\"F\n","\"",{"text": "$耫"},{"text": "$耫"},{"text": "$耫"},"\n","\"",{"text": "U$"},{"text": "U$"},{"text": "U$"},"\n","\"",{"text": "$耩"},{"text": "$舤"},{"text": "$耩"},"\"\"",{"text": "$$聥"},"\n","\"",{"text": "U$"},{"text": "U$"},{"text": "U$"},"\"\"",{"text": "U$"},"\n","\"",{"text": "$舢"},{"text": "$舢"},{"text": "$舢"},"\n","\"",{"text": "U$"},{"text": "U$"},{"text": "U$"},"\n"],{"text": "\n- x3 ","color": "gray"},{"translate": "stardust.blue_glazed_terracotta","color": "gray"},{"text": "\n- x2 ","color": "gray"},{"translate": "stardust.compacted_stardust_shard","color": "gray"},{"text": "\n- x1 ","color": "gray"},{"translate": "stardust.machine_block","color": "gray"},{"text": "\n- x3 ","color": "gray"},{"translate": "stardust_block","color": "gray"}]}},
				{"text": "0##","hover_event": {"action": "show_text","value": [{"text": ""},[{"text": "","font": "stardust:manual","color": "white"},"\"F\n","\"",{"text": "$芳"},{"text": "$芳"},{"text": "$芳"},"\n","\"",{"text": "U$"},{"text": "U$"},{"text": "U$"},"\n","\"",{"text": "$耹"},{"text": "$聥"},{"text": "$耹"},"\"\"",{"text": "$$聧"},"\n","\"",{"text": "U$"},{"text": "U$"},{"text": "U$"},"\"\"",{"text": "U$"},"\n","\"",{"text": "$耵"},{"text": "$耵"},{"text": "$耵"},"\n","\"",{"text": "U$"},{"text": "U$"},{"text": "U$"},"\n"],{"text": "\n- x3 ","color": "gray"},{"translate": "stardust.nether_wart_block","color": "gray"},{"text": "\n- x2 ","color": "gray"},{"translate": "stardust.awakened_stardust","color": "gray"},{"text": "\n- x1 ","color": "gray"},{"translate": "stardust_frame","color": "gray"},{"text": "\n- x3 ","color": "gray"},{"translate": "stardust.awakened_stardust_block","color": "gray"}]},"click_event": {"action": "show_dialog","dialog": "stardust:manual/page_47"}},
				{"text": "0\n","hover_event": {"action": "show_text","value": [{"text": ""},[{"text": "","font": "stardust:manual","color": "white"},"\"F\n","\"",{"text": "$耥"},{"text": "$耥"},{"text": "$耥"},"\n","\"",{"text": "U$"},{"text": "U$"},{"text": "U$"},"\n","\"",{"text": "$聓"},{"text": "$脯"},{"text": "$聓"},"\"\"",{"text": "$$肩"},"\n","\"",{"text": "U$"},{"text": "U$"},{"text": "U$"},"\"\"",{"text": "U$"},"\n","\"",{"text": "$聥"},{"text": "$聥"},{"text": "$聥"},"\n","\"",{"text": "U$"},{"text": "U$"},{"text": "U$"},"\n"],{"text": "\n- x3 ","color": "gray"},{"translate": "stardust_essence","color": "gray"},{"text": "\n- x2 ","color": "gray"},{"translate": "stardust.dog_excrement","color": "gray"},{"text": "\n- x1 ","color": "gray"},{"translate": "stardust.diamond_seed","color": "gray"},{"text": "\n- x3 ","color": "gray"},{"translate": "stardust_frame","color": "gray"}]},"click_event": {"action": "show_dialog","dialog": "stardust:manual/page_80"}},
				{"text": "蔍##","hover_event": {"action": "show_text","value": [{"text": ""},[{"text": "","font": "stardust:manual","color": "white"},"\"F\n","\"",{"text": "$聥"},{"text": "$聥"},{"text": "$聥"},"\n","\"",{"text": "U$"},{"text": "U$"},{"text": "U$"},"\n","\"",{"text": "$耩"},{"text": "$肯"},{"text": "$耩"},"\"\"",{"text": "$$肱"},"\n","\"",{"text": "U$"},{"text": "U$"},{"text": "U$"},"\"\"",{"text": "U$"},"\n","\"",{"text": "$耫"},{"text": "$耫"},{"text": "$耫"},"\n","\"",{"text": "U$"},{"text": "U$"},{"text": "U$"},"\n"],{"text": "\n- x3 ","color": "gray"},{"translate": "stardust_frame","color": "gray"},{"text": "\n- x2 ","color": "gray"},{"translate": "stardust.compacted_stardust_shard","color": "gray"},{"text": "\n- x1 ","color": "gray"},{"translate": "stardust.advanced_furnace_generator","color": "gray"},{"text": "\n- x3 ","color": "gray"},{"translate": "stardust_block","color": "gray"}]},"click_event": {"action": "show_dialog","dialog": "stardust:manual/page_84"}},
				"\n\n\n\n\n\n\n\n\n\n"
			],
			"width": 150
		}
	]
}
