{
	"type": "minecraft:notice",
	"title": [
		{
			"sprite": "stardust:item/cobblestone_miner_lv3",
			"atlas": "minecraft:items",
			"shadow_color": [
				0,
				0,
				0,
				0
			]
		},
		" ",
		{
			"translate": "stardust.cobblestone_miner_lv3",
			"underlined": true
		},
		" ",
		{
			"sprite": "stardust:item/cobblestone_miner_lv3",
			"atlas": "minecraft:items",
			"shadow_color": [
				0,
				0,
				0,
				0
			]
		}
	],
	"body": [
		{
			"type": "minecraft:plain_message",
			"contents": [
				{"text": "V   ","font": "stardust:manual","color": "white"},
				{"text": "\n   ","click_event": {"action": "show_dialog","dialog": "stardust:manual/page_156"},"hover_event": {"action": "show_text","value": [{"translate": "stardust.go_to_previous_page"}," (156)"]}},
				" ",
				{"text": "   ","click_event": {"action": "show_dialog","dialog": "stardust:manual/page_158"},"hover_event": {"action": "show_text","value": [{"translate": "stardust.go_to_next_page"}," (158)"]}},
				{"text": "\n   ","click_event": {"action": "show_dialog","dialog": "stardust:manual/page_156"},"hover_event": {"action": "show_text","value": [{"translate": "stardust.go_to_previous_page"}," (156)"]}},
				" ",
				{"text": "   ","click_event": {"action": "show_dialog","dialog": "stardust:manual/page_158"},"hover_event": {"action": "show_text","value": [{"translate": "stardust.go_to_next_page"}," (158)"]}}
			],
			"width": 400
		},
		{
			"type": "minecraft:plain_message",
			"contents": [
				{"text": "","font": "stardust:manual","color": "white","shadow_color": [0,0,0,0]},
				"\"$6\n\"",
				{"text": "$袗$袗$袗","hover_event": {"action": "show_item","id": "minecraft:copper_block","components": {}}},
				"  \n\"",
				{"translate": "stardust.uuu","hover_event": {"action": "show_item","id": "minecraft:copper_block","components": {}}},
				"  \n\"",
				{"text": "$袘","hover_event": {"action": "show_item","id": "minecraft:copper_pickaxe","components": {}}},
				{"text": "$腁","hover_event": {"action": "show_item","id": "furnace","components": {"item_name": {"translate": "stardust.cobblestone_miner_lv_2"},"rarity": "rare","lore": [{"translate": "stardust.only_mines_cobblestone_directly_below","color": "white","italic": false},{"translate": "stardust.x36_per_minute","color": "gray","italic": false},["",{"text": "I","color": "white","italic": false,"font": "stardust:icons"},{"translate": "stardustfragment","italic": true,"color": "blue"}]],"item_model": "stardust:cobblestone_miner_lv2","custom_data": {"stardust": {"cobblestone_miner_lv2": true},"smithed": {"ignore": {"functionality": true,"crafting": true}}},"container": [{"slot": 0,"item": {"id": "minecraft:stone","count": 1,"components": {"minecraft:custom_data": {"smithed": {"block": {"id": "stardust:cobblestone_miner_lv2","from": "stardust"}}}}}}],"tooltip_display": {"hidden_components": ["minecraft:container"]}}},"click_event": {"action": "show_dialog","dialog": "stardust:manual/page_156"}},
				{"text": "$袘","hover_event": {"action": "show_item","id": "minecraft:copper_pickaxe","components": {}}},
				"\"\"",
				{"text": "$$腃","hover_event": {"action": "show_item","id": "furnace","components": {"item_name": {"translate": "stardust.cobblestone_miner_lv_3"},"rarity": "rare","lore": [{"translate": "stardust.only_mines_cobblestone_directly_below","color": "white","italic": false},{"translate": "stardust.x144_per_minute","color": "gray","italic": false},["",{"text": "I","color": "white","italic": false,"font": "stardust:icons"},{"translate": "stardustfragment","italic": true,"color": "blue"}]],"item_model": "stardust:cobblestone_miner_lv3","custom_data": {"stardust": {"cobblestone_miner_lv3": true},"smithed": {"ignore": {"functionality": true,"crafting": true}}},"container": [{"slot": 0,"item": {"id": "minecraft:stone","count": 1,"components": {"minecraft:custom_data": {"smithed": {"block": {"id": "stardust:cobblestone_miner_lv3","from": "stardust"}}}}}}],"tooltip_display": {"hidden_components": ["minecraft:container"]}}}},
				"#$\n\"",
				{"text": "U$","hover_event": {"action": "show_item","id": "minecraft:copper_pickaxe","components": {}}},
				{"text": "U$","hover_event": {"action": "show_item","id": "furnace","components": {"item_name": {"translate": "stardust.cobblestone_miner_lv_2"},"rarity": "rare","lore": [{"translate": "stardust.only_mines_cobblestone_directly_below","color": "white","italic": false},{"translate": "stardust.x36_per_minute","color": "gray","italic": false},["",{"text": "I","color": "white","italic": false,"font": "stardust:icons"},{"translate": "stardustfragment","italic": true,"color": "blue"}]],"item_model": "stardust:cobblestone_miner_lv2","custom_data": {"stardust": {"cobblestone_miner_lv2": true},"smithed": {"ignore": {"functionality": true,"crafting": true}}},"container": [{"slot": 0,"item": {"id": "minecraft:stone","count": 1,"components": {"minecraft:custom_data": {"smithed": {"block": {"id": "stardust:cobblestone_miner_lv2","from": "stardust"}}}}}}],"tooltip_display": {"hidden_components": ["minecraft:container"]}}},"click_event": {"action": "show_dialog","dialog": "stardust:manual/page_156"}},
				{"text": "U$","hover_event": {"action": "show_item","id": "minecraft:copper_pickaxe","components": {}}},
				"\"\"",
				{"text": "U$","hover_event": {"action": "show_item","id": "furnace","components": {"item_name": {"translate": "stardust.cobblestone_miner_lv_3"},"rarity": "rare","lore": [{"translate": "stardust.only_mines_cobblestone_directly_below","color": "white","italic": false},{"translate": "stardust.x144_per_minute","color": "gray","italic": false},["",{"text": "I","color": "white","italic": false,"font": "stardust:icons"},{"translate": "stardustfragment","italic": true,"color": "blue"}]],"item_model": "stardust:cobblestone_miner_lv3","custom_data": {"stardust": {"cobblestone_miner_lv3": true},"smithed": {"ignore": {"functionality": true,"crafting": true}}},"container": [{"slot": 0,"item": {"id": "minecraft:stone","count": 1,"components": {"minecraft:custom_data": {"smithed": {"block": {"id": "stardust:cobblestone_miner_lv3","from": "stardust"}}}}}}],"tooltip_display": {"hidden_components": ["minecraft:container"]}}}},
				"#$\n\"",
				{"text": "$聗$聗$聗","hover_event": {"action": "show_item","id": "furnace","components": {"lore": [{"translate": "stardust.equivalent_to_81_cobblestones","color": "gray","italic": false},["",{"text": "I","color": "white","italic": false,"font": "stardust:icons"},{"translate": "stardustfragment","italic": true,"color": "blue"}]],"item_model": "stardust:double_compressed_cobblestone","item_name": {"translate": "stardust.double_compressed_cobblestone"},"custom_data": {"stardust": {"double_compressed_cobblestone": true},"smithed": {"ignore": {"functionality": true,"crafting": true}}},"container": [{"slot": 0,"item": {"id": "minecraft:stone","count": 1,"components": {"minecraft:custom_data": {"smithed": {"block": {"id": "stardust:double_compressed_cobblestone","from": "stardust"}}}}}}],"tooltip_display": {"hidden_components": ["minecraft:container"]}}},"click_event": {"action": "show_dialog","dialog": "stardust:manual/page_39"}},
				"  \n\"",
				{"translate": "stardust.uuu","hover_event": {"action": "show_item","id": "furnace","components": {"lore": [{"translate": "stardust.equivalent_to_81_cobblestones","color": "gray","italic": false},["",{"text": "I","color": "white","italic": false,"font": "stardust:icons"},{"translate": "stardustfragment","italic": true,"color": "blue"}]],"item_model": "stardust:double_compressed_cobblestone","item_name": {"translate": "stardust.double_compressed_cobblestone"},"custom_data": {"stardust": {"double_compressed_cobblestone": true},"smithed": {"ignore": {"functionality": true,"crafting": true}}},"container": [{"slot": 0,"item": {"id": "minecraft:stone","count": 1,"components": {"minecraft:custom_data": {"smithed": {"block": {"id": "stardust:double_compressed_cobblestone","from": "stardust"}}}}}}],"tooltip_display": {"hidden_components": ["minecraft:container"]}}},"click_event": {"action": "show_dialog","dialog": "stardust:manual/page_39"}},
				"  \n\n",
				{"text": "1##","hover_event": {"action": "show_text","value": [{"translate": "stardust.cobblestone_miner_lv_3","color": "yellow"},{"translate": "stardust.every_minute_it_will_break_the_cobblestone_directly_below_it","color": "gray"},{"translate": "stardust.production_rate_is_144_cobblestone_per_minute","color": "gray"},{"translate": "stardust.no_energy_required","color": "gray"}]}},
				{"text": "2##","hover_event": {"action": "show_text","value": [{"text": ""},[{"text": "","font": "stardust:manual","color": "white"},"\"F\n","\"",{"text": "$袗"},{"text": "$袗"},{"text": "$袗"},"\n","\"",{"text": "U$"},{"text": "U$"},{"text": "U$"},"\n","\"",{"text": "$袘"},{"text": "$腁"},{"text": "$袘"},"\"\"",{"text": "$$腃"},"\n","\"",{"text": "U$"},{"text": "U$"},{"text": "U$"},"\"\"",{"text": "U$"},"\n","\"",{"text": "$聗"},{"text": "$聗"},{"text": "$聗"},"\n","\"",{"text": "U$"},{"text": "U$"},{"text": "U$"},"\n"],{"text": "\n- x3 ","color": "gray"},{"translate": "stardust.copper_block","color": "gray"},{"text": "\n- x2 ","color": "gray"},{"translate": "stardust.copper_pickaxe","color": "gray"},{"text": "\n- x1 ","color": "gray"},{"translate": "stardust.cobblestone_miner_lv_2","color": "gray"},{"text": "\n- x3 ","color": "gray"},{"translate": "stardust.double_compressed_cobblestone","color": "gray"}]}},
				{"text": "醹\n","hover_event": {"action": "show_text","value": [{"text": ""},[{"text": "","font": "stardust:manual","color": "white"},"\"F\n","\"",{"text": "$腻"},{"text": "$腻"},{"text": "$腻"},"\n","\"",{"text": "U$"},{"text": "U$"},{"text": "U$"},"\n","\"",{"text": "$袞"},{"text": "$腃"},{"text": "$袞"},"\"\"",{"text": "$$腅"},"\n","\"",{"text": "U$"},{"text": "U$"},{"text": "U$"},"\"\"",{"text": "U$"},"\n","\"",{"text": "$聗"},{"text": "$聗"},{"text": "$聗"},"\n","\"",{"text": "U$"},{"text": "U$"},{"text": "U$"},"\n"],{"text": "\n- x3 ","color": "gray"},{"translate": "stardust.iron_block","color": "gray"},{"text": "\n- x2 ","color": "gray"},{"translate": "stardust.iron_pickaxe","color": "gray"},{"text": "\n- x1 ","color": "gray"},{"translate": "stardust.cobblestone_miner_lv_3","color": "gray"},{"text": "\n- x3 ","color": "gray"},{"translate": "stardust.double_compressed_cobblestone","color": "gray"}]},"click_event": {"action": "show_dialog","dialog": "stardust:manual/page_158"}},
				{"text": "0##","hover_event": {"action": "show_text","value": [{"translate": "stardust.cobblestone_miner_lv_3","color": "yellow"},{"translate": "stardust.every_minute_it_will_break_the_cobblestone_directly_below_it","color": "gray"},{"translate": "stardust.production_rate_is_144_cobblestone_per_minute","color": "gray"},{"translate": "stardust.no_energy_required","color": "gray"}]}},
				{"text": "0##","hover_event": {"action": "show_text","value": [{"text": ""},[{"text": "","font": "stardust:manual","color": "white"},"\"F\n","\"",{"text": "$袗"},{"text": "$袗"},{"text": "$袗"},"\n","\"",{"text": "U$"},{"text": "U$"},{"text": "U$"},"\n","\"",{"text": "$袘"},{"text": "$腁"},{"text": "$袘"},"\"\"",{"text": "$$腃"},"\n","\"",{"text": "U$"},{"text": "U$"},{"text": "U$"},"\"\"",{"text": "U$"},"\n","\"",{"text": "$聗"},{"text": "$聗"},{"text": "$聗"},"\n","\"",{"text": "U$"},{"text": "U$"},{"text": "U$"},"\n"],{"text": "\n- x3 ","color": "gray"},{"translate": "stardust.copper_block","color": "gray"},{"text": "\n- x2 ","color": "gray"},{"translate": "stardust.copper_pickaxe","color": "gray"},{"text": "\n- x1 ","color": "gray"},{"translate": "stardust.cobblestone_miner_lv_2","color": "gray"},{"text": "\n- x3 ","color": "gray"},{"translate": "stardust.double_compressed_cobblestone","color": "gray"}]}},
				{"text": "0","hover_event": {"action": "show_text","value": [{"text": ""},[{"text": "","font": "stardust:manual","color": "white"},"\"F\n","\"",{"text": "$腻"},{"text": "$腻"},{"text": "$腻"},"\n","\"",{"text": "U$"},{"text": "U$"},{"text": "U$"},"\n","\"",{"text": "$袞"},{"text": "$腃"},{"text": "$袞"},"\"\"",{"text": "$$腅"},"\n","\"",{"text": "U$"},{"text": "U$"},{"text": "U$"},"\"\"",{"text": "U$"},"\n","\"",{"text": "$聗"},{"text": "$聗"},{"text": "$聗"},"\n","\"",{"text": "U$"},{"text": "U$"},{"text": "U$"},"\n"],{"text": "\n- x3 ","color": "gray"},{"translate": "stardust.iron_block","color": "gray"},{"text": "\n- x2 ","color": "gray"},{"translate": "stardust.iron_pickaxe","color": "gray"},{"text": "\n- x1 ","color": "gray"},{"translate": "stardust.cobblestone_miner_lv_3","color": "gray"},{"text": "\n- x3 ","color": "gray"},{"translate": "stardust.double_compressed_cobblestone","color": "gray"}]},"click_event": {"action": "show_dialog","dialog": "stardust:manual/page_158"}},
				"\n\n\n\n\n\n\n\n\n\n\n\n\n\n\n\n"
			],
			"width": 140
		}
	]
}
