{
	"type": "minecraft:notice",
	"title": {
		"translate": "stardustfragment_manual",
		"underlined": true
	},
	"body": [
		{
			"type": "minecraft:plain_message",
			"contents": [
				{"text": "V   ","font": "stardust:manual","color": "white"},
				{"text": "\n   ","click_event": {"action": "show_dialog","dialog": "stardust:manual/page_1"},"hover_event": {"action": "show_text","value": [{"translate": "stardust.go_to_previous_page"},{"text": " (1)"}]}},
				" ",
				{"text": "   ","click_event": {"action": "show_dialog","dialog": "stardust:manual/page_2"},"hover_event": {"action": "show_text","value": [{"translate": "stardust.go_to_next_page"},{"text": " (2)"}]}},
				{"text": "\n   ","click_event": {"action": "show_dialog","dialog": "stardust:manual/page_1"},"hover_event": {"action": "show_text","value": [{"translate": "stardust.go_to_previous_page"},{"text": " (1)"}]}},
				" ",
				{"text": "   ","click_event": {"action": "show_dialog","dialog": "stardust:manual/page_2"},"hover_event": {"action": "show_text","value": [{"translate": "stardust.go_to_next_page"},{"text": " (2)"}]}}
			],
			"width": 400
		},
		{
			"type": "minecraft:plain_message",
			"contents": [
				{"text": "","font": "stardust:manual","color": "white","shadow_color": [0,0,0,0]},
				{"text": "ဠ\n\n\n\n\n\n","font": "stardust:manual","color": "white"},
				[{"text": "","font": "minecraft:default","color": "black"},{"translate": "stardust.the_following_manual_will_guide_you_through_everything_about_sta","color": "#505050"}],
				"\n\n\n\n\n\n\n\n\n\n\n\n\n\n"
			],
			"width": 150
		}
	]
}
