{
	"type": "minecraft:notice",
	"title": [
		{
			"sprite": "stardust:item/triple_compressed_cobblestone",
			"shadow_color": [
				0,
				0,
				0,
				0
			],
			"atlas": "minecraft:items"
		},
		" ",
		{
			"translate": "stardust.triple_compressed_cobblestone",
			"underlined": true,
			"atlas": "minecraft:items"
		},
		" ",
		{
			"sprite": "stardust:item/triple_compressed_cobblestone",
			"shadow_color": [
				0,
				0,
				0,
				0
			]
		}
	],
	"body": [
		{
			"type": "minecraft:plain_message",
			"contents": [
				{"text": "V   ","font": "stardust:manual","color": "white"},
				{"text": "\n   ","click_event": {"action": "show_dialog","dialog": "stardust:manual/page_39"},"hover_event": {"action": "show_text","value": [{"translate": "stardust.go_to_previous_page"}," (39)"]}},
				" ",
				{"text": "   ","click_event": {"action": "show_dialog","dialog": "stardust:manual/page_41"},"hover_event": {"action": "show_text","value": [{"translate": "stardust.go_to_next_page"}," (41)"]}},
				{"text": "\n   ","click_event": {"action": "show_dialog","dialog": "stardust:manual/page_39"},"hover_event": {"action": "show_text","value": [{"translate": "stardust.go_to_previous_page"}," (39)"]}},
				" ",
				{"text": "   ","click_event": {"action": "show_dialog","dialog": "stardust:manual/page_41"},"hover_event": {"action": "show_text","value": [{"translate": "stardust.go_to_next_page"}," (41)"]}}
			],
			"width": 400
		},
		{
			"type": "minecraft:plain_message",
			"contents": [
				{"text": "","font": "stardust:manual","color": "white","shadow_color": [0,0,0,0]},
				"\"$5\n\"",
				{"text": "$聛","hover_event": {"action": "show_item","id": "furnace","components": {"lore": [{"translate": "stardust.equivalent_to_6561_cobblestones","color": "gray","italic": false},["",{"text": "I","color": "white","italic": false,"font": "stardust:icons"},{"translate": "stardustfragment","italic": true,"color": "blue"}]],"item_model": "stardust:quadruple_compressed_cobblestone","item_name": {"translate": "stardust.quadruple_compressed_cobblestone"},"custom_data": {"stardust": {"quadruple_compressed_cobblestone": true},"smithed": {"ignore": {"functionality": true,"crafting": true}}},"container": [{"slot": 0,"item": {"id": "minecraft:stone","count": 1,"components": {"minecraft:custom_data": {"smithed": {"block": {"id": "stardust:quadruple_compressed_cobblestone","from": "stardust"}}}}}}],"tooltip_display": {"hidden_components": ["minecraft:container"]}}},"click_event": {"action": "show_dialog","dialog": "stardust:manual/page_41"}},
				"U$  \n\"",
				{"text": "U$","hover_event": {"action": "show_item","id": "furnace","components": {"lore": [{"translate": "stardust.equivalent_to_6561_cobblestones","color": "gray","italic": false},["",{"text": "I","color": "white","italic": false,"font": "stardust:icons"},{"translate": "stardustfragment","italic": true,"color": "blue"}]],"item_model": "stardust:quadruple_compressed_cobblestone","item_name": {"translate": "stardust.quadruple_compressed_cobblestone"},"custom_data": {"stardust": {"quadruple_compressed_cobblestone": true},"smithed": {"ignore": {"functionality": true,"crafting": true}}},"container": [{"slot": 0,"item": {"id": "minecraft:stone","count": 1,"components": {"minecraft:custom_data": {"smithed": {"block": {"id": "stardust:quadruple_compressed_cobblestone","from": "stardust"}}}}}}],"tooltip_display": {"hidden_components": ["minecraft:container"]}}},"click_event": {"action": "show_dialog","dialog": "stardust:manual/page_41"}},
				"U$U$",
				{"text": "$$袨","hover_event": {"action": "show_item","id": "furnace","components": {"lore": [{"translate": "stardust.equivalent_to_729_cobblestones","color": "gray","italic": false},["",{"text": "I","color": "white","italic": false,"font": "stardust:icons"},{"translate": "stardustfragment","italic": true,"color": "blue"}]],"item_model": "stardust:triple_compressed_cobblestone","item_name": {"translate": "stardust.triple_compressed_cobblestone"},"custom_data": {"stardust": {"triple_compressed_cobblestone": true},"smithed": {"ignore": {"functionality": true,"crafting": true}}},"container": [{"slot": 0,"item": {"id": "minecraft:stone","count": 1,"components": {"minecraft:custom_data": {"smithed": {"block": {"id": "stardust:triple_compressed_cobblestone","from": "stardust"}}}}}}],"tooltip_display": {"hidden_components": ["minecraft:container"]}}}},
				"#$\n\"U$U$U$",
				{"text": "U$","hover_event": {"action": "show_item","id": "furnace","components": {"lore": [{"translate": "stardust.equivalent_to_729_cobblestones","color": "gray","italic": false},["",{"text": "I","color": "white","italic": false,"font": "stardust:icons"},{"translate": "stardustfragment","italic": true,"color": "blue"}]],"item_model": "stardust:triple_compressed_cobblestone","item_name": {"translate": "stardust.triple_compressed_cobblestone"},"custom_data": {"stardust": {"triple_compressed_cobblestone": true},"smithed": {"ignore": {"functionality": true,"crafting": true}}},"container": [{"slot": 0,"item": {"id": "minecraft:stone","count": 1,"components": {"minecraft:custom_data": {"smithed": {"block": {"id": "stardust:triple_compressed_cobblestone","from": "stardust"}}}}}}],"tooltip_display": {"hidden_components": ["minecraft:container"]}}}},
				"#$\n\n\n",
				{"text": "1##","hover_event": {"action": "show_text","value": [{"translate": "stardust.triple_compressed_compressed_cobblestone","color": "yellow"},{"translate": "stardust.equals_to_729_cobblestones","color": "gray"}]}},
				{"text": "2##","hover_event": {"action": "show_text","value": [{"text": ""},[{"text": "","font": "stardust:manual","color": "white"},"\"F\n","\"",{"text": "$聗"},{"text": "$聗"},{"text": "$聗"},"\n","\"",{"text": "U$"},{"text": "U$"},{"text": "U$"},"\n","\"",{"text": "$聗"},{"text": "$聗"},{"text": "$聗"},"\"\"",{"text": "$$聙"},"\n","\"",{"text": "U$"},{"text": "U$"},{"text": "U$"},"\"\"",{"text": "U$"},"\n","\"",{"text": "$聗"},{"text": "$聗"},{"text": "$聗"},"\n","\"",{"text": "U$"},{"text": "U$"},{"text": "U$"},"\n"],{"text": "\n- x9 ","color": "gray"},{"translate": "stardust.double_compressed_cobblestone","color": "gray"}]},"click_event": {"action": "show_dialog","dialog": "stardust:manual/page_39"}},
				{"text": "2##","hover_event": {"action": "show_text","value": [{"text": ""},[{"text": "","font": "stardust:manual","color": "white"},"\"E\n","\"",{"text": "$聛"},"\n","\"",{"text": "U$"},"U$U$",{"text": "$$袨"},"\n\"","U$U$U$",{"text": "U$"},"\n","\n"],{"text": "\n- x1 ","color": "gray"},{"translate": "stardust.quadruple_compressed_cobblestone","color": "gray"}]},"click_event": {"action": "show_dialog","dialog": "stardust:manual/page_41"}},
				{"text": "2##","hover_event": {"action": "show_text","value": [{"text": ""},[{"text": "","font": "stardust:manual","color": "white"},"\"I\n","\n\n","\"",{"text": "$聛"},"\"\"\"\"#U$",{"text": "$$袨"},"\n","\"",{"text": "U$"},"\"\"\"\"#U$",{"text": "U$"},"\n","\n"],{"translate": "stardust.simplenergy_pulverizing","color": "yellow"},{"text": "\n- x1 ","color": "gray"},{"translate": "stardust.quadruple_compressed_cobblestone","color": "gray"}]},"click_event": {"action": "show_dialog","dialog": "stardust:manual/page_41"}},
				{"text": "袲##","hover_event": {"action": "show_text","value": [{"text": ""},[{"text": "","font": "stardust:manual","color": "white"},"\"E\n","\"",{"text": "$聙"},"\n","\"",{"text": "U$"},"U$U$",{"text": "$$袎"},"\n\"","U$U$U$",{"text": "U$"},"\n","\n"],{"text": "\n- x1 ","color": "gray"},{"translate": "stardust.triple_compressed_cobblestone","color": "gray"}]},"click_event": {"action": "show_dialog","dialog": "stardust:manual/page_39"}},
				{"text": "袵\n","hover_event": {"action": "show_text","value": [{"text": ""},[{"text": "","font": "stardust:manual","color": "white"},"\"F\n","\"",{"text": "$聙"},{"text": "$聙"},{"text": "$聙"},"\n","\"",{"text": "U$"},{"text": "U$"},{"text": "U$"},"\n","\"",{"text": "$聙"},{"text": "$聙"},{"text": "$聙"},"\"\"",{"text": "$$聛"},"\n","\"",{"text": "U$"},{"text": "U$"},{"text": "U$"},"\"\"",{"text": "U$"},"\n","\"",{"text": "$聙"},{"text": "$聙"},{"text": "$聙"},"\n","\"",{"text": "U$"},{"text": "U$"},{"text": "U$"},"\n"],{"text": "\n- x9 ","color": "gray"},{"translate": "stardust.triple_compressed_cobblestone","color": "gray"}]},"click_event": {"action": "show_dialog","dialog": "stardust:manual/page_41"}},
				{"text": "0##","hover_event": {"action": "show_text","value": [{"translate": "stardust.triple_compressed_compressed_cobblestone","color": "yellow"},{"translate": "stardust.equals_to_729_cobblestones","color": "gray"}]}},
				{"text": "0##","hover_event": {"action": "show_text","value": [{"text": ""},[{"text": "","font": "stardust:manual","color": "white"},"\"F\n","\"",{"text": "$聗"},{"text": "$聗"},{"text": "$聗"},"\n","\"",{"text": "U$"},{"text": "U$"},{"text": "U$"},"\n","\"",{"text": "$聗"},{"text": "$聗"},{"text": "$聗"},"\"\"",{"text": "$$聙"},"\n","\"",{"text": "U$"},{"text": "U$"},{"text": "U$"},"\"\"",{"text": "U$"},"\n","\"",{"text": "$聗"},{"text": "$聗"},{"text": "$聗"},"\n","\"",{"text": "U$"},{"text": "U$"},{"text": "U$"},"\n"],{"text": "\n- x9 ","color": "gray"},{"translate": "stardust.double_compressed_cobblestone","color": "gray"}]},"click_event": {"action": "show_dialog","dialog": "stardust:manual/page_39"}},
				{"text": "0##","hover_event": {"action": "show_text","value": [{"text": ""},[{"text": "","font": "stardust:manual","color": "white"},"\"E\n","\"",{"text": "$聛"},"\n","\"",{"text": "U$"},"U$U$",{"text": "$$袨"},"\n\"","U$U$U$",{"text": "U$"},"\n","\n"],{"text": "\n- x1 ","color": "gray"},{"translate": "stardust.quadruple_compressed_cobblestone","color": "gray"}]},"click_event": {"action": "show_dialog","dialog": "stardust:manual/page_41"}},
				{"text": "0##","hover_event": {"action": "show_text","value": [{"text": ""},[{"text": "","font": "stardust:manual","color": "white"},"\"I\n","\n\n","\"",{"text": "$聛"},"\"\"\"\"#U$",{"text": "$$袨"},"\n","\"",{"text": "U$"},"\"\"\"\"#U$",{"text": "U$"},"\n","\n"],{"translate": "stardust.simplenergy_pulverizing","color": "yellow"},{"text": "\n- x1 ","color": "gray"},{"translate": "stardust.quadruple_compressed_cobblestone","color": "gray"}]},"click_event": {"action": "show_dialog","dialog": "stardust:manual/page_41"}},
				{"text": "0##","hover_event": {"action": "show_text","value": [{"text": ""},[{"text": "","font": "stardust:manual","color": "white"},"\"E\n","\"",{"text": "$聙"},"\n","\"",{"text": "U$"},"U$U$",{"text": "$$袎"},"\n\"","U$U$U$",{"text": "U$"},"\n","\n"],{"text": "\n- x1 ","color": "gray"},{"translate": "stardust.triple_compressed_cobblestone","color": "gray"}]},"click_event": {"action": "show_dialog","dialog": "stardust:manual/page_39"}},
				{"text": "0\n","hover_event": {"action": "show_text","value": [{"text": ""},[{"text": "","font": "stardust:manual","color": "white"},"\"F\n","\"",{"text": "$聙"},{"text": "$聙"},{"text": "$聙"},"\n","\"",{"text": "U$"},{"text": "U$"},{"text": "U$"},"\n","\"",{"text": "$聙"},{"text": "$聙"},{"text": "$聙"},"\"\"",{"text": "$$聛"},"\n","\"",{"text": "U$"},{"text": "U$"},{"text": "U$"},"\"\"",{"text": "U$"},"\n","\"",{"text": "$聙"},{"text": "$聙"},{"text": "$聙"},"\n","\"",{"text": "U$"},{"text": "U$"},{"text": "U$"},"\n"],{"text": "\n- x9 ","color": "gray"},{"translate": "stardust.triple_compressed_cobblestone","color": "gray"}]},"click_event": {"action": "show_dialog","dialog": "stardust:manual/page_41"}},
				{"text": "袻##","hover_event": {"action": "show_text","value": [{"text": ""},[{"text": "","font": "stardust:manual","color": "white"},"\"F\n","\"",{"text": "$臱"},{"text": "$臱"},{"text": "$臱"},"\n","\"",{"text": "U$"},{"text": "U$"},{"text": "U$"},"\n","\"",{"text": "$耥"},{"text": "$肓"},{"text": "$耥"},"\"\"",{"text": "$$肕"},"\n","\"",{"text": "U$"},{"text": "U$"},{"text": "U$"},"\"\"",{"text": "U$"},"\n","\"",{"text": "$聙"},{"text": "$聙"},{"text": "$聙"},"\n","\"",{"text": "U$"},{"text": "U$"},{"text": "U$"},"\n"],{"text": "\n- x3 ","color": "gray"},{"translate": "stardust.warped_fungus","color": "gray"},{"text": "\n- x2 ","color": "gray"},{"translate": "stardust_essence","color": "gray"},{"text": "\n- x1 ","color": "gray"},{"translate": "stardust.quarry_lv_1","color": "gray"},{"text": "\n- x3 ","color": "gray"},{"translate": "stardust.triple_compressed_cobblestone","color": "gray"}]},"click_event": {"action": "show_dialog","dialog": "stardust:manual/page_70"}},
				{"text": "裁##","hover_event": {"action": "show_text","value": [{"text": ""},[{"text": "","font": "stardust:manual","color": "white"},"\"F\n","\"",{"text": "$苞"},{"text": "$苞"},{"text": "$苞"},"\n","\"",{"text": "U$"},{"text": "U$"},{"text": "U$"},"\n","\"",{"text": "$袾"},{"text": "$腅"},{"text": "$袾"},"\"\"",{"text": "$$腇"},"\n","\"",{"text": "U$"},{"text": "U$"},{"text": "U$"},"\"\"",{"text": "U$"},"\n","\"",{"text": "$聙"},{"text": "$聙"},{"text": "$聙"},"\n","\"",{"text": "U$"},{"text": "U$"},{"text": "U$"},"\n"],{"text": "\n- x3 ","color": "gray"},{"translate": "stardust.gold_block","color": "gray"},{"text": "\n- x2 ","color": "gray"},{"translate": "stardust.golden_pickaxe","color": "gray"},{"text": "\n- x1 ","color": "gray"},{"translate": "stardust.cobblestone_miner_lv_4","color": "gray"},{"text": "\n- x3 ","color": "gray"},{"translate": "stardust.triple_compressed_cobblestone","color": "gray"}]},"click_event": {"action": "show_dialog","dialog": "stardust:manual/page_159"}},
				{"text": "裇\n","hover_event": {"action": "show_text","value": [{"text": ""},[{"text": "","font": "stardust:manual","color": "white"},"\"F\n","\"",{"text": "$膶"},{"text": "$膶"},{"text": "$膶"},"\n","\"",{"text": "U$"},{"text": "U$"},{"text": "U$"},"\n","\"",{"text": "$茦"},{"text": "$腇"},{"text": "$茦"},"\"\"",{"text": "$$腉"},"\n","\"",{"text": "U$"},{"text": "U$"},{"text": "U$"},"\"\"",{"text": "U$"},"\n","\"",{"text": "$聙"},{"text": "$聙"},{"text": "$聙"},"\n","\"",{"text": "U$"},{"text": "U$"},{"text": "U$"},"\n"],{"text": "\n- x3 ","color": "gray"},{"translate": "stardust.diamond_block","color": "gray"},{"text": "\n- x2 ","color": "gray"},{"translate": "stardust.diamond_pickaxe","color": "gray"},{"text": "\n- x1 ","color": "gray"},{"translate": "stardust.cobblestone_miner_lv_5","color": "gray"},{"text": "\n- x3 ","color": "gray"},{"translate": "stardust.triple_compressed_cobblestone","color": "gray"}]},"click_event": {"action": "show_dialog","dialog": "stardust:manual/page_160"}},
				{"text": "0##","hover_event": {"action": "show_text","value": [{"text": ""},[{"text": "","font": "stardust:manual","color": "white"},"\"F\n","\"",{"text": "$臱"},{"text": "$臱"},{"text": "$臱"},"\n","\"",{"text": "U$"},{"text": "U$"},{"text": "U$"},"\n","\"",{"text": "$耥"},{"text": "$肓"},{"text": "$耥"},"\"\"",{"text": "$$肕"},"\n","\"",{"text": "U$"},{"text": "U$"},{"text": "U$"},"\"\"",{"text": "U$"},"\n","\"",{"text": "$聙"},{"text": "$聙"},{"text": "$聙"},"\n","\"",{"text": "U$"},{"text": "U$"},{"text": "U$"},"\n"],{"text": "\n- x3 ","color": "gray"},{"translate": "stardust.warped_fungus","color": "gray"},{"text": "\n- x2 ","color": "gray"},{"translate": "stardust_essence","color": "gray"},{"text": "\n- x1 ","color": "gray"},{"translate": "stardust.quarry_lv_1","color": "gray"},{"text": "\n- x3 ","color": "gray"},{"translate": "stardust.triple_compressed_cobblestone","color": "gray"}]},"click_event": {"action": "show_dialog","dialog": "stardust:manual/page_70"}},
				{"text": "0##","hover_event": {"action": "show_text","value": [{"text": ""},[{"text": "","font": "stardust:manual","color": "white"},"\"F\n","\"",{"text": "$苞"},{"text": "$苞"},{"text": "$苞"},"\n","\"",{"text": "U$"},{"text": "U$"},{"text": "U$"},"\n","\"",{"text": "$袾"},{"text": "$腅"},{"text": "$袾"},"\"\"",{"text": "$$腇"},"\n","\"",{"text": "U$"},{"text": "U$"},{"text": "U$"},"\"\"",{"text": "U$"},"\n","\"",{"text": "$聙"},{"text": "$聙"},{"text": "$聙"},"\n","\"",{"text": "U$"},{"text": "U$"},{"text": "U$"},"\n"],{"text": "\n- x3 ","color": "gray"},{"translate": "stardust.gold_block","color": "gray"},{"text": "\n- x2 ","color": "gray"},{"translate": "stardust.golden_pickaxe","color": "gray"},{"text": "\n- x1 ","color": "gray"},{"translate": "stardust.cobblestone_miner_lv_4","color": "gray"},{"text": "\n- x3 ","color": "gray"},{"translate": "stardust.triple_compressed_cobblestone","color": "gray"}]},"click_event": {"action": "show_dialog","dialog": "stardust:manual/page_159"}},
				{"text": "0","hover_event": {"action": "show_text","value": [{"text": ""},[{"text": "","font": "stardust:manual","color": "white"},"\"F\n","\"",{"text": "$膶"},{"text": "$膶"},{"text": "$膶"},"\n","\"",{"text": "U$"},{"text": "U$"},{"text": "U$"},"\n","\"",{"text": "$茦"},{"text": "$腇"},{"text": "$茦"},"\"\"",{"text": "$$腉"},"\n","\"",{"text": "U$"},{"text": "U$"},{"text": "U$"},"\"\"",{"text": "U$"},"\n","\"",{"text": "$聙"},{"text": "$聙"},{"text": "$聙"},"\n","\"",{"text": "U$"},{"text": "U$"},{"text": "U$"},"\n"],{"text": "\n- x3 ","color": "gray"},{"translate": "stardust.diamond_block","color": "gray"},{"text": "\n- x2 ","color": "gray"},{"translate": "stardust.diamond_pickaxe","color": "gray"},{"text": "\n- x1 ","color": "gray"},{"translate": "stardust.cobblestone_miner_lv_5","color": "gray"},{"text": "\n- x3 ","color": "gray"},{"translate": "stardust.triple_compressed_cobblestone","color": "gray"}]},"click_event": {"action": "show_dialog","dialog": "stardust:manual/page_160"}},
				"\n\n\n\n\n\n\n\n\n\n\n\n\n\n\n\n"
			],
			"width": 140
		}
	]
}
