{
	"type": "minecraft:notice",
	"title": {
		"translate": "stardust.solarium_seed",
		"underlined": true
	},
	"body": [
		{
			"type": "minecraft:plain_message",
			"contents": [
				{"text": "V   ","font": "stardust:manual","color": "white"},
				{"text": "\n   ","click_event": {"action": "show_dialog","dialog": "stardust:manual/page_150"},"hover_event": {"action": "show_text","value": [{"translate": "stardust.go_to_previous_page"},{"translate": "stardust.150"}]}},
				" ",
				{"text": "   ","click_event": {"action": "show_dialog","dialog": "stardust:manual/page_152"},"hover_event": {"action": "show_text","value": [{"translate": "stardust.go_to_next_page"},{"translate": "stardust.152"}]}},
				{"text": "\n   ","click_event": {"action": "show_dialog","dialog": "stardust:manual/page_150"},"hover_event": {"action": "show_text","value": [{"translate": "stardust.go_to_previous_page"},{"translate": "stardust.150"}]}},
				" ",
				{"text": "   ","click_event": {"action": "show_dialog","dialog": "stardust:manual/page_152"},"hover_event": {"action": "show_text","value": [{"translate": "stardust.go_to_next_page"},{"translate": "stardust.152"}]}}
			],
			"width": 400
		},
		{
			"type": "minecraft:plain_message",
			"contents": [
				{"text": "","font": "stardust:manual","color": "white","shadow_color": [0,0,0,0]},
				"Ⴖ\n",
				{"text": "  \n  \n  \n  \n\n","hover_event": {"action": "show_item","id": "item_frame","components": {"lore": [{"translate": "stardust.can_only_be_planted_on_magma_block","italic": false,"color": "gray"},["",{"text": "I","color": "white","italic": false,"font": "stardust:icons"},{"translate": "stardustfragment","italic": true,"color": "blue"}]],"item_model": "stardust:solarium_seed","item_name": {"translate": "stardust.solarium_seed"},"custom_data": {"stardust": {"solarium_seed": true},"smithed": {"ignore": {"functionality": true,"crafting": true}}},"entity_data": {"id": "minecraft:item_frame","Tags": ["stardust.new","stardust.solarium_seed"],"Invisible": true,"Silent": true}}},"click_event": {"action": "show_dialog","dialog": "stardust:manual/page_151"}},
				{"text": "1\n0","hover_event": {"action": "show_text","value": [{"translate": "stardust.magical_seed_that_grows_solarium","color": "yellow"},{"translate": "stardust.can_only_be_planted_on_magma_blocks","color": "gray"},{"translate": "stardust.grows_fully_after_64_minutes","color": "gray"},{"translate": "stardust.yields_1_2_solarium_fragments_when_harvested","color": "gray"},{"translate": "stardust.fortune_effect_applies_10_per_level","color": "gray"}]}},
				"\n\n\n\n\n\n\n\n\n\n\n\n\n\n\n\n\n\n"
			],
			"width": 140
		}
	]
}
