{
	"type": "minecraft:notice",
	"title": {
		"translate": "stardust.solarium_photovoltaic_cell",
		"underlined": true
	},
	"body": [
		{
			"type": "minecraft:plain_message",
			"contents": [
				{"text": "V   ","font": "stardust:manual","color": "white"},
				{"text": "\n   ","click_event": {"action": "show_dialog","dialog": "stardust:manual/page_52"},"hover_event": {"action": "show_text","value": [{"translate": "stardust.go_to_previous_page"},{"text": " (52)"}]}},
				" ",
				{"text": "   ","click_event": {"action": "show_dialog","dialog": "stardust:manual/page_54"},"hover_event": {"action": "show_text","value": [{"translate": "stardust.go_to_next_page"},{"text": " (54)"}]}},
				{"text": "\n   ","click_event": {"action": "show_dialog","dialog": "stardust:manual/page_52"},"hover_event": {"action": "show_text","value": [{"translate": "stardust.go_to_previous_page"},{"text": " (52)"}]}},
				" ",
				{"text": "   ","click_event": {"action": "show_dialog","dialog": "stardust:manual/page_54"},"hover_event": {"action": "show_text","value": [{"translate": "stardust.go_to_next_page"},{"text": " (54)"}]}}
			],
			"width": 400
		},
		{
			"type": "minecraft:plain_message",
			"contents": [
				{"text": "","font": "stardust:manual","color": "white","shadow_color": [0,0,0,0]},
				"\"$6\n\"",
				{"text": "$聃$聃$聃","hover_event": {"action": "show_item","id": "command_block","components": {"item_name": {"translate": "stardust.solarium_ingot"},"lore": [["",{"text": "I","color": "white","italic": false,"font": "stardust:icons"},{"translate": "stardustfragment","italic": true,"color": "blue"}]]}},"click_event": {"action": "show_dialog","dialog": "stardust:manual/page_29"}},
				"  \n\"",
				{"translate": "stardust.uuu","hover_event": {"action": "show_item","id": "command_block","components": {"item_name": {"translate": "stardust.solarium_ingot"},"lore": [["",{"text": "I","color": "white","italic": false,"font": "stardust:icons"},{"translate": "stardustfragment","italic": true,"color": "blue"}]]}},"click_event": {"action": "show_dialog","dialog": "stardust:manual/page_29"}},
				"  \n\"",
				{"text": "$聯$聯$聯","hover_event": {"action": "show_item","id": "command_block","components": {"item_name": {"translate": "stardust.awakened_photovoltaic_cell"},"lore": [["",{"text": "I","color": "white","italic": false,"font": "stardust:icons"},{"translate": "stardustfragment","italic": true,"color": "blue"}]]}},"click_event": {"action": "show_dialog","dialog": "stardust:manual/page_51"}},
				"\"\"",
				{"text": "$$聳","hover_event": {"action": "show_item","id": "command_block","components": {"item_name": {"translate": "stardust.solarium_photovoltaic_cell"},"lore": [["",{"text": "I","color": "white","italic": false,"font": "stardust:icons"},{"translate": "stardustfragment","italic": true,"color": "blue"}]]}}},
				"#$\n\"",
				{"translate": "stardust.uuu","hover_event": {"action": "show_item","id": "command_block","components": {"item_name": {"translate": "stardust.awakened_photovoltaic_cell"},"lore": [["",{"text": "I","color": "white","italic": false,"font": "stardust:icons"},{"translate": "stardustfragment","italic": true,"color": "blue"}]]}},"click_event": {"action": "show_dialog","dialog": "stardust:manual/page_51"}},
				"\"\"",
				{"text": "U$","hover_event": {"action": "show_item","id": "command_block","components": {"item_name": {"translate": "stardust.solarium_photovoltaic_cell"},"lore": [["",{"text": "I","color": "white","italic": false,"font": "stardust:icons"},{"translate": "stardustfragment","italic": true,"color": "blue"}]]}}},
				"#$\n\"",
				{"text": "$聃$聃$聃","hover_event": {"action": "show_item","id": "command_block","components": {"item_name": {"translate": "stardust.solarium_ingot"},"lore": [["",{"text": "I","color": "white","italic": false,"font": "stardust:icons"},{"translate": "stardustfragment","italic": true,"color": "blue"}]]}},"click_event": {"action": "show_dialog","dialog": "stardust:manual/page_29"}},
				"  \n\"",
				{"translate": "stardust.uuu","hover_event": {"action": "show_item","id": "command_block","components": {"item_name": {"translate": "stardust.solarium_ingot"},"lore": [["",{"text": "I","color": "white","italic": false,"font": "stardust:icons"},{"translate": "stardustfragment","italic": true,"color": "blue"}]]}},"click_event": {"action": "show_dialog","dialog": "stardust:manual/page_29"}},
				"  \n\n",
				{"text": "1##","hover_event": {"action": "show_text","value": [{"translate": "stardust.solarium_photovoltaic_cell_made_from_solar_energy","color": "yellow"},{"translate": "stardust.used_to_convert_sunlight_into_energy_even_more_efficiently","color": "gray"}]}},
				{"text": "2##","hover_event": {"action": "show_text","value": [{"text": ""},[{"text": "","font": "stardust:manual","color": "white"},"\"F\n","\"",{"text": "$聃"},{"text": "$聃"},{"text": "$聃"},"\n","\"",{"text": "U$"},{"text": "U$"},{"text": "U$"},"\n","\"",{"text": "$聯"},{"text": "$聯"},{"text": "$聯"},"\"\"",{"text": "$$聳"},"\n","\"",{"text": "U$"},{"text": "U$"},{"text": "U$"},"\"\"",{"text": "U$"},"\n","\"",{"text": "$聃"},{"text": "$聃"},{"text": "$聃"},"\n","\"",{"text": "U$"},{"text": "U$"},{"text": "U$"},"\n"],{"text": "\n- x6 ","color": "gray"},{"translate": "stardust.solarium_ingot","color": "gray"},{"text": "\n- x3 ","color": "gray"},{"translate": "stardust.awakened_photovoltaic_cell","color": "gray"}]}},
				{"text": "2##","hover_event": {"action": "show_text","value": [{"text": ""},[{"text": "","font": "stardust:manual","color": "white"},"\"F\n","\"",{"text": "$聃"},{"text": "$聯"},{"text": "$聃"},"\n","\"",{"text": "U$"},{"text": "U$"},{"text": "U$"},"\n","\"",{"text": "$聃"},{"text": "$聯"},{"text": "$聃"},"\"\"",{"text": "$$聳"},"\n","\"",{"text": "U$"},{"text": "U$"},{"text": "U$"},"\"\"",{"text": "U$"},"\n","\"",{"text": "$聃"},{"text": "$聯"},{"text": "$聃"},"\n","\"",{"text": "U$"},{"text": "U$"},{"text": "U$"},"\n"],{"text": "\n- x6 ","color": "gray"},{"translate": "stardust.solarium_ingot","color": "gray"},{"text": "\n- x3 ","color": "gray"},{"translate": "stardust.awakened_photovoltaic_cell","color": "gray"}]}},
				{"text": "薺##","hover_event": {"action": "show_text","value": [{"text": ""},[{"text": "","font": "stardust:manual","color": "white"},"\"F\n","\"",{"text": "$聱"},{"text": "$聳"},{"text": "$聵"},"\n","\"",{"text": "U$"},{"text": "U$"},{"text": "U$"},"\n","\"","U$",{"text": "$聑"},"U$","\"\"",{"text": "$$職"},"\n","\"","U$",{"text": "U$"},"U$","\"\"",{"text": "U$"},"\n","\n\n"],{"text": "\n- x1 ","color": "gray"},{"translate": "stardust.legendarium_photovoltaic_cell","color": "gray"},{"text": "\n- x1 ","color": "gray"},{"translate": "stardust.solarium_photovoltaic_cell","color": "gray"},{"text": "\n- x1 ","color": "gray"},{"translate": "stardust.darkium_photovoltaic_cell","color": "gray"},{"text": "\n- x1 ","color": "gray"},{"translate": "stardust.ultimate_shard","color": "gray"}]},"click_event": {"action": "show_dialog","dialog": "stardust:manual/page_55"}},
				{"text": "藀\n","hover_event": {"action": "show_text","value": [{"text": ""},[{"text": "","font": "stardust:manual","color": "white"},"\"F\n","\"",{"text": "$聳"},{"text": "$聳"},{"text": "$聳"},"\n","\"",{"text": "U$"},{"text": "U$"},{"text": "U$"},"\n","\"",{"text": "$聃"},{"text": "$肉"},{"text": "$聃"},"\"\"",{"text": "$$肍"},"\n","\"",{"text": "U$"},{"text": "U$"},{"text": "U$"},"\"\"",{"text": "U$"},"\n","\"",{"text": "$荅"},{"text": "$荅"},{"text": "$荅"},"\n","\"",{"text": "U$"},{"text": "U$"},{"text": "U$"},"\n"],{"text": "\n- x3 ","color": "gray"},{"translate": "stardust.solarium_photovoltaic_cell","color": "gray"},{"text": "\n- x2 ","color": "gray"},{"translate": "stardust.solarium_ingot","color": "gray"},{"text": "\n- x1 ","color": "gray"},{"translate": "stardust.awakened_solar_panel","color": "gray"},{"text": "\n- x3 ","color": "gray"},{"translate": "stardust.calcite","color": "gray"}]},"click_event": {"action": "show_dialog","dialog": "stardust:manual/page_66"}},
				{"text": "0##","hover_event": {"action": "show_text","value": [{"translate": "stardust.solarium_photovoltaic_cell_made_from_solar_energy","color": "yellow"},{"translate": "stardust.used_to_convert_sunlight_into_energy_even_more_efficiently","color": "gray"}]}},
				{"text": "0##","hover_event": {"action": "show_text","value": [{"text": ""},[{"text": "","font": "stardust:manual","color": "white"},"\"F\n","\"",{"text": "$聃"},{"text": "$聃"},{"text": "$聃"},"\n","\"",{"text": "U$"},{"text": "U$"},{"text": "U$"},"\n","\"",{"text": "$聯"},{"text": "$聯"},{"text": "$聯"},"\"\"",{"text": "$$聳"},"\n","\"",{"text": "U$"},{"text": "U$"},{"text": "U$"},"\"\"",{"text": "U$"},"\n","\"",{"text": "$聃"},{"text": "$聃"},{"text": "$聃"},"\n","\"",{"text": "U$"},{"text": "U$"},{"text": "U$"},"\n"],{"text": "\n- x6 ","color": "gray"},{"translate": "stardust.solarium_ingot","color": "gray"},{"text": "\n- x3 ","color": "gray"},{"translate": "stardust.awakened_photovoltaic_cell","color": "gray"}]}},
				{"text": "0##","hover_event": {"action": "show_text","value": [{"text": ""},[{"text": "","font": "stardust:manual","color": "white"},"\"F\n","\"",{"text": "$聃"},{"text": "$聯"},{"text": "$聃"},"\n","\"",{"text": "U$"},{"text": "U$"},{"text": "U$"},"\n","\"",{"text": "$聃"},{"text": "$聯"},{"text": "$聃"},"\"\"",{"text": "$$聳"},"\n","\"",{"text": "U$"},{"text": "U$"},{"text": "U$"},"\"\"",{"text": "U$"},"\n","\"",{"text": "$聃"},{"text": "$聯"},{"text": "$聃"},"\n","\"",{"text": "U$"},{"text": "U$"},{"text": "U$"},"\n"],{"text": "\n- x6 ","color": "gray"},{"translate": "stardust.solarium_ingot","color": "gray"},{"text": "\n- x3 ","color": "gray"},{"translate": "stardust.awakened_photovoltaic_cell","color": "gray"}]}},
				{"text": "0##","hover_event": {"action": "show_text","value": [{"text": ""},[{"text": "","font": "stardust:manual","color": "white"},"\"F\n","\"",{"text": "$聱"},{"text": "$聳"},{"text": "$聵"},"\n","\"",{"text": "U$"},{"text": "U$"},{"text": "U$"},"\n","\"","U$",{"text": "$聑"},"U$","\"\"",{"text": "$$職"},"\n","\"","U$",{"text": "U$"},"U$","\"\"",{"text": "U$"},"\n","\n\n"],{"text": "\n- x1 ","color": "gray"},{"translate": "stardust.legendarium_photovoltaic_cell","color": "gray"},{"text": "\n- x1 ","color": "gray"},{"translate": "stardust.solarium_photovoltaic_cell","color": "gray"},{"text": "\n- x1 ","color": "gray"},{"translate": "stardust.darkium_photovoltaic_cell","color": "gray"},{"text": "\n- x1 ","color": "gray"},{"translate": "stardust.ultimate_shard","color": "gray"}]},"click_event": {"action": "show_dialog","dialog": "stardust:manual/page_55"}},
				{"text": "0","hover_event": {"action": "show_text","value": [{"text": ""},[{"text": "","font": "stardust:manual","color": "white"},"\"F\n","\"",{"text": "$聳"},{"text": "$聳"},{"text": "$聳"},"\n","\"",{"text": "U$"},{"text": "U$"},{"text": "U$"},"\n","\"",{"text": "$聃"},{"text": "$肉"},{"text": "$聃"},"\"\"",{"text": "$$肍"},"\n","\"",{"text": "U$"},{"text": "U$"},{"text": "U$"},"\"\"",{"text": "U$"},"\n","\"",{"text": "$荅"},{"text": "$荅"},{"text": "$荅"},"\n","\"",{"text": "U$"},{"text": "U$"},{"text": "U$"},"\n"],{"text": "\n- x3 ","color": "gray"},{"translate": "stardust.solarium_photovoltaic_cell","color": "gray"},{"text": "\n- x2 ","color": "gray"},{"translate": "stardust.solarium_ingot","color": "gray"},{"text": "\n- x1 ","color": "gray"},{"translate": "stardust.awakened_solar_panel","color": "gray"},{"text": "\n- x3 ","color": "gray"},{"translate": "stardust.calcite","color": "gray"}]},"click_event": {"action": "show_dialog","dialog": "stardust:manual/page_66"}},
				"\n\n\n\n\n\n\n\n\n\n\n"
			],
			"width": 150
		}
	]
}
