{
	"type": "minecraft:notice",
	"title": {
		"translate": "stardust.awakened_photovoltaic_cell",
		"underlined": true
	},
	"body": [
		{
			"type": "minecraft:plain_message",
			"contents": [
				{"text": "V   ","font": "stardust:manual","color": "white"},
				{"text": "\n   ","click_event": {"action": "show_dialog","dialog": "stardust:manual/page_48"},"hover_event": {"action": "show_text","value": [{"translate": "stardust.go_to_previous_page"}," (48)"]}},
				" ",
				{"text": "   ","click_event": {"action": "show_dialog","dialog": "stardust:manual/page_50"},"hover_event": {"action": "show_text","value": [{"translate": "stardust.go_to_next_page"}," (50)"]}},
				{"text": "\n   ","click_event": {"action": "show_dialog","dialog": "stardust:manual/page_48"},"hover_event": {"action": "show_text","value": [{"translate": "stardust.go_to_previous_page"}," (48)"]}},
				" ",
				{"text": "   ","click_event": {"action": "show_dialog","dialog": "stardust:manual/page_50"},"hover_event": {"action": "show_text","value": [{"translate": "stardust.go_to_next_page"}," (50)"]}}
			],
			"width": 400
		},
		{
			"type": "minecraft:plain_message",
			"contents": [
				{"text": "","font": "stardust:manual","color": "white","shadow_color": [0,0,0,0]},
				"\"$6\n\"",
				{"text": "$耵$耵$耵","hover_event": {"action": "show_item","id": "command_block","components": {"custom_data": {"smithed": {"dict": {"awakened_stardust": {"awakened_stardust": true}},"ignore": {"functionality": true,"crafting": true}},"stardust": {"awakened_stardust": true}},"item_model": "stardust:awakened_stardust","item_name": {"translate": "stardust.awakened_stardust"},"lore": [["",{"text": "I","color": "white","italic": false,"font": "stardust:icons"},{"translate": "stardustfragment","italic": true,"color": "blue"}]]}},"click_event": {"action": "show_dialog","dialog": "stardust:manual/page_20"}},
				"  \n\"",
				{"translate": "stardust.uuu","hover_event": {"action": "show_item","id": "command_block","components": {"custom_data": {"smithed": {"dict": {"awakened_stardust": {"awakened_stardust": true}},"ignore": {"functionality": true,"crafting": true}},"stardust": {"awakened_stardust": true}},"item_model": "stardust:awakened_stardust","item_name": {"translate": "stardust.awakened_stardust"},"lore": [["",{"text": "I","color": "white","italic": false,"font": "stardust:icons"},{"translate": "stardustfragment","italic": true,"color": "blue"}]]}},"click_event": {"action": "show_dialog","dialog": "stardust:manual/page_20"}},
				"  \n\"",
				{"text": "$聭$聭$聭","hover_event": {"action": "show_item","id": "command_block","components": {"item_model": "stardust:stardust_photovoltaic_cell","item_name": {"translate": "stardust_photovoltaic_cell"},"lore": [["",{"text": "I","color": "white","italic": false,"font": "stardust:icons"},{"translate": "stardustfragment","italic": true,"color": "blue"}]],"custom_data": {"stardust": {"stardust_photovoltaic_cell": true},"smithed": {"ignore": {"functionality": true,"crafting": true}}}}},"click_event": {"action": "show_dialog","dialog": "stardust:manual/page_48"}},
				"\"\"",
				{"text": "$$聯","hover_event": {"action": "show_item","id": "command_block","components": {"item_model": "stardust:awakened_photovoltaic_cell","item_name": {"translate": "stardust.awakened_photovoltaic_cell"},"lore": [["",{"text": "I","color": "white","italic": false,"font": "stardust:icons"},{"translate": "stardustfragment","italic": true,"color": "blue"}]],"custom_data": {"stardust": {"awakened_photovoltaic_cell": true},"smithed": {"ignore": {"functionality": true,"crafting": true}}}}}},
				"#$\n\"",
				{"translate": "stardust.uuu","hover_event": {"action": "show_item","id": "command_block","components": {"item_model": "stardust:stardust_photovoltaic_cell","item_name": {"translate": "stardust_photovoltaic_cell"},"lore": [["",{"text": "I","color": "white","italic": false,"font": "stardust:icons"},{"translate": "stardustfragment","italic": true,"color": "blue"}]],"custom_data": {"stardust": {"stardust_photovoltaic_cell": true},"smithed": {"ignore": {"functionality": true,"crafting": true}}}}},"click_event": {"action": "show_dialog","dialog": "stardust:manual/page_48"}},
				"\"\"",
				{"text": "U$","hover_event": {"action": "show_item","id": "command_block","components": {"item_model": "stardust:awakened_photovoltaic_cell","item_name": {"translate": "stardust.awakened_photovoltaic_cell"},"lore": [["",{"text": "I","color": "white","italic": false,"font": "stardust:icons"},{"translate": "stardustfragment","italic": true,"color": "blue"}]],"custom_data": {"stardust": {"awakened_photovoltaic_cell": true},"smithed": {"ignore": {"functionality": true,"crafting": true}}}}}},
				"#$\n\"",
				{"text": "$耵$耵$耵","hover_event": {"action": "show_item","id": "command_block","components": {"custom_data": {"smithed": {"dict": {"awakened_stardust": {"awakened_stardust": true}},"ignore": {"functionality": true,"crafting": true}},"stardust": {"awakened_stardust": true}},"item_model": "stardust:awakened_stardust","item_name": {"translate": "stardust.awakened_stardust"},"lore": [["",{"text": "I","color": "white","italic": false,"font": "stardust:icons"},{"translate": "stardustfragment","italic": true,"color": "blue"}]]}},"click_event": {"action": "show_dialog","dialog": "stardust:manual/page_20"}},
				"  \n\"",
				{"translate": "stardust.uuu","hover_event": {"action": "show_item","id": "command_block","components": {"custom_data": {"smithed": {"dict": {"awakened_stardust": {"awakened_stardust": true}},"ignore": {"functionality": true,"crafting": true}},"stardust": {"awakened_stardust": true}},"item_model": "stardust:awakened_stardust","item_name": {"translate": "stardust.awakened_stardust"},"lore": [["",{"text": "I","color": "white","italic": false,"font": "stardust:icons"},{"translate": "stardustfragment","italic": true,"color": "blue"}]]}},"click_event": {"action": "show_dialog","dialog": "stardust:manual/page_20"}},
				"  \n\n",
				{"text": "1##","hover_event": {"action": "show_text","value": [{"translate": "stardust.awakened_photovoltaic_cell_made_from_stardust","color": "yellow"},{"translate": "stardust.used_to_convert_sunlight_into_energy_more_efficiently","color": "gray"}]}},
				{"text": "2##","hover_event": {"action": "show_text","value": [{"text": ""},[{"text": "","font": "stardust:manual","color": "white"},"\"F\n","\"",{"text": "$耵"},{"text": "$耵"},{"text": "$耵"},"\n","\"",{"text": "U$"},{"text": "U$"},{"text": "U$"},"\n","\"",{"text": "$聭"},{"text": "$聭"},{"text": "$聭"},"\"\"",{"text": "$$聯"},"\n","\"",{"text": "U$"},{"text": "U$"},{"text": "U$"},"\"\"",{"text": "U$"},"\n","\"",{"text": "$耵"},{"text": "$耵"},{"text": "$耵"},"\n","\"",{"text": "U$"},{"text": "U$"},{"text": "U$"},"\n"],{"text": "\n- x6 ","color": "gray"},{"translate": "stardust.awakened_stardust","color": "gray"},{"text": "\n- x3 ","color": "gray"},{"translate": "stardust_photovoltaic_cell","color": "gray"}]}},
				{"text": "2##","hover_event": {"action": "show_text","value": [{"text": ""},[{"text": "","font": "stardust:manual","color": "white"},"\"F\n","\"",{"text": "$耵"},{"text": "$聭"},{"text": "$耵"},"\n","\"",{"text": "U$"},{"text": "U$"},{"text": "U$"},"\n","\"",{"text": "$耵"},{"text": "$聭"},{"text": "$耵"},"\"\"",{"text": "$$聯"},"\n","\"",{"text": "U$"},{"text": "U$"},{"text": "U$"},"\"\"",{"text": "U$"},"\n","\"",{"text": "$耵"},{"text": "$聭"},{"text": "$耵"},"\n","\"",{"text": "U$"},{"text": "U$"},{"text": "U$"},"\n"],{"text": "\n- x6 ","color": "gray"},{"translate": "stardust.awakened_stardust","color": "gray"},{"text": "\n- x3 ","color": "gray"},{"translate": "stardust_photovoltaic_cell","color": "gray"}]}},
				{"text": "詟##","hover_event": {"action": "show_text","value": [{"text": ""},[{"text": "","font": "stardust:manual","color": "white"},"\"F\n","\"",{"text": "$耽"},{"text": "$耽"},{"text": "$耽"},"\n","\"",{"text": "U$"},{"text": "U$"},{"text": "U$"},"\n","\"",{"text": "$聯"},{"text": "$聯"},{"text": "$聯"},"\"\"",{"text": "$$聱"},"\n","\"",{"text": "U$"},{"text": "U$"},{"text": "U$"},"\"\"",{"text": "U$"},"\n","\"",{"text": "$耽"},{"text": "$耽"},{"text": "$耽"},"\n","\"",{"text": "U$"},{"text": "U$"},{"text": "U$"},"\n"],{"text": "\n- x6 ","color": "gray"},{"translate": "stardust.legendarium_ingot","color": "gray"},{"text": "\n- x3 ","color": "gray"},{"translate": "stardust.awakened_photovoltaic_cell","color": "gray"}]},"click_event": {"action": "show_dialog","dialog": "stardust:manual/page_50"}},
				{"text": "詣##","hover_event": {"action": "show_text","value": [{"text": ""},[{"text": "","font": "stardust:manual","color": "white"},"\"F\n","\"",{"text": "$聃"},{"text": "$聃"},{"text": "$聃"},"\n","\"",{"text": "U$"},{"text": "U$"},{"text": "U$"},"\n","\"",{"text": "$聯"},{"text": "$聯"},{"text": "$聯"},"\"\"",{"text": "$$聳"},"\n","\"",{"text": "U$"},{"text": "U$"},{"text": "U$"},"\"\"",{"text": "U$"},"\n","\"",{"text": "$聃"},{"text": "$聃"},{"text": "$聃"},"\n","\"",{"text": "U$"},{"text": "U$"},{"text": "U$"},"\n"],{"text": "\n- x6 ","color": "gray"},{"translate": "stardust.solarium_ingot","color": "gray"},{"text": "\n- x3 ","color": "gray"},{"translate": "stardust.awakened_photovoltaic_cell","color": "gray"}]},"click_event": {"action": "show_dialog","dialog": "stardust:manual/page_51"}},
				{"text": "詧\n","hover_event": {"action": "show_text","value": [{"text": ""},[{"text": "","font": "stardust:manual","color": "white"},"\"F\n","\"",{"text": "$聉"},{"text": "$聉"},{"text": "$聉"},"\n","\"",{"text": "U$"},{"text": "U$"},{"text": "U$"},"\n","\"",{"text": "$聯"},{"text": "$聯"},{"text": "$聯"},"\"\"",{"text": "$$聵"},"\n","\"",{"text": "U$"},{"text": "U$"},{"text": "U$"},"\"\"",{"text": "U$"},"\n","\"",{"text": "$聉"},{"text": "$聉"},{"text": "$聉"},"\n","\"",{"text": "U$"},{"text": "U$"},{"text": "U$"},"\n"],{"text": "\n- x6 ","color": "gray"},{"translate": "stardust.darkium_ingot","color": "gray"},{"text": "\n- x3 ","color": "gray"},{"translate": "stardust.awakened_photovoltaic_cell","color": "gray"}]},"click_event": {"action": "show_dialog","dialog": "stardust:manual/page_52"}},
				{"text": "0##","hover_event": {"action": "show_text","value": [{"translate": "stardust.awakened_photovoltaic_cell_made_from_stardust","color": "yellow"},{"translate": "stardust.used_to_convert_sunlight_into_energy_more_efficiently","color": "gray"}]}},
				{"text": "0##","hover_event": {"action": "show_text","value": [{"text": ""},[{"text": "","font": "stardust:manual","color": "white"},"\"F\n","\"",{"text": "$耵"},{"text": "$耵"},{"text": "$耵"},"\n","\"",{"text": "U$"},{"text": "U$"},{"text": "U$"},"\n","\"",{"text": "$聭"},{"text": "$聭"},{"text": "$聭"},"\"\"",{"text": "$$聯"},"\n","\"",{"text": "U$"},{"text": "U$"},{"text": "U$"},"\"\"",{"text": "U$"},"\n","\"",{"text": "$耵"},{"text": "$耵"},{"text": "$耵"},"\n","\"",{"text": "U$"},{"text": "U$"},{"text": "U$"},"\n"],{"text": "\n- x6 ","color": "gray"},{"translate": "stardust.awakened_stardust","color": "gray"},{"text": "\n- x3 ","color": "gray"},{"translate": "stardust_photovoltaic_cell","color": "gray"}]}},
				{"text": "0##","hover_event": {"action": "show_text","value": [{"text": ""},[{"text": "","font": "stardust:manual","color": "white"},"\"F\n","\"",{"text": "$耵"},{"text": "$聭"},{"text": "$耵"},"\n","\"",{"text": "U$"},{"text": "U$"},{"text": "U$"},"\n","\"",{"text": "$耵"},{"text": "$聭"},{"text": "$耵"},"\"\"",{"text": "$$聯"},"\n","\"",{"text": "U$"},{"text": "U$"},{"text": "U$"},"\"\"",{"text": "U$"},"\n","\"",{"text": "$耵"},{"text": "$聭"},{"text": "$耵"},"\n","\"",{"text": "U$"},{"text": "U$"},{"text": "U$"},"\n"],{"text": "\n- x6 ","color": "gray"},{"translate": "stardust.awakened_stardust","color": "gray"},{"text": "\n- x3 ","color": "gray"},{"translate": "stardust_photovoltaic_cell","color": "gray"}]}},
				{"text": "0##","hover_event": {"action": "show_text","value": [{"text": ""},[{"text": "","font": "stardust:manual","color": "white"},"\"F\n","\"",{"text": "$耽"},{"text": "$耽"},{"text": "$耽"},"\n","\"",{"text": "U$"},{"text": "U$"},{"text": "U$"},"\n","\"",{"text": "$聯"},{"text": "$聯"},{"text": "$聯"},"\"\"",{"text": "$$聱"},"\n","\"",{"text": "U$"},{"text": "U$"},{"text": "U$"},"\"\"",{"text": "U$"},"\n","\"",{"text": "$耽"},{"text": "$耽"},{"text": "$耽"},"\n","\"",{"text": "U$"},{"text": "U$"},{"text": "U$"},"\n"],{"text": "\n- x6 ","color": "gray"},{"translate": "stardust.legendarium_ingot","color": "gray"},{"text": "\n- x3 ","color": "gray"},{"translate": "stardust.awakened_photovoltaic_cell","color": "gray"}]},"click_event": {"action": "show_dialog","dialog": "stardust:manual/page_50"}},
				{"text": "0##","hover_event": {"action": "show_text","value": [{"text": ""},[{"text": "","font": "stardust:manual","color": "white"},"\"F\n","\"",{"text": "$聃"},{"text": "$聃"},{"text": "$聃"},"\n","\"",{"text": "U$"},{"text": "U$"},{"text": "U$"},"\n","\"",{"text": "$聯"},{"text": "$聯"},{"text": "$聯"},"\"\"",{"text": "$$聳"},"\n","\"",{"text": "U$"},{"text": "U$"},{"text": "U$"},"\"\"",{"text": "U$"},"\n","\"",{"text": "$聃"},{"text": "$聃"},{"text": "$聃"},"\n","\"",{"text": "U$"},{"text": "U$"},{"text": "U$"},"\n"],{"text": "\n- x6 ","color": "gray"},{"translate": "stardust.solarium_ingot","color": "gray"},{"text": "\n- x3 ","color": "gray"},{"translate": "stardust.awakened_photovoltaic_cell","color": "gray"}]},"click_event": {"action": "show_dialog","dialog": "stardust:manual/page_51"}},
				{"text": "0\n","hover_event": {"action": "show_text","value": [{"text": ""},[{"text": "","font": "stardust:manual","color": "white"},"\"F\n","\"",{"text": "$聉"},{"text": "$聉"},{"text": "$聉"},"\n","\"",{"text": "U$"},{"text": "U$"},{"text": "U$"},"\n","\"",{"text": "$聯"},{"text": "$聯"},{"text": "$聯"},"\"\"",{"text": "$$聵"},"\n","\"",{"text": "U$"},{"text": "U$"},{"text": "U$"},"\"\"",{"text": "U$"},"\n","\"",{"text": "$聉"},{"text": "$聉"},{"text": "$聉"},"\n","\"",{"text": "U$"},{"text": "U$"},{"text": "U$"},"\n"],{"text": "\n- x6 ","color": "gray"},{"translate": "stardust.darkium_ingot","color": "gray"},{"text": "\n- x3 ","color": "gray"},{"translate": "stardust.awakened_photovoltaic_cell","color": "gray"}]},"click_event": {"action": "show_dialog","dialog": "stardust:manual/page_52"}},
				{"text": "詭##","hover_event": {"action": "show_text","value": [{"text": ""},[{"text": "","font": "stardust:manual","color": "white"},"\"F\n","\"",{"text": "$聯"},{"text": "$聯"},{"text": "$聯"},"\n","\"",{"text": "U$"},{"text": "U$"},{"text": "U$"},"\n","\"",{"text": "$耷"},{"text": "$肇"},{"text": "$耷"},"\"\"",{"text": "$$肉"},"\n","\"",{"text": "U$"},{"text": "U$"},{"text": "U$"},"\"\"",{"text": "U$"},"\n","\"",{"text": "$腹"},{"text": "$腹"},{"text": "$腹"},"\n","\"",{"text": "U$"},{"text": "U$"},{"text": "U$"},"\n"],{"text": "\n- x3 ","color": "gray"},{"translate": "stardust.awakened_photovoltaic_cell","color": "gray"},{"text": "\n- x2 ","color": "gray"},{"translate": "stardust.awakened_stardust_block","color": "gray"},{"text": "\n- x1 ","color": "gray"},{"translate": "stardust_solar_panel","color": "gray"},{"text": "\n- x3 ","color": "gray"},{"translate": "stardust.iron_block","color": "gray"}]},"click_event": {"action": "show_dialog","dialog": "stardust:manual/page_62"}},
				"\n\n\n\n\n\n\n\n\n\n\n\n\n\n\n"
			],
			"width": 140
		}
	]
}
