{
	"type": "minecraft:notice",
	"title": {
		"translate": "stardust.solarium_chestplate",
		"underlined": true
	},
	"body": [
		{
			"type": "minecraft:plain_message",
			"contents": [
				{"text": "V   ","font": "stardust:manual","color": "white"},
				{"text": "\n   ","click_event": {"action": "show_dialog","dialog": "stardust:manual/page_105"},"hover_event": {"action": "show_text","value": [{"translate": "stardust.go_to_previous_page"},{"translate": "stardust.105"}]}},
				" ",
				{"text": "   ","click_event": {"action": "show_dialog","dialog": "stardust:manual/page_107"},"hover_event": {"action": "show_text","value": [{"translate": "stardust.go_to_next_page"},{"translate": "stardust.107"}]}},
				{"text": "\n   ","click_event": {"action": "show_dialog","dialog": "stardust:manual/page_105"},"hover_event": {"action": "show_text","value": [{"translate": "stardust.go_to_previous_page"},{"translate": "stardust.105"}]}},
				" ",
				{"text": "   ","click_event": {"action": "show_dialog","dialog": "stardust:manual/page_107"},"hover_event": {"action": "show_text","value": [{"translate": "stardust.go_to_next_page"},{"translate": "stardust.107"}]}}
			],
			"width": 400
		},
		{
			"type": "minecraft:plain_message",
			"contents": [
				{"text": "","font": "stardust:manual","color": "white","shadow_color": [0,0,0,0]},
				"ႉ\n",
				{"text": "  \n  \n  \n  \n","hover_event": {"action": "show_item","id": "netherite_chestplate","components": {"custom_data": {"smithed": {"dict": {"armor": {"solarium": true,"chestplate": true}},"ignore": {"functionality": true,"crafting": true}},"stardust": {"solarium_chestplate": true}},"max_damage": 2275,"attribute_modifiers": [{"type": "armor","amount": 14.0,"operation": "add_value","slot": "chest","id": "stardust:armor.chest"},{"type": "armor_toughness","amount": 4.8,"operation": "add_value","slot": "chest","id": "stardust:armor_toughness.chest"},{"type": "knockback_resistance","amount": 0.1,"operation": "add_value","slot": "chest","id": "stardust:knockback_resistance.chest"}],"item_model": "stardust:solarium_chestplate","item_name": {"translate": "stardust.solarium_chestplate"},"lore": [["",{"text": "I","color": "white","italic": false,"font": "stardust:icons"},{"translate": "stardustfragment","italic": true,"color": "blue"}]]}},"click_event": {"action": "show_dialog","dialog": "stardust:manual/page_106"}},
				"\n\n\n\n\n\n\n\n\n\n\n\n\n\n\n\n\n\n\n\n"
			],
			"width": 140
		}
	]
}
