{
	"type": "minecraft:notice",
	"title": [
		{
			"sprite": "stardust:item/darkium_solar_panel_side",
			"shadow_color": [
				0,
				0,
				0,
				0
			]
		},
		" ",
		{
			"translate": "stardust.darkium_solar_panel",
			"underlined": true
		},
		" ",
		{
			"sprite": "stardust:item/darkium_solar_panel_side"
		}
	],
	"body": [
		{
			"type": "minecraft:plain_message",
			"contents": [
				{"text": "V   ","font": "stardust:manual","color": "white"},
				{"text": "\n   ","click_event": {"action": "show_dialog","dialog": "stardust:manual/page_65"},"hover_event": {"action": "show_text","value": [{"translate": "stardust.go_to_previous_page"}," (65)"]}},
				" ",
				{"text": "   ","click_event": {"action": "show_dialog","dialog": "stardust:manual/page_67"},"hover_event": {"action": "show_text","value": [{"translate": "stardust.go_to_next_page"}," (67)"]}},
				{"text": "\n   ","click_event": {"action": "show_dialog","dialog": "stardust:manual/page_65"},"hover_event": {"action": "show_text","value": [{"translate": "stardust.go_to_previous_page"}," (65)"]}},
				" ",
				{"text": "   ","click_event": {"action": "show_dialog","dialog": "stardust:manual/page_67"},"hover_event": {"action": "show_text","value": [{"translate": "stardust.go_to_next_page"}," (67)"]}}
			],
			"width": 400
		},
		{
			"type": "minecraft:plain_message",
			"contents": [
				{"text": "","font": "stardust:manual","color": "white","shadow_color": [0,0,0,0]},
				"\"$6\n\"",
				{"text": "$聵$聵$聵","hover_event": {"action": "show_item","id": "command_block","components": {"item_model": "stardust:darkium_photovoltaic_cell","item_name": {"translate": "stardust.darkium_photovoltaic_cell"},"lore": [["",{"text": "I","color": "white","italic": false,"font": "stardust:icons"},{"translate": "stardustfragment","italic": true,"color": "blue"}]],"custom_data": {"stardust": {"darkium_photovoltaic_cell": true},"smithed": {"ignore": {"functionality": true,"crafting": true}}}}},"click_event": {"action": "show_dialog","dialog": "stardust:manual/page_53"}},
				"  \n\"",
				{"translate": "stardust.uuu","hover_event": {"action": "show_item","id": "command_block","components": {"item_model": "stardust:darkium_photovoltaic_cell","item_name": {"translate": "stardust.darkium_photovoltaic_cell"},"lore": [["",{"text": "I","color": "white","italic": false,"font": "stardust:icons"},{"translate": "stardustfragment","italic": true,"color": "blue"}]],"custom_data": {"stardust": {"darkium_photovoltaic_cell": true},"smithed": {"ignore": {"functionality": true,"crafting": true}}}}},"click_event": {"action": "show_dialog","dialog": "stardust:manual/page_53"}},
				"  \n\"",
				{"text": "$聉","hover_event": {"action": "show_item","id": "command_block","components": {"custom_data": {"smithed": {"dict": {"ingot": {"darkium": true}},"ignore": {"functionality": true,"crafting": true}},"stardust": {"darkium_ingot": true}},"item_model": "stardust:darkium_ingot","item_name": {"translate": "stardust.darkium_ingot"},"lore": [["",{"text": "I","color": "white","italic": false,"font": "stardust:icons"},{"translate": "stardustfragment","italic": true,"color": "blue"}]]}},"click_event": {"action": "show_dialog","dialog": "stardust:manual/page_31"}},
				{"text": "$肉","hover_event": {"action": "show_item","id": "furnace","components": {"custom_data": {"energy": {"generation": 16,"max_storage": 2400},"stardust": {"awakened_stardust_solar_panel": true},"smithed": {"ignore": {"functionality": true,"crafting": true}}},"lore": [{"translate": "stardust.energy_generation_16_kw","italic": false,"color": "gray"},{"translate": "stardust.energy_buffer_2400_kj","italic": false,"color": "gray"},["",{"text": "I","color": "white","italic": false,"font": "stardust:icons"},{"translate": "stardustfragment","italic": true,"color": "blue"}]],"item_model": "stardust:awakened_stardust_solar_panel","item_name": {"translate": "stardust.awakened_stardust_solar_panel"},"container": [{"slot": 0,"item": {"id": "minecraft:stone","count": 1,"components": {"minecraft:custom_data": {"smithed": {"block": {"id": "stardust:awakened_stardust_solar_panel","from": "stardust"}}}}}}],"tooltip_display": {"hidden_components": ["minecraft:container"]}}},"click_event": {"action": "show_dialog","dialog": "stardust:manual/page_63"}},
				{"text": "$聉","hover_event": {"action": "show_item","id": "command_block","components": {"custom_data": {"smithed": {"dict": {"ingot": {"darkium": true}},"ignore": {"functionality": true,"crafting": true}},"stardust": {"darkium_ingot": true}},"item_model": "stardust:darkium_ingot","item_name": {"translate": "stardust.darkium_ingot"},"lore": [["",{"text": "I","color": "white","italic": false,"font": "stardust:icons"},{"translate": "stardustfragment","italic": true,"color": "blue"}]]}},"click_event": {"action": "show_dialog","dialog": "stardust:manual/page_31"}},
				"\"\"",
				{"text": "$$肏","hover_event": {"action": "show_item","id": "furnace","components": {"custom_data": {"energy": {"generation": 32,"max_storage": 4800},"stardust": {"darkium_solar_panel": true},"smithed": {"ignore": {"functionality": true,"crafting": true}}},"lore": [{"translate": "stardust.energy_generation_32_kw","italic": false,"color": "gray"},{"translate": "stardust.energy_buffer_4800_kj","italic": false,"color": "gray"},["",{"text": "I","color": "white","italic": false,"font": "stardust:icons"},{"translate": "stardustfragment","italic": true,"color": "blue"}]],"item_model": "stardust:darkium_solar_panel","item_name": {"translate": "stardust.darkium_solar_panel"},"container": [{"slot": 0,"item": {"id": "minecraft:stone","count": 1,"components": {"minecraft:custom_data": {"smithed": {"block": {"id": "stardust:darkium_solar_panel","from": "stardust"}}}}}}],"tooltip_display": {"hidden_components": ["minecraft:container"]}}}},
				"#$\n\"",
				{"text": "U$","hover_event": {"action": "show_item","id": "command_block","components": {"custom_data": {"smithed": {"dict": {"ingot": {"darkium": true}},"ignore": {"functionality": true,"crafting": true}},"stardust": {"darkium_ingot": true}},"item_model": "stardust:darkium_ingot","item_name": {"translate": "stardust.darkium_ingot"},"lore": [["",{"text": "I","color": "white","italic": false,"font": "stardust:icons"},{"translate": "stardustfragment","italic": true,"color": "blue"}]]}},"click_event": {"action": "show_dialog","dialog": "stardust:manual/page_31"}},
				{"text": "U$","hover_event": {"action": "show_item","id": "furnace","components": {"custom_data": {"energy": {"generation": 16,"max_storage": 2400},"stardust": {"awakened_stardust_solar_panel": true},"smithed": {"ignore": {"functionality": true,"crafting": true}}},"lore": [{"translate": "stardust.energy_generation_16_kw","italic": false,"color": "gray"},{"translate": "stardust.energy_buffer_2400_kj","italic": false,"color": "gray"},["",{"text": "I","color": "white","italic": false,"font": "stardust:icons"},{"translate": "stardustfragment","italic": true,"color": "blue"}]],"item_model": "stardust:awakened_stardust_solar_panel","item_name": {"translate": "stardust.awakened_stardust_solar_panel"},"container": [{"slot": 0,"item": {"id": "minecraft:stone","count": 1,"components": {"minecraft:custom_data": {"smithed": {"block": {"id": "stardust:awakened_stardust_solar_panel","from": "stardust"}}}}}}],"tooltip_display": {"hidden_components": ["minecraft:container"]}}},"click_event": {"action": "show_dialog","dialog": "stardust:manual/page_63"}},
				{"text": "U$","hover_event": {"action": "show_item","id": "command_block","components": {"custom_data": {"smithed": {"dict": {"ingot": {"darkium": true}},"ignore": {"functionality": true,"crafting": true}},"stardust": {"darkium_ingot": true}},"item_model": "stardust:darkium_ingot","item_name": {"translate": "stardust.darkium_ingot"},"lore": [["",{"text": "I","color": "white","italic": false,"font": "stardust:icons"},{"translate": "stardustfragment","italic": true,"color": "blue"}]]}},"click_event": {"action": "show_dialog","dialog": "stardust:manual/page_31"}},
				"\"\"",
				{"text": "U$","hover_event": {"action": "show_item","id": "furnace","components": {"custom_data": {"energy": {"generation": 32,"max_storage": 4800},"stardust": {"darkium_solar_panel": true},"smithed": {"ignore": {"functionality": true,"crafting": true}}},"lore": [{"translate": "stardust.energy_generation_32_kw","italic": false,"color": "gray"},{"translate": "stardust.energy_buffer_4800_kj","italic": false,"color": "gray"},["",{"text": "I","color": "white","italic": false,"font": "stardust:icons"},{"translate": "stardustfragment","italic": true,"color": "blue"}]],"item_model": "stardust:darkium_solar_panel","item_name": {"translate": "stardust.darkium_solar_panel"},"container": [{"slot": 0,"item": {"id": "minecraft:stone","count": 1,"components": {"minecraft:custom_data": {"smithed": {"block": {"id": "stardust:darkium_solar_panel","from": "stardust"}}}}}}],"tooltip_display": {"hidden_components": ["minecraft:container"]}}}},
				"#$\n\"",
				{"text": "$虝$虝$虝","hover_event": {"action": "show_item","id": "furnace","components": {"item_name": {"translate": "stardust.simplunium_block"},"lore": [{"translate": "stardust.simplenergy","italic": true,"color": "blue"}],"custom_data": {"simplenergy": {"simplunium_block": true}}}}},
				"  \n\"",
				{"translate": "stardust.uuu","hover_event": {"action": "show_item","id": "furnace","components": {"item_name": {"translate": "stardust.simplunium_block"},"lore": [{"translate": "stardust.simplenergy","italic": true,"color": "blue"}],"custom_data": {"simplenergy": {"simplunium_block": true}}}}},
				"  \n\n",
				{"text": "1##","hover_event": {"action": "show_text","value": [{"translate": "stardust.advanced_solar_panel_with_darkium_material","color": "yellow"},{"translate": "stardust.double_the_power_of_awakened_solar_panels","color": "gray"},{"translate": "stardust.generates_32_kw_during_nighttime_instead_of_daylight","color": "gray"}]}},
				{"text": "2##","hover_event": {"action": "show_text","value": [{"text": ""},[{"text": "","font": "stardust:manual","color": "white"},"\"F\n","\"",{"text": "$聵"},{"text": "$聵"},{"text": "$聵"},"\n","\"",{"text": "U$"},{"text": "U$"},{"text": "U$"},"\n","\"",{"text": "$聉"},{"text": "$肉"},{"text": "$聉"},"\"\"",{"text": "$$肏"},"\n","\"",{"text": "U$"},{"text": "U$"},{"text": "U$"},"\"\"",{"text": "U$"},"\n","\"",{"text": "$虝"},{"text": "$虝"},{"text": "$虝"},"\n","\"",{"text": "U$"},{"text": "U$"},{"text": "U$"},"\n"],{"text": "\n- x3 ","color": "gray"},{"translate": "stardust.darkium_photovoltaic_cell","color": "gray"},{"text": "\n- x2 ","color": "gray"},{"translate": "stardust.darkium_ingot","color": "gray"},{"text": "\n- x1 ","color": "gray"},{"translate": "stardust.awakened_stardust_solar_panel","color": "gray"},{"text": "\n- x3 ","color": "gray"},{"translate": "stardust.simplunium_block","color": "gray"}]}},
				{"text": "话\n","hover_event": {"action": "show_text","value": [{"text": ""},[{"text": "","font": "stardust:manual","color": "white"},"\"F\n","\"",{"text": "$職"},{"text": "$職"},{"text": "$職"},"\n","\"",{"text": "U$"},{"text": "U$"},{"text": "U$"},"\n","\"",{"text": "$聑"},{"text": "$肏"},{"text": "$聑"},"\"\"",{"text": "$$肑"},"\n","\"",{"text": "U$"},{"text": "U$"},{"text": "U$"},"\"\"",{"text": "U$"},"\n","\"",{"text": "$耿"},{"text": "$耧"},{"text": "$聅"},"\n","\"",{"text": "U$"},{"text": "U$"},{"text": "U$"},"\n"],{"text": "\n- x3 ","color": "gray"},{"translate": "stardust.ultimate_photovoltaic_cell","color": "gray"},{"text": "\n- x2 ","color": "gray"},{"translate": "stardust.ultimate_shard","color": "gray"},{"text": "\n- x1 ","color": "gray"},{"translate": "stardust.darkium_solar_panel","color": "gray"},{"text": "\n- x1 ","color": "gray"},{"translate": "stardust.legendarium_block","color": "gray"},{"text": "\n- x1 ","color": "gray"},{"translate": "stardust_core","color": "gray"},{"text": "\n- x1 ","color": "gray"},{"translate": "stardust.solarium_block","color": "gray"}]},"click_event": {"action": "show_dialog","dialog": "stardust:manual/page_67"}},
				{"text": "0##","hover_event": {"action": "show_text","value": [{"translate": "stardust.advanced_solar_panel_with_darkium_material","color": "yellow"},{"translate": "stardust.double_the_power_of_awakened_solar_panels","color": "gray"},{"translate": "stardust.generates_32_kw_during_nighttime_instead_of_daylight","color": "gray"}]}},
				{"text": "0##","hover_event": {"action": "show_text","value": [{"text": ""},[{"text": "","font": "stardust:manual","color": "white"},"\"F\n","\"",{"text": "$聵"},{"text": "$聵"},{"text": "$聵"},"\n","\"",{"text": "U$"},{"text": "U$"},{"text": "U$"},"\n","\"",{"text": "$聉"},{"text": "$肉"},{"text": "$聉"},"\"\"",{"text": "$$肏"},"\n","\"",{"text": "U$"},{"text": "U$"},{"text": "U$"},"\"\"",{"text": "U$"},"\n","\"",{"text": "$虝"},{"text": "$虝"},{"text": "$虝"},"\n","\"",{"text": "U$"},{"text": "U$"},{"text": "U$"},"\n"],{"text": "\n- x3 ","color": "gray"},{"translate": "stardust.darkium_photovoltaic_cell","color": "gray"},{"text": "\n- x2 ","color": "gray"},{"translate": "stardust.darkium_ingot","color": "gray"},{"text": "\n- x1 ","color": "gray"},{"translate": "stardust.awakened_stardust_solar_panel","color": "gray"},{"text": "\n- x3 ","color": "gray"},{"translate": "stardust.simplunium_block","color": "gray"}]}},
				{"text": "0","hover_event": {"action": "show_text","value": [{"text": ""},[{"text": "","font": "stardust:manual","color": "white"},"\"F\n","\"",{"text": "$職"},{"text": "$職"},{"text": "$職"},"\n","\"",{"text": "U$"},{"text": "U$"},{"text": "U$"},"\n","\"",{"text": "$聑"},{"text": "$肏"},{"text": "$聑"},"\"\"",{"text": "$$肑"},"\n","\"",{"text": "U$"},{"text": "U$"},{"text": "U$"},"\"\"",{"text": "U$"},"\n","\"",{"text": "$耿"},{"text": "$耧"},{"text": "$聅"},"\n","\"",{"text": "U$"},{"text": "U$"},{"text": "U$"},"\n"],{"text": "\n- x3 ","color": "gray"},{"translate": "stardust.ultimate_photovoltaic_cell","color": "gray"},{"text": "\n- x2 ","color": "gray"},{"translate": "stardust.ultimate_shard","color": "gray"},{"text": "\n- x1 ","color": "gray"},{"translate": "stardust.darkium_solar_panel","color": "gray"},{"text": "\n- x1 ","color": "gray"},{"translate": "stardust.legendarium_block","color": "gray"},{"text": "\n- x1 ","color": "gray"},{"translate": "stardust_core","color": "gray"},{"text": "\n- x1 ","color": "gray"},{"translate": "stardust.solarium_block","color": "gray"}]},"click_event": {"action": "show_dialog","dialog": "stardust:manual/page_67"}},
				"\n\n\n\n\n\n\n\n\n\n\n\n\n\n\n\n"
			],
			"width": 140
		}
	]
}
