{
	"type": "minecraft:notice",
	"title": [
		{
			"sprite": "stardust:item/ultimate_sniper",
			"shadow_color": [
				0,
				0,
				0,
				0
			]
		},
		" ",
		{
			"translate": "stardust.ultimate_sniper",
			"underlined": true
		},
		" ",
		{
			"sprite": "stardust:item/ultimate_sniper"
		}
	],
	"body": [
		{
			"type": "minecraft:plain_message",
			"contents": [
				{"text": "V   ","font": "stardust:manual","color": "white"},
				{"text": "\n   ","click_event": {"action": "show_dialog","dialog": "stardust:manual/page_125"},"hover_event": {"action": "show_text","value": [{"translate": "stardust.go_to_previous_page"}," (125)"]}},
				" ",
				{"text": "   ","click_event": {"action": "show_dialog","dialog": "stardust:manual/page_127"},"hover_event": {"action": "show_text","value": [{"translate": "stardust.go_to_next_page"}," (127)"]}},
				{"text": "\n   ","click_event": {"action": "show_dialog","dialog": "stardust:manual/page_125"},"hover_event": {"action": "show_text","value": [{"translate": "stardust.go_to_previous_page"}," (125)"]}},
				" ",
				{"text": "   ","click_event": {"action": "show_dialog","dialog": "stardust:manual/page_127"},"hover_event": {"action": "show_text","value": [{"translate": "stardust.go_to_next_page"}," (127)"]}}
			],
			"width": 400
		},
		{
			"type": "minecraft:plain_message",
			"contents": [
				{"text": "","font": "stardust:manual","color": "white","shadow_color": [0,0,0,0]},
				"\"$A\n\n\"",
				{"text": "$脅","hover_event": {"action": "show_item","id": "warped_fungus_on_a_stick","components": {"max_damage": 1344,"item_model": "stardust:awakened_stardust_sniper","item_name": {"translate": "stardust.awakened_stardust_sniper"},"lore": [["",{"text": "I","color": "white","italic": false,"font": "stardust:icons"},{"translate": "stardustfragment","italic": true,"color": "blue"}]],"custom_data": {"stardust": {"awakened_stardust_sniper": true},"smithed": {"ignore": {"functionality": true,"crafting": true}}}}},"click_event": {"action": "show_dialog","dialog": "stardust:manual/page_125"}},
				{"text": "$芪","hover_event": {"action": "show_item","id": "command_block","components": {"item_model": "stardust:compacted_stardust_shard","item_name": {"translate": "stardust.compacted_stardust_shard"},"lore": [["",{"text": "I","color": "white","italic": false,"font": "stardust:icons"},{"translate": "stardustfragment","italic": true,"color": "blue"}]],"custom_data": {"stardust": {"compacted_stardust_shard": true},"smithed": {"ignore": {"functionality": true,"crafting": true}}}}},"click_event": {"action": "show_dialog","dialog": "stardust:manual/page_15"}},
				{"text": "$芫","hover_event": {"action": "show_item","id": "minecraft:dragon_egg","components": {}}},
				"  \n\"",
				{"text": "U$","hover_event": {"action": "show_item","id": "warped_fungus_on_a_stick","components": {"max_damage": 1344,"item_model": "stardust:awakened_stardust_sniper","item_name": {"translate": "stardust.awakened_stardust_sniper"},"lore": [["",{"text": "I","color": "white","italic": false,"font": "stardust:icons"},{"translate": "stardustfragment","italic": true,"color": "blue"}]],"custom_data": {"stardust": {"awakened_stardust_sniper": true},"smithed": {"ignore": {"functionality": true,"crafting": true}}}}},"click_event": {"action": "show_dialog","dialog": "stardust:manual/page_125"}},
				{"text": "U$","hover_event": {"action": "show_item","id": "command_block","components": {"item_model": "stardust:compacted_stardust_shard","item_name": {"translate": "stardust.compacted_stardust_shard"},"lore": [["",{"text": "I","color": "white","italic": false,"font": "stardust:icons"},{"translate": "stardustfragment","italic": true,"color": "blue"}]],"custom_data": {"stardust": {"compacted_stardust_shard": true},"smithed": {"ignore": {"functionality": true,"crafting": true}}}}},"click_event": {"action": "show_dialog","dialog": "stardust:manual/page_15"}},
				{"text": "U$\n","hover_event": {"action": "show_item","id": "minecraft:dragon_egg","components": {}}},
				"\"",
				{"text": "$芬","hover_event": {"action": "show_item","id": "minecraft:echo_shard","components": {}}},
				{"text": "$芭","hover_event": {"action": "show_item","id": "minecraft:emerald_block","components": {}}},
				{"text": "$芮","hover_event": {"action": "show_item","id": "minecraft:amethyst_block","components": {}}},
				"\"\"",
				{"text": "$$脇","hover_event": {"action": "show_item","id": "warped_fungus_on_a_stick","components": {"max_damage": 2688,"item_model": "stardust:ultimate_sniper","item_name": {"translate": "stardust.ultimate_sniper"},"lore": [["",{"text": "I","color": "white","italic": false,"font": "stardust:icons"},{"translate": "stardustfragment","italic": true,"color": "blue"}]],"custom_data": {"stardust": {"ultimate_sniper": true},"smithed": {"ignore": {"functionality": true,"crafting": true}}}}}},
				"#$\n\"",
				{"text": "U$","hover_event": {"action": "show_item","id": "minecraft:echo_shard","components": {}}},
				{"text": "U$","hover_event": {"action": "show_item","id": "minecraft:emerald_block","components": {}}},
				{"text": "U$","hover_event": {"action": "show_item","id": "minecraft:amethyst_block","components": {}}},
				"\"\"",
				{"text": "U$","hover_event": {"action": "show_item","id": "warped_fungus_on_a_stick","components": {"max_damage": 2688,"item_model": "stardust:ultimate_sniper","item_name": {"translate": "stardust.ultimate_sniper"},"lore": [["",{"text": "I","color": "white","italic": false,"font": "stardust:icons"},{"translate": "stardustfragment","italic": true,"color": "blue"}]],"custom_data": {"stardust": {"ultimate_sniper": true},"smithed": {"ignore": {"functionality": true,"crafting": true}}}}}},
				"#$\n\"",
				{"text": "$芯","hover_event": {"action": "show_item","id": "minecraft:heavy_core","components": {}}},
				{"text": "$芰","hover_event": {"action": "show_item","id": "furnace","components": {"custom_data": {"smithed": {"dict": {"block": {"awakened_stardust": true}},"ignore": {"functionality": true,"crafting": true}},"stardust": {"awakened_stardust_block": true}},"item_model": "stardust:awakened_stardust_block","item_name": {"translate": "stardust.awakened_stardust_block"},"lore": [["",{"text": "I","color": "white","italic": false,"font": "stardust:icons"},{"translate": "stardustfragment","italic": true,"color": "blue"}]],"container": [{"slot": 0,"item": {"id": "minecraft:stone","count": 1,"components": {"minecraft:custom_data": {"smithed": {"block": {"id": "stardust:awakened_stardust_block","from": "stardust"}}}}}}],"tooltip_display": {"hidden_components": ["minecraft:container"]}}},"click_event": {"action": "show_dialog","dialog": "stardust:manual/page_22"}},
				{"text": "$聡","hover_event": {"action": "show_item","id": "furnace","components": {"lore": [{"translate": "stardust.equivalent_to_4782969_cobblestones","color": "gray","italic": false},["",{"text": "I","color": "white","italic": false,"font": "stardust:icons"},{"translate": "stardustfragment","italic": true,"color": "blue"}]],"item_model": "stardust:septuple_compressed_cobblestone","item_name": {"translate": "stardust.septuple_compressed_cobblestone"},"custom_data": {"stardust": {"septuple_compressed_cobblestone": true},"smithed": {"ignore": {"functionality": true,"crafting": true}}},"container": [{"slot": 0,"item": {"id": "minecraft:stone","count": 1,"components": {"minecraft:custom_data": {"smithed": {"block": {"id": "stardust:septuple_compressed_cobblestone","from": "stardust"}}}}}}],"tooltip_display": {"hidden_components": ["minecraft:container"]}}},"click_event": {"action": "show_dialog","dialog": "stardust:manual/page_43"}},
				"  \n\"",
				{"text": "U$","hover_event": {"action": "show_item","id": "minecraft:heavy_core","components": {}}},
				{"text": "U$","hover_event": {"action": "show_item","id": "furnace","components": {"custom_data": {"smithed": {"dict": {"block": {"awakened_stardust": true}},"ignore": {"functionality": true,"crafting": true}},"stardust": {"awakened_stardust_block": true}},"item_model": "stardust:awakened_stardust_block","item_name": {"translate": "stardust.awakened_stardust_block"},"lore": [["",{"text": "I","color": "white","italic": false,"font": "stardust:icons"},{"translate": "stardustfragment","italic": true,"color": "blue"}]],"container": [{"slot": 0,"item": {"id": "minecraft:stone","count": 1,"components": {"minecraft:custom_data": {"smithed": {"block": {"id": "stardust:awakened_stardust_block","from": "stardust"}}}}}}],"tooltip_display": {"hidden_components": ["minecraft:container"]}}},"click_event": {"action": "show_dialog","dialog": "stardust:manual/page_22"}},
				{"text": "U$\n\n","hover_event": {"action": "show_item","id": "furnace","components": {"lore": [{"translate": "stardust.equivalent_to_4782969_cobblestones","color": "gray","italic": false},["",{"text": "I","color": "white","italic": false,"font": "stardust:icons"},{"translate": "stardustfragment","italic": true,"color": "blue"}]],"item_model": "stardust:septuple_compressed_cobblestone","item_name": {"translate": "stardust.septuple_compressed_cobblestone"},"custom_data": {"stardust": {"septuple_compressed_cobblestone": true},"smithed": {"ignore": {"functionality": true,"crafting": true}}},"container": [{"slot": 0,"item": {"id": "minecraft:stone","count": 1,"components": {"minecraft:custom_data": {"smithed": {"block": {"id": "stardust:septuple_compressed_cobblestone","from": "stardust"}}}}}}],"tooltip_display": {"hidden_components": ["minecraft:container"]}}},"click_event": {"action": "show_dialog","dialog": "stardust:manual/page_43"}},
				{"text": "1##","hover_event": {"action": "show_text","value": [{"translate": "stardust.sniper_crafted_from_ultimate_stardust_materials","color": "yellow"},{"translate": "stardust.base_damage_24","color": "gray"},{"translate": "stardust.cooldown_0_50s","color": "gray"},{"translate": "stardust.possible_bullet_types","color": "gray"},{"translate": "stardust.copper_nugget_3_damage","color": "gray"},{"translate": "stardust.iron_nugget_5_damage","color": "gray"},{"translate": "stardust.gold_nugget_7_damage","color": "gray"},{"translate": "stardust_essence_10_damage","color": "gray"},{"translate": "stardust.awakened_stardust_20_damage","color": "gray"}]}},
				{"text": "2\n","hover_event": {"action": "show_text","value": [{"text": ""},[{"text": "","font": "stardust:manual","color": "white"},"\"Q\n","\n","\"",{"text": "$脅"},{"text": "$芪"},{"text": "$芫"},"\n","\"",{"text": "U$"},{"text": "U$"},{"text": "U$"},"\n","\"",{"text": "$芬"},{"text": "$芭"},{"text": "$芮"},"\"\"",{"text": "$$脇"},"\n","\"",{"text": "U$"},{"text": "U$"},{"text": "U$"},"\"\"",{"text": "U$"},"\n","\"",{"text": "$芯"},{"text": "$芰"},{"text": "$聡"},"\n","\"",{"text": "U$"},{"text": "U$"},{"text": "U$"},"\n"],{"translate": "stardust_fragment_awakened_forge","color": "yellow"},{"text": "\n- x1 ","color": "gray"},{"translate": "stardust.awakened_stardust_sniper","color": "gray"},{"translate": "stardust.x64","color": "gray"},{"translate": "stardust.compacted_stardust_shard","color": "gray"},{"text": "\n- x2 ","color": "gray"},{"translate": "stardust.dragon_egg","color": "gray"},{"translate": "stardust.x32","color": "gray"},{"translate": "stardust.echo_shard","color": "gray"},{"translate": "stardust.x96","color": "gray"},{"translate": "stardust.emerald_block","color": "gray"},{"translate": "stardust.x64","color": "gray"},{"translate": "stardust.amethyst_block","color": "gray"},{"text": "\n- x1 ","color": "gray"},{"translate": "stardust.heavy_core","color": "gray"},{"translate": "stardust.x16","color": "gray"},{"translate": "stardust.awakened_stardust_block","color": "gray"},{"text": "\n- x1 ","color": "gray"},{"translate": "stardust.septuple_compressed_cobblestone","color": "gray"}]}},
				{"text": "0##","hover_event": {"action": "show_text","value": [{"translate": "stardust.sniper_crafted_from_ultimate_stardust_materials","color": "yellow"},{"translate": "stardust.base_damage_24","color": "gray"},{"translate": "stardust.cooldown_0_50s","color": "gray"},{"translate": "stardust.possible_bullet_types","color": "gray"},{"translate": "stardust.copper_nugget_3_damage","color": "gray"},{"translate": "stardust.iron_nugget_5_damage","color": "gray"},{"translate": "stardust.gold_nugget_7_damage","color": "gray"},{"translate": "stardust_essence_10_damage","color": "gray"},{"translate": "stardust.awakened_stardust_20_damage","color": "gray"}]}},
				{"text": "0","hover_event": {"action": "show_text","value": [{"text": ""},[{"text": "","font": "stardust:manual","color": "white"},"\"Q\n","\n","\"",{"text": "$脅"},{"text": "$芪"},{"text": "$芫"},"\n","\"",{"text": "U$"},{"text": "U$"},{"text": "U$"},"\n","\"",{"text": "$芬"},{"text": "$芭"},{"text": "$芮"},"\"\"",{"text": "$$脇"},"\n","\"",{"text": "U$"},{"text": "U$"},{"text": "U$"},"\"\"",{"text": "U$"},"\n","\"",{"text": "$芯"},{"text": "$芰"},{"text": "$聡"},"\n","\"",{"text": "U$"},{"text": "U$"},{"text": "U$"},"\n"],{"translate": "stardust_fragment_awakened_forge","color": "yellow"},{"text": "\n- x1 ","color": "gray"},{"translate": "stardust.awakened_stardust_sniper","color": "gray"},{"translate": "stardust.x64","color": "gray"},{"translate": "stardust.compacted_stardust_shard","color": "gray"},{"text": "\n- x2 ","color": "gray"},{"translate": "stardust.dragon_egg","color": "gray"},{"translate": "stardust.x32","color": "gray"},{"translate": "stardust.echo_shard","color": "gray"},{"translate": "stardust.x96","color": "gray"},{"translate": "stardust.emerald_block","color": "gray"},{"translate": "stardust.x64","color": "gray"},{"translate": "stardust.amethyst_block","color": "gray"},{"text": "\n- x1 ","color": "gray"},{"translate": "stardust.heavy_core","color": "gray"},{"translate": "stardust.x16","color": "gray"},{"translate": "stardust.awakened_stardust_block","color": "gray"},{"text": "\n- x1 ","color": "gray"},{"translate": "stardust.septuple_compressed_cobblestone","color": "gray"}]}},
				"\n\n\n\n\n\n\n\n\n\n\n\n\n\n\n"
			],
			"width": 140
		}
	]
}
