{
	"type": "minecraft:notice",
	"title": [
		{
			"sprite": "stardust:item/dragon_pearl",
			"atlas": "minecraft:items",
			"shadow_color": [
				0,
				0,
				0,
				0
			]
		},
		" ",
		{
			"translate": "stardust.dragon_pearl",
			"underlined": true
		},
		" ",
		{
			"sprite": "stardust:item/dragon_pearl",
			"atlas": "minecraft:items",
			"shadow_color": [
				0,
				0,
				0,
				0
			]
		}
	],
	"body": [
		{
			"type": "minecraft:plain_message",
			"contents": [
				{"text": "V   ","font": "stardust:manual","color": "white"},
				{"text": "\n   ","click_event": {"action": "show_dialog","dialog": "stardust:manual/page_33"},"hover_event": {"action": "show_text","value": [{"translate": "stardust.go_to_previous_page"}," (33)"]}},
				" ",
				{"text": "   ","click_event": {"action": "show_dialog","dialog": "stardust:manual/page_35"},"hover_event": {"action": "show_text","value": [{"translate": "stardust.go_to_next_page"}," (35)"]}},
				{"text": "\n   ","click_event": {"action": "show_dialog","dialog": "stardust:manual/page_33"},"hover_event": {"action": "show_text","value": [{"translate": "stardust.go_to_previous_page"}," (33)"]}},
				" ",
				{"text": "   ","click_event": {"action": "show_dialog","dialog": "stardust:manual/page_35"},"hover_event": {"action": "show_text","value": [{"translate": "stardust.go_to_next_page"}," (35)"]}}
			],
			"width": 400
		},
		{
			"type": "minecraft:plain_message",
			"contents": [
				{"text": "","font": "stardust:manual","color": "white","shadow_color": [0,0,0,0]},
				"\"$6\n\"",
				{"text": "$蜙$蜙$蜙","hover_event": {"action": "show_item","id": "minecraft:dragon_breath","components": {}}},
				"  \n\"",
				{"translate": "stardust.uuu","hover_event": {"action": "show_item","id": "minecraft:dragon_breath","components": {}}},
				"  \n\"",
				{"text": "$蜙","hover_event": {"action": "show_item","id": "minecraft:dragon_breath","components": {}}},
				{"text": "$蜘","hover_event": {"action": "show_item","id": "minecraft:ender_pearl","components": {}}},
				{"text": "$蜙","hover_event": {"action": "show_item","id": "minecraft:dragon_breath","components": {}}},
				"\"\"",
				{"text": "$$聍","hover_event": {"action": "show_item","id": "ender_pearl","components": {"item_name": {"translate": "stardust.dragon_pearl","italic": false,"color": "dark_purple"},"use_cooldown": {"seconds": 0.5},"item_model": "stardust:dragon_pearl","lore": [["",{"text": "I","color": "white","italic": false,"font": "stardust:icons"},{"translate": "stardustfragment","italic": true,"color": "blue"}]],"custom_data": {"stardust": {"dragon_pearl": true},"smithed": {"ignore": {"functionality": true,"crafting": true}}}}}},
				"#$\n\"",
				{"text": "U$","hover_event": {"action": "show_item","id": "minecraft:dragon_breath","components": {}}},
				{"text": "U$","hover_event": {"action": "show_item","id": "minecraft:ender_pearl","components": {}}},
				{"text": "U$","hover_event": {"action": "show_item","id": "minecraft:dragon_breath","components": {}}},
				"\"\"",
				{"text": "U$","hover_event": {"action": "show_item","id": "ender_pearl","components": {"item_name": {"translate": "stardust.dragon_pearl","italic": false,"color": "dark_purple"},"use_cooldown": {"seconds": 0.5},"item_model": "stardust:dragon_pearl","lore": [["",{"text": "I","color": "white","italic": false,"font": "stardust:icons"},{"translate": "stardustfragment","italic": true,"color": "blue"}]],"custom_data": {"stardust": {"dragon_pearl": true},"smithed": {"ignore": {"functionality": true,"crafting": true}}}}}},
				"#$\n\"",
				{"text": "$蜙$蜙$蜙","hover_event": {"action": "show_item","id": "minecraft:dragon_breath","components": {}}},
				"  \n\"",
				{"translate": "stardust.uuu","hover_event": {"action": "show_item","id": "minecraft:dragon_breath","components": {}}},
				"  \n\n",
				{"text": "1##","hover_event": {"action": "show_text","value": [{"translate": "stardust.upgraded_ender_pearl_variant","color": "yellow"},{"translate": "stardust.throws_x1_5_farther_than_regular_ender_pearls","color": "gray"},{"translate": "stardust.cooldown_is_0_5_seconds_instead_of_1_second","color": "gray"}]}},
				{"text": "2##","hover_event": {"action": "show_text","value": [{"text": ""},[{"text": "","font": "stardust:manual","color": "white"},"\"F\n","\"",{"text": "$蜙"},{"text": "$蜙"},{"text": "$蜙"},"\n","\"",{"text": "U$"},{"text": "U$"},{"text": "U$"},"\n","\"",{"text": "$蜙"},{"text": "$蜘"},{"text": "$蜙"},"\"\"",{"text": "$$聍"},"\n","\"",{"text": "U$"},{"text": "U$"},{"text": "U$"},"\"\"",{"text": "U$"},"\n","\"",{"text": "$蜙"},{"text": "$蜙"},{"text": "$蜙"},"\n","\"",{"text": "U$"},{"text": "U$"},{"text": "U$"},"\n"],{"text": "\n- x1 ","color": "gray"},{"translate": "stardust.ender_pearl","color": "gray"},{"text": "\n- x8 ","color": "gray"},{"translate": "stardust.dragon_breath","color": "gray"}]}},
				{"text": "2##","hover_event": {"action": "show_text","value": [{"text": ""},[{"text": "","font": "stardust:manual","color": "white"},"\"I\n","\n\n","\"",{"text": "$聏"},"\"\"\"\"#U$",{"text": "$$聍"},"\n","\"",{"text": "U$"},"\"\"\"\"#U$",{"text": "U$"},"\n","\n"],{"translate": "stardust.simplenergy_pulverizing","color": "yellow"},{"text": "\n- x1 ","color": "gray"},{"translate": "stardust.ender_dragon_pearl","color": "gray"}]},"click_event": {"action": "show_dialog","dialog": "stardust:manual/page_35"}},
				{"text": "蜢##","hover_event": {"action": "show_text","value": [{"text": ""},[{"text": "","font": "stardust:manual","color": "white"},"\"F\n","\"",{"text": "$蜘"},{"text": "$蜘"},{"text": "$蜘"},"\n","\"",{"text": "U$"},{"text": "U$"},{"text": "U$"},"\n","\"",{"text": "$蜘"},{"text": "$聍"},{"text": "$蜘"},"\"\"",{"text": "$$聏"},"\n","\"",{"text": "U$"},{"text": "U$"},{"text": "U$"},"\"\"",{"text": "U$"},"\n","\"",{"text": "$蜘"},{"text": "$蜘"},{"text": "$蜘"},"\n","\"",{"text": "U$"},{"text": "U$"},{"text": "U$"},"\n"],{"text": "\n- x1 ","color": "gray"},{"translate": "stardust.dragon_pearl","color": "gray"},{"text": "\n- x8 ","color": "gray"},{"translate": "stardust.ender_pearl","color": "gray"}]},"click_event": {"action": "show_dialog","dialog": "stardust:manual/page_35"}},
				{"text": "蜩##","hover_event": {"action": "show_text","value": [{"text": ""},[{"text": "","font": "stardust:manual","color": "white"},"\"F\n","\"",{"text": "$聍"},{"text": "$聍"},{"text": "$聍"},"\n","\"",{"text": "U$"},{"text": "U$"},{"text": "U$"},"\n","\"",{"text": "$耩"},{"text": "$肕"},{"text": "$耩"},"\"\"",{"text": "$$肗"},"\n","\"",{"text": "U$"},{"text": "U$"},{"text": "U$"},"\"\"",{"text": "U$"},"\n","\"",{"text": "$聛"},{"text": "$艼"},{"text": "$聛"},"\n","\"",{"text": "U$"},{"text": "U$"},{"text": "U$"},"\n"],{"text": "\n- x3 ","color": "gray"},{"translate": "stardust.dragon_pearl","color": "gray"},{"text": "\n- x2 ","color": "gray"},{"translate": "stardust.compacted_stardust_shard","color": "gray"},{"text": "\n- x1 ","color": "gray"},{"translate": "stardust.quarry_lv_2","color": "gray"},{"text": "\n- x2 ","color": "gray"},{"translate": "stardust.quadruple_compressed_cobblestone","color": "gray"},{"text": "\n- x1 ","color": "gray"},{"translate": "stardust.respawn_anchor","color": "gray"}]},"click_event": {"action": "show_dialog","dialog": "stardust:manual/page_71"}},
				{"text": "蜮\n","hover_event": {"action": "show_text","value": [{"text": ""},[{"text": "","font": "stardust:manual","color": "white"},"\"F\n","\"",{"text": "$聍"},{"text": "$耩"},{"text": "$聍"},"\n","\"",{"text": "U$"},{"text": "U$"},{"text": "U$"},"\n","\"",{"text": "$耩"},{"text": "$芾"},{"text": "$耩"},"\"\"",{"text": "$$脃"},"\n","\"",{"text": "U$"},{"text": "U$"},{"text": "U$"},"\"\"",{"text": "U$"},"\n","\"",{"text": "$聍"},{"text": "$耩"},{"text": "$聍"},"\n","\"",{"text": "U$"},{"text": "U$"},{"text": "U$"},"\n"],{"text": "\n- x4 ","color": "gray"},{"translate": "stardust.dragon_pearl","color": "gray"},{"text": "\n- x4 ","color": "gray"},{"translate": "stardust.compacted_stardust_shard","color": "gray"},{"text": "\n- x1 ","color": "gray"},{"translate": "stardust.diamond_spear","color": "gray"}]},"click_event": {"action": "show_dialog","dialog": "stardust:manual/page_125"}},
				{"text": "0##","hover_event": {"action": "show_text","value": [{"translate": "stardust.upgraded_ender_pearl_variant","color": "yellow"},{"translate": "stardust.throws_x1_5_farther_than_regular_ender_pearls","color": "gray"},{"translate": "stardust.cooldown_is_0_5_seconds_instead_of_1_second","color": "gray"}]}},
				{"text": "0##","hover_event": {"action": "show_text","value": [{"text": ""},[{"text": "","font": "stardust:manual","color": "white"},"\"F\n","\"",{"text": "$蜙"},{"text": "$蜙"},{"text": "$蜙"},"\n","\"",{"text": "U$"},{"text": "U$"},{"text": "U$"},"\n","\"",{"text": "$蜙"},{"text": "$蜘"},{"text": "$蜙"},"\"\"",{"text": "$$聍"},"\n","\"",{"text": "U$"},{"text": "U$"},{"text": "U$"},"\"\"",{"text": "U$"},"\n","\"",{"text": "$蜙"},{"text": "$蜙"},{"text": "$蜙"},"\n","\"",{"text": "U$"},{"text": "U$"},{"text": "U$"},"\n"],{"text": "\n- x1 ","color": "gray"},{"translate": "stardust.ender_pearl","color": "gray"},{"text": "\n- x8 ","color": "gray"},{"translate": "stardust.dragon_breath","color": "gray"}]}},
				{"text": "0##","hover_event": {"action": "show_text","value": [{"text": ""},[{"text": "","font": "stardust:manual","color": "white"},"\"I\n","\n\n","\"",{"text": "$聏"},"\"\"\"\"#U$",{"text": "$$聍"},"\n","\"",{"text": "U$"},"\"\"\"\"#U$",{"text": "U$"},"\n","\n"],{"translate": "stardust.simplenergy_pulverizing","color": "yellow"},{"text": "\n- x1 ","color": "gray"},{"translate": "stardust.ender_dragon_pearl","color": "gray"}]},"click_event": {"action": "show_dialog","dialog": "stardust:manual/page_35"}},
				{"text": "0##","hover_event": {"action": "show_text","value": [{"text": ""},[{"text": "","font": "stardust:manual","color": "white"},"\"F\n","\"",{"text": "$蜘"},{"text": "$蜘"},{"text": "$蜘"},"\n","\"",{"text": "U$"},{"text": "U$"},{"text": "U$"},"\n","\"",{"text": "$蜘"},{"text": "$聍"},{"text": "$蜘"},"\"\"",{"text": "$$聏"},"\n","\"",{"text": "U$"},{"text": "U$"},{"text": "U$"},"\"\"",{"text": "U$"},"\n","\"",{"text": "$蜘"},{"text": "$蜘"},{"text": "$蜘"},"\n","\"",{"text": "U$"},{"text": "U$"},{"text": "U$"},"\n"],{"text": "\n- x1 ","color": "gray"},{"translate": "stardust.dragon_pearl","color": "gray"},{"text": "\n- x8 ","color": "gray"},{"translate": "stardust.ender_pearl","color": "gray"}]},"click_event": {"action": "show_dialog","dialog": "stardust:manual/page_35"}},
				{"text": "0##","hover_event": {"action": "show_text","value": [{"text": ""},[{"text": "","font": "stardust:manual","color": "white"},"\"F\n","\"",{"text": "$聍"},{"text": "$聍"},{"text": "$聍"},"\n","\"",{"text": "U$"},{"text": "U$"},{"text": "U$"},"\n","\"",{"text": "$耩"},{"text": "$肕"},{"text": "$耩"},"\"\"",{"text": "$$肗"},"\n","\"",{"text": "U$"},{"text": "U$"},{"text": "U$"},"\"\"",{"text": "U$"},"\n","\"",{"text": "$聛"},{"text": "$艼"},{"text": "$聛"},"\n","\"",{"text": "U$"},{"text": "U$"},{"text": "U$"},"\n"],{"text": "\n- x3 ","color": "gray"},{"translate": "stardust.dragon_pearl","color": "gray"},{"text": "\n- x2 ","color": "gray"},{"translate": "stardust.compacted_stardust_shard","color": "gray"},{"text": "\n- x1 ","color": "gray"},{"translate": "stardust.quarry_lv_2","color": "gray"},{"text": "\n- x2 ","color": "gray"},{"translate": "stardust.quadruple_compressed_cobblestone","color": "gray"},{"text": "\n- x1 ","color": "gray"},{"translate": "stardust.respawn_anchor","color": "gray"}]},"click_event": {"action": "show_dialog","dialog": "stardust:manual/page_71"}},
				{"text": "0\n","hover_event": {"action": "show_text","value": [{"text": ""},[{"text": "","font": "stardust:manual","color": "white"},"\"F\n","\"",{"text": "$聍"},{"text": "$耩"},{"text": "$聍"},"\n","\"",{"text": "U$"},{"text": "U$"},{"text": "U$"},"\n","\"",{"text": "$耩"},{"text": "$芾"},{"text": "$耩"},"\"\"",{"text": "$$脃"},"\n","\"",{"text": "U$"},{"text": "U$"},{"text": "U$"},"\"\"",{"text": "U$"},"\n","\"",{"text": "$聍"},{"text": "$耩"},{"text": "$聍"},"\n","\"",{"text": "U$"},{"text": "U$"},{"text": "U$"},"\n"],{"text": "\n- x4 ","color": "gray"},{"translate": "stardust.dragon_pearl","color": "gray"},{"text": "\n- x4 ","color": "gray"},{"translate": "stardust.compacted_stardust_shard","color": "gray"},{"text": "\n- x1 ","color": "gray"},{"translate": "stardust.diamond_spear","color": "gray"}]},"click_event": {"action": "show_dialog","dialog": "stardust:manual/page_125"}},
				{"text": "蜲##","hover_event": {"action": "show_text","value": [{"text": ""},[{"text": "","font": "stardust:manual","color": "white"},"\"E\n","\"",{"text": "$聍"},"\n","\"",{"text": "U$"},"U$U$",{"text": "$$脥"},"\n","\"",{"text": "$蜱"},"U$U$",{"text": "U$"},"\n","\"",{"text": "U$"},"\n"],{"text": "\n- x1 ","color": "gray"},{"translate": "stardust.dragon_pearl","color": "gray"},{"text": "\n- x1 ","color": "gray"},{"translate": "stardust.stick","color": "gray"}]},"click_event": {"action": "show_dialog","dialog": "stardust:manual/page_142"}},
				"\n\n\n\n\n\n\n\n\n\n\n\n\n\n\n"
			],
			"width": 140
		}
	]
}
