{
	"type": "minecraft:notice",
	"title": [
		{
			"sprite": "stardust:item/speed_artifact_lv2",
			"shadow_color": [
				0,
				0,
				0,
				0
			],
			"atlas": "minecraft:items"
		},
		" ",
		{
			"translate": "stardust.speed_artifact_lv2",
			"underlined": true,
			"atlas": "minecraft:items"
		},
		" ",
		{
			"sprite": "stardust:item/speed_artifact_lv2",
			"shadow_color": [
				0,
				0,
				0,
				0
			]
		}
	],
	"body": [
		{
			"type": "minecraft:plain_message",
			"contents": [
				{"text": "V   ","font": "stardust:manual","color": "white"},
				{"text": "\n   ","click_event": {"action": "show_dialog","dialog": "stardust:manual/page_136"},"hover_event": {"action": "show_text","value": [{"translate": "stardust.go_to_previous_page"}," (136)"]}},
				" ",
				{"text": "   ","click_event": {"action": "show_dialog","dialog": "stardust:manual/page_138"},"hover_event": {"action": "show_text","value": [{"translate": "stardust.go_to_next_page"}," (138)"]}},
				{"text": "\n   ","click_event": {"action": "show_dialog","dialog": "stardust:manual/page_136"},"hover_event": {"action": "show_text","value": [{"translate": "stardust.go_to_previous_page"}," (136)"]}},
				" ",
				{"text": "   ","click_event": {"action": "show_dialog","dialog": "stardust:manual/page_138"},"hover_event": {"action": "show_text","value": [{"translate": "stardust.go_to_next_page"}," (138)"]}}
			],
			"width": 400
		},
		{
			"type": "minecraft:plain_message",
			"contents": [
				{"text": "","font": "stardust:manual","color": "white","shadow_color": [0,0,0,0]},
				"\"$5\n\"",
				{"text": "$脙$脙","hover_event": {"action": "show_item","id": "command_block","components": {"item_name": {"translate": "stardust.speed_artifact_lv_1"},"rarity": "rare","lore": [{"translate": "stardust.hold_in_any_hand_to_get_the_speed_effect","color": "gray","italic": false},{"translate": "stardust.10_base_speed","color": "gray","italic": false},["",{"text": "I","color": "white","italic": false,"font": "stardust:icons"},{"translate": "stardustfragment","italic": true,"color": "blue"}]],"attribute_modifiers": [{"type": "movement_speed","amount": 0.1,"operation": "add_multiplied_base","slot": "hand","id": "stardust:base_movement_speed"}],"item_model": "stardust:speed_artifact_lv1","custom_data": {"stardust": {"speed_artifact_lv1": true},"smithed": {"ignore": {"functionality": true,"crafting": true}}}}},"click_event": {"action": "show_dialog","dialog": "stardust:manual/page_136"}},
				"  \n\"",
				{"text": "U$U$","hover_event": {"action": "show_item","id": "command_block","components": {"item_name": {"translate": "stardust.speed_artifact_lv_1"},"rarity": "rare","lore": [{"translate": "stardust.hold_in_any_hand_to_get_the_speed_effect","color": "gray","italic": false},{"translate": "stardust.10_base_speed","color": "gray","italic": false},["",{"text": "I","color": "white","italic": false,"font": "stardust:icons"},{"translate": "stardustfragment","italic": true,"color": "blue"}]],"attribute_modifiers": [{"type": "movement_speed","amount": 0.1,"operation": "add_multiplied_base","slot": "hand","id": "stardust:base_movement_speed"}],"item_model": "stardust:speed_artifact_lv1","custom_data": {"stardust": {"speed_artifact_lv1": true},"smithed": {"ignore": {"functionality": true,"crafting": true}}}}},"click_event": {"action": "show_dialog","dialog": "stardust:manual/page_136"}},
				"U$",
				{"text": "$$脛","hover_event": {"action": "show_item","id": "command_block","components": {"item_name": {"translate": "stardust.speed_artifact_lv_2"},"rarity": "rare","lore": [{"translate": "stardust.hold_in_any_hand_to_get_the_speed_effect","color": "gray","italic": false},{"translate": "stardust.15_base_speed","color": "gray","italic": false},["",{"text": "I","color": "white","italic": false,"font": "stardust:icons"},{"translate": "stardustfragment","italic": true,"color": "blue"}]],"attribute_modifiers": [{"type": "movement_speed","amount": 0.15,"operation": "add_multiplied_base","slot": "hand","id": "stardust:base_movement_speed"}],"item_model": "stardust:speed_artifact_lv2","custom_data": {"stardust": {"speed_artifact_lv2": true},"smithed": {"ignore": {"functionality": true,"crafting": true}}}}}},
				"#$\n\"U$U$U$",
				{"text": "U$","hover_event": {"action": "show_item","id": "command_block","components": {"item_name": {"translate": "stardust.speed_artifact_lv_2"},"rarity": "rare","lore": [{"translate": "stardust.hold_in_any_hand_to_get_the_speed_effect","color": "gray","italic": false},{"translate": "stardust.15_base_speed","color": "gray","italic": false},["",{"text": "I","color": "white","italic": false,"font": "stardust:icons"},{"translate": "stardustfragment","italic": true,"color": "blue"}]],"attribute_modifiers": [{"type": "movement_speed","amount": 0.15,"operation": "add_multiplied_base","slot": "hand","id": "stardust:base_movement_speed"}],"item_model": "stardust:speed_artifact_lv2","custom_data": {"stardust": {"speed_artifact_lv2": true},"smithed": {"ignore": {"functionality": true,"crafting": true}}}}}},
				"#$\n\n\n",
				{"text": "1##","hover_event": {"action": "show_text","value": [{"translate": "stardust.lv_2_speed_artifact","color": "yellow"},{"text": "\nHold in any hand to get the speed effect","color": "gray"},{"text": "\n[+15% Base Speed]","color": "gray"}]}},
				{"text": "2##","hover_event": {"action": "show_text","value": [{"text": ""},[{"text": "","font": "stardust:manual","color": "white"},"\"E\n","\"",{"text": "$脙"},{"text": "$脙"},"\n","\"",{"text": "U$"},{"text": "U$"},"U$",{"text": "$$脛"},"\n\"","U$U$U$",{"text": "U$"},"\n","\n"],{"text": "\n- x2 ","color": "gray"},{"translate": "stardust.speed_artifact_lv_1","color": "gray"}]},"click_event": {"action": "show_dialog","dialog": "stardust:manual/page_136"}},
				{"text": "郡\n","hover_event": {"action": "show_text","value": [{"text": ""},[{"text": "","font": "stardust:manual","color": "white"},"\"E\n","\"",{"text": "$脛"},{"text": "$脛"},"\n","\"",{"text": "U$"},{"text": "U$"},"U$",{"text": "$$脝"},"\n\"","U$U$U$",{"text": "U$"},"\n","\n"],{"text": "\n- x2 ","color": "gray"},{"translate": "stardust.speed_artifact_lv_2","color": "gray"}]},"click_event": {"action": "show_dialog","dialog": "stardust:manual/page_138"}},
				{"text": "0##","hover_event": {"action": "show_text","value": [{"translate": "stardust.lv_2_speed_artifact","color": "yellow"},{"text": "\nHold in any hand to get the speed effect","color": "gray"},{"text": "\n[+15% Base Speed]","color": "gray"}]}},
				{"text": "0##","hover_event": {"action": "show_text","value": [{"text": ""},[{"text": "","font": "stardust:manual","color": "white"},"\"E\n","\"",{"text": "$脙"},{"text": "$脙"},"\n","\"",{"text": "U$"},{"text": "U$"},"U$",{"text": "$$脛"},"\n\"","U$U$U$",{"text": "U$"},"\n","\n"],{"text": "\n- x2 ","color": "gray"},{"translate": "stardust.speed_artifact_lv_1","color": "gray"}]},"click_event": {"action": "show_dialog","dialog": "stardust:manual/page_136"}},
				{"text": "0","hover_event": {"action": "show_text","value": [{"text": ""},[{"text": "","font": "stardust:manual","color": "white"},"\"E\n","\"",{"text": "$脛"},{"text": "$脛"},"\n","\"",{"text": "U$"},{"text": "U$"},"U$",{"text": "$$脝"},"\n\"","U$U$U$",{"text": "U$"},"\n","\n"],{"text": "\n- x2 ","color": "gray"},{"translate": "stardust.speed_artifact_lv_2","color": "gray"}]},"click_event": {"action": "show_dialog","dialog": "stardust:manual/page_138"}},
				"\n\n\n\n\n\n\n\n\n\n\n\n\n\n\n\n\n\n"
			],
			"width": 140
		}
	]
}
