{
	"type": "minecraft:notice",
	"title": {
		"translate": "stardust.advanced_furnace_generator",
		"underlined": true
	},
	"body": [
		{
			"type": "minecraft:plain_message",
			"contents": [
				{"text": "V   ","font": "stardust:manual","color": "white"},
				{"text": "\n   ","click_event": {"action": "show_dialog","dialog": "stardust:manual/page_80"},"hover_event": {"action": "show_text","value": [{"translate": "stardust.go_to_previous_page"},{"text": " (80)"}]}},
				" ",
				{"text": "   ","click_event": {"action": "show_dialog","dialog": "stardust:manual/page_82"},"hover_event": {"action": "show_text","value": [{"translate": "stardust.go_to_next_page"},{"text": " (82)"}]}},
				{"text": "\n   ","click_event": {"action": "show_dialog","dialog": "stardust:manual/page_80"},"hover_event": {"action": "show_text","value": [{"translate": "stardust.go_to_previous_page"},{"text": " (80)"}]}},
				" ",
				{"text": "   ","click_event": {"action": "show_dialog","dialog": "stardust:manual/page_82"},"hover_event": {"action": "show_text","value": [{"translate": "stardust.go_to_next_page"},{"text": " (82)"}]}}
			],
			"width": 400
		},
		{
			"type": "minecraft:plain_message",
			"contents": [
				{"text": "","font": "stardust:manual","color": "white","shadow_color": [0,0,0,0]},
				"\"$6\n\"",
				{"text": "$舻$舻$舻","hover_event": {"action": "show_item","id": "furnace","components": {"item_name": {"translate": "stardust.machine_block"},"lore": [{"translate": "stardust.simplenergy","italic": true,"color": "blue"}],"custom_data": {"simplenergy": {"machine_block": true}}}}},
				"  \n\"",
				{"translate": "stardust.uuu","hover_event": {"action": "show_item","id": "furnace","components": {"item_name": {"translate": "stardust.machine_block"},"lore": [{"translate": "stardust.simplenergy","italic": true,"color": "blue"}],"custom_data": {"simplenergy": {"machine_block": true}}}}},
				"  \n\"",
				{"text": "$蠭","hover_event": {"action": "show_item","id": "minecraft:glass","components": {}}},
				{"text": "$蠮","hover_event": {"action": "show_item","id": "furnace","components": {"item_name": {"translate": "stardust.furnace_generator"},"lore": [{"translate": "stardust.simplenergy","italic": true,"color": "blue"}],"custom_data": {"simplenergy": {"furnace_generator": true}}}}},
				{"text": "$蠭","hover_event": {"action": "show_item","id": "minecraft:glass","components": {}}},
				"\"\"",
				{"text": "$$肯","hover_event": {"action": "show_item","id": "furnace","components": {"custom_data": {"energy": {"generation": 20,"max_storage": 1600},"stardust": {"advanced_furnace_generator": true},"smithed": {"ignore": {"functionality": true,"crafting": true}}},"item_name": {"translate": "stardust.advanced_furnace_generator","italic": false,"color": "white"},"lore": [{"translate": "stardust.energy_generation_20_kw","italic": false,"color": "gray"},{"translate": "stardust.energy_buffer_1600_kj","italic": false,"color": "gray"},["",{"text": "I","color": "white","italic": false,"font": "stardust:icons"},{"translate": "stardustfragment","italic": true,"color": "blue"}]],"item_model": "stardust:advanced_furnace_generator","container": [{"slot": 0,"item": {"id": "minecraft:stone","count": 1,"components": {"minecraft:custom_data": {"smithed": {"block": {"id": "stardust:advanced_furnace_generator","from": "stardust"}}}}}}],"tooltip_display": {"hidden_components": ["minecraft:container"]}}}},
				"#$\n\"",
				{"text": "U$","hover_event": {"action": "show_item","id": "minecraft:glass","components": {}}},
				{"text": "U$","hover_event": {"action": "show_item","id": "furnace","components": {"item_name": {"translate": "stardust.furnace_generator"},"lore": [{"translate": "stardust.simplenergy","italic": true,"color": "blue"}],"custom_data": {"simplenergy": {"furnace_generator": true}}}}},
				{"text": "U$","hover_event": {"action": "show_item","id": "minecraft:glass","components": {}}},
				"\"\"",
				{"text": "U$","hover_event": {"action": "show_item","id": "furnace","components": {"custom_data": {"energy": {"generation": 20,"max_storage": 1600},"stardust": {"advanced_furnace_generator": true},"smithed": {"ignore": {"functionality": true,"crafting": true}}},"item_name": {"translate": "stardust.advanced_furnace_generator","italic": false,"color": "white"},"lore": [{"translate": "stardust.energy_generation_20_kw","italic": false,"color": "gray"},{"translate": "stardust.energy_buffer_1600_kj","italic": false,"color": "gray"},["",{"text": "I","color": "white","italic": false,"font": "stardust:icons"},{"translate": "stardustfragment","italic": true,"color": "blue"}]],"item_model": "stardust:advanced_furnace_generator","container": [{"slot": 0,"item": {"id": "minecraft:stone","count": 1,"components": {"minecraft:custom_data": {"smithed": {"block": {"id": "stardust:advanced_furnace_generator","from": "stardust"}}}}}}],"tooltip_display": {"hidden_components": ["minecraft:container"]}}}},
				"#$\n\"",
				{"text": "$腹$腹$腹","hover_event": {"action": "show_item","id": "minecraft:iron_block","components": {}}},
				"  \n\"",
				{"translate": "stardust.uuu","hover_event": {"action": "show_item","id": "minecraft:iron_block","components": {}}},
				"  \n\n",
				{"text": "1##","hover_event": {"action": "show_text","value": [{"translate": "stardust.enhanced_furnace_generator","color": "yellow"},{"translate": "stardust.generates_20_kw_when_supplied_with_fuel","color": "gray"},{"text": "\nEnergy buffer: 1600 kJ","color": "gray"},{"translate": "stardust.more_efficient_than_basic_furnace_generator","color": "gray"}]}},
				{"text": "2##","hover_event": {"action": "show_text","value": [{"text": ""},[{"text": "","font": "stardust:manual","color": "white"},"\"F\n","\"",{"text": "$舻"},{"text": "$舻"},{"text": "$舻"},"\n","\"",{"text": "U$"},{"text": "U$"},{"text": "U$"},"\n","\"",{"text": "$蠭"},{"text": "$蠮"},{"text": "$蠭"},"\"\"",{"text": "$$肯"},"\n","\"",{"text": "U$"},{"text": "U$"},{"text": "U$"},"\"\"",{"text": "U$"},"\n","\"",{"text": "$腹"},{"text": "$腹"},{"text": "$腹"},"\n","\"",{"text": "U$"},{"text": "U$"},{"text": "U$"},"\n"],{"text": "\n- x3 ","color": "gray"},{"translate": "stardust.machine_block","color": "gray"},{"text": "\n- x2 ","color": "gray"},{"translate": "stardust.glass","color": "gray"},{"text": "\n- x1 ","color": "gray"},{"translate": "stardust.furnace_generator","color": "gray"},{"text": "\n- x3 ","color": "gray"},{"translate": "stardust.iron_block","color": "gray"}]}},
				{"text": "2##","hover_event": {"action": "show_text","value": [{"text": ""},[{"text": "","font": "stardust:manual","color": "white"},"\"F\n","\"",{"text": "$腹"},{"text": "$腹"},{"text": "$腹"},"\n","\"",{"text": "U$"},{"text": "U$"},{"text": "U$"},"\n","\"",{"text": "$蠭"},{"text": "$蠮"},{"text": "$蠭"},"\"\"",{"text": "$$肯"},"\n","\"",{"text": "U$"},{"text": "U$"},{"text": "U$"},"\"\"",{"text": "U$"},"\n","\"",{"text": "$舻"},{"text": "$舻"},{"text": "$舻"},"\n","\"",{"text": "U$"},{"text": "U$"},{"text": "U$"},"\n"],{"text": "\n- x3 ","color": "gray"},{"translate": "stardust.machine_block","color": "gray"},{"text": "\n- x2 ","color": "gray"},{"translate": "stardust.glass","color": "gray"},{"text": "\n- x1 ","color": "gray"},{"translate": "stardust.furnace_generator","color": "gray"},{"text": "\n- x3 ","color": "gray"},{"translate": "stardust.iron_block","color": "gray"}]}},
				{"text": "蠿\n","hover_event": {"action": "show_text","value": [{"text": ""},[{"text": "","font": "stardust:manual","color": "white"},"\"F\n","\"",{"text": "$聥"},{"text": "$聥"},{"text": "$聥"},"\n","\"",{"text": "U$"},{"text": "U$"},{"text": "U$"},"\n","\"",{"text": "$耩"},{"text": "$肯"},{"text": "$耩"},"\"\"",{"text": "$$肱"},"\n","\"",{"text": "U$"},{"text": "U$"},{"text": "U$"},"\"\"",{"text": "U$"},"\n","\"",{"text": "$耫"},{"text": "$耫"},{"text": "$耫"},"\n","\"",{"text": "U$"},{"text": "U$"},{"text": "U$"},"\n"],{"text": "\n- x3 ","color": "gray"},{"translate": "stardust_frame","color": "gray"},{"text": "\n- x2 ","color": "gray"},{"translate": "stardust.compacted_stardust_shard","color": "gray"},{"text": "\n- x1 ","color": "gray"},{"translate": "stardust.advanced_furnace_generator","color": "gray"},{"text": "\n- x3 ","color": "gray"},{"translate": "stardust_block","color": "gray"}]},"click_event": {"action": "show_dialog","dialog": "stardust:manual/page_82"}},
				{"text": "0##","hover_event": {"action": "show_text","value": [{"translate": "stardust.enhanced_furnace_generator","color": "yellow"},{"translate": "stardust.generates_20_kw_when_supplied_with_fuel","color": "gray"},{"text": "\nEnergy buffer: 1600 kJ","color": "gray"},{"translate": "stardust.more_efficient_than_basic_furnace_generator","color": "gray"}]}},
				{"text": "0##","hover_event": {"action": "show_text","value": [{"text": ""},[{"text": "","font": "stardust:manual","color": "white"},"\"F\n","\"",{"text": "$舻"},{"text": "$舻"},{"text": "$舻"},"\n","\"",{"text": "U$"},{"text": "U$"},{"text": "U$"},"\n","\"",{"text": "$蠭"},{"text": "$蠮"},{"text": "$蠭"},"\"\"",{"text": "$$肯"},"\n","\"",{"text": "U$"},{"text": "U$"},{"text": "U$"},"\"\"",{"text": "U$"},"\n","\"",{"text": "$腹"},{"text": "$腹"},{"text": "$腹"},"\n","\"",{"text": "U$"},{"text": "U$"},{"text": "U$"},"\n"],{"text": "\n- x3 ","color": "gray"},{"translate": "stardust.machine_block","color": "gray"},{"text": "\n- x2 ","color": "gray"},{"translate": "stardust.glass","color": "gray"},{"text": "\n- x1 ","color": "gray"},{"translate": "stardust.furnace_generator","color": "gray"},{"text": "\n- x3 ","color": "gray"},{"translate": "stardust.iron_block","color": "gray"}]}},
				{"text": "0##","hover_event": {"action": "show_text","value": [{"text": ""},[{"text": "","font": "stardust:manual","color": "white"},"\"F\n","\"",{"text": "$腹"},{"text": "$腹"},{"text": "$腹"},"\n","\"",{"text": "U$"},{"text": "U$"},{"text": "U$"},"\n","\"",{"text": "$蠭"},{"text": "$蠮"},{"text": "$蠭"},"\"\"",{"text": "$$肯"},"\n","\"",{"text": "U$"},{"text": "U$"},{"text": "U$"},"\"\"",{"text": "U$"},"\n","\"",{"text": "$舻"},{"text": "$舻"},{"text": "$舻"},"\n","\"",{"text": "U$"},{"text": "U$"},{"text": "U$"},"\n"],{"text": "\n- x3 ","color": "gray"},{"translate": "stardust.machine_block","color": "gray"},{"text": "\n- x2 ","color": "gray"},{"translate": "stardust.glass","color": "gray"},{"text": "\n- x1 ","color": "gray"},{"translate": "stardust.furnace_generator","color": "gray"},{"text": "\n- x3 ","color": "gray"},{"translate": "stardust.iron_block","color": "gray"}]}},
				{"text": "0","hover_event": {"action": "show_text","value": [{"text": ""},[{"text": "","font": "stardust:manual","color": "white"},"\"F\n","\"",{"text": "$聥"},{"text": "$聥"},{"text": "$聥"},"\n","\"",{"text": "U$"},{"text": "U$"},{"text": "U$"},"\n","\"",{"text": "$耩"},{"text": "$肯"},{"text": "$耩"},"\"\"",{"text": "$$肱"},"\n","\"",{"text": "U$"},{"text": "U$"},{"text": "U$"},"\"\"",{"text": "U$"},"\n","\"",{"text": "$耫"},{"text": "$耫"},{"text": "$耫"},"\n","\"",{"text": "U$"},{"text": "U$"},{"text": "U$"},"\n"],{"text": "\n- x3 ","color": "gray"},{"translate": "stardust_frame","color": "gray"},{"text": "\n- x2 ","color": "gray"},{"translate": "stardust.compacted_stardust_shard","color": "gray"},{"text": "\n- x1 ","color": "gray"},{"translate": "stardust.advanced_furnace_generator","color": "gray"},{"text": "\n- x3 ","color": "gray"},{"translate": "stardust_block","color": "gray"}]},"click_event": {"action": "show_dialog","dialog": "stardust:manual/page_82"}},
				"\n\n\n\n\n\n\n\n\n\n\n\n\n\n\n\n"
			],
			"width": 140
		}
	]
}
