{
	"type": "minecraft:notice",
	"title": {
		"translate": "stardust.solarium_solar_panel",
		"underlined": true
	},
	"body": [
		{
			"type": "minecraft:plain_message",
			"contents": [
				{"text": "V   ","font": "stardust:manual","color": "white"},
				{"text": "\n   ","click_event": {"action": "show_dialog","dialog": "stardust:manual/page_65"},"hover_event": {"action": "show_text","value": [{"translate": "stardust.go_to_previous_page"}," (65)"]}},
				" ",
				{"text": "   ","click_event": {"action": "show_dialog","dialog": "stardust:manual/page_67"},"hover_event": {"action": "show_text","value": [{"translate": "stardust.go_to_next_page"}," (67)"]}},
				{"text": "\n   ","click_event": {"action": "show_dialog","dialog": "stardust:manual/page_65"},"hover_event": {"action": "show_text","value": [{"translate": "stardust.go_to_previous_page"}," (65)"]}},
				" ",
				{"text": "   ","click_event": {"action": "show_dialog","dialog": "stardust:manual/page_67"},"hover_event": {"action": "show_text","value": [{"translate": "stardust.go_to_next_page"}," (67)"]}}
			],
			"width": 400
		},
		{
			"type": "minecraft:plain_message",
			"contents": [
				{"text": "","font": "stardust:manual","color": "white","shadow_color": [0,0,0,0]},
				"\"$6\n\"",
				{"text": "$聳$聳$聳","hover_event": {"action": "show_item","id": "command_block","components": {"item_model": "stardust:solarium_photovoltaic_cell","item_name": {"translate": "stardust.solarium_photovoltaic_cell"},"lore": [["",{"text": "I","color": "white","italic": false,"font": "stardust:icons"},{"translate": "stardustfragment","italic": true,"color": "blue"}]],"custom_data": {"stardust": {"solarium_photovoltaic_cell": true},"smithed": {"ignore": {"functionality": true,"crafting": true}}}}},"click_event": {"action": "show_dialog","dialog": "stardust:manual/page_53"}},
				"  \n\"",
				{"translate": "stardust.uuu","hover_event": {"action": "show_item","id": "command_block","components": {"item_model": "stardust:solarium_photovoltaic_cell","item_name": {"translate": "stardust.solarium_photovoltaic_cell"},"lore": [["",{"text": "I","color": "white","italic": false,"font": "stardust:icons"},{"translate": "stardustfragment","italic": true,"color": "blue"}]],"custom_data": {"stardust": {"solarium_photovoltaic_cell": true},"smithed": {"ignore": {"functionality": true,"crafting": true}}}}},"click_event": {"action": "show_dialog","dialog": "stardust:manual/page_53"}},
				"  \n\"",
				{"text": "$聃","hover_event": {"action": "show_item","id": "command_block","components": {"custom_data": {"smithed": {"dict": {"ingot": {"solarium": true}},"ignore": {"functionality": true,"crafting": true}},"stardust": {"solarium_ingot": true}},"item_model": "stardust:solarium_ingot","item_name": {"translate": "stardust.solarium_ingot"},"lore": [["",{"text": "I","color": "white","italic": false,"font": "stardust:icons"},{"translate": "stardustfragment","italic": true,"color": "blue"}]]}},"click_event": {"action": "show_dialog","dialog": "stardust:manual/page_29"}},
				{"text": "$肉","hover_event": {"action": "show_item","id": "furnace","components": {"custom_data": {"energy": {"generation": 16,"max_storage": 2400},"stardust": {"awakened_stardust_solar_panel": true},"smithed": {"ignore": {"functionality": true,"crafting": true}}},"lore": [{"translate": "stardust.energy_generation_16_kw","italic": false,"color": "gray"},{"translate": "stardust.energy_buffer_2400_kj","italic": false,"color": "gray"},["",{"text": "I","color": "white","italic": false,"font": "stardust:icons"},{"translate": "stardustfragment","italic": true,"color": "blue"}]],"item_model": "stardust:awakened_stardust_solar_panel","item_name": {"translate": "stardust.awakened_stardust_solar_panel"},"container": [{"slot": 0,"item": {"id": "minecraft:stone","count": 1,"components": {"minecraft:custom_data": {"smithed": {"block": {"id": "stardust:awakened_stardust_solar_panel","from": "stardust"}}}}}}],"tooltip_display": {"hidden_components": ["minecraft:container"]}}},"click_event": {"action": "show_dialog","dialog": "stardust:manual/page_64"}},
				{"text": "$聃","hover_event": {"action": "show_item","id": "command_block","components": {"custom_data": {"smithed": {"dict": {"ingot": {"solarium": true}},"ignore": {"functionality": true,"crafting": true}},"stardust": {"solarium_ingot": true}},"item_model": "stardust:solarium_ingot","item_name": {"translate": "stardust.solarium_ingot"},"lore": [["",{"text": "I","color": "white","italic": false,"font": "stardust:icons"},{"translate": "stardustfragment","italic": true,"color": "blue"}]]}},"click_event": {"action": "show_dialog","dialog": "stardust:manual/page_29"}},
				"\"\"",
				{"text": "$$肍","hover_event": {"action": "show_item","id": "furnace","components": {"custom_data": {"energy": {"generation": 32,"max_storage": 4800},"stardust": {"solarium_solar_panel": true},"smithed": {"ignore": {"functionality": true,"crafting": true}}},"lore": [{"translate": "stardust.energy_generation_32_kw","italic": false,"color": "gray"},{"translate": "stardust.energy_buffer_4800_kj","italic": false,"color": "gray"},["",{"text": "I","color": "white","italic": false,"font": "stardust:icons"},{"translate": "stardustfragment","italic": true,"color": "blue"}]],"item_model": "stardust:solarium_solar_panel","item_name": {"translate": "stardust.solarium_solar_panel"},"container": [{"slot": 0,"item": {"id": "minecraft:stone","count": 1,"components": {"minecraft:custom_data": {"smithed": {"block": {"id": "stardust:solarium_solar_panel","from": "stardust"}}}}}}],"tooltip_display": {"hidden_components": ["minecraft:container"]}}}},
				"#$\n\"",
				{"text": "U$","hover_event": {"action": "show_item","id": "command_block","components": {"custom_data": {"smithed": {"dict": {"ingot": {"solarium": true}},"ignore": {"functionality": true,"crafting": true}},"stardust": {"solarium_ingot": true}},"item_model": "stardust:solarium_ingot","item_name": {"translate": "stardust.solarium_ingot"},"lore": [["",{"text": "I","color": "white","italic": false,"font": "stardust:icons"},{"translate": "stardustfragment","italic": true,"color": "blue"}]]}},"click_event": {"action": "show_dialog","dialog": "stardust:manual/page_29"}},
				{"text": "U$","hover_event": {"action": "show_item","id": "furnace","components": {"custom_data": {"energy": {"generation": 16,"max_storage": 2400},"stardust": {"awakened_stardust_solar_panel": true},"smithed": {"ignore": {"functionality": true,"crafting": true}}},"lore": [{"translate": "stardust.energy_generation_16_kw","italic": false,"color": "gray"},{"translate": "stardust.energy_buffer_2400_kj","italic": false,"color": "gray"},["",{"text": "I","color": "white","italic": false,"font": "stardust:icons"},{"translate": "stardustfragment","italic": true,"color": "blue"}]],"item_model": "stardust:awakened_stardust_solar_panel","item_name": {"translate": "stardust.awakened_stardust_solar_panel"},"container": [{"slot": 0,"item": {"id": "minecraft:stone","count": 1,"components": {"minecraft:custom_data": {"smithed": {"block": {"id": "stardust:awakened_stardust_solar_panel","from": "stardust"}}}}}}],"tooltip_display": {"hidden_components": ["minecraft:container"]}}},"click_event": {"action": "show_dialog","dialog": "stardust:manual/page_64"}},
				{"text": "U$","hover_event": {"action": "show_item","id": "command_block","components": {"custom_data": {"smithed": {"dict": {"ingot": {"solarium": true}},"ignore": {"functionality": true,"crafting": true}},"stardust": {"solarium_ingot": true}},"item_model": "stardust:solarium_ingot","item_name": {"translate": "stardust.solarium_ingot"},"lore": [["",{"text": "I","color": "white","italic": false,"font": "stardust:icons"},{"translate": "stardustfragment","italic": true,"color": "blue"}]]}},"click_event": {"action": "show_dialog","dialog": "stardust:manual/page_29"}},
				"\"\"",
				{"text": "U$","hover_event": {"action": "show_item","id": "furnace","components": {"custom_data": {"energy": {"generation": 32,"max_storage": 4800},"stardust": {"solarium_solar_panel": true},"smithed": {"ignore": {"functionality": true,"crafting": true}}},"lore": [{"translate": "stardust.energy_generation_32_kw","italic": false,"color": "gray"},{"translate": "stardust.energy_buffer_4800_kj","italic": false,"color": "gray"},["",{"text": "I","color": "white","italic": false,"font": "stardust:icons"},{"translate": "stardustfragment","italic": true,"color": "blue"}]],"item_model": "stardust:solarium_solar_panel","item_name": {"translate": "stardust.solarium_solar_panel"},"container": [{"slot": 0,"item": {"id": "minecraft:stone","count": 1,"components": {"minecraft:custom_data": {"smithed": {"block": {"id": "stardust:solarium_solar_panel","from": "stardust"}}}}}}],"tooltip_display": {"hidden_components": ["minecraft:container"]}}}},
				"#$\n\"",
				{"text": "$蒵$蒵$蒵","hover_event": {"action": "show_item","id": "minecraft:calcite","components": {}}},
				"  \n\"",
				{"translate": "stardust.uuu","hover_event": {"action": "show_item","id": "minecraft:calcite","components": {}}},
				"  \n\n",
				{"text": "1##","hover_event": {"action": "show_text","value": [{"translate": "stardust.advanced_solar_panel_with_solarium_material","color": "yellow"},{"translate": "stardust.double_the_power_of_awakened_solar_panels","color": "gray"},{"translate": "stardust.generates_32_kw_during_daylight","color": "gray"}]}},
				{"text": "2##","hover_event": {"action": "show_text","value": [{"text": ""},[{"text": "","font": "stardust:manual","color": "white"},"\"F\n","\"",{"text": "$聳"},{"text": "$聳"},{"text": "$聳"},"\n","\"",{"text": "U$"},{"text": "U$"},{"text": "U$"},"\n","\"",{"text": "$聃"},{"text": "$肉"},{"text": "$聃"},"\"\"",{"text": "$$肍"},"\n","\"",{"text": "U$"},{"text": "U$"},{"text": "U$"},"\"\"",{"text": "U$"},"\n","\"",{"text": "$蒵"},{"text": "$蒵"},{"text": "$蒵"},"\n","\"",{"text": "U$"},{"text": "U$"},{"text": "U$"},"\n"],{"text": "\n- x3 ","color": "gray"},{"translate": "stardust.solarium_photovoltaic_cell","color": "gray"},{"text": "\n- x2 ","color": "gray"},{"translate": "stardust.solarium_ingot","color": "gray"},{"text": "\n- x1 ","color": "gray"},{"translate": "stardust.awakened_stardust_solar_panel","color": "gray"},{"text": "\n- x3 ","color": "gray"},{"translate": "stardust.calcite","color": "gray"}]}},
				{"text": "诡\n","hover_event": {"action": "show_text","value": [{"text": ""},[{"text": "","font": "stardust:manual","color": "white"},"\"F\n","\"",{"text": "$職"},{"text": "$職"},{"text": "$職"},"\n","\"",{"text": "U$"},{"text": "U$"},{"text": "U$"},"\n","\"",{"text": "$聑"},{"text": "$肍"},{"text": "$聑"},"\"\"",{"text": "$$肑"},"\n","\"",{"text": "U$"},{"text": "U$"},{"text": "U$"},"\"\"",{"text": "U$"},"\n","\"",{"text": "$耿"},{"text": "$耧"},{"text": "$聋"},"\n","\"",{"text": "U$"},{"text": "U$"},{"text": "U$"},"\n"],{"text": "\n- x3 ","color": "gray"},{"translate": "stardust.ultimate_photovoltaic_cell","color": "gray"},{"text": "\n- x2 ","color": "gray"},{"translate": "stardust.ultimate_shard","color": "gray"},{"text": "\n- x1 ","color": "gray"},{"translate": "stardust.solarium_solar_panel","color": "gray"},{"text": "\n- x1 ","color": "gray"},{"translate": "stardust.legendarium_block","color": "gray"},{"text": "\n- x1 ","color": "gray"},{"translate": "stardust_core","color": "gray"},{"text": "\n- x1 ","color": "gray"},{"translate": "stardust.darkium_block","color": "gray"}]},"click_event": {"action": "show_dialog","dialog": "stardust:manual/page_68"}},
				{"text": "0##","hover_event": {"action": "show_text","value": [{"translate": "stardust.advanced_solar_panel_with_solarium_material","color": "yellow"},{"translate": "stardust.double_the_power_of_awakened_solar_panels","color": "gray"},{"translate": "stardust.generates_32_kw_during_daylight","color": "gray"}]}},
				{"text": "0##","hover_event": {"action": "show_text","value": [{"text": ""},[{"text": "","font": "stardust:manual","color": "white"},"\"F\n","\"",{"text": "$聳"},{"text": "$聳"},{"text": "$聳"},"\n","\"",{"text": "U$"},{"text": "U$"},{"text": "U$"},"\n","\"",{"text": "$聃"},{"text": "$肉"},{"text": "$聃"},"\"\"",{"text": "$$肍"},"\n","\"",{"text": "U$"},{"text": "U$"},{"text": "U$"},"\"\"",{"text": "U$"},"\n","\"",{"text": "$蒵"},{"text": "$蒵"},{"text": "$蒵"},"\n","\"",{"text": "U$"},{"text": "U$"},{"text": "U$"},"\n"],{"text": "\n- x3 ","color": "gray"},{"translate": "stardust.solarium_photovoltaic_cell","color": "gray"},{"text": "\n- x2 ","color": "gray"},{"translate": "stardust.solarium_ingot","color": "gray"},{"text": "\n- x1 ","color": "gray"},{"translate": "stardust.awakened_stardust_solar_panel","color": "gray"},{"text": "\n- x3 ","color": "gray"},{"translate": "stardust.calcite","color": "gray"}]}},
				{"text": "0","hover_event": {"action": "show_text","value": [{"text": ""},[{"text": "","font": "stardust:manual","color": "white"},"\"F\n","\"",{"text": "$職"},{"text": "$職"},{"text": "$職"},"\n","\"",{"text": "U$"},{"text": "U$"},{"text": "U$"},"\n","\"",{"text": "$聑"},{"text": "$肍"},{"text": "$聑"},"\"\"",{"text": "$$肑"},"\n","\"",{"text": "U$"},{"text": "U$"},{"text": "U$"},"\"\"",{"text": "U$"},"\n","\"",{"text": "$耿"},{"text": "$耧"},{"text": "$聋"},"\n","\"",{"text": "U$"},{"text": "U$"},{"text": "U$"},"\n"],{"text": "\n- x3 ","color": "gray"},{"translate": "stardust.ultimate_photovoltaic_cell","color": "gray"},{"text": "\n- x2 ","color": "gray"},{"translate": "stardust.ultimate_shard","color": "gray"},{"text": "\n- x1 ","color": "gray"},{"translate": "stardust.solarium_solar_panel","color": "gray"},{"text": "\n- x1 ","color": "gray"},{"translate": "stardust.legendarium_block","color": "gray"},{"text": "\n- x1 ","color": "gray"},{"translate": "stardust_core","color": "gray"},{"text": "\n- x1 ","color": "gray"},{"translate": "stardust.darkium_block","color": "gray"}]},"click_event": {"action": "show_dialog","dialog": "stardust:manual/page_68"}},
				"\n\n\n\n\n\n\n\n\n\n\n\n\n\n\n\n"
			],
			"width": 140
		}
	]
}
