{
	"type": "minecraft:notice",
	"title": [
		{
			"sprite": "stardust:item/mirror",
			"shadow_color": [
				0,
				0,
				0,
				0
			],
			"atlas": "minecraft:items"
		},
		" ",
		{
			"translate": "stardust.mirror",
			"underlined": true
		},
		" ",
		{
			"sprite": "stardust:item/mirror",
			"shadow_color": [
				0,
				0,
				0,
				0
			],
			"atlas": "minecraft:items"
		}
	],
	"body": [
		{
			"type": "minecraft:plain_message",
			"contents": [
				{"text": "V   ","font": "stardust:manual","color": "white"},
				{"text": "\n   ","click_event": {"action": "show_dialog","dialog": "stardust:manual/page_48"},"hover_event": {"action": "show_text","value": [{"translate": "stardust.go_to_previous_page"}," (48)"]}},
				" ",
				{"text": "   ","click_event": {"action": "show_dialog","dialog": "stardust:manual/page_50"},"hover_event": {"action": "show_text","value": [{"translate": "stardust.go_to_next_page"}," (50)"]}},
				{"text": "\n   ","click_event": {"action": "show_dialog","dialog": "stardust:manual/page_48"},"hover_event": {"action": "show_text","value": [{"translate": "stardust.go_to_previous_page"}," (48)"]}},
				" ",
				{"text": "   ","click_event": {"action": "show_dialog","dialog": "stardust:manual/page_50"},"hover_event": {"action": "show_text","value": [{"translate": "stardust.go_to_next_page"}," (50)"]}}
			],
			"width": 400
		},
		{
			"type": "minecraft:plain_message",
			"contents": [
				{"text": "","font": "stardust:manual","color": "white","shadow_color": [0,0,0,0]},
				"\"$6\n\"U$",
				{"text": "$諷","hover_event": {"action": "show_item","id": "minecraft:black_stained_glass","components": {}}},
				"U$  \n\"U$",
				{"text": "U$","hover_event": {"action": "show_item","id": "minecraft:black_stained_glass","components": {}}},
				"U$  \n\"",
				{"text": "$諷","hover_event": {"action": "show_item","id": "minecraft:black_stained_glass","components": {}}},
				{"text": "$諸","hover_event": {"action": "show_item","id": "minecraft:quartz_block","components": {}}},
				{"text": "$諷","hover_event": {"action": "show_item","id": "minecraft:black_stained_glass","components": {}}},
				"\"\"",
				{"text": "$$聫","hover_event": {"action": "show_item","id": "command_block","components": {"item_model": "stardust:mirror","item_name": {"translate": "stardust.mirror"},"lore": [["",{"text": "I","color": "white","italic": false,"font": "stardust:icons"},{"translate": "stardustfragment","italic": true,"color": "blue"}]],"custom_data": {"stardust": {"mirror": true},"smithed": {"ignore": {"functionality": true,"crafting": true}}}}}},
				"#$\n\"",
				{"text": "U$","hover_event": {"action": "show_item","id": "minecraft:black_stained_glass","components": {}}},
				{"text": "U$","hover_event": {"action": "show_item","id": "minecraft:quartz_block","components": {}}},
				{"text": "U$","hover_event": {"action": "show_item","id": "minecraft:black_stained_glass","components": {}}},
				"\"\"",
				{"text": "U$","hover_event": {"action": "show_item","id": "command_block","components": {"item_model": "stardust:mirror","item_name": {"translate": "stardust.mirror"},"lore": [["",{"text": "I","color": "white","italic": false,"font": "stardust:icons"},{"translate": "stardustfragment","italic": true,"color": "blue"}]],"custom_data": {"stardust": {"mirror": true},"smithed": {"ignore": {"functionality": true,"crafting": true}}}}}},
				"#$\n\"U$",
				{"text": "$諷","hover_event": {"action": "show_item","id": "minecraft:black_stained_glass","components": {}}},
				"U$  \n\"U$",
				{"text": "U$","hover_event": {"action": "show_item","id": "minecraft:black_stained_glass","components": {}}},
				"U$  \n\n",
				{"text": "1##","hover_event": {"action": "show_text","value": [{"translate": "stardust.reflective_surface_for_advanced_optics","color": "yellow"},{"translate": "stardust.used_for_upgrading_solar_panels","color": "gray"}]}},
				{"text": "2##","hover_event": {"action": "show_text","value": [{"text": ""},[{"text": "","font": "stardust:manual","color": "white"},"\"F\n","\"","U$",{"text": "$諷"},"U$","\n","\"","U$",{"text": "U$"},"U$","\n","\"",{"text": "$諷"},{"text": "$諸"},{"text": "$諷"},"\"\"",{"text": "$$聫"},"\n","\"",{"text": "U$"},{"text": "U$"},{"text": "U$"},"\"\"",{"text": "U$"},"\n","\"","U$",{"text": "$諷"},"U$","\n","\"","U$",{"text": "U$"},"U$","\n"],{"text": "\n- x4 ","color": "gray"},{"translate": "stardust.black_stained_glass","color": "gray"},{"text": "\n- x1 ","color": "gray"},{"translate": "stardust.quartz_block","color": "gray"}]}},
				{"text": "2##","hover_event": {"action": "show_text","value": [{"text": ""},[{"text": "","font": "stardust:manual","color": "white"},"\"F\n","\"","U$",{"text": "$諽"},"U$","\n","\"","U$",{"text": "U$"},"U$","\n","\"",{"text": "$諽"},{"text": "$諸"},{"text": "$諽"},"\"\"",{"text": "$$聫"},"\n","\"",{"text": "U$"},{"text": "U$"},{"text": "U$"},"\"\"",{"text": "U$"},"\n","\"","U$",{"text": "$諽"},"U$","\n","\"","U$",{"text": "U$"},"U$","\n"],{"text": "\n- x4 ","color": "gray"},{"translate": "stardust.tinted_glass","color": "gray"},{"text": "\n- x1 ","color": "gray"},{"translate": "stardust.quartz_block","color": "gray"}]}},
				{"text": "謃\n","hover_event": {"action": "show_text","value": [{"text": ""},[{"text": "","font": "stardust:manual","color": "white"},"\"F\n","\"",{"text": "$耡"},{"text": "$耡"},{"text": "$耡"},"\n","\"",{"text": "U$"},{"text": "U$"},{"text": "U$"},"\n","\"",{"text": "$聫"},{"text": "$聫"},{"text": "$聫"},"\"\"",{"text": "$$聭"},"\n","\"",{"text": "U$"},{"text": "U$"},{"text": "U$"},"\"\"",{"text": "U$"},"\n","\"","U$",{"text": "$耣"},"U$","\n","\"","U$",{"text": "U$"},"U$","\n"],{"text": "\n- x3 ","color": "gray"},{"translate": "stardust_fragment","color": "gray"},{"text": "\n- x3 ","color": "gray"},{"translate": "stardust.mirror","color": "gray"},{"text": "\n- x1 ","color": "gray"},{"translate": "stardust_ingot","color": "gray"}]},"click_event": {"action": "show_dialog","dialog": "stardust:manual/page_50"}},
				{"text": "0##","hover_event": {"action": "show_text","value": [{"translate": "stardust.reflective_surface_for_advanced_optics","color": "yellow"},{"translate": "stardust.used_for_upgrading_solar_panels","color": "gray"}]}},
				{"text": "0##","hover_event": {"action": "show_text","value": [{"text": ""},[{"text": "","font": "stardust:manual","color": "white"},"\"F\n","\"","U$",{"text": "$諷"},"U$","\n","\"","U$",{"text": "U$"},"U$","\n","\"",{"text": "$諷"},{"text": "$諸"},{"text": "$諷"},"\"\"",{"text": "$$聫"},"\n","\"",{"text": "U$"},{"text": "U$"},{"text": "U$"},"\"\"",{"text": "U$"},"\n","\"","U$",{"text": "$諷"},"U$","\n","\"","U$",{"text": "U$"},"U$","\n"],{"text": "\n- x4 ","color": "gray"},{"translate": "stardust.black_stained_glass","color": "gray"},{"text": "\n- x1 ","color": "gray"},{"translate": "stardust.quartz_block","color": "gray"}]}},
				{"text": "0##","hover_event": {"action": "show_text","value": [{"text": ""},[{"text": "","font": "stardust:manual","color": "white"},"\"F\n","\"","U$",{"text": "$諽"},"U$","\n","\"","U$",{"text": "U$"},"U$","\n","\"",{"text": "$諽"},{"text": "$諸"},{"text": "$諽"},"\"\"",{"text": "$$聫"},"\n","\"",{"text": "U$"},{"text": "U$"},{"text": "U$"},"\"\"",{"text": "U$"},"\n","\"","U$",{"text": "$諽"},"U$","\n","\"","U$",{"text": "U$"},"U$","\n"],{"text": "\n- x4 ","color": "gray"},{"translate": "stardust.tinted_glass","color": "gray"},{"text": "\n- x1 ","color": "gray"},{"translate": "stardust.quartz_block","color": "gray"}]}},
				{"text": "0","hover_event": {"action": "show_text","value": [{"text": ""},[{"text": "","font": "stardust:manual","color": "white"},"\"F\n","\"",{"text": "$耡"},{"text": "$耡"},{"text": "$耡"},"\n","\"",{"text": "U$"},{"text": "U$"},{"text": "U$"},"\n","\"",{"text": "$聫"},{"text": "$聫"},{"text": "$聫"},"\"\"",{"text": "$$聭"},"\n","\"",{"text": "U$"},{"text": "U$"},{"text": "U$"},"\"\"",{"text": "U$"},"\n","\"","U$",{"text": "$耣"},"U$","\n","\"","U$",{"text": "U$"},"U$","\n"],{"text": "\n- x3 ","color": "gray"},{"translate": "stardust_fragment","color": "gray"},{"text": "\n- x3 ","color": "gray"},{"translate": "stardust.mirror","color": "gray"},{"text": "\n- x1 ","color": "gray"},{"translate": "stardust_ingot","color": "gray"}]},"click_event": {"action": "show_dialog","dialog": "stardust:manual/page_50"}},
				"\n\n\n\n\n\n\n\n\n\n\n\n\n\n\n\n"
			],
			"width": 140
		}
	]
}
