{
	"type": "minecraft:notice",
	"title": {
		"translate": "stardust.wormhole_potion",
		"underlined": true
	},
	"body": [
		{
			"type": "minecraft:plain_message",
			"contents": [
				{"text": "V   ","font": "stardust:manual","color": "white"},
				{"text": "\n   ","click_event": {"action": "show_dialog","dialog": "stardust:manual/page_142"},"hover_event": {"action": "show_text","value": [{"translate": "stardust.go_to_previous_page"},{"translate": "stardust.142"}]}},
				" ",
				{"text": "   ","click_event": {"action": "show_dialog","dialog": "stardust:manual/page_144"},"hover_event": {"action": "show_text","value": [{"translate": "stardust.go_to_next_page"},{"translate": "stardust.144"}]}},
				{"text": "\n   ","click_event": {"action": "show_dialog","dialog": "stardust:manual/page_142"},"hover_event": {"action": "show_text","value": [{"translate": "stardust.go_to_previous_page"},{"translate": "stardust.142"}]}},
				" ",
				{"text": "   ","click_event": {"action": "show_dialog","dialog": "stardust:manual/page_144"},"hover_event": {"action": "show_text","value": [{"translate": "stardust.go_to_next_page"},{"translate": "stardust.144"}]}}
			],
			"width": 400
		},
		{
			"type": "minecraft:plain_message",
			"contents": [
				{"text": "","font": "stardust:manual","color": "white","shadow_color": [0,0,0,0]},
				"\"$6\n\"",
				{"text": "$艐","hover_event": {"action": "show_item","id": "minecraft:cod","components": {}}},
				{"text": "$艑","hover_event": {"action": "show_item","id": "minecraft:salmon","components": {}}},
				{"text": "$艒","hover_event": {"action": "show_item","id": "minecraft:tropical_fish","components": {}}},
				"  \n\"",
				{"text": "U$","hover_event": {"action": "show_item","id": "minecraft:cod","components": {}}},
				{"text": "U$","hover_event": {"action": "show_item","id": "minecraft:salmon","components": {}}},
				{"text": "U$","hover_event": {"action": "show_item","id": "minecraft:tropical_fish","components": {}}},
				"  \n\"",
				{"text": "$艓","hover_event": {"action": "show_item","id": "minecraft:pufferfish","components": {}}},
				{"text": "$耩","hover_event": {"action": "show_item","id": "command_block","components": {"item_name": {"translate": "stardust.compacted_stardust_shard"},"lore": [["",{"text": "I","color": "white","italic": false,"font": "stardust:icons"},{"translate": "stardustfragment","italic": true,"color": "blue"}]]}},"click_event": {"action": "show_dialog","dialog": "stardust:manual/page_16"}},
				{"text": "$艓","hover_event": {"action": "show_item","id": "minecraft:pufferfish","components": {}}},
				"\"\"",
				{"text": "$$脧","hover_event": {"action": "show_item","id": "command_block","components": {"item_name": {"translate": "stardust.wormhole_potion"},"lore": [["",{"text": "I","color": "white","italic": false,"font": "stardust:icons"},{"translate": "stardustfragment","italic": true,"color": "blue"}]]}}},
				"#$\n\"",
				{"text": "U$","hover_event": {"action": "show_item","id": "minecraft:pufferfish","components": {}}},
				{"text": "U$","hover_event": {"action": "show_item","id": "command_block","components": {"item_name": {"translate": "stardust.compacted_stardust_shard"},"lore": [["",{"text": "I","color": "white","italic": false,"font": "stardust:icons"},{"translate": "stardustfragment","italic": true,"color": "blue"}]]}},"click_event": {"action": "show_dialog","dialog": "stardust:manual/page_16"}},
				{"text": "U$","hover_event": {"action": "show_item","id": "minecraft:pufferfish","components": {}}},
				"\"\"",
				{"text": "U$","hover_event": {"action": "show_item","id": "command_block","components": {"item_name": {"translate": "stardust.wormhole_potion"},"lore": [["",{"text": "I","color": "white","italic": false,"font": "stardust:icons"},{"translate": "stardustfragment","italic": true,"color": "blue"}]]}}},
				"#$\n\"",
				{"text": "$艒","hover_event": {"action": "show_item","id": "minecraft:tropical_fish","components": {}}},
				{"text": "$艑","hover_event": {"action": "show_item","id": "minecraft:salmon","components": {}}},
				{"text": "$艐","hover_event": {"action": "show_item","id": "minecraft:cod","components": {}}},
				"  \n\"",
				{"text": "U$","hover_event": {"action": "show_item","id": "minecraft:tropical_fish","components": {}}},
				{"text": "U$","hover_event": {"action": "show_item","id": "minecraft:salmon","components": {}}},
				{"text": "U$","hover_event": {"action": "show_item","id": "minecraft:cod","components": {}}},
				"  \n\n",
				{"text": "2\n0##","hover_event": {"action": "show_text","value": [{"text": ""},[{"text": "","font": "stardust:manual","color": "white"},"\"F\n","\"",{"text": "$艐"},{"text": "$艑"},{"text": "$艒"},"\n","\"",{"text": "U$"},{"text": "U$"},{"text": "U$"},"\n","\"",{"text": "$艓"},{"text": "$耩"},{"text": "$艓"},"\"\"",{"text": "$$脧"},"\n","\"",{"text": "U$"},{"text": "U$"},{"text": "U$"},"\"\"",{"text": "U$"},"\n","\"",{"text": "$艒"},{"text": "$艑"},{"text": "$艐"},"\n","\"",{"text": "U$"},{"text": "U$"},{"text": "U$"},"\n"],{"text": "\n- x2 ","color": "gray"},{"translate": "stardust.cod","color": "gray"},{"text": "\n- x2 ","color": "gray"},{"translate": "stardust.salmon","color": "gray"},{"text": "\n- x2 ","color": "gray"},{"translate": "stardust.tropical_fish","color": "gray"},{"text": "\n- x2 ","color": "gray"},{"translate": "stardust.pufferfish","color": "gray"},{"text": "\n- x1 ","color": "gray"},{"translate": "stardust.compacted_stardust_shard","color": "gray"}]}},
				"\n\n\n\n\n\n\n\n\n\n\n"
			],
			"width": 150
		}
	]
}
