{
	"type": "minecraft:notice",
	"title": {
		"translate": "stardust.elite_stardust_seed",
		"underlined": true
	},
	"body": [
		{
			"type": "minecraft:plain_message",
			"contents": [
				{"text": "V   ","font": "stardust:manual","color": "white"},
				{"text": "\n   ","click_event": {"action": "show_dialog","dialog": "stardust:manual/page_148"},"hover_event": {"action": "show_text","value": [{"translate": "stardust.go_to_previous_page"},{"translate": "stardust.148"}]}},
				" ",
				{"text": "   ","click_event": {"action": "show_dialog","dialog": "stardust:manual/page_150"},"hover_event": {"action": "show_text","value": [{"translate": "stardust.go_to_next_page"},{"translate": "stardust.150"}]}},
				{"text": "\n   ","click_event": {"action": "show_dialog","dialog": "stardust:manual/page_148"},"hover_event": {"action": "show_text","value": [{"translate": "stardust.go_to_previous_page"},{"translate": "stardust.148"}]}},
				" ",
				{"text": "   ","click_event": {"action": "show_dialog","dialog": "stardust:manual/page_150"},"hover_event": {"action": "show_text","value": [{"translate": "stardust.go_to_next_page"},{"translate": "stardust.150"}]}}
			],
			"width": 400
		},
		{
			"type": "minecraft:plain_message",
			"contents": [
				{"text": "","font": "stardust:manual","color": "white","shadow_color": [0,0,0,0]},
				"Ⴔ\n",
				{"text": "  \n  \n  \n  \n\n","hover_event": {"action": "show_item","id": "item_frame","components": {"lore": [{"translate": "stardust.can_only_be_planted_on_diamond_block","italic": false,"color": "gray"},["",{"text": "I","color": "white","italic": false,"font": "stardust:icons"},{"translate": "stardustfragment","italic": true,"color": "blue"}]],"item_model": "stardust:elite_stardust_seed","item_name": {"translate": "stardust.elite_stardust_seed"},"custom_data": {"stardust": {"elite_stardust_seed": true},"smithed": {"ignore": {"functionality": true,"crafting": true}}},"entity_data": {"id": "minecraft:item_frame","Tags": ["stardust.new","stardust.elite_stardust_seed"],"Invisible": true,"Silent": true}}},"click_event": {"action": "show_dialog","dialog": "stardust:manual/page_149"}},
				{"text": "1\n0","hover_event": {"action": "show_text","value": [{"translate": "stardust.magical_seed_that_grows_stardust_essences","color": "yellow"},{"translate": "stardust.can_only_be_planted_on_diamond_blocks","color": "gray"},{"translate": "stardust.grows_fully_after_32_minutes","color": "gray"},{"translate": "stardust.yields_1_2_stardust_essences_when_harvested","color": "gray"},{"translate": "stardust.fortune_effect_applies_20_per_level","color": "gray"}]}},
				"\n\n\n\n\n\n\n\n\n\n\n\n\n\n\n\n\n\n"
			],
			"width": 140
		}
	]
}
