{
	"type": "minecraft:notice",
	"title": {
		"translate": "stardust.category_browser",
		"underlined": true
	},
	"body": [
		{
			"type": "minecraft:plain_message",
			"contents": [
				{"text": "V   ","font": "stardust:manual","color": "white"},
				{"text": "\n   ","click_event": {"action": "show_dialog","dialog": "stardust:manual/page_3"},"hover_event": {"action": "show_text","value": [{"translate": "stardust.go_to_previous_page"}," (3)"]}},
				" ",
				{"text": "   ","click_event": {"action": "show_dialog","dialog": "stardust:manual/page_5"},"hover_event": {"action": "show_text","value": [{"translate": "stardust.go_to_next_page"}," (5)"]}},
				{"text": "\n   ","click_event": {"action": "show_dialog","dialog": "stardust:manual/page_3"},"hover_event": {"action": "show_text","value": [{"translate": "stardust.go_to_previous_page"}," (3)"]}},
				" ",
				{"text": "   ","click_event": {"action": "show_dialog","dialog": "stardust:manual/page_5"},"hover_event": {"action": "show_text","value": [{"translate": "stardust.go_to_next_page"}," (5)"]}}
			],
			"width": 400
		},
		{
			"type": "minecraft:plain_message",
			"contents": [
				{"text": "","font": "stardust:manual","color": "white","shadow_color": [0,0,0,0]},
				"အ\n",
				{"text": "$耡","hover_event": {"action": "show_item","id": "command_block","components": {"item_model": "stardust:stardust_fragment","item_name": {"translate": "stardust.materials_1","color": "white"},"lore": [["",{"text": "I","color": "white","italic": false,"font": "stardust:icons"},{"translate": "stardustfragment","italic": true,"color": "blue"}]],"custom_data": {"stardust": {"stardust_fragment": true},"smithed": {"ignore": {"functionality": true,"crafting": true}}}}},"click_event": {"action": "show_dialog","dialog": "stardust:manual/page_5"}},
				{"text": "$聵","hover_event": {"action": "show_item","id": "command_block","components": {"item_model": "stardust:darkium_photovoltaic_cell","item_name": {"translate": "stardust.materials_2","color": "white"},"lore": [["",{"text": "I","color": "white","italic": false,"font": "stardust:icons"},{"translate": "stardustfragment","italic": true,"color": "blue"}]],"custom_data": {"stardust": {"darkium_photovoltaic_cell": true},"smithed": {"ignore": {"functionality": true,"crafting": true}}}}},"click_event": {"action": "show_dialog","dialog": "stardust:manual/page_6"}},
				{"text": "$聻","hover_event": {"action": "show_item","id": "player_head","components": {"custom_data": {"energy": {"transfer": 480},"stardust": {"stardust_cable": true},"smithed": {"ignore": {"functionality": true,"crafting": true}}},"profile": {"id": [-709098200,1001541428,-2043264882,-430220135],"properties": [{"name": "textures","value": "eyJ0ZXh0dXJlcyI6eyJTS0lOIjp7InVybCI6Imh0dHA6Ly90ZXh0dXJlcy5taW5lY3JhZnQubmV0L3RleHR1cmUvM2Y4NDVlMzBlNmVjOGI0N2RmZWUxMzI5NmQzYjQ3NzY5YzVjMGE5Nzc3YzNkNTk2ZWJiNDA3ZmY3OTcwNDE1ZCJ9fX0="}]},"lore": [{"translate": "stardust.transfer_speed_480_kw","italic": false,"color": "gray"},["",{"text": "I","color": "white","italic": false,"font": "stardust:icons"},{"translate": "stardustfragment","italic": true,"color": "blue"}]],"item_name": {"translate": "stardust.energy","color": "white"}}},"click_event": {"action": "show_dialog","dialog": "stardust:manual/page_7"}},
				{"text": "$肽","hover_event": {"action": "show_item","id": "diamond_helmet","components": {"custom_data": {"smithed": {"dict": {"armor": {"ancient_stardust": true,"helmet": true}},"ignore": {"functionality": true,"crafting": true}},"stardust": {"ancient_stardust_helmet": true}},"max_damage": 544,"attribute_modifiers": [{"type": "armor","amount": 4.0,"operation": "add_value","slot": "head","id": "stardust:armor.head"},{"type": "armor_toughness","amount": 3.0,"operation": "add_value","slot": "head","id": "stardust:armor_toughness.head"}],"item_model": "stardust:ancient_stardust_helmet","item_name": {"translate": "stardust.equipment_1","color": "white"},"lore": [["",{"text": "I","color": "white","italic": false,"font": "stardust:icons"},{"translate": "stardustfragment","italic": true,"color": "blue"}]]}},"click_event": {"action": "show_dialog","dialog": "stardust:manual/page_8"}},
				{"text": "$脑","hover_event": {"action": "show_item","id": "command_block","components": {"item_name": {"translate": "stardust.equipment_2","color": "white"},"rarity": "rare","lore": [{"translate": "stardust.hold_in_any_hand_to_get_the_health_effect","color": "gray","italic": false},{"translate": "stardust.10_health_points","color": "gray","italic": false},["",{"text": "I","color": "white","italic": false,"font": "stardust:icons"},{"translate": "stardustfragment","italic": true,"color": "blue"}]],"attribute_modifiers": [{"type": "max_health","amount": 0.1,"operation": "add_multiplied_total","slot": "hand","id": "stardust:base_max_health"}],"item_model": "stardust:health_artifact_lv1","custom_data": {"stardust": {"health_artifact_lv1": true},"smithed": {"ignore": {"functionality": true,"crafting": true}}}}},"click_event": {"action": "show_dialog","dialog": "stardust:manual/page_9"}},
				{"text": "$脷","hover_event": {"action": "show_item","id": "item_frame","components": {"lore": [{"translate": "stardust.can_only_be_planted_on_stone","italic": false,"color": "gray"},["",{"text": "I","color": "white","italic": false,"font": "stardust:icons"},{"translate": "stardustfragment","italic": true,"color": "blue"}]],"item_model": "stardust:diamond_seed","item_name": {"translate": "stardust.miscellaneous","color": "white"},"custom_data": {"stardust": {"diamond_seed": true},"smithed": {"ignore": {"functionality": true,"crafting": true}}},"entity_data": {"id": "minecraft:item_frame","Tags": ["stardust.new","stardust.diamond_seed"],"Invisible": true,"Silent": true}}},"click_event": {"action": "show_dialog","dialog": "stardust:manual/page_10"}},
				"#\n",
				{"text": "!","hover_event": {"action": "show_item","id": "command_block","components": {"item_model": "stardust:stardust_fragment","item_name": {"translate": "stardust.materials_1","color": "white"},"lore": [["",{"text": "I","color": "white","italic": false,"font": "stardust:icons"},{"translate": "stardustfragment","italic": true,"color": "blue"}]],"custom_data": {"stardust": {"stardust_fragment": true},"smithed": {"ignore": {"functionality": true,"crafting": true}}}}},"click_event": {"action": "show_dialog","dialog": "stardust:manual/page_5"}},
				{"text": "!","hover_event": {"action": "show_item","id": "command_block","components": {"item_model": "stardust:darkium_photovoltaic_cell","item_name": {"translate": "stardust.materials_2","color": "white"},"lore": [["",{"text": "I","color": "white","italic": false,"font": "stardust:icons"},{"translate": "stardustfragment","italic": true,"color": "blue"}]],"custom_data": {"stardust": {"darkium_photovoltaic_cell": true},"smithed": {"ignore": {"functionality": true,"crafting": true}}}}},"click_event": {"action": "show_dialog","dialog": "stardust:manual/page_6"}},
				{"text": "!","hover_event": {"action": "show_item","id": "player_head","components": {"custom_data": {"energy": {"transfer": 480},"stardust": {"stardust_cable": true},"smithed": {"ignore": {"functionality": true,"crafting": true}}},"profile": {"id": [-709098200,1001541428,-2043264882,-430220135],"properties": [{"name": "textures","value": "eyJ0ZXh0dXJlcyI6eyJTS0lOIjp7InVybCI6Imh0dHA6Ly90ZXh0dXJlcy5taW5lY3JhZnQubmV0L3RleHR1cmUvM2Y4NDVlMzBlNmVjOGI0N2RmZWUxMzI5NmQzYjQ3NzY5YzVjMGE5Nzc3YzNkNTk2ZWJiNDA3ZmY3OTcwNDE1ZCJ9fX0="}]},"lore": [{"translate": "stardust.transfer_speed_480_kw","italic": false,"color": "gray"},["",{"text": "I","color": "white","italic": false,"font": "stardust:icons"},{"translate": "stardustfragment","italic": true,"color": "blue"}]],"item_name": {"translate": "stardust.energy","color": "white"}}},"click_event": {"action": "show_dialog","dialog": "stardust:manual/page_7"}},
				{"text": "!","hover_event": {"action": "show_item","id": "diamond_helmet","components": {"custom_data": {"smithed": {"dict": {"armor": {"ancient_stardust": true,"helmet": true}},"ignore": {"functionality": true,"crafting": true}},"stardust": {"ancient_stardust_helmet": true}},"max_damage": 544,"attribute_modifiers": [{"type": "armor","amount": 4.0,"operation": "add_value","slot": "head","id": "stardust:armor.head"},{"type": "armor_toughness","amount": 3.0,"operation": "add_value","slot": "head","id": "stardust:armor_toughness.head"}],"item_model": "stardust:ancient_stardust_helmet","item_name": {"translate": "stardust.equipment_1","color": "white"},"lore": [["",{"text": "I","color": "white","italic": false,"font": "stardust:icons"},{"translate": "stardustfragment","italic": true,"color": "blue"}]]}},"click_event": {"action": "show_dialog","dialog": "stardust:manual/page_8"}},
				{"text": "!","hover_event": {"action": "show_item","id": "command_block","components": {"item_name": {"translate": "stardust.equipment_2","color": "white"},"rarity": "rare","lore": [{"translate": "stardust.hold_in_any_hand_to_get_the_health_effect","color": "gray","italic": false},{"translate": "stardust.10_health_points","color": "gray","italic": false},["",{"text": "I","color": "white","italic": false,"font": "stardust:icons"},{"translate": "stardustfragment","italic": true,"color": "blue"}]],"attribute_modifiers": [{"type": "max_health","amount": 0.1,"operation": "add_multiplied_total","slot": "hand","id": "stardust:base_max_health"}],"item_model": "stardust:health_artifact_lv1","custom_data": {"stardust": {"health_artifact_lv1": true},"smithed": {"ignore": {"functionality": true,"crafting": true}}}}},"click_event": {"action": "show_dialog","dialog": "stardust:manual/page_9"}},
				{"text": "!","hover_event": {"action": "show_item","id": "item_frame","components": {"lore": [{"translate": "stardust.can_only_be_planted_on_stone","italic": false,"color": "gray"},["",{"text": "I","color": "white","italic": false,"font": "stardust:icons"},{"translate": "stardustfragment","italic": true,"color": "blue"}]],"item_model": "stardust:diamond_seed","item_name": {"translate": "stardust.miscellaneous","color": "white"},"custom_data": {"stardust": {"diamond_seed": true},"smithed": {"ignore": {"functionality": true,"crafting": true}}},"entity_data": {"id": "minecraft:item_frame","Tags": ["stardust.new","stardust.diamond_seed"],"Invisible": true,"Silent": true}}},"click_event": {"action": "show_dialog","dialog": "stardust:manual/page_10"}},
				"#\n",
				{"text": "$腩","hover_event": {"action": "show_item","id": "command_block","components": {"item_model": "stardust:stardust_soldier","item_name": {"translate": "stardust.mobs","color": "white"},"lore": [["",{"text": "I","color": "white","italic": false,"font": "stardust:icons"},{"translate": "stardustfragment","italic": true,"color": "blue"}]],"custom_data": {"stardust": {"stardust_soldier": true},"smithed": {"ignore": {"functionality": true,"crafting": true}}}}},"click_event": {"action": "show_dialog","dialog": "stardust:manual/page_11"}},
				"!!!!!#\n",
				{"text": "!","hover_event": {"action": "show_item","id": "command_block","components": {"item_model": "stardust:stardust_soldier","item_name": {"translate": "stardust.mobs","color": "white"},"lore": [["",{"text": "I","color": "white","italic": false,"font": "stardust:icons"},{"translate": "stardustfragment","italic": true,"color": "blue"}]],"custom_data": {"stardust": {"stardust_soldier": true},"smithed": {"ignore": {"functionality": true,"crafting": true}}}}},"click_event": {"action": "show_dialog","dialog": "stardust:manual/page_11"}},
				"!!!!!#\n",
				"\n\n\n\n\n\n\n\n\n\n\n\n\n\n\n\n\n\n\n\n"
			],
			"width": 140
		}
	]
}
