{
	"type": "minecraft:notice",
	"title": {
		"translate": "stardust.damaged_stardust_pickaxe",
		"underlined": true
	},
	"body": [
		{
			"type": "minecraft:plain_message",
			"contents": [
				{"text": "V   ","font": "stardust:manual","color": "white"},
				{"text": "\n   ","click_event": {"action": "show_dialog","dialog": "stardust:manual/page_88"},"hover_event": {"action": "show_text","value": [{"translate": "stardust.go_to_previous_page"},{"text": " (88)"}]}},
				" ",
				{"text": "   ","click_event": {"action": "show_dialog","dialog": "stardust:manual/page_90"},"hover_event": {"action": "show_text","value": [{"translate": "stardust.go_to_next_page"},{"text": " (90)"}]}},
				{"text": "\n   ","click_event": {"action": "show_dialog","dialog": "stardust:manual/page_88"},"hover_event": {"action": "show_text","value": [{"translate": "stardust.go_to_previous_page"},{"text": " (88)"}]}},
				" ",
				{"text": "   ","click_event": {"action": "show_dialog","dialog": "stardust:manual/page_90"},"hover_event": {"action": "show_text","value": [{"translate": "stardust.go_to_next_page"},{"text": " (90)"}]}}
			],
			"width": 400
		},
		{
			"type": "minecraft:plain_message",
			"contents": [
				{"text": "","font": "stardust:manual","color": "white","shadow_color": [0,0,0,0]},
				"\"$6\n\"",
				{"text": "$芧","hover_event": {"action": "show_item","id": "minecraft:black_glazed_terracotta","components": {}}},
				{"text": "$耫","hover_event": {"action": "show_item","id": "furnace","components": {"item_model": "stardust:stardust_block","item_name": {"translate": "stardust_block"},"lore": [["",{"text": "I","color": "white","italic": false,"font": "stardust:icons"},{"translate": "stardustfragment","italic": true,"color": "blue"}]],"custom_data": {"stardust": {"stardust_block": true},"smithed": {"ignore": {"functionality": true,"crafting": true}}},"container": [{"slot": 0,"item": {"id": "minecraft:stone","count": 1,"components": {"minecraft:custom_data": {"smithed": {"block": {"id": "stardust:stardust_block","from": "stardust"}}}}}}],"tooltip_display": {"hidden_components": ["minecraft:container"]}}},"click_event": {"action": "show_dialog","dialog": "stardust:manual/page_15"}},
				{"text": "$芧","hover_event": {"action": "show_item","id": "minecraft:black_glazed_terracotta","components": {}}},
				"  \n\"",
				{"text": "U$","hover_event": {"action": "show_item","id": "minecraft:black_glazed_terracotta","components": {}}},
				{"text": "U$","hover_event": {"action": "show_item","id": "furnace","components": {"item_model": "stardust:stardust_block","item_name": {"translate": "stardust_block"},"lore": [["",{"text": "I","color": "white","italic": false,"font": "stardust:icons"},{"translate": "stardustfragment","italic": true,"color": "blue"}]],"custom_data": {"stardust": {"stardust_block": true},"smithed": {"ignore": {"functionality": true,"crafting": true}}},"container": [{"slot": 0,"item": {"id": "minecraft:stone","count": 1,"components": {"minecraft:custom_data": {"smithed": {"block": {"id": "stardust:stardust_block","from": "stardust"}}}}}}],"tooltip_display": {"hidden_components": ["minecraft:container"]}}},"click_event": {"action": "show_dialog","dialog": "stardust:manual/page_15"}},
				{"text": "U$","hover_event": {"action": "show_item","id": "minecraft:black_glazed_terracotta","components": {}}},
				"  \n\"",
				{"text": "$耫","hover_event": {"action": "show_item","id": "furnace","components": {"item_model": "stardust:stardust_block","item_name": {"translate": "stardust_block"},"lore": [["",{"text": "I","color": "white","italic": false,"font": "stardust:icons"},{"translate": "stardustfragment","italic": true,"color": "blue"}]],"custom_data": {"stardust": {"stardust_block": true},"smithed": {"ignore": {"functionality": true,"crafting": true}}},"container": [{"slot": 0,"item": {"id": "minecraft:stone","count": 1,"components": {"minecraft:custom_data": {"smithed": {"block": {"id": "stardust:stardust_block","from": "stardust"}}}}}}],"tooltip_display": {"hidden_components": ["minecraft:container"]}}},"click_event": {"action": "show_dialog","dialog": "stardust:manual/page_15"}},
				{"text": "$苂","hover_event": {"action": "show_item","id": "minecraft:diamond_pickaxe","components": {}}},
				{"text": "$耫","hover_event": {"action": "show_item","id": "furnace","components": {"item_model": "stardust:stardust_block","item_name": {"translate": "stardust_block"},"lore": [["",{"text": "I","color": "white","italic": false,"font": "stardust:icons"},{"translate": "stardustfragment","italic": true,"color": "blue"}]],"custom_data": {"stardust": {"stardust_block": true},"smithed": {"ignore": {"functionality": true,"crafting": true}}},"container": [{"slot": 0,"item": {"id": "minecraft:stone","count": 1,"components": {"minecraft:custom_data": {"smithed": {"block": {"id": "stardust:stardust_block","from": "stardust"}}}}}}],"tooltip_display": {"hidden_components": ["minecraft:container"]}}},"click_event": {"action": "show_dialog","dialog": "stardust:manual/page_15"}},
				"\"\"",
				{"text": "$$肿","hover_event": {"action": "show_item","id": "diamond_pickaxe","components": {"custom_data": {"smithed": {"dict": {"tools": {"damaged_stardust": true,"pickaxe": true}},"ignore": {"functionality": true,"crafting": true}},"stardust": {"damaged_stardust_pickaxe": true}},"max_damage": 2341,"attribute_modifiers": [{"type": "attack_damage","amount": 6,"operation": "add_value","slot": "mainhand","id": "minecraft:base_attack_damage"},{"type": "attack_speed","amount": -2.8,"operation": "add_value","slot": "mainhand","id": "minecraft:base_attack_speed"},{"type": "mining_efficiency","amount": 1.5,"operation": "add_value","slot": "mainhand","id": "stardust:mining_efficiency.mainhand"}],"item_model": "stardust:damaged_stardust_pickaxe","item_name": {"translate": "stardust.damaged_stardust_pickaxe"},"lore": [["",{"text": "I","color": "white","italic": false,"font": "stardust:icons"},{"translate": "stardustfragment","italic": true,"color": "blue"}]]}}},
				"#$\n\"",
				{"text": "U$","hover_event": {"action": "show_item","id": "furnace","components": {"item_model": "stardust:stardust_block","item_name": {"translate": "stardust_block"},"lore": [["",{"text": "I","color": "white","italic": false,"font": "stardust:icons"},{"translate": "stardustfragment","italic": true,"color": "blue"}]],"custom_data": {"stardust": {"stardust_block": true},"smithed": {"ignore": {"functionality": true,"crafting": true}}},"container": [{"slot": 0,"item": {"id": "minecraft:stone","count": 1,"components": {"minecraft:custom_data": {"smithed": {"block": {"id": "stardust:stardust_block","from": "stardust"}}}}}}],"tooltip_display": {"hidden_components": ["minecraft:container"]}}},"click_event": {"action": "show_dialog","dialog": "stardust:manual/page_15"}},
				{"text": "U$","hover_event": {"action": "show_item","id": "minecraft:diamond_pickaxe","components": {}}},
				{"text": "U$","hover_event": {"action": "show_item","id": "furnace","components": {"item_model": "stardust:stardust_block","item_name": {"translate": "stardust_block"},"lore": [["",{"text": "I","color": "white","italic": false,"font": "stardust:icons"},{"translate": "stardustfragment","italic": true,"color": "blue"}]],"custom_data": {"stardust": {"stardust_block": true},"smithed": {"ignore": {"functionality": true,"crafting": true}}},"container": [{"slot": 0,"item": {"id": "minecraft:stone","count": 1,"components": {"minecraft:custom_data": {"smithed": {"block": {"id": "stardust:stardust_block","from": "stardust"}}}}}}],"tooltip_display": {"hidden_components": ["minecraft:container"]}}},"click_event": {"action": "show_dialog","dialog": "stardust:manual/page_15"}},
				"\"\"",
				{"text": "U$","hover_event": {"action": "show_item","id": "diamond_pickaxe","components": {"custom_data": {"smithed": {"dict": {"tools": {"damaged_stardust": true,"pickaxe": true}},"ignore": {"functionality": true,"crafting": true}},"stardust": {"damaged_stardust_pickaxe": true}},"max_damage": 2341,"attribute_modifiers": [{"type": "attack_damage","amount": 6,"operation": "add_value","slot": "mainhand","id": "minecraft:base_attack_damage"},{"type": "attack_speed","amount": -2.8,"operation": "add_value","slot": "mainhand","id": "minecraft:base_attack_speed"},{"type": "mining_efficiency","amount": 1.5,"operation": "add_value","slot": "mainhand","id": "stardust:mining_efficiency.mainhand"}],"item_model": "stardust:damaged_stardust_pickaxe","item_name": {"translate": "stardust.damaged_stardust_pickaxe"},"lore": [["",{"text": "I","color": "white","italic": false,"font": "stardust:icons"},{"translate": "stardustfragment","italic": true,"color": "blue"}]]}}},
				"#$\n\"",
				{"text": "$芧","hover_event": {"action": "show_item","id": "minecraft:black_glazed_terracotta","components": {}}},
				{"text": "$耫","hover_event": {"action": "show_item","id": "furnace","components": {"item_model": "stardust:stardust_block","item_name": {"translate": "stardust_block"},"lore": [["",{"text": "I","color": "white","italic": false,"font": "stardust:icons"},{"translate": "stardustfragment","italic": true,"color": "blue"}]],"custom_data": {"stardust": {"stardust_block": true},"smithed": {"ignore": {"functionality": true,"crafting": true}}},"container": [{"slot": 0,"item": {"id": "minecraft:stone","count": 1,"components": {"minecraft:custom_data": {"smithed": {"block": {"id": "stardust:stardust_block","from": "stardust"}}}}}}],"tooltip_display": {"hidden_components": ["minecraft:container"]}}},"click_event": {"action": "show_dialog","dialog": "stardust:manual/page_15"}},
				{"text": "$芧","hover_event": {"action": "show_item","id": "minecraft:black_glazed_terracotta","components": {}}},
				"  \n\"",
				{"text": "U$","hover_event": {"action": "show_item","id": "minecraft:black_glazed_terracotta","components": {}}},
				{"text": "U$","hover_event": {"action": "show_item","id": "furnace","components": {"item_model": "stardust:stardust_block","item_name": {"translate": "stardust_block"},"lore": [["",{"text": "I","color": "white","italic": false,"font": "stardust:icons"},{"translate": "stardustfragment","italic": true,"color": "blue"}]],"custom_data": {"stardust": {"stardust_block": true},"smithed": {"ignore": {"functionality": true,"crafting": true}}},"container": [{"slot": 0,"item": {"id": "minecraft:stone","count": 1,"components": {"minecraft:custom_data": {"smithed": {"block": {"id": "stardust:stardust_block","from": "stardust"}}}}}}],"tooltip_display": {"hidden_components": ["minecraft:container"]}}},"click_event": {"action": "show_dialog","dialog": "stardust:manual/page_15"}},
				{"text": "U$","hover_event": {"action": "show_item","id": "minecraft:black_glazed_terracotta","components": {}}},
				"  \n\n",
				{"text": "1##","hover_event": {"action": "show_text","value": [{"translate": "stardust.poorly_crafted_stardust_equipment","color": "yellow"},{"translate": "stardust.compared_to_regular_diamond_equipment","color": "gray"},{"translate": "stardust.durability_has_been_increased_by_x1_5","color": "gray"},{"translate": "stardust.attack_damage_has_been_increased_by_3_0","color": "gray"},{"translate": "stardust.6_0_points","color": "white"},{"translate": "stardust.mining_efficiency_has_been_increased_by_1_5","color": "gray"}]}},
				{"text": "2##","hover_event": {"action": "show_text","value": [{"text": ""},[{"text": "","font": "stardust:manual","color": "white"},"\"F\n","\"",{"text": "$芧"},{"text": "$耫"},{"text": "$芧"},"\n","\"",{"text": "U$"},{"text": "U$"},{"text": "U$"},"\n","\"",{"text": "$耫"},{"text": "$苂"},{"text": "$耫"},"\"\"",{"text": "$$肿"},"\n","\"",{"text": "U$"},{"text": "U$"},{"text": "U$"},"\"\"",{"text": "U$"},"\n","\"",{"text": "$芧"},{"text": "$耫"},{"text": "$芧"},"\n","\"",{"text": "U$"},{"text": "U$"},{"text": "U$"},"\n"],{"text": "\n- x4 ","color": "gray"},{"translate": "stardust.black_glazed_terracotta","color": "gray"},{"text": "\n- x4 ","color": "gray"},{"translate": "stardust_block","color": "gray"},{"text": "\n- x1 ","color": "gray"},{"translate": "stardust.diamond_pickaxe","color": "gray"}]}},
				{"text": "2##","hover_event": {"action": "show_text","value": [{"text": ""},[{"text": "","font": "stardust:manual","color": "white"},"\"F\n","\"",{"text": "$苵"},{"text": "$耫"},{"text": "$苵"},"\n","\"",{"text": "U$"},{"text": "U$"},{"text": "U$"},"\n","\"",{"text": "$耫"},{"text": "$苂"},{"text": "$耫"},"\"\"",{"text": "$$肿"},"\n","\"",{"text": "U$"},{"text": "U$"},{"text": "U$"},"\"\"",{"text": "U$"},"\n","\"",{"text": "$苵"},{"text": "$耫"},{"text": "$苵"},"\n","\"",{"text": "U$"},{"text": "U$"},{"text": "U$"},"\n"],{"text": "\n- x4 ","color": "gray"},{"translate": "stardust.nether_wart_block","color": "gray"},{"text": "\n- x4 ","color": "gray"},{"translate": "stardust_block","color": "gray"},{"text": "\n- x1 ","color": "gray"},{"translate": "stardust.diamond_pickaxe","color": "gray"}]}},
				{"text": "2\n","hover_event": {"action": "show_text","value": [{"text": ""},[{"text": "","font": "stardust:manual","color": "white"},"\"F\n","\"",{"text": "$衱"},{"text": "$耫"},{"text": "$衱"},"\n","\"",{"text": "U$"},{"text": "U$"},{"text": "U$"},"\n","\"",{"text": "$耫"},{"text": "$苂"},{"text": "$耫"},"\"\"",{"text": "$$肿"},"\n","\"",{"text": "U$"},{"text": "U$"},{"text": "U$"},"\"\"",{"text": "U$"},"\n","\"",{"text": "$衱"},{"text": "$耫"},{"text": "$衱"},"\n","\"",{"text": "U$"},{"text": "U$"},{"text": "U$"},"\n"],{"text": "\n- x4 ","color": "gray"},{"translate": "stardust.blackstone","color": "gray"},{"text": "\n- x4 ","color": "gray"},{"translate": "stardust_block","color": "gray"},{"text": "\n- x1 ","color": "gray"},{"translate": "stardust.diamond_pickaxe","color": "gray"}]}},
				{"text": "0##","hover_event": {"action": "show_text","value": [{"translate": "stardust.poorly_crafted_stardust_equipment","color": "yellow"},{"translate": "stardust.compared_to_regular_diamond_equipment","color": "gray"},{"translate": "stardust.durability_has_been_increased_by_x1_5","color": "gray"},{"translate": "stardust.attack_damage_has_been_increased_by_3_0","color": "gray"},{"translate": "stardust.6_0_points","color": "white"},{"translate": "stardust.mining_efficiency_has_been_increased_by_1_5","color": "gray"}]}},
				{"text": "0##","hover_event": {"action": "show_text","value": [{"text": ""},[{"text": "","font": "stardust:manual","color": "white"},"\"F\n","\"",{"text": "$芧"},{"text": "$耫"},{"text": "$芧"},"\n","\"",{"text": "U$"},{"text": "U$"},{"text": "U$"},"\n","\"",{"text": "$耫"},{"text": "$苂"},{"text": "$耫"},"\"\"",{"text": "$$肿"},"\n","\"",{"text": "U$"},{"text": "U$"},{"text": "U$"},"\"\"",{"text": "U$"},"\n","\"",{"text": "$芧"},{"text": "$耫"},{"text": "$芧"},"\n","\"",{"text": "U$"},{"text": "U$"},{"text": "U$"},"\n"],{"text": "\n- x4 ","color": "gray"},{"translate": "stardust.black_glazed_terracotta","color": "gray"},{"text": "\n- x4 ","color": "gray"},{"translate": "stardust_block","color": "gray"},{"text": "\n- x1 ","color": "gray"},{"translate": "stardust.diamond_pickaxe","color": "gray"}]}},
				{"text": "0##","hover_event": {"action": "show_text","value": [{"text": ""},[{"text": "","font": "stardust:manual","color": "white"},"\"F\n","\"",{"text": "$苵"},{"text": "$耫"},{"text": "$苵"},"\n","\"",{"text": "U$"},{"text": "U$"},{"text": "U$"},"\n","\"",{"text": "$耫"},{"text": "$苂"},{"text": "$耫"},"\"\"",{"text": "$$肿"},"\n","\"",{"text": "U$"},{"text": "U$"},{"text": "U$"},"\"\"",{"text": "U$"},"\n","\"",{"text": "$苵"},{"text": "$耫"},{"text": "$苵"},"\n","\"",{"text": "U$"},{"text": "U$"},{"text": "U$"},"\n"],{"text": "\n- x4 ","color": "gray"},{"translate": "stardust.nether_wart_block","color": "gray"},{"text": "\n- x4 ","color": "gray"},{"translate": "stardust_block","color": "gray"},{"text": "\n- x1 ","color": "gray"},{"translate": "stardust.diamond_pickaxe","color": "gray"}]}},
				{"text": "0","hover_event": {"action": "show_text","value": [{"text": ""},[{"text": "","font": "stardust:manual","color": "white"},"\"F\n","\"",{"text": "$衱"},{"text": "$耫"},{"text": "$衱"},"\n","\"",{"text": "U$"},{"text": "U$"},{"text": "U$"},"\n","\"",{"text": "$耫"},{"text": "$苂"},{"text": "$耫"},"\"\"",{"text": "$$肿"},"\n","\"",{"text": "U$"},{"text": "U$"},{"text": "U$"},"\"\"",{"text": "U$"},"\n","\"",{"text": "$衱"},{"text": "$耫"},{"text": "$衱"},"\n","\"",{"text": "U$"},{"text": "U$"},{"text": "U$"},"\n"],{"text": "\n- x4 ","color": "gray"},{"translate": "stardust.blackstone","color": "gray"},{"text": "\n- x4 ","color": "gray"},{"translate": "stardust_block","color": "gray"},{"text": "\n- x1 ","color": "gray"},{"translate": "stardust.diamond_pickaxe","color": "gray"}]}},
				"\n\n\n\n\n\n\n\n\n\n\n\n\n\n\n\n"
			],
			"width": 140
		}
	]
}
