{
	"type": "minecraft:notice",
	"title": {
		"translate": "stardust.health_artifact_lv1",
		"underlined": true
	},
	"body": [
		{
			"type": "minecraft:plain_message",
			"contents": [
				{"text": "V   ","font": "stardust:manual","color": "white"},
				{"text": "\n   ","click_event": {"action": "show_dialog","dialog": "stardust:manual/page_125"},"hover_event": {"action": "show_text","value": [{"translate": "stardust.go_to_previous_page"}," (125)"]}},
				" ",
				{"text": "   ","click_event": {"action": "show_dialog","dialog": "stardust:manual/page_127"},"hover_event": {"action": "show_text","value": [{"translate": "stardust.go_to_next_page"}," (127)"]}},
				{"text": "\n   ","click_event": {"action": "show_dialog","dialog": "stardust:manual/page_125"},"hover_event": {"action": "show_text","value": [{"translate": "stardust.go_to_previous_page"}," (125)"]}},
				" ",
				{"text": "   ","click_event": {"action": "show_dialog","dialog": "stardust:manual/page_127"},"hover_event": {"action": "show_text","value": [{"translate": "stardust.go_to_next_page"}," (127)"]}}
			],
			"width": 400
		},
		{
			"type": "minecraft:plain_message",
			"contents": [
				{"text": "","font": "stardust:manual","color": "white","shadow_color": [0,0,0,0]},
				"ႝ\n",
				{"text": "  \n  \n  \n  \n\n","hover_event": {"action": "show_item","id": "command_block","components": {"item_name": {"translate": "stardust.health_artifact_lv_1"},"rarity": "rare","lore": [{"translate": "stardust.hold_in_any_hand_to_get_the_health_effect","color": "gray","italic": false},{"translate": "stardust.10_health_points","color": "gray","italic": false},["",{"text": "I","color": "white","italic": false,"font": "stardust:icons"},{"translate": "stardustfragment","italic": true,"color": "blue"}]],"attribute_modifiers": [{"type": "max_health","amount": 0.1,"operation": "add_multiplied_total","slot": "hand","id": "stardust:base_max_health"}],"item_model": "stardust:health_artifact_lv1","custom_data": {"stardust": {"health_artifact_lv1": true},"smithed": {"ignore": {"functionality": true,"crafting": true}}}}},"click_event": {"action": "show_dialog","dialog": "stardust:manual/page_126"}},
				{"text": "1##","hover_event": {"action": "show_text","value": [{"translate": "stardust.lv_1_health_artifact","color": "yellow"},{"text": "\nHold in any hand to get the health effect","color": "gray"},{"text": "\n[+10% Health Points]","color": "gray"},{"translate": "stardust.can_be_obtained_from_lucky_artifact_bags_only","color": "gray"}]}},
				{"text": "觉\n","hover_event": {"action": "show_text","value": [{"text": ""},[{"text": "","font": "stardust:manual","color": "white"},"\"E\n","\"",{"text": "$脉"},{"text": "$脉"},"\n","\"",{"text": "U$"},{"text": "U$"},"U$",{"text": "$$脋"},"\n\"","U$U$U$",{"text": "U$"},"\n","\n"],{"text": "\n- x2 ","color": "gray"},{"translate": "stardust.health_artifact_lv1","color": "gray"}]},"click_event": {"action": "show_dialog","dialog": "stardust:manual/page_127"}},
				{"text": "0##","hover_event": {"action": "show_text","value": [{"translate": "stardust.lv_1_health_artifact","color": "yellow"},{"text": "\nHold in any hand to get the health effect","color": "gray"},{"text": "\n[+10% Health Points]","color": "gray"},{"translate": "stardust.can_be_obtained_from_lucky_artifact_bags_only","color": "gray"}]}},
				{"text": "0","hover_event": {"action": "show_text","value": [{"text": ""},[{"text": "","font": "stardust:manual","color": "white"},"\"E\n","\"",{"text": "$脉"},{"text": "$脉"},"\n","\"",{"text": "U$"},{"text": "U$"},"U$",{"text": "$$脋"},"\n\"","U$U$U$",{"text": "U$"},"\n","\n"],{"text": "\n- x2 ","color": "gray"},{"translate": "stardust.health_artifact_lv1","color": "gray"}]},"click_event": {"action": "show_dialog","dialog": "stardust:manual/page_127"}},
				"\n\n\n\n\n\n\n\n\n\n\n\n\n\n\n\n\n\n"
			],
			"width": 140
		}
	]
}
