{
	"type": "minecraft:notice",
	"title": {
		"translate": "stardust.manual",
		"underlined": true
	},
	"body": [
		{
			"type": "minecraft:plain_message",
			"contents": [
				{"text": "V   ","font": "stardust:manual","color": "white"},
				{"text": "\n   ","click_event": {"action": "show_dialog","dialog": "stardust:manual/page_168"},"hover_event": {"action": "show_text","value": [{"translate": "stardust.go_to_previous_page"},{"translate": "stardust.168"}]}},
				" ",
				{"text": "   ","click_event": {"action": "show_dialog","dialog": "stardust:manual/page_169"},"hover_event": {"action": "show_text","value": [{"translate": "stardust.go_to_next_page"},{"translate": "stardust.169"}]}},
				{"text": "\n   ","click_event": {"action": "show_dialog","dialog": "stardust:manual/page_168"},"hover_event": {"action": "show_text","value": [{"translate": "stardust.go_to_previous_page"},{"translate": "stardust.168"}]}},
				" ",
				{"text": "   ","click_event": {"action": "show_dialog","dialog": "stardust:manual/page_169"},"hover_event": {"action": "show_text","value": [{"translate": "stardust.go_to_next_page"},{"translate": "stardust.169"}]}}
			],
			"width": 400
		},
		{
			"type": "minecraft:plain_message",
			"contents": [
				{"text": "","font": "stardust:manual","color": "white","shadow_color": [0,0,0,0]},
				"\"$5\n\"",
				{"text": "$膂","hover_event": {"action": "show_item","id": "minecraft:book","components": {}}},
				{"text": "$耡","hover_event": {"action": "show_item","id": "command_block","components": {"item_name": {"translate": "stardust_fragment"},"lore": [["",{"text": "I","color": "white","italic": false,"font": "stardust:icons"},{"translate": "stardustfragment","italic": true,"color": "blue"}]]}},"click_event": {"action": "show_dialog","dialog": "stardust:manual/page_12"}},
				"  \n\"",
				{"text": "U$","hover_event": {"action": "show_item","id": "minecraft:book","components": {}}},
				{"text": "U$","hover_event": {"action": "show_item","id": "command_block","components": {"item_name": {"translate": "stardust_fragment"},"lore": [["",{"text": "I","color": "white","italic": false,"font": "stardust:icons"},{"translate": "stardustfragment","italic": true,"color": "blue"}]]}},"click_event": {"action": "show_dialog","dialog": "stardust:manual/page_12"}},
				"U$",
				{"text": "$$腛","hover_event": {"action": "show_item","id": "written_book","components": {"item_name": "Stardust Manual","lore": [["",{"text": "I","color": "white","italic": false,"font": "stardust:icons"},{"translate": "stardustfragment","italic": true,"color": "blue"}]]}}},
				"#$\n\"U$U$U$",
				{"text": "U$","hover_event": {"action": "show_item","id": "written_book","components": {"item_name": "Stardust Manual","lore": [["",{"text": "I","color": "white","italic": false,"font": "stardust:icons"},{"translate": "stardustfragment","italic": true,"color": "blue"}]]}}},
				"#$\n\n\n",
				{"text": "1##","hover_event": {"action": "show_text","value": [{"translate": "stardust.complete_guide_to_stardust_fragment_technology","color": "yellow"},{"translate": "stardust.contains_all_recipes_and_information","color": "gray"},{"translate": "stardust.your_comprehensive_reference_manual","color": "gray"}]}},
				{"text": "2##","hover_event": {"action": "show_text","value": [{"text": ""},[{"text": "","font": "stardust:manual","color": "white"},"\"E\n","\"",{"text": "$膂"},{"text": "$耡"},"\n","\"",{"text": "U$"},{"text": "U$"},"U$",{"text": "$$腛"},"\n\"","U$U$U$",{"text": "U$"},"\n","\n"],{"text": "\n- x1 ","color": "gray"},{"translate": "stardust.book","color": "gray"},{"text": "\n- x1 ","color": "gray"},{"translate": "stardust_fragment","color": "gray"}]}},
				{"text": "2\n","hover_event": {"action": "show_text","value": [{"text": ""},[{"text": "","font": "stardust:manual","color": "white"},"\"E\n","\"",{"text": "$腛"},"\n","\"",{"text": "U$"},"U$U$",{"text": "$$腛"},"\n\"","U$U$U$",{"text": "U$"},"\n","\n"],{"text": "\n- x1 ","color": "gray"},{"translate": "stardust.manual","color": "gray"}]}},
				{"text": "0##","hover_event": {"action": "show_text","value": [{"translate": "stardust.complete_guide_to_stardust_fragment_technology","color": "yellow"},{"translate": "stardust.contains_all_recipes_and_information","color": "gray"},{"translate": "stardust.your_comprehensive_reference_manual","color": "gray"}]}},
				{"text": "0##","hover_event": {"action": "show_text","value": [{"text": ""},[{"text": "","font": "stardust:manual","color": "white"},"\"E\n","\"",{"text": "$膂"},{"text": "$耡"},"\n","\"",{"text": "U$"},{"text": "U$"},"U$",{"text": "$$腛"},"\n\"","U$U$U$",{"text": "U$"},"\n","\n"],{"text": "\n- x1 ","color": "gray"},{"translate": "stardust.book","color": "gray"},{"text": "\n- x1 ","color": "gray"},{"translate": "stardust_fragment","color": "gray"}]}},
				{"text": "0##","hover_event": {"action": "show_text","value": [{"text": ""},[{"text": "","font": "stardust:manual","color": "white"},"\"E\n","\"",{"text": "$腛"},"\n","\"",{"text": "U$"},"U$U$",{"text": "$$腛"},"\n\"","U$U$U$",{"text": "U$"},"\n","\n"],{"text": "\n- x1 ","color": "gray"},{"translate": "stardust.manual","color": "gray"}]}},
				"\n\n\n\n\n\n\n\n\n\n\n\n\n"
			],
			"width": 150
		}
	]
}
