{
	"type": "minecraft:notice",
	"title": {
		"translate": "stardust.materials_2",
		"underlined": true
	},
	"body": [
		{
			"type": "minecraft:plain_message",
			"contents": [
				{"text": "V   ","font": "stardust:manual","color": "white"},
				{"text": "\n   ","click_event": {"action": "show_dialog","dialog": "stardust:manual/page_5"},"hover_event": {"action": "show_text","value": [{"translate": "stardust.go_to_previous_page"}," (5)"]}},
				" ",
				{"text": "   ","click_event": {"action": "show_dialog","dialog": "stardust:manual/page_7"},"hover_event": {"action": "show_text","value": [{"translate": "stardust.go_to_next_page"}," (7)"]}},
				{"text": "\n   ","click_event": {"action": "show_dialog","dialog": "stardust:manual/page_5"},"hover_event": {"action": "show_text","value": [{"translate": "stardust.go_to_previous_page"}," (5)"]}},
				" ",
				{"text": "   ","click_event": {"action": "show_dialog","dialog": "stardust:manual/page_7"},"hover_event": {"action": "show_text","value": [{"translate": "stardust.go_to_next_page"}," (7)"]}}
			],
			"width": 400
		},
		{
			"type": "minecraft:plain_message",
			"contents": [
				{"text": "","font": "stardust:manual","color": "white","shadow_color": [0,0,0,0]},
				"ဤ\n",
				{"text": "$聵","hover_event": {"action": "show_item","id": "command_block","components": {"item_model": "stardust:darkium_photovoltaic_cell","item_name": {"translate": "stardust.darkium_photovoltaic_cell"},"lore": [["",{"text": "I","color": "white","italic": false,"font": "stardust:icons"},{"translate": "stardustfragment","italic": true,"color": "blue"}]],"custom_data": {"stardust": {"darkium_photovoltaic_cell": true},"smithed": {"ignore": {"functionality": true,"crafting": true}}}}},"click_event": {"action": "show_dialog","dialog": "stardust:manual/page_54"}},
				{"text": "$職","hover_event": {"action": "show_item","id": "command_block","components": {"item_name": [{"text": "U","color": "#ff0000","italic": false},{"text": "l","color": "#ff3a00"},{"text": "t","color": "#ff7500"},{"text": "i","color": "#ffb000"},{"text": "m","color": "#ffeb00"},{"text": "a","color": "#d7ff00"},{"text": "t","color": "#9cff00"},{"text": "e","color": "#62ff00"},{"text": " ","color": "#27ff00"},{"text": "P","color": "#00ff13"},{"text": "h","color": "#00ff4e"},{"text": "o","color": "#00ff89"},{"text": "t","color": "#00ffc4"},{"text": "o","color": "#00ffff"},{"text": "v","color": "#00c4ff"},{"text": "o","color": "#0089ff"},{"text": "l","color": "#004eff"},{"text": "t","color": "#0013ff"},{"text": "a","color": "#2700ff"},{"text": "i","color": "#6200ff"},{"text": "c","color": "#9c00ff"},{"text": " ","color": "#d700ff"},{"text": "C","color": "#ff00eb"},{"text": "e","color": "#ff00b0"},{"text": "l","color": "#ff0075"},{"text": "l","color": "#ff003a"}],"item_model": "stardust:ultimate_photovoltaic_cell","lore": [["",{"text": "I","color": "white","italic": false,"font": "stardust:icons"},{"translate": "stardustfragment","italic": true,"color": "blue"}]],"custom_data": {"stardust": {"ultimate_photovoltaic_cell": true},"smithed": {"ignore": {"functionality": true,"crafting": true}}}}},"click_event": {"action": "show_dialog","dialog": "stardust:manual/page_55"}},
				{"text": "$聹","hover_event": {"action": "show_item","id": "command_block","components": {"item_model": "stardust:empty_module","item_name": {"translate": "stardust.empty_module"},"lore": [["",{"text": "I","color": "white","italic": false,"font": "stardust:icons"},{"translate": "stardustfragment","italic": true,"color": "blue"}]],"custom_data": {"stardust": {"empty_module": true},"smithed": {"ignore": {"functionality": true,"crafting": true}}}}},"click_event": {"action": "show_dialog","dialog": "stardust:manual/page_56"}},
				"#\n",
				{"text": "!","hover_event": {"action": "show_item","id": "command_block","components": {"item_model": "stardust:darkium_photovoltaic_cell","item_name": {"translate": "stardust.darkium_photovoltaic_cell"},"lore": [["",{"text": "I","color": "white","italic": false,"font": "stardust:icons"},{"translate": "stardustfragment","italic": true,"color": "blue"}]],"custom_data": {"stardust": {"darkium_photovoltaic_cell": true},"smithed": {"ignore": {"functionality": true,"crafting": true}}}}},"click_event": {"action": "show_dialog","dialog": "stardust:manual/page_54"}},
				{"text": "!","hover_event": {"action": "show_item","id": "command_block","components": {"item_name": [{"text": "U","color": "#ff0000","italic": false},{"text": "l","color": "#ff3a00"},{"text": "t","color": "#ff7500"},{"text": "i","color": "#ffb000"},{"text": "m","color": "#ffeb00"},{"text": "a","color": "#d7ff00"},{"text": "t","color": "#9cff00"},{"text": "e","color": "#62ff00"},{"text": " ","color": "#27ff00"},{"text": "P","color": "#00ff13"},{"text": "h","color": "#00ff4e"},{"text": "o","color": "#00ff89"},{"text": "t","color": "#00ffc4"},{"text": "o","color": "#00ffff"},{"text": "v","color": "#00c4ff"},{"text": "o","color": "#0089ff"},{"text": "l","color": "#004eff"},{"text": "t","color": "#0013ff"},{"text": "a","color": "#2700ff"},{"text": "i","color": "#6200ff"},{"text": "c","color": "#9c00ff"},{"text": " ","color": "#d700ff"},{"text": "C","color": "#ff00eb"},{"text": "e","color": "#ff00b0"},{"text": "l","color": "#ff0075"},{"text": "l","color": "#ff003a"}],"item_model": "stardust:ultimate_photovoltaic_cell","lore": [["",{"text": "I","color": "white","italic": false,"font": "stardust:icons"},{"translate": "stardustfragment","italic": true,"color": "blue"}]],"custom_data": {"stardust": {"ultimate_photovoltaic_cell": true},"smithed": {"ignore": {"functionality": true,"crafting": true}}}}},"click_event": {"action": "show_dialog","dialog": "stardust:manual/page_55"}},
				{"text": "!","hover_event": {"action": "show_item","id": "command_block","components": {"item_model": "stardust:empty_module","item_name": {"translate": "stardust.empty_module"},"lore": [["",{"text": "I","color": "white","italic": false,"font": "stardust:icons"},{"translate": "stardustfragment","italic": true,"color": "blue"}]],"custom_data": {"stardust": {"empty_module": true},"smithed": {"ignore": {"functionality": true,"crafting": true}}}}},"click_event": {"action": "show_dialog","dialog": "stardust:manual/page_56"}},
				"#\n",
				"\n\n\n\n\n\n\n\n\n\n\n\n\n\n\n\n\n\n\n\n\n\n"
			],
			"width": 140
		}
	]
}
