{
	"type": "minecraft:notice",
	"title": {
		"translate": "stardust.damaged_stardust_boots",
		"underlined": true
	},
	"body": [
		{
			"type": "minecraft:plain_message",
			"contents": [
				{"text": "V   ","font": "stardust:manual","color": "white"},
				{"text": "\n   ","click_event": {"action": "show_dialog","dialog": "stardust:manual/page_86"},"hover_event": {"action": "show_text","value": [{"translate": "stardust.go_to_previous_page"},{"text": " (86)"}]}},
				" ",
				{"text": "   ","click_event": {"action": "show_dialog","dialog": "stardust:manual/page_88"},"hover_event": {"action": "show_text","value": [{"translate": "stardust.go_to_next_page"},{"text": " (88)"}]}},
				{"text": "\n   ","click_event": {"action": "show_dialog","dialog": "stardust:manual/page_86"},"hover_event": {"action": "show_text","value": [{"translate": "stardust.go_to_previous_page"},{"text": " (86)"}]}},
				" ",
				{"text": "   ","click_event": {"action": "show_dialog","dialog": "stardust:manual/page_88"},"hover_event": {"action": "show_text","value": [{"translate": "stardust.go_to_next_page"},{"text": " (88)"}]}}
			],
			"width": 400
		},
		{
			"type": "minecraft:plain_message",
			"contents": [
				{"text": "","font": "stardust:manual","color": "white","shadow_color": [0,0,0,0]},
				"ၶ\n",
				{"text": "  \n  \n  \n  \n","hover_event": {"action": "show_item","id": "diamond_boots","components": {"custom_data": {"smithed": {"dict": {"armor": {"damaged_stardust": true,"boots": true}},"ignore": {"functionality": true,"crafting": true}},"stardust": {"damaged_stardust_boots": true}},"max_damage": 643,"attribute_modifiers": [{"type": "armor","amount": 4.0,"operation": "add_value","slot": "feet","id": "stardust:armor.feet"},{"type": "armor_toughness","amount": 3.0,"operation": "add_value","slot": "feet","id": "stardust:armor_toughness.feet"}],"item_model": "stardust:damaged_stardust_boots","item_name": {"translate": "stardust.damaged_stardust_boots"},"lore": [["",{"text": "I","color": "white","italic": false,"font": "stardust:icons"},{"translate": "stardustfragment","italic": true,"color": "blue"}]]}},"click_event": {"action": "show_dialog","dialog": "stardust:manual/page_87"}},
				"\n\n\n\n\n\n\n\n\n\n\n\n\n\n\n\n\n\n\n\n"
			],
			"width": 140
		}
	]
}
