{
	"type": "minecraft:notice",
	"title": [
		{
			"sprite": "stardust:item/darkium_seed",
			"atlas": "minecraft:items",
			"shadow_color": [
				0,
				0,
				0,
				0
			]
		},
		" ",
		{
			"translate": "stardust.darkium_seed",
			"underlined": true
		},
		" ",
		{
			"sprite": "stardust:item/darkium_seed",
			"atlas": "minecraft:items",
			"shadow_color": [
				0,
				0,
				0,
				0
			]
		}
	],
	"body": [
		{
			"type": "minecraft:plain_message",
			"contents": [
				{"text": "V   ","font": "stardust:manual","color": "white"},
				{"text": "\n   ","click_event": {"action": "show_dialog","dialog": "stardust:manual/page_153"},"hover_event": {"action": "show_text","value": [{"translate": "stardust.go_to_previous_page"}," (153)"]}},
				" ",
				{"text": "   ","click_event": {"action": "show_dialog","dialog": "stardust:manual/page_155"},"hover_event": {"action": "show_text","value": [{"translate": "stardust.go_to_next_page"}," (155)"]}},
				{"text": "\n   ","click_event": {"action": "show_dialog","dialog": "stardust:manual/page_153"},"hover_event": {"action": "show_text","value": [{"translate": "stardust.go_to_previous_page"}," (153)"]}},
				" ",
				{"text": "   ","click_event": {"action": "show_dialog","dialog": "stardust:manual/page_155"},"hover_event": {"action": "show_text","value": [{"translate": "stardust.go_to_next_page"}," (155)"]}}
			],
			"width": 400
		},
		{
			"type": "minecraft:plain_message",
			"contents": [
				{"text": "","font": "stardust:manual","color": "white","shadow_color": [0,0,0,0]},
				"\"$6\n\"",
				{"text": "$酯","hover_event": {"action": "show_item","id": "minecraft:ink_sac","components": {}}},
				{"text": "$酰","hover_event": {"action": "show_item","id": "minecraft:wither_rose","components": {}}},
				{"text": "$酯","hover_event": {"action": "show_item","id": "minecraft:ink_sac","components": {}}},
				"  \n\"",
				{"text": "U$","hover_event": {"action": "show_item","id": "minecraft:ink_sac","components": {}}},
				{"text": "U$","hover_event": {"action": "show_item","id": "minecraft:wither_rose","components": {}}},
				{"text": "U$","hover_event": {"action": "show_item","id": "minecraft:ink_sac","components": {}}},
				"  \n\"",
				{"text": "$酰","hover_event": {"action": "show_item","id": "minecraft:wither_rose","components": {}}},
				{"text": "$脷","hover_event": {"action": "show_item","id": "item_frame","components": {"lore": [{"translate": "stardust.can_only_be_planted_on_diamond_block","italic": false,"color": "gray"},["",{"text": "I","color": "white","italic": false,"font": "stardust:icons"},{"translate": "stardustfragment","italic": true,"color": "blue"}]],"item_model": "stardust:elite_stardust_seed","item_name": {"translate": "stardust.elite_stardust_seed"},"custom_data": {"stardust": {"elite_stardust_seed": true},"smithed": {"ignore": {"functionality": true,"crafting": true}}},"entity_data": {"id": "minecraft:item_frame","Tags": ["stardust.new","stardust.elite_stardust_seed"],"Invisible": true,"Silent": true}}},"click_event": {"action": "show_dialog","dialog": "stardust:manual/page_151"}},
				{"text": "$酰","hover_event": {"action": "show_item","id": "minecraft:wither_rose","components": {}}},
				"\"\"",
				{"text": "$$脽","hover_event": {"action": "show_item","id": "item_frame","components": {"lore": [{"translate": "stardust.can_only_be_planted_on_obsidian","italic": false,"color": "gray"},["",{"text": "I","color": "white","italic": false,"font": "stardust:icons"},{"translate": "stardustfragment","italic": true,"color": "blue"}]],"item_model": "stardust:darkium_seed","item_name": {"translate": "stardust.darkium_seed"},"custom_data": {"stardust": {"darkium_seed": true},"smithed": {"ignore": {"functionality": true,"crafting": true}}},"entity_data": {"id": "minecraft:item_frame","Tags": ["stardust.new","stardust.darkium_seed"],"Invisible": true,"Silent": true}}}},
				"#$\n\"",
				{"text": "U$","hover_event": {"action": "show_item","id": "minecraft:wither_rose","components": {}}},
				{"text": "U$","hover_event": {"action": "show_item","id": "item_frame","components": {"lore": [{"translate": "stardust.can_only_be_planted_on_diamond_block","italic": false,"color": "gray"},["",{"text": "I","color": "white","italic": false,"font": "stardust:icons"},{"translate": "stardustfragment","italic": true,"color": "blue"}]],"item_model": "stardust:elite_stardust_seed","item_name": {"translate": "stardust.elite_stardust_seed"},"custom_data": {"stardust": {"elite_stardust_seed": true},"smithed": {"ignore": {"functionality": true,"crafting": true}}},"entity_data": {"id": "minecraft:item_frame","Tags": ["stardust.new","stardust.elite_stardust_seed"],"Invisible": true,"Silent": true}}},"click_event": {"action": "show_dialog","dialog": "stardust:manual/page_151"}},
				{"text": "U$","hover_event": {"action": "show_item","id": "minecraft:wither_rose","components": {}}},
				"\"\"",
				{"text": "U$","hover_event": {"action": "show_item","id": "item_frame","components": {"lore": [{"translate": "stardust.can_only_be_planted_on_obsidian","italic": false,"color": "gray"},["",{"text": "I","color": "white","italic": false,"font": "stardust:icons"},{"translate": "stardustfragment","italic": true,"color": "blue"}]],"item_model": "stardust:darkium_seed","item_name": {"translate": "stardust.darkium_seed"},"custom_data": {"stardust": {"darkium_seed": true},"smithed": {"ignore": {"functionality": true,"crafting": true}}},"entity_data": {"id": "minecraft:item_frame","Tags": ["stardust.new","stardust.darkium_seed"],"Invisible": true,"Silent": true}}}},
				"#$\n\"",
				{"text": "$酯","hover_event": {"action": "show_item","id": "minecraft:ink_sac","components": {}}},
				{"text": "$酰","hover_event": {"action": "show_item","id": "minecraft:wither_rose","components": {}}},
				{"text": "$酯","hover_event": {"action": "show_item","id": "minecraft:ink_sac","components": {}}},
				"  \n\"",
				{"text": "U$","hover_event": {"action": "show_item","id": "minecraft:ink_sac","components": {}}},
				{"text": "U$","hover_event": {"action": "show_item","id": "minecraft:wither_rose","components": {}}},
				{"text": "U$","hover_event": {"action": "show_item","id": "minecraft:ink_sac","components": {}}},
				"  \n\n",
				{"text": "1##","hover_event": {"action": "show_text","value": [{"translate": "stardust.magical_seed_that_grows_darkium","color": "yellow"},{"text": "\nCan only be planted on obsidian","color": "gray"},{"translate": "stardust.grows_fully_after_64_minutes","color": "gray"},{"translate": "stardust.yields_1_2_darkium_fragments_when_harvested","color": "gray"},{"translate": "stardust.fortune_effect_applies_10_per_level","color": "gray"}]}},
				{"text": "2\n","hover_event": {"action": "show_text","value": [{"text": ""},[{"text": "","font": "stardust:manual","color": "white"},"\"F\n","\"",{"text": "$酯"},{"text": "$酰"},{"text": "$酯"},"\n","\"",{"text": "U$"},{"text": "U$"},{"text": "U$"},"\n","\"",{"text": "$酰"},{"text": "$脷"},{"text": "$酰"},"\"\"",{"text": "$$脽"},"\n","\"",{"text": "U$"},{"text": "U$"},{"text": "U$"},"\"\"",{"text": "U$"},"\n","\"",{"text": "$酯"},{"text": "$酰"},{"text": "$酯"},"\n","\"",{"text": "U$"},{"text": "U$"},{"text": "U$"},"\n"],{"text": "\n- x4 ","color": "gray"},{"translate": "stardust.ink_sac","color": "gray"},{"text": "\n- x4 ","color": "gray"},{"translate": "stardust.wither_rose","color": "gray"},{"text": "\n- x1 ","color": "gray"},{"translate": "stardust.elite_stardust_seed","color": "gray"}]}},
				{"text": "0##","hover_event": {"action": "show_text","value": [{"translate": "stardust.magical_seed_that_grows_darkium","color": "yellow"},{"text": "\nCan only be planted on obsidian","color": "gray"},{"translate": "stardust.grows_fully_after_64_minutes","color": "gray"},{"translate": "stardust.yields_1_2_darkium_fragments_when_harvested","color": "gray"},{"translate": "stardust.fortune_effect_applies_10_per_level","color": "gray"}]}},
				{"text": "0","hover_event": {"action": "show_text","value": [{"text": ""},[{"text": "","font": "stardust:manual","color": "white"},"\"F\n","\"",{"text": "$酯"},{"text": "$酰"},{"text": "$酯"},"\n","\"",{"text": "U$"},{"text": "U$"},{"text": "U$"},"\n","\"",{"text": "$酰"},{"text": "$脷"},{"text": "$酰"},"\"\"",{"text": "$$脽"},"\n","\"",{"text": "U$"},{"text": "U$"},{"text": "U$"},"\"\"",{"text": "U$"},"\n","\"",{"text": "$酯"},{"text": "$酰"},{"text": "$酯"},"\n","\"",{"text": "U$"},{"text": "U$"},{"text": "U$"},"\n"],{"text": "\n- x4 ","color": "gray"},{"translate": "stardust.ink_sac","color": "gray"},{"text": "\n- x4 ","color": "gray"},{"translate": "stardust.wither_rose","color": "gray"},{"text": "\n- x1 ","color": "gray"},{"translate": "stardust.elite_stardust_seed","color": "gray"}]}},
				"\n\n\n\n\n\n\n\n\n\n\n\n\n\n\n\n"
			],
			"width": 140
		}
	]
}
