{
	"type": "minecraft:notice",
	"title": {
		"translate": "stardust.quarry_lv1",
		"underlined": true
	},
	"body": [
		{
			"type": "minecraft:plain_message",
			"contents": [
				{"text": "V   ","font": "stardust:manual","color": "white"},
				{"text": "\n   ","click_event": {"action": "show_dialog","dialog": "stardust:manual/page_68"},"hover_event": {"action": "show_text","value": [{"translate": "stardust.go_to_previous_page"}," (68)"]}},
				" ",
				{"text": "   ","click_event": {"action": "show_dialog","dialog": "stardust:manual/page_70"},"hover_event": {"action": "show_text","value": [{"translate": "stardust.go_to_next_page"}," (70)"]}},
				{"text": "\n   ","click_event": {"action": "show_dialog","dialog": "stardust:manual/page_68"},"hover_event": {"action": "show_text","value": [{"translate": "stardust.go_to_previous_page"}," (68)"]}},
				" ",
				{"text": "   ","click_event": {"action": "show_dialog","dialog": "stardust:manual/page_70"},"hover_event": {"action": "show_text","value": [{"translate": "stardust.go_to_next_page"}," (70)"]}}
			],
			"width": 400
		},
		{
			"type": "minecraft:plain_message",
			"contents": [
				{"text": "","font": "stardust:manual","color": "white","shadow_color": [0,0,0,0]},
				"\"$6\n\"",
				{"text": "$谦","hover_event": {"action": "show_item","id": "minecraft:barrel","components": {}}},
				{"text": "$臡","hover_event": {"action": "show_item","id": "minecraft:crafter","components": {}}},
				{"text": "$谦","hover_event": {"action": "show_item","id": "minecraft:barrel","components": {}}},
				"  \n\"",
				{"text": "U$","hover_event": {"action": "show_item","id": "minecraft:barrel","components": {}}},
				{"text": "U$","hover_event": {"action": "show_item","id": "minecraft:crafter","components": {}}},
				{"text": "U$","hover_event": {"action": "show_item","id": "minecraft:barrel","components": {}}},
				"  \n\"",
				{"text": "$舃","hover_event": {"action": "show_item","id": "minecraft:observer","components": {}}},
				{"text": "$艓","hover_event": {"action": "show_item","id": "minecraft:amethyst_shard","components": {}}},
				{"text": "$舃","hover_event": {"action": "show_item","id": "minecraft:observer","components": {}}},
				"\"\"",
				{"text": "$$肓","hover_event": {"action": "show_item","id": "furnace","components": {"custom_data": {"energy": {"usage": 125,"max_storage": 20000},"stardust": {"quarry": {"block_per_second": 1},"quarry_lv1": true},"smithed": {"ignore": {"functionality": true,"crafting": true}}},"item_name": {"translate": "stardust.quarry_lv_1","italic": false},"lore": [{"translate": "stardust.speed_1_block_s","italic": false,"color": "gray"},{"translate": "stardust.power_usage_125_kw","italic": false,"color": "gray"},{"translate": "stardust.energy_buffer_20_mj","italic": false,"color": "gray"},["",{"text": "I","color": "white","italic": false,"font": "stardust:icons"},{"translate": "stardustfragment","italic": true,"color": "blue"}]],"item_model": "stardust:quarry_lv1","container": [{"slot": 0,"item": {"id": "minecraft:stone","count": 1,"components": {"minecraft:custom_data": {"smithed": {"block": {"id": "stardust:quarry_lv1","from": "stardust"}}}}}}],"tooltip_display": {"hidden_components": ["minecraft:container"]}}}},
				"#$\n\"",
				{"text": "U$","hover_event": {"action": "show_item","id": "minecraft:observer","components": {}}},
				{"text": "U$","hover_event": {"action": "show_item","id": "minecraft:amethyst_shard","components": {}}},
				{"text": "U$","hover_event": {"action": "show_item","id": "minecraft:observer","components": {}}},
				"\"\"",
				{"text": "U$","hover_event": {"action": "show_item","id": "furnace","components": {"custom_data": {"energy": {"usage": 125,"max_storage": 20000},"stardust": {"quarry": {"block_per_second": 1},"quarry_lv1": true},"smithed": {"ignore": {"functionality": true,"crafting": true}}},"item_name": {"translate": "stardust.quarry_lv_1","italic": false},"lore": [{"translate": "stardust.speed_1_block_s","italic": false,"color": "gray"},{"translate": "stardust.power_usage_125_kw","italic": false,"color": "gray"},{"translate": "stardust.energy_buffer_20_mj","italic": false,"color": "gray"},["",{"text": "I","color": "white","italic": false,"font": "stardust:icons"},{"translate": "stardustfragment","italic": true,"color": "blue"}]],"item_model": "stardust:quarry_lv1","container": [{"slot": 0,"item": {"id": "minecraft:stone","count": 1,"components": {"minecraft:custom_data": {"smithed": {"block": {"id": "stardust:quarry_lv1","from": "stardust"}}}}}}],"tooltip_display": {"hidden_components": ["minecraft:container"]}}}},
				"#$\n\"",
				{"text": "$茦","hover_event": {"action": "show_item","id": "minecraft:diamond_pickaxe","components": {}}},
				{"text": "$茫","hover_event": {"action": "show_item","id": "minecraft:diamond_axe","components": {}}},
				{"text": "$谬","hover_event": {"action": "show_item","id": "minecraft:diamond_shovel","components": {}}},
				"  \n\"",
				{"text": "U$","hover_event": {"action": "show_item","id": "minecraft:diamond_pickaxe","components": {}}},
				{"text": "U$","hover_event": {"action": "show_item","id": "minecraft:diamond_axe","components": {}}},
				{"text": "U$","hover_event": {"action": "show_item","id": "minecraft:diamond_shovel","components": {}}},
				"  \n\n",
				{"text": "1##","hover_event": {"action": "show_text","value": [{"translate": "stardust.level_1_quarry_for_automated_mining","color": "yellow"},{"translate": "stardust.mines_1_blocks_per_second","color": "gray"},{"translate": "stardust.consumes_125_kw_of_power","color": "gray"},{"text": "\nEnergy buffer: 20 MJ","color": "gray"},{"translate": "stardust.only_mines_blocks_in_a_configured_area","color": "gray"}]}},
				{"text": "2##","hover_event": {"action": "show_text","value": [{"text": ""},[{"text": "","font": "stardust:manual","color": "white"},"\"F\n","\"",{"text": "$谦"},{"text": "$臡"},{"text": "$谦"},"\n","\"",{"text": "U$"},{"text": "U$"},{"text": "U$"},"\n","\"",{"text": "$舃"},{"text": "$艓"},{"text": "$舃"},"\"\"",{"text": "$$肓"},"\n","\"",{"text": "U$"},{"text": "U$"},{"text": "U$"},"\"\"",{"text": "U$"},"\n","\"",{"text": "$茦"},{"text": "$茫"},{"text": "$谬"},"\n","\"",{"text": "U$"},{"text": "U$"},{"text": "U$"},"\n"],{"text": "\n- x2 ","color": "gray"},{"translate": "stardust.barrel","color": "gray"},{"text": "\n- x1 ","color": "gray"},{"translate": "stardust.crafter","color": "gray"},{"text": "\n- x2 ","color": "gray"},{"translate": "stardust.observer","color": "gray"},{"text": "\n- x1 ","color": "gray"},{"translate": "stardust.amethyst_shard","color": "gray"},{"text": "\n- x1 ","color": "gray"},{"translate": "stardust.diamond_pickaxe","color": "gray"},{"text": "\n- x1 ","color": "gray"},{"translate": "stardust.diamond_axe","color": "gray"},{"text": "\n- x1 ","color": "gray"},{"translate": "stardust.diamond_shovel","color": "gray"}]}},
				{"text": "谺\n","hover_event": {"action": "show_text","value": [{"text": ""},[{"text": "","font": "stardust:manual","color": "white"},"\"F\n","\"",{"text": "$臱"},{"text": "$臱"},{"text": "$臱"},"\n","\"",{"text": "U$"},{"text": "U$"},{"text": "U$"},"\n","\"",{"text": "$耥"},{"text": "$肓"},{"text": "$耥"},"\"\"",{"text": "$$肕"},"\n","\"",{"text": "U$"},{"text": "U$"},{"text": "U$"},"\"\"",{"text": "U$"},"\n","\"",{"text": "$聙"},{"text": "$聙"},{"text": "$聙"},"\n","\"",{"text": "U$"},{"text": "U$"},{"text": "U$"},"\n"],{"text": "\n- x3 ","color": "gray"},{"translate": "stardust.warped_fungus","color": "gray"},{"text": "\n- x2 ","color": "gray"},{"translate": "stardust_essence","color": "gray"},{"text": "\n- x1 ","color": "gray"},{"translate": "stardust.quarry_lv_1","color": "gray"},{"text": "\n- x3 ","color": "gray"},{"translate": "stardust.triple_compressed_cobblestone","color": "gray"}]},"click_event": {"action": "show_dialog","dialog": "stardust:manual/page_70"}},
				{"text": "0##","hover_event": {"action": "show_text","value": [{"translate": "stardust.level_1_quarry_for_automated_mining","color": "yellow"},{"translate": "stardust.mines_1_blocks_per_second","color": "gray"},{"translate": "stardust.consumes_125_kw_of_power","color": "gray"},{"text": "\nEnergy buffer: 20 MJ","color": "gray"},{"translate": "stardust.only_mines_blocks_in_a_configured_area","color": "gray"}]}},
				{"text": "0##","hover_event": {"action": "show_text","value": [{"text": ""},[{"text": "","font": "stardust:manual","color": "white"},"\"F\n","\"",{"text": "$谦"},{"text": "$臡"},{"text": "$谦"},"\n","\"",{"text": "U$"},{"text": "U$"},{"text": "U$"},"\n","\"",{"text": "$舃"},{"text": "$艓"},{"text": "$舃"},"\"\"",{"text": "$$肓"},"\n","\"",{"text": "U$"},{"text": "U$"},{"text": "U$"},"\"\"",{"text": "U$"},"\n","\"",{"text": "$茦"},{"text": "$茫"},{"text": "$谬"},"\n","\"",{"text": "U$"},{"text": "U$"},{"text": "U$"},"\n"],{"text": "\n- x2 ","color": "gray"},{"translate": "stardust.barrel","color": "gray"},{"text": "\n- x1 ","color": "gray"},{"translate": "stardust.crafter","color": "gray"},{"text": "\n- x2 ","color": "gray"},{"translate": "stardust.observer","color": "gray"},{"text": "\n- x1 ","color": "gray"},{"translate": "stardust.amethyst_shard","color": "gray"},{"text": "\n- x1 ","color": "gray"},{"translate": "stardust.diamond_pickaxe","color": "gray"},{"text": "\n- x1 ","color": "gray"},{"translate": "stardust.diamond_axe","color": "gray"},{"text": "\n- x1 ","color": "gray"},{"translate": "stardust.diamond_shovel","color": "gray"}]}},
				{"text": "0","hover_event": {"action": "show_text","value": [{"text": ""},[{"text": "","font": "stardust:manual","color": "white"},"\"F\n","\"",{"text": "$臱"},{"text": "$臱"},{"text": "$臱"},"\n","\"",{"text": "U$"},{"text": "U$"},{"text": "U$"},"\n","\"",{"text": "$耥"},{"text": "$肓"},{"text": "$耥"},"\"\"",{"text": "$$肕"},"\n","\"",{"text": "U$"},{"text": "U$"},{"text": "U$"},"\"\"",{"text": "U$"},"\n","\"",{"text": "$聙"},{"text": "$聙"},{"text": "$聙"},"\n","\"",{"text": "U$"},{"text": "U$"},{"text": "U$"},"\n"],{"text": "\n- x3 ","color": "gray"},{"translate": "stardust.warped_fungus","color": "gray"},{"text": "\n- x2 ","color": "gray"},{"translate": "stardust_essence","color": "gray"},{"text": "\n- x1 ","color": "gray"},{"translate": "stardust.quarry_lv_1","color": "gray"},{"text": "\n- x3 ","color": "gray"},{"translate": "stardust.triple_compressed_cobblestone","color": "gray"}]},"click_event": {"action": "show_dialog","dialog": "stardust:manual/page_70"}},
				"\n\n\n\n\n\n\n\n\n\n\n\n\n\n\n\n"
			],
			"width": 140
		}
	]
}
