{
	"type": "minecraft:notice",
	"title": [
		{
			"sprite": "stardust:item/stardust_essence",
			"shadow_color": [
				0,
				0,
				0,
				0
			],
			"atlas": "minecraft:items"
		},
		" ",
		{
			"translate": "stardust_essence",
			"underlined": true
		},
		" ",
		{
			"sprite": "stardust:item/stardust_essence",
			"shadow_color": [
				0,
				0,
				0,
				0
			],
			"atlas": "minecraft:items"
		}
	],
	"body": [
		{
			"type": "minecraft:plain_message",
			"contents": [
				{"text": "V   ","font": "stardust:manual","color": "white"},
				{"text": "\n   ","click_event": {"action": "show_dialog","dialog": "stardust:manual/page_13"},"hover_event": {"action": "show_text","value": [{"translate": "stardust.go_to_previous_page"}," (13)"]}},
				" ",
				{"text": "   ","click_event": {"action": "show_dialog","dialog": "stardust:manual/page_15"},"hover_event": {"action": "show_text","value": [{"translate": "stardust.go_to_next_page"}," (15)"]}},
				{"text": "\n   ","click_event": {"action": "show_dialog","dialog": "stardust:manual/page_13"},"hover_event": {"action": "show_text","value": [{"translate": "stardust.go_to_previous_page"}," (13)"]}},
				" ",
				{"text": "   ","click_event": {"action": "show_dialog","dialog": "stardust:manual/page_15"},"hover_event": {"action": "show_text","value": [{"translate": "stardust.go_to_next_page"}," (15)"]}}
			],
			"width": 400
		},
		{
			"type": "minecraft:plain_message",
			"contents": [
				{"text": "","font": "stardust:manual","color": "white","shadow_color": [0,0,0,0]},
				"\"$@\n\n\n\"",
				{"text": "$耳","hover_event": {"action": "show_item","id": "furnace","components": {"item_model": "stardust:ender_stardust_ore","item_name": {"translate": "stardust.ender_stardust_ore"},"lore": [["",{"text": "I","color": "white","italic": false,"font": "stardust:icons"},{"translate": "stardustfragment","italic": true,"color": "blue"}]],"custom_data": {"stardust": {"ender_stardust_ore": true},"smithed": {"ignore": {"functionality": true,"crafting": true}}},"container": [{"slot": 0,"item": {"id": "minecraft:stone","count": 1,"components": {"minecraft:custom_data": {"smithed": {"block": {"id": "stardust:ender_stardust_ore","from": "stardust"}}}}}}],"tooltip_display": {"hidden_components": ["minecraft:container"]}}},"click_event": {"action": "show_dialog","dialog": "stardust:manual/page_21"}},
				"\"\"\"\"#U$",
				{"text": "$$臎","hover_event": {"action": "show_item","id": "command_block","components": {"item_model": "stardust:stardust_essence","item_name": {"translate": "stardust_essence"},"lore": [["",{"text": "I","color": "white","italic": false,"font": "stardust:icons"},{"translate": "stardustfragment","italic": true,"color": "blue"}]],"custom_data": {"stardust": {"stardust_essence": true},"smithed": {"ignore": {"functionality": true,"crafting": true}}}}}},
				"#$\n\"",
				{"text": "U$","hover_event": {"action": "show_item","id": "furnace","components": {"item_model": "stardust:ender_stardust_ore","item_name": {"translate": "stardust.ender_stardust_ore"},"lore": [["",{"text": "I","color": "white","italic": false,"font": "stardust:icons"},{"translate": "stardustfragment","italic": true,"color": "blue"}]],"custom_data": {"stardust": {"ender_stardust_ore": true},"smithed": {"ignore": {"functionality": true,"crafting": true}}},"container": [{"slot": 0,"item": {"id": "minecraft:stone","count": 1,"components": {"minecraft:custom_data": {"smithed": {"block": {"id": "stardust:ender_stardust_ore","from": "stardust"}}}}}}],"tooltip_display": {"hidden_components": ["minecraft:container"]}}},"click_event": {"action": "show_dialog","dialog": "stardust:manual/page_21"}},
				"\"\"\"\"#U$",
				{"text": "U$","hover_event": {"action": "show_item","id": "command_block","components": {"item_model": "stardust:stardust_essence","item_name": {"translate": "stardust_essence"},"lore": [["",{"text": "I","color": "white","italic": false,"font": "stardust:icons"},{"translate": "stardustfragment","italic": true,"color": "blue"}]],"custom_data": {"stardust": {"stardust_essence": true},"smithed": {"ignore": {"functionality": true,"crafting": true}}}}}},
				"#$\n\n\n",
				{"text": "1##","hover_event": {"action": "show_text","value": [{"translate": "stardust.concentrated_stardust_energy","color": "yellow"},{"translate": "stardust.crafted_from_stardust_ingots","color": "gray"},{"translate": "stardust.used_in_high_tier_crafting_recipes","color": "gray"}]}},
				{"text": "臒##","hover_event": {"action": "show_text","value": [{"text": ""},[{"text": "","font": "stardust:manual","color": "white"},"\"P\n","\n\n","\"",{"text": "$耳"},"\"\"\"\"#U$",{"text": "$$臎"},"\n","\"",{"text": "U$"},"\"\"\"\"#U$",{"text": "U$"},"\n","\n"],{"translate": "stardust.mining","color": "yellow"},{"translate": "stardust.mine","color": "gray"},{"translate": "stardust.ender_stardust_ore","color": "gray"},{"translate": "stardust.drops_x1_2","color": "gray"},{"translate": "stardust_essence","color": "gray"}]},"click_event": {"action": "show_dialog","dialog": "stardust:manual/page_21"}},
				{"text": "2##","hover_event": {"action": "show_text","value": [{"text": ""},[{"text": "","font": "stardust:manual","color": "white"},"\"G\n","\"",{"text": "$耳"},"\n","\"",{"text": "U$"},"\n","\"\"\"\"U$U$",{"text": "$$耥"},"\n","\"\"\"\"U$U$",{"text": "U$"},"\n","\n\n"],{"translate": "stardust.smelting","color": "yellow"},{"text": "\n- x1 ","color": "gray"},{"translate": "stardust.ender_stardust_ore","color": "gray"}]},"click_event": {"action": "show_dialog","dialog": "stardust:manual/page_21"}},
				{"text": "2##","hover_event": {"action": "show_text","value": [{"text": ""},[{"text": "","font": "stardust:manual","color": "white"},"\"F\n","\"",{"text": "$耣"},{"text": "$耣"},{"text": "$耣"},"\n","\"",{"text": "U$"},{"text": "U$"},{"text": "U$"},"\n","\"",{"text": "$耣"},{"text": "$膲"},{"text": "$耣"},"\"\"",{"text": "$$耥"},"\n","\"",{"text": "U$"},{"text": "U$"},{"text": "U$"},"\"\"",{"text": "U$"},"\n","\"",{"text": "$耣"},{"text": "$耣"},{"text": "$耣"},"\n","\"",{"text": "U$"},{"text": "U$"},{"text": "U$"},"\n"],{"text": "\n- x1 ","color": "gray"},{"translate": "stardust.blaze_powder","color": "gray"},{"text": "\n- x8 ","color": "gray"},{"translate": "stardust_ingot","color": "gray"}]}},
				{"text": "2##","hover_event": {"action": "show_text","value": [{"text": ""},[{"text": "","font": "stardust:manual","color": "white"},"\"F\n","\"",{"text": "$耣"},{"text": "$耣"},{"text": "$耣"},"\n","\"",{"text": "U$"},{"text": "U$"},{"text": "U$"},"\n","\"",{"text": "$耣"},{"text": "$臙"},{"text": "$耣"},"\"\"",{"text": "$$耥"},"\n","\"",{"text": "U$"},{"text": "U$"},{"text": "U$"},"\"\"",{"text": "U$"},"\n","\"",{"text": "$耣"},{"text": "$耣"},{"text": "$耣"},"\n","\"",{"text": "U$"},{"text": "U$"},{"text": "U$"},"\n"],{"text": "\n- x1 ","color": "gray"},{"translate": "stardust.wind_charge","color": "gray"},{"text": "\n- x8 ","color": "gray"},{"translate": "stardust_ingot","color": "gray"}]}},
				{"text": "2\n","hover_event": {"action": "show_text","value": [{"text": ""},[{"text": "","font": "stardust:manual","color": "white"},"\"I\n","\n\n","\"",{"text": "$耧"},"\"\"\"\"#U$",{"text": "$$臛"},"\n","\"",{"text": "U$"},"\"\"\"\"#U$",{"text": "U$"},"\n","\n"],{"translate": "stardust.simplenergy_pulverizing","color": "yellow"},{"text": "\n- x1 ","color": "gray"},{"translate": "stardust_core","color": "gray"}]},"click_event": {"action": "show_dialog","dialog": "stardust:manual/page_15"}},
				{"text": "0##","hover_event": {"action": "show_text","value": [{"translate": "stardust.concentrated_stardust_energy","color": "yellow"},{"translate": "stardust.crafted_from_stardust_ingots","color": "gray"},{"translate": "stardust.used_in_high_tier_crafting_recipes","color": "gray"}]}},
				{"text": "0##","hover_event": {"action": "show_text","value": [{"text": ""},[{"text": "","font": "stardust:manual","color": "white"},"\"P\n","\n\n","\"",{"text": "$耳"},"\"\"\"\"#U$",{"text": "$$臎"},"\n","\"",{"text": "U$"},"\"\"\"\"#U$",{"text": "U$"},"\n","\n"],{"translate": "stardust.mining","color": "yellow"},{"translate": "stardust.mine","color": "gray"},{"translate": "stardust.ender_stardust_ore","color": "gray"},{"translate": "stardust.drops_x1_2","color": "gray"},{"translate": "stardust_essence","color": "gray"}]},"click_event": {"action": "show_dialog","dialog": "stardust:manual/page_21"}},
				{"text": "0##","hover_event": {"action": "show_text","value": [{"text": ""},[{"text": "","font": "stardust:manual","color": "white"},"\"G\n","\"",{"text": "$耳"},"\n","\"",{"text": "U$"},"\n","\"\"\"\"U$U$",{"text": "$$耥"},"\n","\"\"\"\"U$U$",{"text": "U$"},"\n","\n\n"],{"translate": "stardust.smelting","color": "yellow"},{"text": "\n- x1 ","color": "gray"},{"translate": "stardust.ender_stardust_ore","color": "gray"}]},"click_event": {"action": "show_dialog","dialog": "stardust:manual/page_21"}},
				{"text": "0##","hover_event": {"action": "show_text","value": [{"text": ""},[{"text": "","font": "stardust:manual","color": "white"},"\"F\n","\"",{"text": "$耣"},{"text": "$耣"},{"text": "$耣"},"\n","\"",{"text": "U$"},{"text": "U$"},{"text": "U$"},"\n","\"",{"text": "$耣"},{"text": "$膲"},{"text": "$耣"},"\"\"",{"text": "$$耥"},"\n","\"",{"text": "U$"},{"text": "U$"},{"text": "U$"},"\"\"",{"text": "U$"},"\n","\"",{"text": "$耣"},{"text": "$耣"},{"text": "$耣"},"\n","\"",{"text": "U$"},{"text": "U$"},{"text": "U$"},"\n"],{"text": "\n- x1 ","color": "gray"},{"translate": "stardust.blaze_powder","color": "gray"},{"text": "\n- x8 ","color": "gray"},{"translate": "stardust_ingot","color": "gray"}]}},
				{"text": "0##","hover_event": {"action": "show_text","value": [{"text": ""},[{"text": "","font": "stardust:manual","color": "white"},"\"F\n","\"",{"text": "$耣"},{"text": "$耣"},{"text": "$耣"},"\n","\"",{"text": "U$"},{"text": "U$"},{"text": "U$"},"\n","\"",{"text": "$耣"},{"text": "$臙"},{"text": "$耣"},"\"\"",{"text": "$$耥"},"\n","\"",{"text": "U$"},{"text": "U$"},{"text": "U$"},"\"\"",{"text": "U$"},"\n","\"",{"text": "$耣"},{"text": "$耣"},{"text": "$耣"},"\n","\"",{"text": "U$"},{"text": "U$"},{"text": "U$"},"\n"],{"text": "\n- x1 ","color": "gray"},{"translate": "stardust.wind_charge","color": "gray"},{"text": "\n- x8 ","color": "gray"},{"translate": "stardust_ingot","color": "gray"}]}},
				{"text": "0\n","hover_event": {"action": "show_text","value": [{"text": ""},[{"text": "","font": "stardust:manual","color": "white"},"\"I\n","\n\n","\"",{"text": "$耧"},"\"\"\"\"#U$",{"text": "$$臛"},"\n","\"",{"text": "U$"},"\"\"\"\"#U$",{"text": "U$"},"\n","\n"],{"translate": "stardust.simplenergy_pulverizing","color": "yellow"},{"text": "\n- x1 ","color": "gray"},{"translate": "stardust_core","color": "gray"}]},"click_event": {"action": "show_dialog","dialog": "stardust:manual/page_15"}},
				{"text": "臟##","hover_event": {"action": "show_text","value": [{"text": ""},[{"text": "","font": "stardust:manual","color": "white"},"\"I\n","\n\n","\"",{"text": "$耥"},"\"\"\"\"#U$",{"text": "$$膬"},"\n","\"",{"text": "U$"},"\"\"\"\"#U$",{"text": "U$"},"\n","\n"],{"translate": "stardust.simplenergy_pulverizing","color": "yellow"},{"text": "\n- x1 ","color": "gray"},{"translate": "stardust_essence","color": "gray"}]},"click_event": {"action": "show_dialog","dialog": "stardust:manual/page_13"}},
				{"text": "臣##","hover_event": {"action": "show_text","value": [{"text": ""},[{"text": "","font": "stardust:manual","color": "white"},"\"F\n","\"",{"text": "$耥"},{"text": "$耥"},{"text": "$耥"},"\n","\"",{"text": "U$"},{"text": "U$"},{"text": "U$"},"\n","\"",{"text": "$耥"},{"text": "$臡"},{"text": "$耥"},"\"\"",{"text": "$$耧"},"\n","\"",{"text": "U$"},{"text": "U$"},{"text": "U$"},"\"\"",{"text": "U$"},"\n","\"",{"text": "$耥"},{"text": "$耥"},{"text": "$耥"},"\n","\"",{"text": "U$"},{"text": "U$"},{"text": "U$"},"\n"],{"text": "\n- x1 ","color": "gray"},{"translate": "stardust.crafter","color": "gray"},{"text": "\n- x8 ","color": "gray"},{"translate": "stardust_essence","color": "gray"}]},"click_event": {"action": "show_dialog","dialog": "stardust:manual/page_15"}},
				{"text": "臩##","hover_event": {"action": "show_text","value": [{"text": ""},[{"text": "","font": "stardust:manual","color": "white"},"\"F\n","\"",{"text": "$耥"},{"text": "$耥"},{"text": "$耥"},"\n","\"",{"text": "U$"},{"text": "U$"},{"text": "U$"},"\n","\"",{"text": "$耩"},{"text": "$臧"},{"text": "$耩"},"\"\"",{"text": "$$肁"},"\n","\"",{"text": "U$"},{"text": "U$"},{"text": "U$"},"\"\"",{"text": "U$"},"\n","\"",{"text": "$耫"},{"text": "$耫"},{"text": "$耫"},"\n","\"",{"text": "U$"},{"text": "U$"},{"text": "U$"},"\n"],{"text": "\n- x3 ","color": "gray"},{"translate": "stardust_essence","color": "gray"},{"text": "\n- x2 ","color": "gray"},{"translate": "stardust.compacted_stardust_shard","color": "gray"},{"text": "\n- x1 ","color": "gray"},{"translate": "stardust.elite_battery","color": "gray"},{"text": "\n- x3 ","color": "gray"},{"translate": "stardust_block","color": "gray"}]},"click_event": {"action": "show_dialog","dialog": "stardust:manual/page_60"}},
				{"text": "臯##","hover_event": {"action": "show_text","value": [{"text": ""},[{"text": "","font": "stardust:manual","color": "white"},"\"F\n","\"",{"text": "$聭"},{"text": "$聭"},{"text": "$聭"},"\n","\"",{"text": "U$"},{"text": "U$"},{"text": "U$"},"\n","\"",{"text": "$耥"},{"text": "$臭"},{"text": "$耥"},"\"\"",{"text": "$$肇"},"\n","\"",{"text": "U$"},{"text": "U$"},{"text": "U$"},"\"\"",{"text": "U$"},"\n","\"",{"text": "$臮"},{"text": "$臮"},{"text": "$臮"},"\n","\"",{"text": "U$"},{"text": "U$"},{"text": "U$"},"\n"],{"text": "\n- x3 ","color": "gray"},{"translate": "stardust_photovoltaic_cell","color": "gray"},{"text": "\n- x2 ","color": "gray"},{"translate": "stardust_essence","color": "gray"},{"text": "\n- x1 ","color": "gray"},{"translate": "stardust.solar_panel","color": "gray"},{"text": "\n- x3 ","color": "gray"},{"translate": "stardust.lapis_block","color": "gray"}]},"click_event": {"action": "show_dialog","dialog": "stardust:manual/page_63"}},
				{"text": "臵##","hover_event": {"action": "show_text","value": [{"text": ""},[{"text": "","font": "stardust:manual","color": "white"},"\"F\n","\"",{"text": "$臱"},{"text": "$臱"},{"text": "$臱"},"\n","\"",{"text": "U$"},{"text": "U$"},{"text": "U$"},"\n","\"",{"text": "$耥"},{"text": "$肓"},{"text": "$耥"},"\"\"",{"text": "$$肕"},"\n","\"",{"text": "U$"},{"text": "U$"},{"text": "U$"},"\"\"",{"text": "U$"},"\n","\"",{"text": "$聙"},{"text": "$聙"},{"text": "$聙"},"\n","\"",{"text": "U$"},{"text": "U$"},{"text": "U$"},"\n"],{"text": "\n- x3 ","color": "gray"},{"translate": "stardust.warped_fungus","color": "gray"},{"text": "\n- x2 ","color": "gray"},{"translate": "stardust_essence","color": "gray"},{"text": "\n- x1 ","color": "gray"},{"translate": "stardust.quarry_lv_1","color": "gray"},{"text": "\n- x3 ","color": "gray"},{"translate": "stardust.triple_compressed_cobblestone","color": "gray"}]},"click_event": {"action": "show_dialog","dialog": "stardust:manual/page_70"}},
				{"text": "臻\n","hover_event": {"action": "show_text","value": [{"text": ""},[{"text": "","font": "stardust:manual","color": "white"},"\"F\n","\"",{"text": "$耥"},{"text": "$耥"},{"text": "$耥"},"\n","\"",{"text": "U$"},{"text": "U$"},{"text": "U$"},"\n","\"",{"text": "$聓"},{"text": "$脯"},{"text": "$聓"},"\"\"",{"text": "$$肩"},"\n","\"",{"text": "U$"},{"text": "U$"},{"text": "U$"},"\"\"",{"text": "U$"},"\n","\"",{"text": "$聥"},{"text": "$聥"},{"text": "$聥"},"\n","\"",{"text": "U$"},{"text": "U$"},{"text": "U$"},"\n"],{"text": "\n- x3 ","color": "gray"},{"translate": "stardust_essence","color": "gray"},{"text": "\n- x2 ","color": "gray"},{"translate": "stardust.dog_excrement","color": "gray"},{"text": "\n- x1 ","color": "gray"},{"translate": "stardust.diamond_seed","color": "gray"},{"text": "\n- x3 ","color": "gray"},{"translate": "stardust_frame","color": "gray"}]},"click_event": {"action": "show_dialog","dialog": "stardust:manual/page_80"}},
				{"text": "0##","hover_event": {"action": "show_text","value": [{"text": ""},[{"text": "","font": "stardust:manual","color": "white"},"\"I\n","\n\n","\"",{"text": "$耥"},"\"\"\"\"#U$",{"text": "$$膬"},"\n","\"",{"text": "U$"},"\"\"\"\"#U$",{"text": "U$"},"\n","\n"],{"translate": "stardust.simplenergy_pulverizing","color": "yellow"},{"text": "\n- x1 ","color": "gray"},{"translate": "stardust_essence","color": "gray"}]},"click_event": {"action": "show_dialog","dialog": "stardust:manual/page_13"}},
				{"text": "0##","hover_event": {"action": "show_text","value": [{"text": ""},[{"text": "","font": "stardust:manual","color": "white"},"\"F\n","\"",{"text": "$耥"},{"text": "$耥"},{"text": "$耥"},"\n","\"",{"text": "U$"},{"text": "U$"},{"text": "U$"},"\n","\"",{"text": "$耥"},{"text": "$臡"},{"text": "$耥"},"\"\"",{"text": "$$耧"},"\n","\"",{"text": "U$"},{"text": "U$"},{"text": "U$"},"\"\"",{"text": "U$"},"\n","\"",{"text": "$耥"},{"text": "$耥"},{"text": "$耥"},"\n","\"",{"text": "U$"},{"text": "U$"},{"text": "U$"},"\n"],{"text": "\n- x1 ","color": "gray"},{"translate": "stardust.crafter","color": "gray"},{"text": "\n- x8 ","color": "gray"},{"translate": "stardust_essence","color": "gray"}]},"click_event": {"action": "show_dialog","dialog": "stardust:manual/page_15"}},
				{"text": "0##","hover_event": {"action": "show_text","value": [{"text": ""},[{"text": "","font": "stardust:manual","color": "white"},"\"F\n","\"",{"text": "$耥"},{"text": "$耥"},{"text": "$耥"},"\n","\"",{"text": "U$"},{"text": "U$"},{"text": "U$"},"\n","\"",{"text": "$耩"},{"text": "$臧"},{"text": "$耩"},"\"\"",{"text": "$$肁"},"\n","\"",{"text": "U$"},{"text": "U$"},{"text": "U$"},"\"\"",{"text": "U$"},"\n","\"",{"text": "$耫"},{"text": "$耫"},{"text": "$耫"},"\n","\"",{"text": "U$"},{"text": "U$"},{"text": "U$"},"\n"],{"text": "\n- x3 ","color": "gray"},{"translate": "stardust_essence","color": "gray"},{"text": "\n- x2 ","color": "gray"},{"translate": "stardust.compacted_stardust_shard","color": "gray"},{"text": "\n- x1 ","color": "gray"},{"translate": "stardust.elite_battery","color": "gray"},{"text": "\n- x3 ","color": "gray"},{"translate": "stardust_block","color": "gray"}]},"click_event": {"action": "show_dialog","dialog": "stardust:manual/page_60"}},
				{"text": "0##","hover_event": {"action": "show_text","value": [{"text": ""},[{"text": "","font": "stardust:manual","color": "white"},"\"F\n","\"",{"text": "$聭"},{"text": "$聭"},{"text": "$聭"},"\n","\"",{"text": "U$"},{"text": "U$"},{"text": "U$"},"\n","\"",{"text": "$耥"},{"text": "$臭"},{"text": "$耥"},"\"\"",{"text": "$$肇"},"\n","\"",{"text": "U$"},{"text": "U$"},{"text": "U$"},"\"\"",{"text": "U$"},"\n","\"",{"text": "$臮"},{"text": "$臮"},{"text": "$臮"},"\n","\"",{"text": "U$"},{"text": "U$"},{"text": "U$"},"\n"],{"text": "\n- x3 ","color": "gray"},{"translate": "stardust_photovoltaic_cell","color": "gray"},{"text": "\n- x2 ","color": "gray"},{"translate": "stardust_essence","color": "gray"},{"text": "\n- x1 ","color": "gray"},{"translate": "stardust.solar_panel","color": "gray"},{"text": "\n- x3 ","color": "gray"},{"translate": "stardust.lapis_block","color": "gray"}]},"click_event": {"action": "show_dialog","dialog": "stardust:manual/page_63"}},
				{"text": "0##","hover_event": {"action": "show_text","value": [{"text": ""},[{"text": "","font": "stardust:manual","color": "white"},"\"F\n","\"",{"text": "$臱"},{"text": "$臱"},{"text": "$臱"},"\n","\"",{"text": "U$"},{"text": "U$"},{"text": "U$"},"\n","\"",{"text": "$耥"},{"text": "$肓"},{"text": "$耥"},"\"\"",{"text": "$$肕"},"\n","\"",{"text": "U$"},{"text": "U$"},{"text": "U$"},"\"\"",{"text": "U$"},"\n","\"",{"text": "$聙"},{"text": "$聙"},{"text": "$聙"},"\n","\"",{"text": "U$"},{"text": "U$"},{"text": "U$"},"\n"],{"text": "\n- x3 ","color": "gray"},{"translate": "stardust.warped_fungus","color": "gray"},{"text": "\n- x2 ","color": "gray"},{"translate": "stardust_essence","color": "gray"},{"text": "\n- x1 ","color": "gray"},{"translate": "stardust.quarry_lv_1","color": "gray"},{"text": "\n- x3 ","color": "gray"},{"translate": "stardust.triple_compressed_cobblestone","color": "gray"}]},"click_event": {"action": "show_dialog","dialog": "stardust:manual/page_70"}},
				{"text": "0","hover_event": {"action": "show_text","value": [{"text": ""},[{"text": "","font": "stardust:manual","color": "white"},"\"F\n","\"",{"text": "$耥"},{"text": "$耥"},{"text": "$耥"},"\n","\"",{"text": "U$"},{"text": "U$"},{"text": "U$"},"\n","\"",{"text": "$聓"},{"text": "$脯"},{"text": "$聓"},"\"\"",{"text": "$$肩"},"\n","\"",{"text": "U$"},{"text": "U$"},{"text": "U$"},"\"\"",{"text": "U$"},"\n","\"",{"text": "$聥"},{"text": "$聥"},{"text": "$聥"},"\n","\"",{"text": "U$"},{"text": "U$"},{"text": "U$"},"\n"],{"text": "\n- x3 ","color": "gray"},{"translate": "stardust_essence","color": "gray"},{"text": "\n- x2 ","color": "gray"},{"translate": "stardust.dog_excrement","color": "gray"},{"text": "\n- x1 ","color": "gray"},{"translate": "stardust.diamond_seed","color": "gray"},{"text": "\n- x3 ","color": "gray"},{"translate": "stardust_frame","color": "gray"}]},"click_event": {"action": "show_dialog","dialog": "stardust:manual/page_80"}},
				"\n\n\n\n\n\n\n\n\n\n\n\n\n\n\n"
			],
			"width": 140
		}
	]
}
