{
	"type": "minecraft:notice",
	"title": [
		{
			"sprite": "stardust:item/stardust_core",
			"shadow_color": [
				0,
				0,
				0,
				0
			]
		},
		" ",
		{
			"translate": "stardust_core",
			"underlined": true
		},
		" ",
		{
			"sprite": "stardust:item/stardust_core"
		}
	],
	"body": [
		{
			"type": "minecraft:plain_message",
			"contents": [
				{"text": "V   ","font": "stardust:manual","color": "white"},
				{"text": "\n   ","click_event": {"action": "show_dialog","dialog": "stardust:manual/page_13"},"hover_event": {"action": "show_text","value": [{"translate": "stardust.go_to_previous_page"}," (13)"]}},
				" ",
				{"text": "   ","click_event": {"action": "show_dialog","dialog": "stardust:manual/page_15"},"hover_event": {"action": "show_text","value": [{"translate": "stardust.go_to_next_page"}," (15)"]}},
				{"text": "\n   ","click_event": {"action": "show_dialog","dialog": "stardust:manual/page_13"},"hover_event": {"action": "show_text","value": [{"translate": "stardust.go_to_previous_page"}," (13)"]}},
				" ",
				{"text": "   ","click_event": {"action": "show_dialog","dialog": "stardust:manual/page_15"},"hover_event": {"action": "show_text","value": [{"translate": "stardust.go_to_next_page"}," (15)"]}}
			],
			"width": 400
		},
		{
			"type": "minecraft:plain_message",
			"contents": [
				{"text": "","font": "stardust:manual","color": "white","shadow_color": [0,0,0,0]},
				"\"$6\n\"",
				{"text": "$耥$耥$耥","hover_event": {"action": "show_item","id": "command_block","components": {"item_model": "stardust:stardust_essence","item_name": {"translate": "stardust_essence"},"lore": [["",{"text": "I","color": "white","italic": false,"font": "stardust:icons"},{"translate": "stardustfragment","italic": true,"color": "blue"}]],"custom_data": {"stardust": {"stardust_essence": true},"smithed": {"ignore": {"functionality": true,"crafting": true}}}}},"click_event": {"action": "show_dialog","dialog": "stardust:manual/page_13"}},
				"  \n\"",
				{"translate": "stardust.uuu","hover_event": {"action": "show_item","id": "command_block","components": {"item_model": "stardust:stardust_essence","item_name": {"translate": "stardust_essence"},"lore": [["",{"text": "I","color": "white","italic": false,"font": "stardust:icons"},{"translate": "stardustfragment","italic": true,"color": "blue"}]],"custom_data": {"stardust": {"stardust_essence": true},"smithed": {"ignore": {"functionality": true,"crafting": true}}}}},"click_event": {"action": "show_dialog","dialog": "stardust:manual/page_13"}},
				"  \n\"",
				{"text": "$耥","hover_event": {"action": "show_item","id": "command_block","components": {"item_model": "stardust:stardust_essence","item_name": {"translate": "stardust_essence"},"lore": [["",{"text": "I","color": "white","italic": false,"font": "stardust:icons"},{"translate": "stardustfragment","italic": true,"color": "blue"}]],"custom_data": {"stardust": {"stardust_essence": true},"smithed": {"ignore": {"functionality": true,"crafting": true}}}}},"click_event": {"action": "show_dialog","dialog": "stardust:manual/page_13"}},
				{"text": "$臙","hover_event": {"action": "show_item","id": "minecraft:crafter","components": {}}},
				{"text": "$耥","hover_event": {"action": "show_item","id": "command_block","components": {"item_model": "stardust:stardust_essence","item_name": {"translate": "stardust_essence"},"lore": [["",{"text": "I","color": "white","italic": false,"font": "stardust:icons"},{"translate": "stardustfragment","italic": true,"color": "blue"}]],"custom_data": {"stardust": {"stardust_essence": true},"smithed": {"ignore": {"functionality": true,"crafting": true}}}}},"click_event": {"action": "show_dialog","dialog": "stardust:manual/page_13"}},
				"\"\"",
				{"text": "$$耧","hover_event": {"action": "show_item","id": "furnace","components": {"item_model": "stardust:stardust_core","item_name": {"translate": "stardust_core"},"lore": [["",{"text": "I","color": "white","italic": false,"font": "stardust:icons"},{"translate": "stardustfragment","italic": true,"color": "blue"}]],"custom_data": {"stardust": {"stardust_core": true},"smithed": {"ignore": {"functionality": true,"crafting": true}}},"container": [{"slot": 0,"item": {"id": "minecraft:stone","count": 1,"components": {"minecraft:custom_data": {"smithed": {"block": {"id": "stardust:stardust_core","from": "stardust"}}}}}}],"tooltip_display": {"hidden_components": ["minecraft:container"]}}}},
				"#$\n\"",
				{"text": "U$","hover_event": {"action": "show_item","id": "command_block","components": {"item_model": "stardust:stardust_essence","item_name": {"translate": "stardust_essence"},"lore": [["",{"text": "I","color": "white","italic": false,"font": "stardust:icons"},{"translate": "stardustfragment","italic": true,"color": "blue"}]],"custom_data": {"stardust": {"stardust_essence": true},"smithed": {"ignore": {"functionality": true,"crafting": true}}}}},"click_event": {"action": "show_dialog","dialog": "stardust:manual/page_13"}},
				{"text": "U$","hover_event": {"action": "show_item","id": "minecraft:crafter","components": {}}},
				{"text": "U$","hover_event": {"action": "show_item","id": "command_block","components": {"item_model": "stardust:stardust_essence","item_name": {"translate": "stardust_essence"},"lore": [["",{"text": "I","color": "white","italic": false,"font": "stardust:icons"},{"translate": "stardustfragment","italic": true,"color": "blue"}]],"custom_data": {"stardust": {"stardust_essence": true},"smithed": {"ignore": {"functionality": true,"crafting": true}}}}},"click_event": {"action": "show_dialog","dialog": "stardust:manual/page_13"}},
				"\"\"",
				{"text": "U$","hover_event": {"action": "show_item","id": "furnace","components": {"item_model": "stardust:stardust_core","item_name": {"translate": "stardust_core"},"lore": [["",{"text": "I","color": "white","italic": false,"font": "stardust:icons"},{"translate": "stardustfragment","italic": true,"color": "blue"}]],"custom_data": {"stardust": {"stardust_core": true},"smithed": {"ignore": {"functionality": true,"crafting": true}}},"container": [{"slot": 0,"item": {"id": "minecraft:stone","count": 1,"components": {"minecraft:custom_data": {"smithed": {"block": {"id": "stardust:stardust_core","from": "stardust"}}}}}}],"tooltip_display": {"hidden_components": ["minecraft:container"]}}}},
				"#$\n\"",
				{"text": "$耥$耥$耥","hover_event": {"action": "show_item","id": "command_block","components": {"item_model": "stardust:stardust_essence","item_name": {"translate": "stardust_essence"},"lore": [["",{"text": "I","color": "white","italic": false,"font": "stardust:icons"},{"translate": "stardustfragment","italic": true,"color": "blue"}]],"custom_data": {"stardust": {"stardust_essence": true},"smithed": {"ignore": {"functionality": true,"crafting": true}}}}},"click_event": {"action": "show_dialog","dialog": "stardust:manual/page_13"}},
				"  \n\"",
				{"translate": "stardust.uuu","hover_event": {"action": "show_item","id": "command_block","components": {"item_model": "stardust:stardust_essence","item_name": {"translate": "stardust_essence"},"lore": [["",{"text": "I","color": "white","italic": false,"font": "stardust:icons"},{"translate": "stardustfragment","italic": true,"color": "blue"}]],"custom_data": {"stardust": {"stardust_essence": true},"smithed": {"ignore": {"functionality": true,"crafting": true}}}}},"click_event": {"action": "show_dialog","dialog": "stardust:manual/page_13"}},
				"  \n\n",
				{"text": "1##","hover_event": {"action": "show_text","value": [{"translate": "stardust.central_component_of_stardust_technology","color": "yellow"},{"translate": "stardust.crafted_from_stardust_essences","color": "gray"},{"translate": "stardust.used_in_top_tier_crafting_recipes","color": "gray"}]}},
				{"text": "2##","hover_event": {"action": "show_text","value": [{"text": ""},[{"text": "","font": "stardust:manual","color": "white"},"\"F\n","\"",{"text": "$耥"},{"text": "$耥"},{"text": "$耥"},"\n","\"",{"text": "U$"},{"text": "U$"},{"text": "U$"},"\n","\"",{"text": "$耥"},{"text": "$臙"},{"text": "$耥"},"\"\"",{"text": "$$耧"},"\n","\"",{"text": "U$"},{"text": "U$"},{"text": "U$"},"\"\"",{"text": "U$"},"\n","\"",{"text": "$耥"},{"text": "$耥"},{"text": "$耥"},"\n","\"",{"text": "U$"},{"text": "U$"},{"text": "U$"},"\n"],{"text": "\n- x1 ","color": "gray"},{"translate": "stardust.crafter","color": "gray"},{"text": "\n- x8 ","color": "gray"},{"translate": "stardust_essence","color": "gray"}]}},
				{"text": "2##","hover_event": {"action": "show_text","value": [{"text": ""},[{"text": "","font": "stardust:manual","color": "white"},"\"F\n","\"",{"text": "$耥"},{"text": "$耥"},{"text": "$耥"},"\n","\"",{"text": "U$"},{"text": "U$"},{"text": "U$"},"\n","\"",{"text": "$耥"},{"text": "$臻"},{"text": "$耥"},"\"\"",{"text": "$$耧"},"\n","\"",{"text": "U$"},{"text": "U$"},{"text": "U$"},"\"\"",{"text": "U$"},"\n","\"",{"text": "$耥"},{"text": "$耥"},{"text": "$耥"},"\n","\"",{"text": "U$"},{"text": "U$"},{"text": "U$"},"\n"],{"text": "\n- x1 ","color": "gray"},{"translate": "stardust.observer","color": "gray"},{"text": "\n- x8 ","color": "gray"},{"translate": "stardust_essence","color": "gray"}]}},
				{"text": "臿##","hover_event": {"action": "show_text","value": [{"text": ""},[{"text": "","font": "stardust:manual","color": "white"},"\"I\n","\n\n","\"",{"text": "$耧"},"\"\"\"\"#U$",{"text": "$$臓"},"\n","\"",{"text": "U$"},"\"\"\"\"#U$",{"text": "U$"},"\n","\n"],{"translate": "stardust.simplenergy_pulverizing","color": "yellow"},{"text": "\n- x1 ","color": "gray"},{"translate": "stardust_core","color": "gray"}]},"click_event": {"action": "show_dialog","dialog": "stardust:manual/page_13"}},
				{"text": "舊##","hover_event": {"action": "show_text","value": [{"text": ""},[{"text": "","font": "stardust:manual","color": "white"},"\"F\n","\"",{"text": "$舁"},{"text": "$耧"},{"text": "$舃"},"\n","\"",{"text": "U$"},{"text": "U$"},{"text": "U$"},"\n","\"",{"text": "$耿"},{"text": "$耩"},{"text": "$聅"},"\"\"",{"text": "$$聑"},"\n","\"",{"text": "U$"},{"text": "U$"},{"text": "U$"},"\"\"",{"text": "U$"},"\n","\"",{"text": "$與"},{"text": "$聋"},{"text": "$舉"},"\n","\"",{"text": "U$"},{"text": "U$"},{"text": "U$"},"\n"],{"text": "\n- x1 ","color": "gray"},{"translate": "stardust.popped_chorus_fruit","color": "gray"},{"text": "\n- x1 ","color": "gray"},{"translate": "stardust_core","color": "gray"},{"text": "\n- x1 ","color": "gray"},{"translate": "stardust.echo_shard","color": "gray"},{"text": "\n- x1 ","color": "gray"},{"translate": "stardust.legendarium_block","color": "gray"},{"text": "\n- x1 ","color": "gray"},{"translate": "stardust.compacted_stardust_shard","color": "gray"},{"text": "\n- x1 ","color": "gray"},{"translate": "stardust.solarium_block","color": "gray"},{"text": "\n- x1 ","color": "gray"},{"translate": "stardust.resin_brick","color": "gray"},{"text": "\n- x1 ","color": "gray"},{"translate": "stardust.darkium_block","color": "gray"},{"text": "\n- x1 ","color": "gray"},{"translate": "stardust.turtle_scute","color": "gray"}]},"click_event": {"action": "show_dialog","dialog": "stardust:manual/page_35"}},
				{"text": "舒\n","hover_event": {"action": "show_text","value": [{"text": ""},[{"text": "","font": "stardust:manual","color": "white"},"\"F\n","\"",{"text": "$耩"},{"text": "$耽"},{"text": "$耩"},"\n","\"",{"text": "U$"},{"text": "U$"},{"text": "U$"},"\n","\"",{"text": "$聃"},{"text": "$聽"},{"text": "$聉"},"\"\"",{"text": "$$聿"},"\n","\"",{"text": "U$"},{"text": "U$"},{"text": "U$"},"\"\"",{"text": "U$"},"\n","\"",{"text": "$耩"},{"text": "$耧"},{"text": "$耩"},"\n","\"",{"text": "U$"},{"text": "U$"},{"text": "U$"},"\n"],{"text": "\n- x4 ","color": "gray"},{"translate": "stardust.compacted_stardust_shard","color": "gray"},{"text": "\n- x1 ","color": "gray"},{"translate": "stardust.legendarium_ingot","color": "gray"},{"text": "\n- x1 ","color": "gray"},{"translate": "stardust.solarium_ingot","color": "gray"},{"text": "\n- x1 ","color": "gray"},{"translate": "stardust.awakened_stardust_cable","color": "gray"},{"text": "\n- x1 ","color": "gray"},{"translate": "stardust.darkium_ingot","color": "gray"},{"text": "\n- x1 ","color": "gray"},{"translate": "stardust_core","color": "gray"}]},"click_event": {"action": "show_dialog","dialog": "stardust:manual/page_58"}},
				{"text": "0##","hover_event": {"action": "show_text","value": [{"translate": "stardust.central_component_of_stardust_technology","color": "yellow"},{"translate": "stardust.crafted_from_stardust_essences","color": "gray"},{"translate": "stardust.used_in_top_tier_crafting_recipes","color": "gray"}]}},
				{"text": "0##","hover_event": {"action": "show_text","value": [{"text": ""},[{"text": "","font": "stardust:manual","color": "white"},"\"F\n","\"",{"text": "$耥"},{"text": "$耥"},{"text": "$耥"},"\n","\"",{"text": "U$"},{"text": "U$"},{"text": "U$"},"\n","\"",{"text": "$耥"},{"text": "$臙"},{"text": "$耥"},"\"\"",{"text": "$$耧"},"\n","\"",{"text": "U$"},{"text": "U$"},{"text": "U$"},"\"\"",{"text": "U$"},"\n","\"",{"text": "$耥"},{"text": "$耥"},{"text": "$耥"},"\n","\"",{"text": "U$"},{"text": "U$"},{"text": "U$"},"\n"],{"text": "\n- x1 ","color": "gray"},{"translate": "stardust.crafter","color": "gray"},{"text": "\n- x8 ","color": "gray"},{"translate": "stardust_essence","color": "gray"}]}},
				{"text": "0##","hover_event": {"action": "show_text","value": [{"text": ""},[{"text": "","font": "stardust:manual","color": "white"},"\"F\n","\"",{"text": "$耥"},{"text": "$耥"},{"text": "$耥"},"\n","\"",{"text": "U$"},{"text": "U$"},{"text": "U$"},"\n","\"",{"text": "$耥"},{"text": "$臻"},{"text": "$耥"},"\"\"",{"text": "$$耧"},"\n","\"",{"text": "U$"},{"text": "U$"},{"text": "U$"},"\"\"",{"text": "U$"},"\n","\"",{"text": "$耥"},{"text": "$耥"},{"text": "$耥"},"\n","\"",{"text": "U$"},{"text": "U$"},{"text": "U$"},"\n"],{"text": "\n- x1 ","color": "gray"},{"translate": "stardust.observer","color": "gray"},{"text": "\n- x8 ","color": "gray"},{"translate": "stardust_essence","color": "gray"}]}},
				{"text": "0##","hover_event": {"action": "show_text","value": [{"text": ""},[{"text": "","font": "stardust:manual","color": "white"},"\"I\n","\n\n","\"",{"text": "$耧"},"\"\"\"\"#U$",{"text": "$$臓"},"\n","\"",{"text": "U$"},"\"\"\"\"#U$",{"text": "U$"},"\n","\n"],{"translate": "stardust.simplenergy_pulverizing","color": "yellow"},{"text": "\n- x1 ","color": "gray"},{"translate": "stardust_core","color": "gray"}]},"click_event": {"action": "show_dialog","dialog": "stardust:manual/page_13"}},
				{"text": "0##","hover_event": {"action": "show_text","value": [{"text": ""},[{"text": "","font": "stardust:manual","color": "white"},"\"F\n","\"",{"text": "$舁"},{"text": "$耧"},{"text": "$舃"},"\n","\"",{"text": "U$"},{"text": "U$"},{"text": "U$"},"\n","\"",{"text": "$耿"},{"text": "$耩"},{"text": "$聅"},"\"\"",{"text": "$$聑"},"\n","\"",{"text": "U$"},{"text": "U$"},{"text": "U$"},"\"\"",{"text": "U$"},"\n","\"",{"text": "$與"},{"text": "$聋"},{"text": "$舉"},"\n","\"",{"text": "U$"},{"text": "U$"},{"text": "U$"},"\n"],{"text": "\n- x1 ","color": "gray"},{"translate": "stardust.popped_chorus_fruit","color": "gray"},{"text": "\n- x1 ","color": "gray"},{"translate": "stardust_core","color": "gray"},{"text": "\n- x1 ","color": "gray"},{"translate": "stardust.echo_shard","color": "gray"},{"text": "\n- x1 ","color": "gray"},{"translate": "stardust.legendarium_block","color": "gray"},{"text": "\n- x1 ","color": "gray"},{"translate": "stardust.compacted_stardust_shard","color": "gray"},{"text": "\n- x1 ","color": "gray"},{"translate": "stardust.solarium_block","color": "gray"},{"text": "\n- x1 ","color": "gray"},{"translate": "stardust.resin_brick","color": "gray"},{"text": "\n- x1 ","color": "gray"},{"translate": "stardust.darkium_block","color": "gray"},{"text": "\n- x1 ","color": "gray"},{"translate": "stardust.turtle_scute","color": "gray"}]},"click_event": {"action": "show_dialog","dialog": "stardust:manual/page_35"}},
				{"text": "0\n","hover_event": {"action": "show_text","value": [{"text": ""},[{"text": "","font": "stardust:manual","color": "white"},"\"F\n","\"",{"text": "$耩"},{"text": "$耽"},{"text": "$耩"},"\n","\"",{"text": "U$"},{"text": "U$"},{"text": "U$"},"\n","\"",{"text": "$聃"},{"text": "$聽"},{"text": "$聉"},"\"\"",{"text": "$$聿"},"\n","\"",{"text": "U$"},{"text": "U$"},{"text": "U$"},"\"\"",{"text": "U$"},"\n","\"",{"text": "$耩"},{"text": "$耧"},{"text": "$耩"},"\n","\"",{"text": "U$"},{"text": "U$"},{"text": "U$"},"\n"],{"text": "\n- x4 ","color": "gray"},{"translate": "stardust.compacted_stardust_shard","color": "gray"},{"text": "\n- x1 ","color": "gray"},{"translate": "stardust.legendarium_ingot","color": "gray"},{"text": "\n- x1 ","color": "gray"},{"translate": "stardust.solarium_ingot","color": "gray"},{"text": "\n- x1 ","color": "gray"},{"translate": "stardust.awakened_stardust_cable","color": "gray"},{"text": "\n- x1 ","color": "gray"},{"translate": "stardust.darkium_ingot","color": "gray"},{"text": "\n- x1 ","color": "gray"},{"translate": "stardust_core","color": "gray"}]},"click_event": {"action": "show_dialog","dialog": "stardust:manual/page_58"}},
				{"text": "舘##","hover_event": {"action": "show_text","value": [{"text": ""},[{"text": "","font": "stardust:manual","color": "white"},"\"F\n","\"",{"text": "$聑"},{"text": "$聑"},{"text": "$聑"},"\n","\"",{"text": "U$"},{"text": "U$"},{"text": "U$"},"\n","\"",{"text": "$聩"},{"text": "$肃"},{"text": "$聩"},"\"\"",{"text": "$$肅"},"\n","\"",{"text": "U$"},{"text": "U$"},{"text": "U$"},"\"\"",{"text": "U$"},"\n","\"",{"text": "$耧"},{"text": "$耧"},{"text": "$耧"},"\n","\"",{"text": "U$"},{"text": "U$"},{"text": "U$"},"\n"],{"text": "\n- x3 ","color": "gray"},{"translate": "stardust.ultimate_shard","color": "gray"},{"text": "\n- x2 ","color": "gray"},{"translate": "stardust.ultimate_frame","color": "gray"},{"text": "\n- x1 ","color": "gray"},{"translate": "stardust.awakened_stardust_battery","color": "gray"},{"text": "\n- x3 ","color": "gray"},{"translate": "stardust_core","color": "gray"}]},"click_event": {"action": "show_dialog","dialog": "stardust:manual/page_61"}},
				{"text": "舠##","hover_event": {"action": "show_text","value": [{"text": ""},[{"text": "","font": "stardust:manual","color": "white"},"\"F\n","\"",{"text": "$職"},{"text": "$職"},{"text": "$職"},"\n","\"",{"text": "U$"},{"text": "U$"},{"text": "U$"},"\n","\"",{"text": "$聑"},{"text": "$肋"},{"text": "$聑"},"\"\"",{"text": "$$肑"},"\n","\"",{"text": "U$"},{"text": "U$"},{"text": "U$"},"\"\"",{"text": "U$"},"\n","\"",{"text": "$聅"},{"text": "$耧"},{"text": "$聋"},"\n","\"",{"text": "U$"},{"text": "U$"},{"text": "U$"},"\n"],{"text": "\n- x3 ","color": "gray"},{"translate": "stardust.ultimate_photovoltaic_cell","color": "gray"},{"text": "\n- x2 ","color": "gray"},{"translate": "stardust.ultimate_shard","color": "gray"},{"text": "\n- x1 ","color": "gray"},{"translate": "stardust.legendarium_solar_panel","color": "gray"},{"text": "\n- x1 ","color": "gray"},{"translate": "stardust.solarium_block","color": "gray"},{"text": "\n- x1 ","color": "gray"},{"translate": "stardust_core","color": "gray"},{"text": "\n- x1 ","color": "gray"},{"translate": "stardust.darkium_block","color": "gray"}]},"click_event": {"action": "show_dialog","dialog": "stardust:manual/page_67"}},
				{"text": "舥##","hover_event": {"action": "show_text","value": [{"text": ""},[{"text": "","font": "stardust:manual","color": "white"},"\"F\n","\"",{"text": "$耧"},{"text": "$耩"},{"text": "$耧"},"\n","\"",{"text": "U$"},{"text": "U$"},{"text": "U$"},"\n","\"",{"text": "$耩"},{"text": "$肵"},{"text": "$耩"},"\"\"",{"text": "$$胃"},"\n","\"",{"text": "U$"},{"text": "U$"},{"text": "U$"},"\"\"",{"text": "U$"},"\n","\"",{"text": "$耧"},{"text": "$耩"},{"text": "$耧"},"\n","\"",{"text": "U$"},{"text": "U$"},{"text": "U$"},"\n"],{"text": "\n- x4 ","color": "gray"},{"translate": "stardust_core","color": "gray"},{"text": "\n- x4 ","color": "gray"},{"translate": "stardust.compacted_stardust_shard","color": "gray"},{"text": "\n- x1 ","color": "gray"},{"translate": "stardust.damaged_stardust_helmet","color": "gray"}]},"click_event": {"action": "show_dialog","dialog": "stardust:manual/page_92"}},
				{"text": "航##","hover_event": {"action": "show_text","value": [{"text": ""},[{"text": "","font": "stardust:manual","color": "white"},"\"F\n","\"",{"text": "$耧"},{"text": "$耩"},{"text": "$耧"},"\n","\"",{"text": "U$"},{"text": "U$"},{"text": "U$"},"\n","\"",{"text": "$耩"},{"text": "$肷"},{"text": "$耩"},"\"\"",{"text": "$$胅"},"\n","\"",{"text": "U$"},{"text": "U$"},{"text": "U$"},"\"\"",{"text": "U$"},"\n","\"",{"text": "$耧"},{"text": "$耩"},{"text": "$耧"},"\n","\"",{"text": "U$"},{"text": "U$"},{"text": "U$"},"\n"],{"text": "\n- x4 ","color": "gray"},{"translate": "stardust_core","color": "gray"},{"text": "\n- x4 ","color": "gray"},{"translate": "stardust.compacted_stardust_shard","color": "gray"},{"text": "\n- x1 ","color": "gray"},{"translate": "stardust.damaged_stardust_chestplate","color": "gray"}]},"click_event": {"action": "show_dialog","dialog": "stardust:manual/page_93"}},
				{"text": "舯##","hover_event": {"action": "show_text","value": [{"text": ""},[{"text": "","font": "stardust:manual","color": "white"},"\"F\n","\"",{"text": "$耧"},{"text": "$耩"},{"text": "$耧"},"\n","\"",{"text": "U$"},{"text": "U$"},{"text": "U$"},"\n","\"",{"text": "$耩"},{"text": "$肹"},{"text": "$耩"},"\"\"",{"text": "$$胇"},"\n","\"",{"text": "U$"},{"text": "U$"},{"text": "U$"},"\"\"",{"text": "U$"},"\n","\"",{"text": "$耧"},{"text": "$耩"},{"text": "$耧"},"\n","\"",{"text": "U$"},{"text": "U$"},{"text": "U$"},"\n"],{"text": "\n- x4 ","color": "gray"},{"translate": "stardust_core","color": "gray"},{"text": "\n- x4 ","color": "gray"},{"translate": "stardust.compacted_stardust_shard","color": "gray"},{"text": "\n- x1 ","color": "gray"},{"translate": "stardust.damaged_stardust_leggings","color": "gray"}]},"click_event": {"action": "show_dialog","dialog": "stardust:manual/page_94"}},
				{"text": "舴\n","hover_event": {"action": "show_text","value": [{"text": ""},[{"text": "","font": "stardust:manual","color": "white"},"\"F\n","\"",{"text": "$耧"},{"text": "$耩"},{"text": "$耧"},"\n","\"",{"text": "U$"},{"text": "U$"},{"text": "U$"},"\n","\"",{"text": "$耩"},{"text": "$肻"},{"text": "$耩"},"\"\"",{"text": "$$胉"},"\n","\"",{"text": "U$"},{"text": "U$"},{"text": "U$"},"\"\"",{"text": "U$"},"\n","\"",{"text": "$耧"},{"text": "$耩"},{"text": "$耧"},"\n","\"",{"text": "U$"},{"text": "U$"},{"text": "U$"},"\n"],{"text": "\n- x4 ","color": "gray"},{"translate": "stardust_core","color": "gray"},{"text": "\n- x4 ","color": "gray"},{"translate": "stardust.compacted_stardust_shard","color": "gray"},{"text": "\n- x1 ","color": "gray"},{"translate": "stardust.damaged_stardust_boots","color": "gray"}]},"click_event": {"action": "show_dialog","dialog": "stardust:manual/page_95"}},
				{"text": "0##","hover_event": {"action": "show_text","value": [{"text": ""},[{"text": "","font": "stardust:manual","color": "white"},"\"F\n","\"",{"text": "$聑"},{"text": "$聑"},{"text": "$聑"},"\n","\"",{"text": "U$"},{"text": "U$"},{"text": "U$"},"\n","\"",{"text": "$聩"},{"text": "$肃"},{"text": "$聩"},"\"\"",{"text": "$$肅"},"\n","\"",{"text": "U$"},{"text": "U$"},{"text": "U$"},"\"\"",{"text": "U$"},"\n","\"",{"text": "$耧"},{"text": "$耧"},{"text": "$耧"},"\n","\"",{"text": "U$"},{"text": "U$"},{"text": "U$"},"\n"],{"text": "\n- x3 ","color": "gray"},{"translate": "stardust.ultimate_shard","color": "gray"},{"text": "\n- x2 ","color": "gray"},{"translate": "stardust.ultimate_frame","color": "gray"},{"text": "\n- x1 ","color": "gray"},{"translate": "stardust.awakened_stardust_battery","color": "gray"},{"text": "\n- x3 ","color": "gray"},{"translate": "stardust_core","color": "gray"}]},"click_event": {"action": "show_dialog","dialog": "stardust:manual/page_61"}},
				{"text": "0##","hover_event": {"action": "show_text","value": [{"text": ""},[{"text": "","font": "stardust:manual","color": "white"},"\"F\n","\"",{"text": "$職"},{"text": "$職"},{"text": "$職"},"\n","\"",{"text": "U$"},{"text": "U$"},{"text": "U$"},"\n","\"",{"text": "$聑"},{"text": "$肋"},{"text": "$聑"},"\"\"",{"text": "$$肑"},"\n","\"",{"text": "U$"},{"text": "U$"},{"text": "U$"},"\"\"",{"text": "U$"},"\n","\"",{"text": "$聅"},{"text": "$耧"},{"text": "$聋"},"\n","\"",{"text": "U$"},{"text": "U$"},{"text": "U$"},"\n"],{"text": "\n- x3 ","color": "gray"},{"translate": "stardust.ultimate_photovoltaic_cell","color": "gray"},{"text": "\n- x2 ","color": "gray"},{"translate": "stardust.ultimate_shard","color": "gray"},{"text": "\n- x1 ","color": "gray"},{"translate": "stardust.legendarium_solar_panel","color": "gray"},{"text": "\n- x1 ","color": "gray"},{"translate": "stardust.solarium_block","color": "gray"},{"text": "\n- x1 ","color": "gray"},{"translate": "stardust_core","color": "gray"},{"text": "\n- x1 ","color": "gray"},{"translate": "stardust.darkium_block","color": "gray"}]},"click_event": {"action": "show_dialog","dialog": "stardust:manual/page_67"}},
				{"text": "0##","hover_event": {"action": "show_text","value": [{"text": ""},[{"text": "","font": "stardust:manual","color": "white"},"\"F\n","\"",{"text": "$耧"},{"text": "$耩"},{"text": "$耧"},"\n","\"",{"text": "U$"},{"text": "U$"},{"text": "U$"},"\n","\"",{"text": "$耩"},{"text": "$肵"},{"text": "$耩"},"\"\"",{"text": "$$胃"},"\n","\"",{"text": "U$"},{"text": "U$"},{"text": "U$"},"\"\"",{"text": "U$"},"\n","\"",{"text": "$耧"},{"text": "$耩"},{"text": "$耧"},"\n","\"",{"text": "U$"},{"text": "U$"},{"text": "U$"},"\n"],{"text": "\n- x4 ","color": "gray"},{"translate": "stardust_core","color": "gray"},{"text": "\n- x4 ","color": "gray"},{"translate": "stardust.compacted_stardust_shard","color": "gray"},{"text": "\n- x1 ","color": "gray"},{"translate": "stardust.damaged_stardust_helmet","color": "gray"}]},"click_event": {"action": "show_dialog","dialog": "stardust:manual/page_92"}},
				{"text": "0##","hover_event": {"action": "show_text","value": [{"text": ""},[{"text": "","font": "stardust:manual","color": "white"},"\"F\n","\"",{"text": "$耧"},{"text": "$耩"},{"text": "$耧"},"\n","\"",{"text": "U$"},{"text": "U$"},{"text": "U$"},"\n","\"",{"text": "$耩"},{"text": "$肷"},{"text": "$耩"},"\"\"",{"text": "$$胅"},"\n","\"",{"text": "U$"},{"text": "U$"},{"text": "U$"},"\"\"",{"text": "U$"},"\n","\"",{"text": "$耧"},{"text": "$耩"},{"text": "$耧"},"\n","\"",{"text": "U$"},{"text": "U$"},{"text": "U$"},"\n"],{"text": "\n- x4 ","color": "gray"},{"translate": "stardust_core","color": "gray"},{"text": "\n- x4 ","color": "gray"},{"translate": "stardust.compacted_stardust_shard","color": "gray"},{"text": "\n- x1 ","color": "gray"},{"translate": "stardust.damaged_stardust_chestplate","color": "gray"}]},"click_event": {"action": "show_dialog","dialog": "stardust:manual/page_93"}},
				{"text": "0##","hover_event": {"action": "show_text","value": [{"text": ""},[{"text": "","font": "stardust:manual","color": "white"},"\"F\n","\"",{"text": "$耧"},{"text": "$耩"},{"text": "$耧"},"\n","\"",{"text": "U$"},{"text": "U$"},{"text": "U$"},"\n","\"",{"text": "$耩"},{"text": "$肹"},{"text": "$耩"},"\"\"",{"text": "$$胇"},"\n","\"",{"text": "U$"},{"text": "U$"},{"text": "U$"},"\"\"",{"text": "U$"},"\n","\"",{"text": "$耧"},{"text": "$耩"},{"text": "$耧"},"\n","\"",{"text": "U$"},{"text": "U$"},{"text": "U$"},"\n"],{"text": "\n- x4 ","color": "gray"},{"translate": "stardust_core","color": "gray"},{"text": "\n- x4 ","color": "gray"},{"translate": "stardust.compacted_stardust_shard","color": "gray"},{"text": "\n- x1 ","color": "gray"},{"translate": "stardust.damaged_stardust_leggings","color": "gray"}]},"click_event": {"action": "show_dialog","dialog": "stardust:manual/page_94"}},
				{"text": "0\n","hover_event": {"action": "show_text","value": [{"text": ""},[{"text": "","font": "stardust:manual","color": "white"},"\"F\n","\"",{"text": "$耧"},{"text": "$耩"},{"text": "$耧"},"\n","\"",{"text": "U$"},{"text": "U$"},{"text": "U$"},"\n","\"",{"text": "$耩"},{"text": "$肻"},{"text": "$耩"},"\"\"",{"text": "$$胉"},"\n","\"",{"text": "U$"},{"text": "U$"},{"text": "U$"},"\"\"",{"text": "U$"},"\n","\"",{"text": "$耧"},{"text": "$耩"},{"text": "$耧"},"\n","\"",{"text": "U$"},{"text": "U$"},{"text": "U$"},"\n"],{"text": "\n- x4 ","color": "gray"},{"translate": "stardust_core","color": "gray"},{"text": "\n- x4 ","color": "gray"},{"translate": "stardust.compacted_stardust_shard","color": "gray"},{"text": "\n- x1 ","color": "gray"},{"translate": "stardust.damaged_stardust_boots","color": "gray"}]},"click_event": {"action": "show_dialog","dialog": "stardust:manual/page_95"}},
				{"text": "船##","hover_event": {"action": "show_text","value": [{"text": ""},[{"text": "","font": "stardust:manual","color": "white"},"\"F\n","\"",{"text": "$耧"},{"text": "$耩"},{"text": "$耧"},"\n","\"",{"text": "U$"},{"text": "U$"},{"text": "U$"},"\n","\"",{"text": "$耩"},{"text": "$肽"},{"text": "$耩"},"\"\"",{"text": "$$胋"},"\n","\"",{"text": "U$"},{"text": "U$"},{"text": "U$"},"\"\"",{"text": "U$"},"\n","\"",{"text": "$耧"},{"text": "$耩"},{"text": "$耧"},"\n","\"",{"text": "U$"},{"text": "U$"},{"text": "U$"},"\n"],{"text": "\n- x4 ","color": "gray"},{"translate": "stardust_core","color": "gray"},{"text": "\n- x4 ","color": "gray"},{"translate": "stardust.compacted_stardust_shard","color": "gray"},{"text": "\n- x1 ","color": "gray"},{"translate": "stardust.damaged_stardust_sword","color": "gray"}]},"click_event": {"action": "show_dialog","dialog": "stardust:manual/page_96"}},
				{"text": "舾##","hover_event": {"action": "show_text","value": [{"text": ""},[{"text": "","font": "stardust:manual","color": "white"},"\"F\n","\"",{"text": "$耧"},{"text": "$耩"},{"text": "$耧"},"\n","\"",{"text": "U$"},{"text": "U$"},{"text": "U$"},"\n","\"",{"text": "$耩"},{"text": "$肿"},{"text": "$耩"},"\"\"",{"text": "$$胍"},"\n","\"",{"text": "U$"},{"text": "U$"},{"text": "U$"},"\"\"",{"text": "U$"},"\n","\"",{"text": "$耧"},{"text": "$耩"},{"text": "$耧"},"\n","\"",{"text": "U$"},{"text": "U$"},{"text": "U$"},"\n"],{"text": "\n- x4 ","color": "gray"},{"translate": "stardust_core","color": "gray"},{"text": "\n- x4 ","color": "gray"},{"translate": "stardust.compacted_stardust_shard","color": "gray"},{"text": "\n- x1 ","color": "gray"},{"translate": "stardust.damaged_stardust_pickaxe","color": "gray"}]},"click_event": {"action": "show_dialog","dialog": "stardust:manual/page_97"}},
				{"text": "艃##","hover_event": {"action": "show_text","value": [{"text": ""},[{"text": "","font": "stardust:manual","color": "white"},"\"F\n","\"",{"text": "$耧"},{"text": "$耩"},{"text": "$耧"},"\n","\"",{"text": "U$"},{"text": "U$"},{"text": "U$"},"\n","\"",{"text": "$耩"},{"text": "$胁"},{"text": "$耩"},"\"\"",{"text": "$$胏"},"\n","\"",{"text": "U$"},{"text": "U$"},{"text": "U$"},"\"\"",{"text": "U$"},"\n","\"",{"text": "$耧"},{"text": "$耩"},{"text": "$耧"},"\n","\"",{"text": "U$"},{"text": "U$"},{"text": "U$"},"\n"],{"text": "\n- x4 ","color": "gray"},{"translate": "stardust_core","color": "gray"},{"text": "\n- x4 ","color": "gray"},{"translate": "stardust.compacted_stardust_shard","color": "gray"},{"text": "\n- x1 ","color": "gray"},{"translate": "stardust.damaged_stardust_axe","color": "gray"}]},"click_event": {"action": "show_dialog","dialog": "stardust:manual/page_98"}},
				{"text": "艉\n","hover_event": {"action": "show_text","value": [{"text": ""},[{"text": "","font": "stardust:manual","color": "white"},"\"F\n","\"",{"text": "$耧"},{"text": "$耧"},{"text": "$耧"},"\n","\"",{"text": "U$"},{"text": "U$"},{"text": "U$"},"\n","\"",{"text": "$胍"},{"text": "$腋"},{"text": "$胍"},"\"\"",{"text": "$$腍"},"\n","\"",{"text": "U$"},{"text": "U$"},{"text": "U$"},"\"\"",{"text": "U$"},"\n","\"",{"text": "$聛"},{"text": "$聛"},{"text": "$聛"},"\n","\"",{"text": "U$"},{"text": "U$"},{"text": "U$"},"\n"],{"text": "\n- x3 ","color": "gray"},{"translate": "stardust_core","color": "gray"},{"text": "\n- x2 ","color": "gray"},{"translate": "stardust.original_stardust_pickaxe","color": "gray"},{"text": "\n- x1 ","color": "gray"},{"translate": "stardust.cobblestone_miner_lv_7","color": "gray"},{"text": "\n- x3 ","color": "gray"},{"translate": "stardust.quadruple_compressed_cobblestone","color": "gray"}]},"click_event": {"action": "show_dialog","dialog": "stardust:manual/page_161"}},
				{"text": "0##","hover_event": {"action": "show_text","value": [{"text": ""},[{"text": "","font": "stardust:manual","color": "white"},"\"F\n","\"",{"text": "$耧"},{"text": "$耩"},{"text": "$耧"},"\n","\"",{"text": "U$"},{"text": "U$"},{"text": "U$"},"\n","\"",{"text": "$耩"},{"text": "$肽"},{"text": "$耩"},"\"\"",{"text": "$$胋"},"\n","\"",{"text": "U$"},{"text": "U$"},{"text": "U$"},"\"\"",{"text": "U$"},"\n","\"",{"text": "$耧"},{"text": "$耩"},{"text": "$耧"},"\n","\"",{"text": "U$"},{"text": "U$"},{"text": "U$"},"\n"],{"text": "\n- x4 ","color": "gray"},{"translate": "stardust_core","color": "gray"},{"text": "\n- x4 ","color": "gray"},{"translate": "stardust.compacted_stardust_shard","color": "gray"},{"text": "\n- x1 ","color": "gray"},{"translate": "stardust.damaged_stardust_sword","color": "gray"}]},"click_event": {"action": "show_dialog","dialog": "stardust:manual/page_96"}},
				{"text": "0##","hover_event": {"action": "show_text","value": [{"text": ""},[{"text": "","font": "stardust:manual","color": "white"},"\"F\n","\"",{"text": "$耧"},{"text": "$耩"},{"text": "$耧"},"\n","\"",{"text": "U$"},{"text": "U$"},{"text": "U$"},"\n","\"",{"text": "$耩"},{"text": "$肿"},{"text": "$耩"},"\"\"",{"text": "$$胍"},"\n","\"",{"text": "U$"},{"text": "U$"},{"text": "U$"},"\"\"",{"text": "U$"},"\n","\"",{"text": "$耧"},{"text": "$耩"},{"text": "$耧"},"\n","\"",{"text": "U$"},{"text": "U$"},{"text": "U$"},"\n"],{"text": "\n- x4 ","color": "gray"},{"translate": "stardust_core","color": "gray"},{"text": "\n- x4 ","color": "gray"},{"translate": "stardust.compacted_stardust_shard","color": "gray"},{"text": "\n- x1 ","color": "gray"},{"translate": "stardust.damaged_stardust_pickaxe","color": "gray"}]},"click_event": {"action": "show_dialog","dialog": "stardust:manual/page_97"}},
				{"text": "0##","hover_event": {"action": "show_text","value": [{"text": ""},[{"text": "","font": "stardust:manual","color": "white"},"\"F\n","\"",{"text": "$耧"},{"text": "$耩"},{"text": "$耧"},"\n","\"",{"text": "U$"},{"text": "U$"},{"text": "U$"},"\n","\"",{"text": "$耩"},{"text": "$胁"},{"text": "$耩"},"\"\"",{"text": "$$胏"},"\n","\"",{"text": "U$"},{"text": "U$"},{"text": "U$"},"\"\"",{"text": "U$"},"\n","\"",{"text": "$耧"},{"text": "$耩"},{"text": "$耧"},"\n","\"",{"text": "U$"},{"text": "U$"},{"text": "U$"},"\n"],{"text": "\n- x4 ","color": "gray"},{"translate": "stardust_core","color": "gray"},{"text": "\n- x4 ","color": "gray"},{"translate": "stardust.compacted_stardust_shard","color": "gray"},{"text": "\n- x1 ","color": "gray"},{"translate": "stardust.damaged_stardust_axe","color": "gray"}]},"click_event": {"action": "show_dialog","dialog": "stardust:manual/page_98"}},
				{"text": "0","hover_event": {"action": "show_text","value": [{"text": ""},[{"text": "","font": "stardust:manual","color": "white"},"\"F\n","\"",{"text": "$耧"},{"text": "$耧"},{"text": "$耧"},"\n","\"",{"text": "U$"},{"text": "U$"},{"text": "U$"},"\n","\"",{"text": "$胍"},{"text": "$腋"},{"text": "$胍"},"\"\"",{"text": "$$腍"},"\n","\"",{"text": "U$"},{"text": "U$"},{"text": "U$"},"\"\"",{"text": "U$"},"\n","\"",{"text": "$聛"},{"text": "$聛"},{"text": "$聛"},"\n","\"",{"text": "U$"},{"text": "U$"},{"text": "U$"},"\n"],{"text": "\n- x3 ","color": "gray"},{"translate": "stardust_core","color": "gray"},{"text": "\n- x2 ","color": "gray"},{"translate": "stardust.original_stardust_pickaxe","color": "gray"},{"text": "\n- x1 ","color": "gray"},{"translate": "stardust.cobblestone_miner_lv_7","color": "gray"},{"text": "\n- x3 ","color": "gray"},{"translate": "stardust.quadruple_compressed_cobblestone","color": "gray"}]},"click_event": {"action": "show_dialog","dialog": "stardust:manual/page_161"}},
				"\n\n\n\n\n\n\n\n\n\n\n\n"
			],
			"width": 140
		}
	]
}
