{
	"type": "minecraft:notice",
	"title": {
		"translate": "stardust.quarry_lv3",
		"underlined": true
	},
	"body": [
		{
			"type": "minecraft:plain_message",
			"contents": [
				{"text": "V   ","font": "stardust:manual","color": "white"},
				{"text": "\n   ","click_event": {"action": "show_dialog","dialog": "stardust:manual/page_70"},"hover_event": {"action": "show_text","value": [{"translate": "stardust.go_to_previous_page"}," (70)"]}},
				" ",
				{"text": "   ","click_event": {"action": "show_dialog","dialog": "stardust:manual/page_72"},"hover_event": {"action": "show_text","value": [{"translate": "stardust.go_to_next_page"}," (72)"]}},
				{"text": "\n   ","click_event": {"action": "show_dialog","dialog": "stardust:manual/page_70"},"hover_event": {"action": "show_text","value": [{"translate": "stardust.go_to_previous_page"}," (70)"]}},
				" ",
				{"text": "   ","click_event": {"action": "show_dialog","dialog": "stardust:manual/page_72"},"hover_event": {"action": "show_text","value": [{"translate": "stardust.go_to_next_page"}," (72)"]}}
			],
			"width": 400
		},
		{
			"type": "minecraft:plain_message",
			"contents": [
				{"text": "","font": "stardust:manual","color": "white","shadow_color": [0,0,0,0]},
				"\"$6\n\"",
				{"text": "$聍$聍$聍","hover_event": {"action": "show_item","id": "ender_pearl","components": {"item_name": {"translate": "stardust.dragon_pearl","italic": false,"color": "dark_purple"},"use_cooldown": {"seconds": 0.5},"item_model": "stardust:dragon_pearl","lore": [["",{"text": "I","color": "white","italic": false,"font": "stardust:icons"},{"translate": "stardustfragment","italic": true,"color": "blue"}]],"custom_data": {"stardust": {"dragon_pearl": true},"smithed": {"ignore": {"functionality": true,"crafting": true}}}}},"click_event": {"action": "show_dialog","dialog": "stardust:manual/page_34"}},
				"  \n\"",
				{"translate": "stardust.uuu","hover_event": {"action": "show_item","id": "ender_pearl","components": {"item_name": {"translate": "stardust.dragon_pearl","italic": false,"color": "dark_purple"},"use_cooldown": {"seconds": 0.5},"item_model": "stardust:dragon_pearl","lore": [["",{"text": "I","color": "white","italic": false,"font": "stardust:icons"},{"translate": "stardustfragment","italic": true,"color": "blue"}]],"custom_data": {"stardust": {"dragon_pearl": true},"smithed": {"ignore": {"functionality": true,"crafting": true}}}}},"click_event": {"action": "show_dialog","dialog": "stardust:manual/page_34"}},
				"  \n\"",
				{"text": "$耩","hover_event": {"action": "show_item","id": "command_block","components": {"item_model": "stardust:compacted_stardust_shard","item_name": {"translate": "stardust.compacted_stardust_shard"},"lore": [["",{"text": "I","color": "white","italic": false,"font": "stardust:icons"},{"translate": "stardustfragment","italic": true,"color": "blue"}]],"custom_data": {"stardust": {"compacted_stardust_shard": true},"smithed": {"ignore": {"functionality": true,"crafting": true}}}}},"click_event": {"action": "show_dialog","dialog": "stardust:manual/page_16"}},
				{"text": "$肕","hover_event": {"action": "show_item","id": "furnace","components": {"custom_data": {"energy": {"usage": 250,"max_storage": 60000},"stardust": {"quarry": {"block_per_second": 3},"quarry_lv2": true},"smithed": {"ignore": {"functionality": true,"crafting": true}}},"item_name": {"translate": "stardust.quarry_lv_2","italic": false},"lore": [{"translate": "stardust.speed_3_block_s","italic": false,"color": "gray"},{"translate": "stardust.power_usage_250_kw","italic": false,"color": "gray"},{"translate": "stardust.energy_buffer_60_mj","italic": false,"color": "gray"},["",{"text": "I","color": "white","italic": false,"font": "stardust:icons"},{"translate": "stardustfragment","italic": true,"color": "blue"}]],"item_model": "stardust:quarry_lv2","container": [{"slot": 0,"item": {"id": "minecraft:stone","count": 1,"components": {"minecraft:custom_data": {"smithed": {"block": {"id": "stardust:quarry_lv2","from": "stardust"}}}}}}],"tooltip_display": {"hidden_components": ["minecraft:container"]}}},"click_event": {"action": "show_dialog","dialog": "stardust:manual/page_70"}},
				{"text": "$耩","hover_event": {"action": "show_item","id": "command_block","components": {"item_model": "stardust:compacted_stardust_shard","item_name": {"translate": "stardust.compacted_stardust_shard"},"lore": [["",{"text": "I","color": "white","italic": false,"font": "stardust:icons"},{"translate": "stardustfragment","italic": true,"color": "blue"}]],"custom_data": {"stardust": {"compacted_stardust_shard": true},"smithed": {"ignore": {"functionality": true,"crafting": true}}}}},"click_event": {"action": "show_dialog","dialog": "stardust:manual/page_16"}},
				"\"\"",
				{"text": "$$肗","hover_event": {"action": "show_item","id": "furnace","components": {"custom_data": {"energy": {"usage": 375,"max_storage": 100000},"stardust": {"quarry": {"block_per_second": 5},"quarry_lv3": true},"smithed": {"ignore": {"functionality": true,"crafting": true}}},"item_name": {"translate": "stardust.quarry_lv_3","italic": false},"lore": [{"translate": "stardust.speed_5_block_s","italic": false,"color": "gray"},{"translate": "stardust.power_usage_375_kw","italic": false,"color": "gray"},{"translate": "stardust.energy_buffer_100_mj","italic": false,"color": "gray"},["",{"text": "I","color": "white","italic": false,"font": "stardust:icons"},{"translate": "stardustfragment","italic": true,"color": "blue"}]],"item_model": "stardust:quarry_lv3","container": [{"slot": 0,"item": {"id": "minecraft:stone","count": 1,"components": {"minecraft:custom_data": {"smithed": {"block": {"id": "stardust:quarry_lv3","from": "stardust"}}}}}}],"tooltip_display": {"hidden_components": ["minecraft:container"]}}}},
				"#$\n\"",
				{"text": "U$","hover_event": {"action": "show_item","id": "command_block","components": {"item_model": "stardust:compacted_stardust_shard","item_name": {"translate": "stardust.compacted_stardust_shard"},"lore": [["",{"text": "I","color": "white","italic": false,"font": "stardust:icons"},{"translate": "stardustfragment","italic": true,"color": "blue"}]],"custom_data": {"stardust": {"compacted_stardust_shard": true},"smithed": {"ignore": {"functionality": true,"crafting": true}}}}},"click_event": {"action": "show_dialog","dialog": "stardust:manual/page_16"}},
				{"text": "U$","hover_event": {"action": "show_item","id": "furnace","components": {"custom_data": {"energy": {"usage": 250,"max_storage": 60000},"stardust": {"quarry": {"block_per_second": 3},"quarry_lv2": true},"smithed": {"ignore": {"functionality": true,"crafting": true}}},"item_name": {"translate": "stardust.quarry_lv_2","italic": false},"lore": [{"translate": "stardust.speed_3_block_s","italic": false,"color": "gray"},{"translate": "stardust.power_usage_250_kw","italic": false,"color": "gray"},{"translate": "stardust.energy_buffer_60_mj","italic": false,"color": "gray"},["",{"text": "I","color": "white","italic": false,"font": "stardust:icons"},{"translate": "stardustfragment","italic": true,"color": "blue"}]],"item_model": "stardust:quarry_lv2","container": [{"slot": 0,"item": {"id": "minecraft:stone","count": 1,"components": {"minecraft:custom_data": {"smithed": {"block": {"id": "stardust:quarry_lv2","from": "stardust"}}}}}}],"tooltip_display": {"hidden_components": ["minecraft:container"]}}},"click_event": {"action": "show_dialog","dialog": "stardust:manual/page_70"}},
				{"text": "U$","hover_event": {"action": "show_item","id": "command_block","components": {"item_model": "stardust:compacted_stardust_shard","item_name": {"translate": "stardust.compacted_stardust_shard"},"lore": [["",{"text": "I","color": "white","italic": false,"font": "stardust:icons"},{"translate": "stardustfragment","italic": true,"color": "blue"}]],"custom_data": {"stardust": {"compacted_stardust_shard": true},"smithed": {"ignore": {"functionality": true,"crafting": true}}}}},"click_event": {"action": "show_dialog","dialog": "stardust:manual/page_16"}},
				"\"\"",
				{"text": "U$","hover_event": {"action": "show_item","id": "furnace","components": {"custom_data": {"energy": {"usage": 375,"max_storage": 100000},"stardust": {"quarry": {"block_per_second": 5},"quarry_lv3": true},"smithed": {"ignore": {"functionality": true,"crafting": true}}},"item_name": {"translate": "stardust.quarry_lv_3","italic": false},"lore": [{"translate": "stardust.speed_5_block_s","italic": false,"color": "gray"},{"translate": "stardust.power_usage_375_kw","italic": false,"color": "gray"},{"translate": "stardust.energy_buffer_100_mj","italic": false,"color": "gray"},["",{"text": "I","color": "white","italic": false,"font": "stardust:icons"},{"translate": "stardustfragment","italic": true,"color": "blue"}]],"item_model": "stardust:quarry_lv3","container": [{"slot": 0,"item": {"id": "minecraft:stone","count": 1,"components": {"minecraft:custom_data": {"smithed": {"block": {"id": "stardust:quarry_lv3","from": "stardust"}}}}}}],"tooltip_display": {"hidden_components": ["minecraft:container"]}}}},
				"#$\n\"",
				{"text": "$聛","hover_event": {"action": "show_item","id": "furnace","components": {"lore": [{"translate": "stardust.equivalent_to_6561_cobblestones","color": "gray","italic": false},["",{"text": "I","color": "white","italic": false,"font": "stardust:icons"},{"translate": "stardustfragment","italic": true,"color": "blue"}]],"item_model": "stardust:quadruple_compressed_cobblestone","item_name": {"translate": "stardust.quadruple_compressed_cobblestone"},"custom_data": {"stardust": {"quadruple_compressed_cobblestone": true},"smithed": {"ignore": {"functionality": true,"crafting": true}}},"container": [{"slot": 0,"item": {"id": "minecraft:stone","count": 1,"components": {"minecraft:custom_data": {"smithed": {"block": {"id": "stardust:quadruple_compressed_cobblestone","from": "stardust"}}}}}}],"tooltip_display": {"hidden_components": ["minecraft:container"]}}},"click_event": {"action": "show_dialog","dialog": "stardust:manual/page_41"}},
				{"text": "$艶","hover_event": {"action": "show_item","id": "minecraft:respawn_anchor","components": {}}},
				{"text": "$聛","hover_event": {"action": "show_item","id": "furnace","components": {"lore": [{"translate": "stardust.equivalent_to_6561_cobblestones","color": "gray","italic": false},["",{"text": "I","color": "white","italic": false,"font": "stardust:icons"},{"translate": "stardustfragment","italic": true,"color": "blue"}]],"item_model": "stardust:quadruple_compressed_cobblestone","item_name": {"translate": "stardust.quadruple_compressed_cobblestone"},"custom_data": {"stardust": {"quadruple_compressed_cobblestone": true},"smithed": {"ignore": {"functionality": true,"crafting": true}}},"container": [{"slot": 0,"item": {"id": "minecraft:stone","count": 1,"components": {"minecraft:custom_data": {"smithed": {"block": {"id": "stardust:quadruple_compressed_cobblestone","from": "stardust"}}}}}}],"tooltip_display": {"hidden_components": ["minecraft:container"]}}},"click_event": {"action": "show_dialog","dialog": "stardust:manual/page_41"}},
				"  \n\"",
				{"text": "U$","hover_event": {"action": "show_item","id": "furnace","components": {"lore": [{"translate": "stardust.equivalent_to_6561_cobblestones","color": "gray","italic": false},["",{"text": "I","color": "white","italic": false,"font": "stardust:icons"},{"translate": "stardustfragment","italic": true,"color": "blue"}]],"item_model": "stardust:quadruple_compressed_cobblestone","item_name": {"translate": "stardust.quadruple_compressed_cobblestone"},"custom_data": {"stardust": {"quadruple_compressed_cobblestone": true},"smithed": {"ignore": {"functionality": true,"crafting": true}}},"container": [{"slot": 0,"item": {"id": "minecraft:stone","count": 1,"components": {"minecraft:custom_data": {"smithed": {"block": {"id": "stardust:quadruple_compressed_cobblestone","from": "stardust"}}}}}}],"tooltip_display": {"hidden_components": ["minecraft:container"]}}},"click_event": {"action": "show_dialog","dialog": "stardust:manual/page_41"}},
				{"text": "U$","hover_event": {"action": "show_item","id": "minecraft:respawn_anchor","components": {}}},
				{"text": "U$","hover_event": {"action": "show_item","id": "furnace","components": {"lore": [{"translate": "stardust.equivalent_to_6561_cobblestones","color": "gray","italic": false},["",{"text": "I","color": "white","italic": false,"font": "stardust:icons"},{"translate": "stardustfragment","italic": true,"color": "blue"}]],"item_model": "stardust:quadruple_compressed_cobblestone","item_name": {"translate": "stardust.quadruple_compressed_cobblestone"},"custom_data": {"stardust": {"quadruple_compressed_cobblestone": true},"smithed": {"ignore": {"functionality": true,"crafting": true}}},"container": [{"slot": 0,"item": {"id": "minecraft:stone","count": 1,"components": {"minecraft:custom_data": {"smithed": {"block": {"id": "stardust:quadruple_compressed_cobblestone","from": "stardust"}}}}}}],"tooltip_display": {"hidden_components": ["minecraft:container"]}}},"click_event": {"action": "show_dialog","dialog": "stardust:manual/page_41"}},
				"  \n\n",
				{"text": "1##","hover_event": {"action": "show_text","value": [{"translate": "stardust.level_3_quarry_for_automated_mining","color": "yellow"},{"translate": "stardust.mines_5_blocks_per_second","color": "gray"},{"translate": "stardust.consumes_375_kw_of_power","color": "gray"},{"text": "\nEnergy buffer: 100 MJ","color": "gray"},{"translate": "stardust.only_mines_blocks_in_a_configured_area","color": "gray"}]}},
				{"text": "2##","hover_event": {"action": "show_text","value": [{"text": ""},[{"text": "","font": "stardust:manual","color": "white"},"\"F\n","\"",{"text": "$聍"},{"text": "$聍"},{"text": "$聍"},"\n","\"",{"text": "U$"},{"text": "U$"},{"text": "U$"},"\n","\"",{"text": "$耩"},{"text": "$肕"},{"text": "$耩"},"\"\"",{"text": "$$肗"},"\n","\"",{"text": "U$"},{"text": "U$"},{"text": "U$"},"\"\"",{"text": "U$"},"\n","\"",{"text": "$聛"},{"text": "$艶"},{"text": "$聛"},"\n","\"",{"text": "U$"},{"text": "U$"},{"text": "U$"},"\n"],{"text": "\n- x3 ","color": "gray"},{"translate": "stardust.dragon_pearl","color": "gray"},{"text": "\n- x2 ","color": "gray"},{"translate": "stardust.compacted_stardust_shard","color": "gray"},{"text": "\n- x1 ","color": "gray"},{"translate": "stardust.quarry_lv_2","color": "gray"},{"text": "\n- x2 ","color": "gray"},{"translate": "stardust.quadruple_compressed_cobblestone","color": "gray"},{"text": "\n- x1 ","color": "gray"},{"translate": "stardust.respawn_anchor","color": "gray"}]}},
				{"text": "豗\n","hover_event": {"action": "show_text","value": [{"text": ""},[{"text": "","font": "stardust:manual","color": "white"},"\"F\n","\"",{"text": "$聏"},{"text": "$聏"},{"text": "$聏"},"\n","\"",{"text": "U$"},{"text": "U$"},{"text": "U$"},"\n","\"",{"text": "$蜸"},{"text": "$肗"},{"text": "$蜸"},"\"\"",{"text": "$$肙"},"\n","\"",{"text": "U$"},{"text": "U$"},{"text": "U$"},"\"\"",{"text": "U$"},"\n","\"",{"text": "$聝"},{"text": "$聝"},{"text": "$聝"},"\n","\"",{"text": "U$"},{"text": "U$"},{"text": "U$"},"\n"],{"text": "\n- x3 ","color": "gray"},{"translate": "stardust.ender_dragon_pearl","color": "gray"},{"text": "\n- x2 ","color": "gray"},{"translate": "stardust.netherite_ingot","color": "gray"},{"text": "\n- x1 ","color": "gray"},{"translate": "stardust.quarry_lv_3","color": "gray"},{"text": "\n- x3 ","color": "gray"},{"translate": "stardust.quintuple_compressed_cobblestone","color": "gray"}]},"click_event": {"action": "show_dialog","dialog": "stardust:manual/page_72"}},
				{"text": "0##","hover_event": {"action": "show_text","value": [{"translate": "stardust.level_3_quarry_for_automated_mining","color": "yellow"},{"translate": "stardust.mines_5_blocks_per_second","color": "gray"},{"translate": "stardust.consumes_375_kw_of_power","color": "gray"},{"text": "\nEnergy buffer: 100 MJ","color": "gray"},{"translate": "stardust.only_mines_blocks_in_a_configured_area","color": "gray"}]}},
				{"text": "0##","hover_event": {"action": "show_text","value": [{"text": ""},[{"text": "","font": "stardust:manual","color": "white"},"\"F\n","\"",{"text": "$聍"},{"text": "$聍"},{"text": "$聍"},"\n","\"",{"text": "U$"},{"text": "U$"},{"text": "U$"},"\n","\"",{"text": "$耩"},{"text": "$肕"},{"text": "$耩"},"\"\"",{"text": "$$肗"},"\n","\"",{"text": "U$"},{"text": "U$"},{"text": "U$"},"\"\"",{"text": "U$"},"\n","\"",{"text": "$聛"},{"text": "$艶"},{"text": "$聛"},"\n","\"",{"text": "U$"},{"text": "U$"},{"text": "U$"},"\n"],{"text": "\n- x3 ","color": "gray"},{"translate": "stardust.dragon_pearl","color": "gray"},{"text": "\n- x2 ","color": "gray"},{"translate": "stardust.compacted_stardust_shard","color": "gray"},{"text": "\n- x1 ","color": "gray"},{"translate": "stardust.quarry_lv_2","color": "gray"},{"text": "\n- x2 ","color": "gray"},{"translate": "stardust.quadruple_compressed_cobblestone","color": "gray"},{"text": "\n- x1 ","color": "gray"},{"translate": "stardust.respawn_anchor","color": "gray"}]}},
				{"text": "0","hover_event": {"action": "show_text","value": [{"text": ""},[{"text": "","font": "stardust:manual","color": "white"},"\"F\n","\"",{"text": "$聏"},{"text": "$聏"},{"text": "$聏"},"\n","\"",{"text": "U$"},{"text": "U$"},{"text": "U$"},"\n","\"",{"text": "$蜸"},{"text": "$肗"},{"text": "$蜸"},"\"\"",{"text": "$$肙"},"\n","\"",{"text": "U$"},{"text": "U$"},{"text": "U$"},"\"\"",{"text": "U$"},"\n","\"",{"text": "$聝"},{"text": "$聝"},{"text": "$聝"},"\n","\"",{"text": "U$"},{"text": "U$"},{"text": "U$"},"\n"],{"text": "\n- x3 ","color": "gray"},{"translate": "stardust.ender_dragon_pearl","color": "gray"},{"text": "\n- x2 ","color": "gray"},{"translate": "stardust.netherite_ingot","color": "gray"},{"text": "\n- x1 ","color": "gray"},{"translate": "stardust.quarry_lv_3","color": "gray"},{"text": "\n- x3 ","color": "gray"},{"translate": "stardust.quintuple_compressed_cobblestone","color": "gray"}]},"click_event": {"action": "show_dialog","dialog": "stardust:manual/page_72"}},
				"\n\n\n\n\n\n\n\n\n\n\n\n\n\n\n\n"
			],
			"width": 140
		}
	]
}
