{
	"type": "minecraft:notice",
	"title": [
		{
			"sprite": "stardust:item/ender_dragon_pearl",
			"shadow_color": [
				0,
				0,
				0,
				0
			],
			"atlas": "minecraft:items"
		},
		" ",
		{
			"translate": "stardust.ender_dragon_pearl",
			"underlined": true
		},
		" ",
		{
			"sprite": "stardust:item/ender_dragon_pearl",
			"shadow_color": [
				0,
				0,
				0,
				0
			],
			"atlas": "minecraft:items"
		}
	],
	"body": [
		{
			"type": "minecraft:plain_message",
			"contents": [
				{"text": "V   ","font": "stardust:manual","color": "white"},
				{"text": "\n   ","click_event": {"action": "show_dialog","dialog": "stardust:manual/page_34"},"hover_event": {"action": "show_text","value": [{"translate": "stardust.go_to_previous_page"}," (34)"]}},
				" ",
				{"text": "   ","click_event": {"action": "show_dialog","dialog": "stardust:manual/page_36"},"hover_event": {"action": "show_text","value": [{"translate": "stardust.go_to_next_page"}," (36)"]}},
				{"text": "\n   ","click_event": {"action": "show_dialog","dialog": "stardust:manual/page_34"},"hover_event": {"action": "show_text","value": [{"translate": "stardust.go_to_previous_page"}," (34)"]}},
				" ",
				{"text": "   ","click_event": {"action": "show_dialog","dialog": "stardust:manual/page_36"},"hover_event": {"action": "show_text","value": [{"translate": "stardust.go_to_next_page"}," (36)"]}}
			],
			"width": 400
		},
		{
			"type": "minecraft:plain_message",
			"contents": [
				{"text": "","font": "stardust:manual","color": "white","shadow_color": [0,0,0,0]},
				"\"$6\n\"",
				{"text": "$蜿$蜿$蜿","hover_event": {"action": "show_item","id": "minecraft:ender_pearl","components": {}}},
				"  \n\"",
				{"translate": "stardust.uuu","hover_event": {"action": "show_item","id": "minecraft:ender_pearl","components": {}}},
				"  \n\"",
				{"text": "$蜿","hover_event": {"action": "show_item","id": "minecraft:ender_pearl","components": {}}},
				{"text": "$聍","hover_event": {"action": "show_item","id": "ender_pearl","components": {"item_name": {"translate": "stardust.dragon_pearl","italic": false,"color": "dark_purple"},"use_cooldown": {"seconds": 0.5},"item_model": "stardust:dragon_pearl","lore": [["",{"text": "I","color": "white","italic": false,"font": "stardust:icons"},{"translate": "stardustfragment","italic": true,"color": "blue"}]],"custom_data": {"stardust": {"dragon_pearl": true},"smithed": {"ignore": {"functionality": true,"crafting": true}}}}},"click_event": {"action": "show_dialog","dialog": "stardust:manual/page_34"}},
				{"text": "$蜿","hover_event": {"action": "show_item","id": "minecraft:ender_pearl","components": {}}},
				"\"\"",
				{"text": "$$聏","hover_event": {"action": "show_item","id": "ender_pearl","components": {"item_name": [{"translate": "stardust.ender","italic": false,"color": "dark_aqua"},{"translate": "stardust.dragon_pearl","italic": false,"color": "dark_purple"}],"use_cooldown": {"seconds": 0.25},"item_model": "stardust:ender_dragon_pearl","lore": [["",{"text": "I","color": "white","italic": false,"font": "stardust:icons"},{"translate": "stardustfragment","italic": true,"color": "blue"}]],"custom_data": {"stardust": {"ender_dragon_pearl": true},"smithed": {"ignore": {"functionality": true,"crafting": true}}}}}},
				"#$\n\"",
				{"text": "U$","hover_event": {"action": "show_item","id": "minecraft:ender_pearl","components": {}}},
				{"text": "U$","hover_event": {"action": "show_item","id": "ender_pearl","components": {"item_name": {"translate": "stardust.dragon_pearl","italic": false,"color": "dark_purple"},"use_cooldown": {"seconds": 0.5},"item_model": "stardust:dragon_pearl","lore": [["",{"text": "I","color": "white","italic": false,"font": "stardust:icons"},{"translate": "stardustfragment","italic": true,"color": "blue"}]],"custom_data": {"stardust": {"dragon_pearl": true},"smithed": {"ignore": {"functionality": true,"crafting": true}}}}},"click_event": {"action": "show_dialog","dialog": "stardust:manual/page_34"}},
				{"text": "U$","hover_event": {"action": "show_item","id": "minecraft:ender_pearl","components": {}}},
				"\"\"",
				{"text": "U$","hover_event": {"action": "show_item","id": "ender_pearl","components": {"item_name": [{"translate": "stardust.ender","italic": false,"color": "dark_aqua"},{"translate": "stardust.dragon_pearl","italic": false,"color": "dark_purple"}],"use_cooldown": {"seconds": 0.25},"item_model": "stardust:ender_dragon_pearl","lore": [["",{"text": "I","color": "white","italic": false,"font": "stardust:icons"},{"translate": "stardustfragment","italic": true,"color": "blue"}]],"custom_data": {"stardust": {"ender_dragon_pearl": true},"smithed": {"ignore": {"functionality": true,"crafting": true}}}}}},
				"#$\n\"",
				{"text": "$蜿$蜿$蜿","hover_event": {"action": "show_item","id": "minecraft:ender_pearl","components": {}}},
				"  \n\"",
				{"translate": "stardust.uuu","hover_event": {"action": "show_item","id": "minecraft:ender_pearl","components": {}}},
				"  \n\n",
				{"text": "1##","hover_event": {"action": "show_text","value": [{"translate": "stardust.upgraded_dragon_pearl_variant","color": "yellow"},{"translate": "stardust.throws_x2_farther_than_regular_ender_pearls","color": "gray"},{"translate": "stardust.cooldown_is_0_25_seconds_instead_of_1_second","color": "gray"},{"translate": "stardust.used_in_high_tier_crafting","color": "gray"}]}},
				{"text": "2##","hover_event": {"action": "show_text","value": [{"text": ""},[{"text": "","font": "stardust:manual","color": "white"},"\"F\n","\"",{"text": "$蜿"},{"text": "$蜿"},{"text": "$蜿"},"\n","\"",{"text": "U$"},{"text": "U$"},{"text": "U$"},"\n","\"",{"text": "$蜿"},{"text": "$聍"},{"text": "$蜿"},"\"\"",{"text": "$$聏"},"\n","\"",{"text": "U$"},{"text": "U$"},{"text": "U$"},"\"\"",{"text": "U$"},"\n","\"",{"text": "$蜿"},{"text": "$蜿"},{"text": "$蜿"},"\n","\"",{"text": "U$"},{"text": "U$"},{"text": "U$"},"\n"],{"text": "\n- x1 ","color": "gray"},{"translate": "stardust.dragon_pearl","color": "gray"},{"text": "\n- x8 ","color": "gray"},{"translate": "stardust.ender_pearl","color": "gray"}]}},
				{"text": "蝳##","hover_event": {"action": "show_text","value": [{"text": ""},[{"text": "","font": "stardust:manual","color": "white"},"\"I\n","\n\n","\"",{"text": "$聏"},"\"\"\"\"#U$",{"text": "$$聍"},"\n","\"",{"text": "U$"},"\"\"\"\"#U$",{"text": "U$"},"\n","\n"],{"translate": "stardust.simplenergy_pulverizing","color": "yellow"},{"text": "\n- x1 ","color": "gray"},{"translate": "stardust.ender_dragon_pearl","color": "gray"}]},"click_event": {"action": "show_dialog","dialog": "stardust:manual/page_34"}},
				{"text": "蝹##","hover_event": {"action": "show_text","value": [{"text": ""},[{"text": "","font": "stardust:manual","color": "white"},"\"F\n","\"",{"text": "$聏"},{"text": "$聏"},{"text": "$聏"},"\n","\"",{"text": "U$"},{"text": "U$"},{"text": "U$"},"\n","\"",{"text": "$蝶"},{"text": "$肗"},{"text": "$蝶"},"\"\"",{"text": "$$肙"},"\n","\"",{"text": "U$"},{"text": "U$"},{"text": "U$"},"\"\"",{"text": "U$"},"\n","\"",{"text": "$聝"},{"text": "$聝"},{"text": "$聝"},"\n","\"",{"text": "U$"},{"text": "U$"},{"text": "U$"},"\n"],{"text": "\n- x3 ","color": "gray"},{"translate": "stardust.ender_dragon_pearl","color": "gray"},{"text": "\n- x2 ","color": "gray"},{"translate": "stardust.netherite_ingot","color": "gray"},{"text": "\n- x1 ","color": "gray"},{"translate": "stardust.quarry_lv_3","color": "gray"},{"text": "\n- x3 ","color": "gray"},{"translate": "stardust.quintuple_compressed_cobblestone","color": "gray"}]},"click_event": {"action": "show_dialog","dialog": "stardust:manual/page_72"}},
				{"text": "蝿##","hover_event": {"action": "show_text","value": [{"text": ""},[{"text": "","font": "stardust:manual","color": "white"},"\"F\n","\"",{"text": "$耷"},{"text": "$耷"},{"text": "$耷"},"\n","\"",{"text": "U$"},{"text": "U$"},{"text": "U$"},"\n","\"",{"text": "$聏"},{"text": "$莡"},{"text": "$聏"},"\"\"",{"text": "$$肫"},"\n","\"",{"text": "U$"},{"text": "U$"},{"text": "U$"},"\"\"",{"text": "U$"},"\n","\"",{"text": "$聧"},{"text": "$聧"},{"text": "$聧"},"\n","\"",{"text": "U$"},{"text": "U$"},{"text": "U$"},"\n"],{"text": "\n- x3 ","color": "gray"},{"translate": "stardust.awakened_stardust_block","color": "gray"},{"text": "\n- x2 ","color": "gray"},{"translate": "stardust.ender_dragon_pearl","color": "gray"},{"text": "\n- x1 ","color": "gray"},{"translate": "stardust.wither_skeleton_skull","color": "gray"},{"text": "\n- x3 ","color": "gray"},{"translate": "stardust.awakened_stardust_frame","color": "gray"}]},"click_event": {"action": "show_dialog","dialog": "stardust:manual/page_81"}},
				{"text": "螅\n","hover_event": {"action": "show_text","value": [{"text": ""},[{"text": "","font": "stardust:manual","color": "white"},"\"F\n","\"",{"text": "$聧"},{"text": "$聧"},{"text": "$聧"},"\n","\"",{"text": "U$"},{"text": "U$"},{"text": "U$"},"\n","\"",{"text": "$聏"},{"text": "$肱"},{"text": "$聏"},"\"\"",{"text": "$$肳"},"\n","\"",{"text": "U$"},{"text": "U$"},{"text": "U$"},"\"\"",{"text": "U$"},"\n","\"",{"text": "$耷"},{"text": "$耷"},{"text": "$耷"},"\n","\"",{"text": "U$"},{"text": "U$"},{"text": "U$"},"\n"],{"text": "\n- x3 ","color": "gray"},{"translate": "stardust.awakened_stardust_frame","color": "gray"},{"text": "\n- x2 ","color": "gray"},{"translate": "stardust.ender_dragon_pearl","color": "gray"},{"text": "\n- x1 ","color": "gray"},{"translate": "stardust_furnace_generator","color": "gray"},{"text": "\n- x3 ","color": "gray"},{"translate": "stardust.awakened_stardust_block","color": "gray"}]},"click_event": {"action": "show_dialog","dialog": "stardust:manual/page_85"}},
				{"text": "0##","hover_event": {"action": "show_text","value": [{"translate": "stardust.upgraded_dragon_pearl_variant","color": "yellow"},{"translate": "stardust.throws_x2_farther_than_regular_ender_pearls","color": "gray"},{"translate": "stardust.cooldown_is_0_25_seconds_instead_of_1_second","color": "gray"},{"translate": "stardust.used_in_high_tier_crafting","color": "gray"}]}},
				{"text": "0##","hover_event": {"action": "show_text","value": [{"text": ""},[{"text": "","font": "stardust:manual","color": "white"},"\"F\n","\"",{"text": "$蜿"},{"text": "$蜿"},{"text": "$蜿"},"\n","\"",{"text": "U$"},{"text": "U$"},{"text": "U$"},"\n","\"",{"text": "$蜿"},{"text": "$聍"},{"text": "$蜿"},"\"\"",{"text": "$$聏"},"\n","\"",{"text": "U$"},{"text": "U$"},{"text": "U$"},"\"\"",{"text": "U$"},"\n","\"",{"text": "$蜿"},{"text": "$蜿"},{"text": "$蜿"},"\n","\"",{"text": "U$"},{"text": "U$"},{"text": "U$"},"\n"],{"text": "\n- x1 ","color": "gray"},{"translate": "stardust.dragon_pearl","color": "gray"},{"text": "\n- x8 ","color": "gray"},{"translate": "stardust.ender_pearl","color": "gray"}]}},
				{"text": "0##","hover_event": {"action": "show_text","value": [{"text": ""},[{"text": "","font": "stardust:manual","color": "white"},"\"I\n","\n\n","\"",{"text": "$聏"},"\"\"\"\"#U$",{"text": "$$聍"},"\n","\"",{"text": "U$"},"\"\"\"\"#U$",{"text": "U$"},"\n","\n"],{"translate": "stardust.simplenergy_pulverizing","color": "yellow"},{"text": "\n- x1 ","color": "gray"},{"translate": "stardust.ender_dragon_pearl","color": "gray"}]},"click_event": {"action": "show_dialog","dialog": "stardust:manual/page_34"}},
				{"text": "0##","hover_event": {"action": "show_text","value": [{"text": ""},[{"text": "","font": "stardust:manual","color": "white"},"\"F\n","\"",{"text": "$聏"},{"text": "$聏"},{"text": "$聏"},"\n","\"",{"text": "U$"},{"text": "U$"},{"text": "U$"},"\n","\"",{"text": "$蝶"},{"text": "$肗"},{"text": "$蝶"},"\"\"",{"text": "$$肙"},"\n","\"",{"text": "U$"},{"text": "U$"},{"text": "U$"},"\"\"",{"text": "U$"},"\n","\"",{"text": "$聝"},{"text": "$聝"},{"text": "$聝"},"\n","\"",{"text": "U$"},{"text": "U$"},{"text": "U$"},"\n"],{"text": "\n- x3 ","color": "gray"},{"translate": "stardust.ender_dragon_pearl","color": "gray"},{"text": "\n- x2 ","color": "gray"},{"translate": "stardust.netherite_ingot","color": "gray"},{"text": "\n- x1 ","color": "gray"},{"translate": "stardust.quarry_lv_3","color": "gray"},{"text": "\n- x3 ","color": "gray"},{"translate": "stardust.quintuple_compressed_cobblestone","color": "gray"}]},"click_event": {"action": "show_dialog","dialog": "stardust:manual/page_72"}},
				{"text": "0##","hover_event": {"action": "show_text","value": [{"text": ""},[{"text": "","font": "stardust:manual","color": "white"},"\"F\n","\"",{"text": "$耷"},{"text": "$耷"},{"text": "$耷"},"\n","\"",{"text": "U$"},{"text": "U$"},{"text": "U$"},"\n","\"",{"text": "$聏"},{"text": "$莡"},{"text": "$聏"},"\"\"",{"text": "$$肫"},"\n","\"",{"text": "U$"},{"text": "U$"},{"text": "U$"},"\"\"",{"text": "U$"},"\n","\"",{"text": "$聧"},{"text": "$聧"},{"text": "$聧"},"\n","\"",{"text": "U$"},{"text": "U$"},{"text": "U$"},"\n"],{"text": "\n- x3 ","color": "gray"},{"translate": "stardust.awakened_stardust_block","color": "gray"},{"text": "\n- x2 ","color": "gray"},{"translate": "stardust.ender_dragon_pearl","color": "gray"},{"text": "\n- x1 ","color": "gray"},{"translate": "stardust.wither_skeleton_skull","color": "gray"},{"text": "\n- x3 ","color": "gray"},{"translate": "stardust.awakened_stardust_frame","color": "gray"}]},"click_event": {"action": "show_dialog","dialog": "stardust:manual/page_81"}},
				{"text": "0\n","hover_event": {"action": "show_text","value": [{"text": ""},[{"text": "","font": "stardust:manual","color": "white"},"\"F\n","\"",{"text": "$聧"},{"text": "$聧"},{"text": "$聧"},"\n","\"",{"text": "U$"},{"text": "U$"},{"text": "U$"},"\n","\"",{"text": "$聏"},{"text": "$肱"},{"text": "$聏"},"\"\"",{"text": "$$肳"},"\n","\"",{"text": "U$"},{"text": "U$"},{"text": "U$"},"\"\"",{"text": "U$"},"\n","\"",{"text": "$耷"},{"text": "$耷"},{"text": "$耷"},"\n","\"",{"text": "U$"},{"text": "U$"},{"text": "U$"},"\n"],{"text": "\n- x3 ","color": "gray"},{"translate": "stardust.awakened_stardust_frame","color": "gray"},{"text": "\n- x2 ","color": "gray"},{"translate": "stardust.ender_dragon_pearl","color": "gray"},{"text": "\n- x1 ","color": "gray"},{"translate": "stardust_furnace_generator","color": "gray"},{"text": "\n- x3 ","color": "gray"},{"translate": "stardust.awakened_stardust_block","color": "gray"}]},"click_event": {"action": "show_dialog","dialog": "stardust:manual/page_85"}},
				{"text": "螏##","hover_event": {"action": "show_text","value": [{"text": ""},[{"text": "","font": "stardust:manual","color": "white"},"\"Q\n","\n","\"",{"text": "$胃"},{"text": "$莬"},{"text": "$莭"},"\n","\"",{"text": "U$"},{"text": "U$"},{"text": "U$"},"\n","\"",{"text": "$莮"},{"text": "$莯"},{"text": "$莰"},"\"\"",{"text": "$$胑"},"\n","\"",{"text": "U$"},{"text": "U$"},{"text": "U$"},"\"\"",{"text": "U$"},"\n","\"",{"text": "$莱"},{"text": "$聟"},"\n","\"",{"text": "U$"},{"text": "U$"},"\n"],{"translate": "stardust_fragment_awakened_forge","color": "yellow"},{"text": "\n- x1 ","color": "gray"},{"translate": "stardust.original_stardust_helmet","color": "gray"},{"text": "\n- x4 ","color": "gray"},{"translate": "stardust.legendarium_block","color": "gray"},{"translate": "stardust.x64","color": "gray"},{"translate": "stardust.wind_charge","color": "gray"},{"translate": "stardust.x96","color": "gray"},{"translate": "stardust.feather","color": "gray"},{"text": "\n- x6 ","color": "gray"},{"translate": "stardust.ender_dragon_pearl","color": "gray"},{"text": "\n- x8 ","color": "gray"},{"translate": "stardust.awakened_stardust_block","color": "gray"},{"translate": "stardust.x12","color": "gray"},{"translate": "stardust.legendarium_ingot","color": "gray"},{"text": "\n- x1 ","color": "gray"},{"translate": "stardust.sextuple_compressed_cobblestone","color": "gray"}]},"click_event": {"action": "show_dialog","dialog": "stardust:manual/page_100"}},
				{"text": "螙##","hover_event": {"action": "show_text","value": [{"text": ""},[{"text": "","font": "stardust:manual","color": "white"},"\"Q\n","\n","\"",{"text": "$胅"},{"text": "$莬"},{"text": "$莭"},"\n","\"",{"text": "U$"},{"text": "U$"},{"text": "U$"},"\n","\"",{"text": "$莮"},{"text": "$莯"},{"text": "$莰"},"\"\"",{"text": "$$胓"},"\n","\"",{"text": "U$"},{"text": "U$"},{"text": "U$"},"\"\"",{"text": "U$"},"\n","\"",{"text": "$莱"},{"text": "$聟"},"\n","\"",{"text": "U$"},{"text": "U$"},"\n"],{"translate": "stardust_fragment_awakened_forge","color": "yellow"},{"text": "\n- x1 ","color": "gray"},{"translate": "stardust.original_stardust_chestplate","color": "gray"},{"text": "\n- x4 ","color": "gray"},{"translate": "stardust.legendarium_block","color": "gray"},{"translate": "stardust.x64","color": "gray"},{"translate": "stardust.wind_charge","color": "gray"},{"translate": "stardust.x96","color": "gray"},{"translate": "stardust.feather","color": "gray"},{"text": "\n- x6 ","color": "gray"},{"translate": "stardust.ender_dragon_pearl","color": "gray"},{"text": "\n- x8 ","color": "gray"},{"translate": "stardust.awakened_stardust_block","color": "gray"},{"translate": "stardust.x12","color": "gray"},{"translate": "stardust.legendarium_ingot","color": "gray"},{"text": "\n- x1 ","color": "gray"},{"translate": "stardust.sextuple_compressed_cobblestone","color": "gray"}]},"click_event": {"action": "show_dialog","dialog": "stardust:manual/page_101"}},
				{"text": "螣##","hover_event": {"action": "show_text","value": [{"text": ""},[{"text": "","font": "stardust:manual","color": "white"},"\"Q\n","\n","\"",{"text": "$胇"},{"text": "$莬"},{"text": "$莭"},"\n","\"",{"text": "U$"},{"text": "U$"},{"text": "U$"},"\n","\"",{"text": "$莮"},{"text": "$莯"},{"text": "$莰"},"\"\"",{"text": "$$胕"},"\n","\"",{"text": "U$"},{"text": "U$"},{"text": "U$"},"\"\"",{"text": "U$"},"\n","\"",{"text": "$莱"},{"text": "$聟"},"\n","\"",{"text": "U$"},{"text": "U$"},"\n"],{"translate": "stardust_fragment_awakened_forge","color": "yellow"},{"text": "\n- x1 ","color": "gray"},{"translate": "stardust.original_stardust_leggings","color": "gray"},{"text": "\n- x4 ","color": "gray"},{"translate": "stardust.legendarium_block","color": "gray"},{"translate": "stardust.x64","color": "gray"},{"translate": "stardust.wind_charge","color": "gray"},{"translate": "stardust.x96","color": "gray"},{"translate": "stardust.feather","color": "gray"},{"text": "\n- x6 ","color": "gray"},{"translate": "stardust.ender_dragon_pearl","color": "gray"},{"text": "\n- x8 ","color": "gray"},{"translate": "stardust.awakened_stardust_block","color": "gray"},{"translate": "stardust.x12","color": "gray"},{"translate": "stardust.legendarium_ingot","color": "gray"},{"text": "\n- x1 ","color": "gray"},{"translate": "stardust.sextuple_compressed_cobblestone","color": "gray"}]},"click_event": {"action": "show_dialog","dialog": "stardust:manual/page_102"}},
				{"text": "螭##","hover_event": {"action": "show_text","value": [{"text": ""},[{"text": "","font": "stardust:manual","color": "white"},"\"Q\n","\n","\"",{"text": "$胉"},{"text": "$莬"},{"text": "$莭"},"\n","\"",{"text": "U$"},{"text": "U$"},{"text": "U$"},"\n","\"",{"text": "$莮"},{"text": "$莯"},{"text": "$莰"},"\"\"",{"text": "$$胗"},"\n","\"",{"text": "U$"},{"text": "U$"},{"text": "U$"},"\"\"",{"text": "U$"},"\n","\"",{"text": "$莱"},{"text": "$聟"},"\n","\"",{"text": "U$"},{"text": "U$"},"\n"],{"translate": "stardust_fragment_awakened_forge","color": "yellow"},{"text": "\n- x1 ","color": "gray"},{"translate": "stardust.original_stardust_boots","color": "gray"},{"text": "\n- x4 ","color": "gray"},{"translate": "stardust.legendarium_block","color": "gray"},{"translate": "stardust.x64","color": "gray"},{"translate": "stardust.wind_charge","color": "gray"},{"translate": "stardust.x96","color": "gray"},{"translate": "stardust.feather","color": "gray"},{"text": "\n- x6 ","color": "gray"},{"translate": "stardust.ender_dragon_pearl","color": "gray"},{"text": "\n- x8 ","color": "gray"},{"translate": "stardust.awakened_stardust_block","color": "gray"},{"translate": "stardust.x12","color": "gray"},{"translate": "stardust.legendarium_ingot","color": "gray"},{"text": "\n- x1 ","color": "gray"},{"translate": "stardust.sextuple_compressed_cobblestone","color": "gray"}]},"click_event": {"action": "show_dialog","dialog": "stardust:manual/page_103"}},
				{"text": "螷##","hover_event": {"action": "show_text","value": [{"text": ""},[{"text": "","font": "stardust:manual","color": "white"},"\"Q\n","\n","\"",{"text": "$胋"},{"text": "$莬"},{"text": "$莭"},"\n","\"",{"text": "U$"},{"text": "U$"},{"text": "U$"},"\n","\"",{"text": "$莮"},{"text": "$莯"},{"text": "$莰"},"\"\"",{"text": "$$胙"},"\n","\"",{"text": "U$"},{"text": "U$"},{"text": "U$"},"\"\"",{"text": "U$"},"\n","\"",{"text": "$莱"},{"text": "$聟"},"\n","\"",{"text": "U$"},{"text": "U$"},"\n"],{"translate": "stardust_fragment_awakened_forge","color": "yellow"},{"text": "\n- x1 ","color": "gray"},{"translate": "stardust.original_stardust_sword","color": "gray"},{"text": "\n- x4 ","color": "gray"},{"translate": "stardust.legendarium_block","color": "gray"},{"translate": "stardust.x64","color": "gray"},{"translate": "stardust.wind_charge","color": "gray"},{"translate": "stardust.x96","color": "gray"},{"translate": "stardust.feather","color": "gray"},{"text": "\n- x6 ","color": "gray"},{"translate": "stardust.ender_dragon_pearl","color": "gray"},{"text": "\n- x8 ","color": "gray"},{"translate": "stardust.awakened_stardust_block","color": "gray"},{"translate": "stardust.x12","color": "gray"},{"translate": "stardust.legendarium_ingot","color": "gray"},{"text": "\n- x1 ","color": "gray"},{"translate": "stardust.sextuple_compressed_cobblestone","color": "gray"}]},"click_event": {"action": "show_dialog","dialog": "stardust:manual/page_104"}},
				{"text": "蟁\n","hover_event": {"action": "show_text","value": [{"text": ""},[{"text": "","font": "stardust:manual","color": "white"},"\"Q\n","\n","\"",{"text": "$胍"},{"text": "$莬"},{"text": "$莭"},"\n","\"",{"text": "U$"},{"text": "U$"},{"text": "U$"},"\n","\"",{"text": "$莮"},{"text": "$莯"},{"text": "$莰"},"\"\"",{"text": "$$胛"},"\n","\"",{"text": "U$"},{"text": "U$"},{"text": "U$"},"\"\"",{"text": "U$"},"\n","\"",{"text": "$莱"},{"text": "$聟"},"\n","\"",{"text": "U$"},{"text": "U$"},"\n"],{"translate": "stardust_fragment_awakened_forge","color": "yellow"},{"text": "\n- x1 ","color": "gray"},{"translate": "stardust.original_stardust_pickaxe","color": "gray"},{"text": "\n- x4 ","color": "gray"},{"translate": "stardust.legendarium_block","color": "gray"},{"translate": "stardust.x64","color": "gray"},{"translate": "stardust.wind_charge","color": "gray"},{"translate": "stardust.x96","color": "gray"},{"translate": "stardust.feather","color": "gray"},{"text": "\n- x6 ","color": "gray"},{"translate": "stardust.ender_dragon_pearl","color": "gray"},{"text": "\n- x8 ","color": "gray"},{"translate": "stardust.awakened_stardust_block","color": "gray"},{"translate": "stardust.x12","color": "gray"},{"translate": "stardust.legendarium_ingot","color": "gray"},{"text": "\n- x1 ","color": "gray"},{"translate": "stardust.sextuple_compressed_cobblestone","color": "gray"}]},"click_event": {"action": "show_dialog","dialog": "stardust:manual/page_105"}},
				{"text": "0##","hover_event": {"action": "show_text","value": [{"text": ""},[{"text": "","font": "stardust:manual","color": "white"},"\"Q\n","\n","\"",{"text": "$胃"},{"text": "$莬"},{"text": "$莭"},"\n","\"",{"text": "U$"},{"text": "U$"},{"text": "U$"},"\n","\"",{"text": "$莮"},{"text": "$莯"},{"text": "$莰"},"\"\"",{"text": "$$胑"},"\n","\"",{"text": "U$"},{"text": "U$"},{"text": "U$"},"\"\"",{"text": "U$"},"\n","\"",{"text": "$莱"},{"text": "$聟"},"\n","\"",{"text": "U$"},{"text": "U$"},"\n"],{"translate": "stardust_fragment_awakened_forge","color": "yellow"},{"text": "\n- x1 ","color": "gray"},{"translate": "stardust.original_stardust_helmet","color": "gray"},{"text": "\n- x4 ","color": "gray"},{"translate": "stardust.legendarium_block","color": "gray"},{"translate": "stardust.x64","color": "gray"},{"translate": "stardust.wind_charge","color": "gray"},{"translate": "stardust.x96","color": "gray"},{"translate": "stardust.feather","color": "gray"},{"text": "\n- x6 ","color": "gray"},{"translate": "stardust.ender_dragon_pearl","color": "gray"},{"text": "\n- x8 ","color": "gray"},{"translate": "stardust.awakened_stardust_block","color": "gray"},{"translate": "stardust.x12","color": "gray"},{"translate": "stardust.legendarium_ingot","color": "gray"},{"text": "\n- x1 ","color": "gray"},{"translate": "stardust.sextuple_compressed_cobblestone","color": "gray"}]},"click_event": {"action": "show_dialog","dialog": "stardust:manual/page_100"}},
				{"text": "0##","hover_event": {"action": "show_text","value": [{"text": ""},[{"text": "","font": "stardust:manual","color": "white"},"\"Q\n","\n","\"",{"text": "$胅"},{"text": "$莬"},{"text": "$莭"},"\n","\"",{"text": "U$"},{"text": "U$"},{"text": "U$"},"\n","\"",{"text": "$莮"},{"text": "$莯"},{"text": "$莰"},"\"\"",{"text": "$$胓"},"\n","\"",{"text": "U$"},{"text": "U$"},{"text": "U$"},"\"\"",{"text": "U$"},"\n","\"",{"text": "$莱"},{"text": "$聟"},"\n","\"",{"text": "U$"},{"text": "U$"},"\n"],{"translate": "stardust_fragment_awakened_forge","color": "yellow"},{"text": "\n- x1 ","color": "gray"},{"translate": "stardust.original_stardust_chestplate","color": "gray"},{"text": "\n- x4 ","color": "gray"},{"translate": "stardust.legendarium_block","color": "gray"},{"translate": "stardust.x64","color": "gray"},{"translate": "stardust.wind_charge","color": "gray"},{"translate": "stardust.x96","color": "gray"},{"translate": "stardust.feather","color": "gray"},{"text": "\n- x6 ","color": "gray"},{"translate": "stardust.ender_dragon_pearl","color": "gray"},{"text": "\n- x8 ","color": "gray"},{"translate": "stardust.awakened_stardust_block","color": "gray"},{"translate": "stardust.x12","color": "gray"},{"translate": "stardust.legendarium_ingot","color": "gray"},{"text": "\n- x1 ","color": "gray"},{"translate": "stardust.sextuple_compressed_cobblestone","color": "gray"}]},"click_event": {"action": "show_dialog","dialog": "stardust:manual/page_101"}},
				{"text": "0##","hover_event": {"action": "show_text","value": [{"text": ""},[{"text": "","font": "stardust:manual","color": "white"},"\"Q\n","\n","\"",{"text": "$胇"},{"text": "$莬"},{"text": "$莭"},"\n","\"",{"text": "U$"},{"text": "U$"},{"text": "U$"},"\n","\"",{"text": "$莮"},{"text": "$莯"},{"text": "$莰"},"\"\"",{"text": "$$胕"},"\n","\"",{"text": "U$"},{"text": "U$"},{"text": "U$"},"\"\"",{"text": "U$"},"\n","\"",{"text": "$莱"},{"text": "$聟"},"\n","\"",{"text": "U$"},{"text": "U$"},"\n"],{"translate": "stardust_fragment_awakened_forge","color": "yellow"},{"text": "\n- x1 ","color": "gray"},{"translate": "stardust.original_stardust_leggings","color": "gray"},{"text": "\n- x4 ","color": "gray"},{"translate": "stardust.legendarium_block","color": "gray"},{"translate": "stardust.x64","color": "gray"},{"translate": "stardust.wind_charge","color": "gray"},{"translate": "stardust.x96","color": "gray"},{"translate": "stardust.feather","color": "gray"},{"text": "\n- x6 ","color": "gray"},{"translate": "stardust.ender_dragon_pearl","color": "gray"},{"text": "\n- x8 ","color": "gray"},{"translate": "stardust.awakened_stardust_block","color": "gray"},{"translate": "stardust.x12","color": "gray"},{"translate": "stardust.legendarium_ingot","color": "gray"},{"text": "\n- x1 ","color": "gray"},{"translate": "stardust.sextuple_compressed_cobblestone","color": "gray"}]},"click_event": {"action": "show_dialog","dialog": "stardust:manual/page_102"}},
				{"text": "0##","hover_event": {"action": "show_text","value": [{"text": ""},[{"text": "","font": "stardust:manual","color": "white"},"\"Q\n","\n","\"",{"text": "$胉"},{"text": "$莬"},{"text": "$莭"},"\n","\"",{"text": "U$"},{"text": "U$"},{"text": "U$"},"\n","\"",{"text": "$莮"},{"text": "$莯"},{"text": "$莰"},"\"\"",{"text": "$$胗"},"\n","\"",{"text": "U$"},{"text": "U$"},{"text": "U$"},"\"\"",{"text": "U$"},"\n","\"",{"text": "$莱"},{"text": "$聟"},"\n","\"",{"text": "U$"},{"text": "U$"},"\n"],{"translate": "stardust_fragment_awakened_forge","color": "yellow"},{"text": "\n- x1 ","color": "gray"},{"translate": "stardust.original_stardust_boots","color": "gray"},{"text": "\n- x4 ","color": "gray"},{"translate": "stardust.legendarium_block","color": "gray"},{"translate": "stardust.x64","color": "gray"},{"translate": "stardust.wind_charge","color": "gray"},{"translate": "stardust.x96","color": "gray"},{"translate": "stardust.feather","color": "gray"},{"text": "\n- x6 ","color": "gray"},{"translate": "stardust.ender_dragon_pearl","color": "gray"},{"text": "\n- x8 ","color": "gray"},{"translate": "stardust.awakened_stardust_block","color": "gray"},{"translate": "stardust.x12","color": "gray"},{"translate": "stardust.legendarium_ingot","color": "gray"},{"text": "\n- x1 ","color": "gray"},{"translate": "stardust.sextuple_compressed_cobblestone","color": "gray"}]},"click_event": {"action": "show_dialog","dialog": "stardust:manual/page_103"}},
				{"text": "0##","hover_event": {"action": "show_text","value": [{"text": ""},[{"text": "","font": "stardust:manual","color": "white"},"\"Q\n","\n","\"",{"text": "$胋"},{"text": "$莬"},{"text": "$莭"},"\n","\"",{"text": "U$"},{"text": "U$"},{"text": "U$"},"\n","\"",{"text": "$莮"},{"text": "$莯"},{"text": "$莰"},"\"\"",{"text": "$$胙"},"\n","\"",{"text": "U$"},{"text": "U$"},{"text": "U$"},"\"\"",{"text": "U$"},"\n","\"",{"text": "$莱"},{"text": "$聟"},"\n","\"",{"text": "U$"},{"text": "U$"},"\n"],{"translate": "stardust_fragment_awakened_forge","color": "yellow"},{"text": "\n- x1 ","color": "gray"},{"translate": "stardust.original_stardust_sword","color": "gray"},{"text": "\n- x4 ","color": "gray"},{"translate": "stardust.legendarium_block","color": "gray"},{"translate": "stardust.x64","color": "gray"},{"translate": "stardust.wind_charge","color": "gray"},{"translate": "stardust.x96","color": "gray"},{"translate": "stardust.feather","color": "gray"},{"text": "\n- x6 ","color": "gray"},{"translate": "stardust.ender_dragon_pearl","color": "gray"},{"text": "\n- x8 ","color": "gray"},{"translate": "stardust.awakened_stardust_block","color": "gray"},{"translate": "stardust.x12","color": "gray"},{"translate": "stardust.legendarium_ingot","color": "gray"},{"text": "\n- x1 ","color": "gray"},{"translate": "stardust.sextuple_compressed_cobblestone","color": "gray"}]},"click_event": {"action": "show_dialog","dialog": "stardust:manual/page_104"}},
				{"text": "0\n","hover_event": {"action": "show_text","value": [{"text": ""},[{"text": "","font": "stardust:manual","color": "white"},"\"Q\n","\n","\"",{"text": "$胍"},{"text": "$莬"},{"text": "$莭"},"\n","\"",{"text": "U$"},{"text": "U$"},{"text": "U$"},"\n","\"",{"text": "$莮"},{"text": "$莯"},{"text": "$莰"},"\"\"",{"text": "$$胛"},"\n","\"",{"text": "U$"},{"text": "U$"},{"text": "U$"},"\"\"",{"text": "U$"},"\n","\"",{"text": "$莱"},{"text": "$聟"},"\n","\"",{"text": "U$"},{"text": "U$"},"\n"],{"translate": "stardust_fragment_awakened_forge","color": "yellow"},{"text": "\n- x1 ","color": "gray"},{"translate": "stardust.original_stardust_pickaxe","color": "gray"},{"text": "\n- x4 ","color": "gray"},{"translate": "stardust.legendarium_block","color": "gray"},{"translate": "stardust.x64","color": "gray"},{"translate": "stardust.wind_charge","color": "gray"},{"translate": "stardust.x96","color": "gray"},{"translate": "stardust.feather","color": "gray"},{"text": "\n- x6 ","color": "gray"},{"translate": "stardust.ender_dragon_pearl","color": "gray"},{"text": "\n- x8 ","color": "gray"},{"translate": "stardust.awakened_stardust_block","color": "gray"},{"translate": "stardust.x12","color": "gray"},{"translate": "stardust.legendarium_ingot","color": "gray"},{"text": "\n- x1 ","color": "gray"},{"translate": "stardust.sextuple_compressed_cobblestone","color": "gray"}]},"click_event": {"action": "show_dialog","dialog": "stardust:manual/page_105"}},
				{"text": "蟋##","hover_event": {"action": "show_text","value": [{"text": ""},[{"text": "","font": "stardust:manual","color": "white"},"\"Q\n","\n","\"",{"text": "$胏"},{"text": "$莬"},{"text": "$莭"},"\n","\"",{"text": "U$"},{"text": "U$"},{"text": "U$"},"\n","\"",{"text": "$莮"},{"text": "$莯"},{"text": "$莰"},"\"\"",{"text": "$$胝"},"\n","\"",{"text": "U$"},{"text": "U$"},{"text": "U$"},"\"\"",{"text": "U$"},"\n","\"",{"text": "$莱"},{"text": "$聟"},"\n","\"",{"text": "U$"},{"text": "U$"},"\n"],{"translate": "stardust_fragment_awakened_forge","color": "yellow"},{"text": "\n- x1 ","color": "gray"},{"translate": "stardust.original_stardust_axe","color": "gray"},{"text": "\n- x4 ","color": "gray"},{"translate": "stardust.legendarium_block","color": "gray"},{"translate": "stardust.x64","color": "gray"},{"translate": "stardust.wind_charge","color": "gray"},{"translate": "stardust.x96","color": "gray"},{"translate": "stardust.feather","color": "gray"},{"text": "\n- x6 ","color": "gray"},{"translate": "stardust.ender_dragon_pearl","color": "gray"},{"text": "\n- x8 ","color": "gray"},{"translate": "stardust.awakened_stardust_block","color": "gray"},{"translate": "stardust.x12","color": "gray"},{"translate": "stardust.legendarium_ingot","color": "gray"},{"text": "\n- x1 ","color": "gray"},{"translate": "stardust.sextuple_compressed_cobblestone","color": "gray"}]},"click_event": {"action": "show_dialog","dialog": "stardust:manual/page_106"}},
				{"text": "蟕##","hover_event": {"action": "show_text","value": [{"text": ""},[{"text": "","font": "stardust:manual","color": "white"},"\"Q\n","\n","\"",{"text": "$胃"},{"text": "$菲"},{"text": "$菳"},"\n","\"",{"text": "U$"},{"text": "U$"},{"text": "U$"},"\n","\"",{"text": "$菴"},{"text": "$莯"},{"text": "$莰"},"\"\"",{"text": "$$胟"},"\n","\"",{"text": "U$"},{"text": "U$"},{"text": "U$"},"\"\"",{"text": "U$"},"\n","\"",{"text": "$菷"},{"text": "$聟"},"\n","\"",{"text": "U$"},{"text": "U$"},"\n"],{"translate": "stardust_fragment_awakened_forge","color": "yellow"},{"text": "\n- x1 ","color": "gray"},{"translate": "stardust.original_stardust_helmet","color": "gray"},{"text": "\n- x4 ","color": "gray"},{"translate": "stardust.solarium_block","color": "gray"},{"translate": "stardust.x64","color": "gray"},{"translate": "stardust.orange_candle","color": "gray"},{"translate": "stardust.x96","color": "gray"},{"translate": "stardust.blaze_powder","color": "gray"},{"text": "\n- x6 ","color": "gray"},{"translate": "stardust.ender_dragon_pearl","color": "gray"},{"text": "\n- x8 ","color": "gray"},{"translate": "stardust.awakened_stardust_block","color": "gray"},{"translate": "stardust.x12","color": "gray"},{"translate": "stardust.solarium_ingot","color": "gray"},{"text": "\n- x1 ","color": "gray"},{"translate": "stardust.sextuple_compressed_cobblestone","color": "gray"}]},"click_event": {"action": "show_dialog","dialog": "stardust:manual/page_107"}},
				{"text": "蟟##","hover_event": {"action": "show_text","value": [{"text": ""},[{"text": "","font": "stardust:manual","color": "white"},"\"Q\n","\n","\"",{"text": "$胅"},{"text": "$菲"},{"text": "$菳"},"\n","\"",{"text": "U$"},{"text": "U$"},{"text": "U$"},"\n","\"",{"text": "$菴"},{"text": "$莯"},{"text": "$莰"},"\"\"",{"text": "$$胡"},"\n","\"",{"text": "U$"},{"text": "U$"},{"text": "U$"},"\"\"",{"text": "U$"},"\n","\"",{"text": "$菷"},{"text": "$聟"},"\n","\"",{"text": "U$"},{"text": "U$"},"\n"],{"translate": "stardust_fragment_awakened_forge","color": "yellow"},{"text": "\n- x1 ","color": "gray"},{"translate": "stardust.original_stardust_chestplate","color": "gray"},{"text": "\n- x4 ","color": "gray"},{"translate": "stardust.solarium_block","color": "gray"},{"translate": "stardust.x64","color": "gray"},{"translate": "stardust.orange_candle","color": "gray"},{"translate": "stardust.x96","color": "gray"},{"translate": "stardust.blaze_powder","color": "gray"},{"text": "\n- x6 ","color": "gray"},{"translate": "stardust.ender_dragon_pearl","color": "gray"},{"text": "\n- x8 ","color": "gray"},{"translate": "stardust.awakened_stardust_block","color": "gray"},{"translate": "stardust.x12","color": "gray"},{"translate": "stardust.solarium_ingot","color": "gray"},{"text": "\n- x1 ","color": "gray"},{"translate": "stardust.sextuple_compressed_cobblestone","color": "gray"}]},"click_event": {"action": "show_dialog","dialog": "stardust:manual/page_108"}},
				{"text": "蟩##","hover_event": {"action": "show_text","value": [{"text": ""},[{"text": "","font": "stardust:manual","color": "white"},"\"Q\n","\n","\"",{"text": "$胇"},{"text": "$菲"},{"text": "$菳"},"\n","\"",{"text": "U$"},{"text": "U$"},{"text": "U$"},"\n","\"",{"text": "$菴"},{"text": "$莯"},{"text": "$莰"},"\"\"",{"text": "$$胣"},"\n","\"",{"text": "U$"},{"text": "U$"},{"text": "U$"},"\"\"",{"text": "U$"},"\n","\"",{"text": "$菷"},{"text": "$聟"},"\n","\"",{"text": "U$"},{"text": "U$"},"\n"],{"translate": "stardust_fragment_awakened_forge","color": "yellow"},{"text": "\n- x1 ","color": "gray"},{"translate": "stardust.original_stardust_leggings","color": "gray"},{"text": "\n- x4 ","color": "gray"},{"translate": "stardust.solarium_block","color": "gray"},{"translate": "stardust.x64","color": "gray"},{"translate": "stardust.orange_candle","color": "gray"},{"translate": "stardust.x96","color": "gray"},{"translate": "stardust.blaze_powder","color": "gray"},{"text": "\n- x6 ","color": "gray"},{"translate": "stardust.ender_dragon_pearl","color": "gray"},{"text": "\n- x8 ","color": "gray"},{"translate": "stardust.awakened_stardust_block","color": "gray"},{"translate": "stardust.x12","color": "gray"},{"translate": "stardust.solarium_ingot","color": "gray"},{"text": "\n- x1 ","color": "gray"},{"translate": "stardust.sextuple_compressed_cobblestone","color": "gray"}]},"click_event": {"action": "show_dialog","dialog": "stardust:manual/page_109"}},
				{"text": "蟳##","hover_event": {"action": "show_text","value": [{"text": ""},[{"text": "","font": "stardust:manual","color": "white"},"\"Q\n","\n","\"",{"text": "$胉"},{"text": "$菲"},{"text": "$菳"},"\n","\"",{"text": "U$"},{"text": "U$"},{"text": "U$"},"\n","\"",{"text": "$菴"},{"text": "$莯"},{"text": "$莰"},"\"\"",{"text": "$$胥"},"\n","\"",{"text": "U$"},{"text": "U$"},{"text": "U$"},"\"\"",{"text": "U$"},"\n","\"",{"text": "$菷"},{"text": "$聟"},"\n","\"",{"text": "U$"},{"text": "U$"},"\n"],{"translate": "stardust_fragment_awakened_forge","color": "yellow"},{"text": "\n- x1 ","color": "gray"},{"translate": "stardust.original_stardust_boots","color": "gray"},{"text": "\n- x4 ","color": "gray"},{"translate": "stardust.solarium_block","color": "gray"},{"translate": "stardust.x64","color": "gray"},{"translate": "stardust.orange_candle","color": "gray"},{"translate": "stardust.x96","color": "gray"},{"translate": "stardust.blaze_powder","color": "gray"},{"text": "\n- x6 ","color": "gray"},{"translate": "stardust.ender_dragon_pearl","color": "gray"},{"text": "\n- x8 ","color": "gray"},{"translate": "stardust.awakened_stardust_block","color": "gray"},{"translate": "stardust.x12","color": "gray"},{"translate": "stardust.solarium_ingot","color": "gray"},{"text": "\n- x1 ","color": "gray"},{"translate": "stardust.sextuple_compressed_cobblestone","color": "gray"}]},"click_event": {"action": "show_dialog","dialog": "stardust:manual/page_110"}},
				{"text": "蟽\n","hover_event": {"action": "show_text","value": [{"text": ""},[{"text": "","font": "stardust:manual","color": "white"},"\"Q\n","\n","\"",{"text": "$胋"},{"text": "$菲"},{"text": "$菳"},"\n","\"",{"text": "U$"},{"text": "U$"},{"text": "U$"},"\n","\"",{"text": "$菴"},{"text": "$莯"},{"text": "$莰"},"\"\"",{"text": "$$胧"},"\n","\"",{"text": "U$"},{"text": "U$"},{"text": "U$"},"\"\"",{"text": "U$"},"\n","\"",{"text": "$菷"},{"text": "$聟"},"\n","\"",{"text": "U$"},{"text": "U$"},"\n"],{"translate": "stardust_fragment_awakened_forge","color": "yellow"},{"text": "\n- x1 ","color": "gray"},{"translate": "stardust.original_stardust_sword","color": "gray"},{"text": "\n- x4 ","color": "gray"},{"translate": "stardust.solarium_block","color": "gray"},{"translate": "stardust.x64","color": "gray"},{"translate": "stardust.orange_candle","color": "gray"},{"translate": "stardust.x96","color": "gray"},{"translate": "stardust.blaze_powder","color": "gray"},{"text": "\n- x6 ","color": "gray"},{"translate": "stardust.ender_dragon_pearl","color": "gray"},{"text": "\n- x8 ","color": "gray"},{"translate": "stardust.awakened_stardust_block","color": "gray"},{"translate": "stardust.x12","color": "gray"},{"translate": "stardust.solarium_ingot","color": "gray"},{"text": "\n- x1 ","color": "gray"},{"translate": "stardust.sextuple_compressed_cobblestone","color": "gray"}]},"click_event": {"action": "show_dialog","dialog": "stardust:manual/page_111"}},
				{"text": "0##","hover_event": {"action": "show_text","value": [{"text": ""},[{"text": "","font": "stardust:manual","color": "white"},"\"Q\n","\n","\"",{"text": "$胏"},{"text": "$莬"},{"text": "$莭"},"\n","\"",{"text": "U$"},{"text": "U$"},{"text": "U$"},"\n","\"",{"text": "$莮"},{"text": "$莯"},{"text": "$莰"},"\"\"",{"text": "$$胝"},"\n","\"",{"text": "U$"},{"text": "U$"},{"text": "U$"},"\"\"",{"text": "U$"},"\n","\"",{"text": "$莱"},{"text": "$聟"},"\n","\"",{"text": "U$"},{"text": "U$"},"\n"],{"translate": "stardust_fragment_awakened_forge","color": "yellow"},{"text": "\n- x1 ","color": "gray"},{"translate": "stardust.original_stardust_axe","color": "gray"},{"text": "\n- x4 ","color": "gray"},{"translate": "stardust.legendarium_block","color": "gray"},{"translate": "stardust.x64","color": "gray"},{"translate": "stardust.wind_charge","color": "gray"},{"translate": "stardust.x96","color": "gray"},{"translate": "stardust.feather","color": "gray"},{"text": "\n- x6 ","color": "gray"},{"translate": "stardust.ender_dragon_pearl","color": "gray"},{"text": "\n- x8 ","color": "gray"},{"translate": "stardust.awakened_stardust_block","color": "gray"},{"translate": "stardust.x12","color": "gray"},{"translate": "stardust.legendarium_ingot","color": "gray"},{"text": "\n- x1 ","color": "gray"},{"translate": "stardust.sextuple_compressed_cobblestone","color": "gray"}]},"click_event": {"action": "show_dialog","dialog": "stardust:manual/page_106"}},
				{"text": "0##","hover_event": {"action": "show_text","value": [{"text": ""},[{"text": "","font": "stardust:manual","color": "white"},"\"Q\n","\n","\"",{"text": "$胃"},{"text": "$菲"},{"text": "$菳"},"\n","\"",{"text": "U$"},{"text": "U$"},{"text": "U$"},"\n","\"",{"text": "$菴"},{"text": "$莯"},{"text": "$莰"},"\"\"",{"text": "$$胟"},"\n","\"",{"text": "U$"},{"text": "U$"},{"text": "U$"},"\"\"",{"text": "U$"},"\n","\"",{"text": "$菷"},{"text": "$聟"},"\n","\"",{"text": "U$"},{"text": "U$"},"\n"],{"translate": "stardust_fragment_awakened_forge","color": "yellow"},{"text": "\n- x1 ","color": "gray"},{"translate": "stardust.original_stardust_helmet","color": "gray"},{"text": "\n- x4 ","color": "gray"},{"translate": "stardust.solarium_block","color": "gray"},{"translate": "stardust.x64","color": "gray"},{"translate": "stardust.orange_candle","color": "gray"},{"translate": "stardust.x96","color": "gray"},{"translate": "stardust.blaze_powder","color": "gray"},{"text": "\n- x6 ","color": "gray"},{"translate": "stardust.ender_dragon_pearl","color": "gray"},{"text": "\n- x8 ","color": "gray"},{"translate": "stardust.awakened_stardust_block","color": "gray"},{"translate": "stardust.x12","color": "gray"},{"translate": "stardust.solarium_ingot","color": "gray"},{"text": "\n- x1 ","color": "gray"},{"translate": "stardust.sextuple_compressed_cobblestone","color": "gray"}]},"click_event": {"action": "show_dialog","dialog": "stardust:manual/page_107"}},
				{"text": "0##","hover_event": {"action": "show_text","value": [{"text": ""},[{"text": "","font": "stardust:manual","color": "white"},"\"Q\n","\n","\"",{"text": "$胅"},{"text": "$菲"},{"text": "$菳"},"\n","\"",{"text": "U$"},{"text": "U$"},{"text": "U$"},"\n","\"",{"text": "$菴"},{"text": "$莯"},{"text": "$莰"},"\"\"",{"text": "$$胡"},"\n","\"",{"text": "U$"},{"text": "U$"},{"text": "U$"},"\"\"",{"text": "U$"},"\n","\"",{"text": "$菷"},{"text": "$聟"},"\n","\"",{"text": "U$"},{"text": "U$"},"\n"],{"translate": "stardust_fragment_awakened_forge","color": "yellow"},{"text": "\n- x1 ","color": "gray"},{"translate": "stardust.original_stardust_chestplate","color": "gray"},{"text": "\n- x4 ","color": "gray"},{"translate": "stardust.solarium_block","color": "gray"},{"translate": "stardust.x64","color": "gray"},{"translate": "stardust.orange_candle","color": "gray"},{"translate": "stardust.x96","color": "gray"},{"translate": "stardust.blaze_powder","color": "gray"},{"text": "\n- x6 ","color": "gray"},{"translate": "stardust.ender_dragon_pearl","color": "gray"},{"text": "\n- x8 ","color": "gray"},{"translate": "stardust.awakened_stardust_block","color": "gray"},{"translate": "stardust.x12","color": "gray"},{"translate": "stardust.solarium_ingot","color": "gray"},{"text": "\n- x1 ","color": "gray"},{"translate": "stardust.sextuple_compressed_cobblestone","color": "gray"}]},"click_event": {"action": "show_dialog","dialog": "stardust:manual/page_108"}},
				{"text": "0##","hover_event": {"action": "show_text","value": [{"text": ""},[{"text": "","font": "stardust:manual","color": "white"},"\"Q\n","\n","\"",{"text": "$胇"},{"text": "$菲"},{"text": "$菳"},"\n","\"",{"text": "U$"},{"text": "U$"},{"text": "U$"},"\n","\"",{"text": "$菴"},{"text": "$莯"},{"text": "$莰"},"\"\"",{"text": "$$胣"},"\n","\"",{"text": "U$"},{"text": "U$"},{"text": "U$"},"\"\"",{"text": "U$"},"\n","\"",{"text": "$菷"},{"text": "$聟"},"\n","\"",{"text": "U$"},{"text": "U$"},"\n"],{"translate": "stardust_fragment_awakened_forge","color": "yellow"},{"text": "\n- x1 ","color": "gray"},{"translate": "stardust.original_stardust_leggings","color": "gray"},{"text": "\n- x4 ","color": "gray"},{"translate": "stardust.solarium_block","color": "gray"},{"translate": "stardust.x64","color": "gray"},{"translate": "stardust.orange_candle","color": "gray"},{"translate": "stardust.x96","color": "gray"},{"translate": "stardust.blaze_powder","color": "gray"},{"text": "\n- x6 ","color": "gray"},{"translate": "stardust.ender_dragon_pearl","color": "gray"},{"text": "\n- x8 ","color": "gray"},{"translate": "stardust.awakened_stardust_block","color": "gray"},{"translate": "stardust.x12","color": "gray"},{"translate": "stardust.solarium_ingot","color": "gray"},{"text": "\n- x1 ","color": "gray"},{"translate": "stardust.sextuple_compressed_cobblestone","color": "gray"}]},"click_event": {"action": "show_dialog","dialog": "stardust:manual/page_109"}},
				{"text": "0##","hover_event": {"action": "show_text","value": [{"text": ""},[{"text": "","font": "stardust:manual","color": "white"},"\"Q\n","\n","\"",{"text": "$胉"},{"text": "$菲"},{"text": "$菳"},"\n","\"",{"text": "U$"},{"text": "U$"},{"text": "U$"},"\n","\"",{"text": "$菴"},{"text": "$莯"},{"text": "$莰"},"\"\"",{"text": "$$胥"},"\n","\"",{"text": "U$"},{"text": "U$"},{"text": "U$"},"\"\"",{"text": "U$"},"\n","\"",{"text": "$菷"},{"text": "$聟"},"\n","\"",{"text": "U$"},{"text": "U$"},"\n"],{"translate": "stardust_fragment_awakened_forge","color": "yellow"},{"text": "\n- x1 ","color": "gray"},{"translate": "stardust.original_stardust_boots","color": "gray"},{"text": "\n- x4 ","color": "gray"},{"translate": "stardust.solarium_block","color": "gray"},{"translate": "stardust.x64","color": "gray"},{"translate": "stardust.orange_candle","color": "gray"},{"translate": "stardust.x96","color": "gray"},{"translate": "stardust.blaze_powder","color": "gray"},{"text": "\n- x6 ","color": "gray"},{"translate": "stardust.ender_dragon_pearl","color": "gray"},{"text": "\n- x8 ","color": "gray"},{"translate": "stardust.awakened_stardust_block","color": "gray"},{"translate": "stardust.x12","color": "gray"},{"translate": "stardust.solarium_ingot","color": "gray"},{"text": "\n- x1 ","color": "gray"},{"translate": "stardust.sextuple_compressed_cobblestone","color": "gray"}]},"click_event": {"action": "show_dialog","dialog": "stardust:manual/page_110"}},
				{"text": "0\n","hover_event": {"action": "show_text","value": [{"text": ""},[{"text": "","font": "stardust:manual","color": "white"},"\"Q\n","\n","\"",{"text": "$胋"},{"text": "$菲"},{"text": "$菳"},"\n","\"",{"text": "U$"},{"text": "U$"},{"text": "U$"},"\n","\"",{"text": "$菴"},{"text": "$莯"},{"text": "$莰"},"\"\"",{"text": "$$胧"},"\n","\"",{"text": "U$"},{"text": "U$"},{"text": "U$"},"\"\"",{"text": "U$"},"\n","\"",{"text": "$菷"},{"text": "$聟"},"\n","\"",{"text": "U$"},{"text": "U$"},"\n"],{"translate": "stardust_fragment_awakened_forge","color": "yellow"},{"text": "\n- x1 ","color": "gray"},{"translate": "stardust.original_stardust_sword","color": "gray"},{"text": "\n- x4 ","color": "gray"},{"translate": "stardust.solarium_block","color": "gray"},{"translate": "stardust.x64","color": "gray"},{"translate": "stardust.orange_candle","color": "gray"},{"translate": "stardust.x96","color": "gray"},{"translate": "stardust.blaze_powder","color": "gray"},{"text": "\n- x6 ","color": "gray"},{"translate": "stardust.ender_dragon_pearl","color": "gray"},{"text": "\n- x8 ","color": "gray"},{"translate": "stardust.awakened_stardust_block","color": "gray"},{"translate": "stardust.x12","color": "gray"},{"translate": "stardust.solarium_ingot","color": "gray"},{"text": "\n- x1 ","color": "gray"},{"translate": "stardust.sextuple_compressed_cobblestone","color": "gray"}]},"click_event": {"action": "show_dialog","dialog": "stardust:manual/page_111"}},
				{"text": "蠇##","hover_event": {"action": "show_text","value": [{"text": ""},[{"text": "","font": "stardust:manual","color": "white"},"\"Q\n","\n","\"",{"text": "$胍"},{"text": "$菲"},{"text": "$菳"},"\n","\"",{"text": "U$"},{"text": "U$"},{"text": "U$"},"\n","\"",{"text": "$菴"},{"text": "$莯"},{"text": "$莰"},"\"\"",{"text": "$$胩"},"\n","\"",{"text": "U$"},{"text": "U$"},{"text": "U$"},"\"\"",{"text": "U$"},"\n","\"",{"text": "$菷"},{"text": "$聟"},"\n","\"",{"text": "U$"},{"text": "U$"},"\n"],{"translate": "stardust_fragment_awakened_forge","color": "yellow"},{"text": "\n- x1 ","color": "gray"},{"translate": "stardust.original_stardust_pickaxe","color": "gray"},{"text": "\n- x4 ","color": "gray"},{"translate": "stardust.solarium_block","color": "gray"},{"translate": "stardust.x64","color": "gray"},{"translate": "stardust.orange_candle","color": "gray"},{"translate": "stardust.x96","color": "gray"},{"translate": "stardust.blaze_powder","color": "gray"},{"text": "\n- x6 ","color": "gray"},{"translate": "stardust.ender_dragon_pearl","color": "gray"},{"text": "\n- x8 ","color": "gray"},{"translate": "stardust.awakened_stardust_block","color": "gray"},{"translate": "stardust.x12","color": "gray"},{"translate": "stardust.solarium_ingot","color": "gray"},{"text": "\n- x1 ","color": "gray"},{"translate": "stardust.sextuple_compressed_cobblestone","color": "gray"}]},"click_event": {"action": "show_dialog","dialog": "stardust:manual/page_112"}},
				{"text": "蠑##","hover_event": {"action": "show_text","value": [{"text": ""},[{"text": "","font": "stardust:manual","color": "white"},"\"Q\n","\n","\"",{"text": "$胏"},{"text": "$菲"},{"text": "$菳"},"\n","\"",{"text": "U$"},{"text": "U$"},{"text": "U$"},"\n","\"",{"text": "$菴"},{"text": "$莯"},{"text": "$莰"},"\"\"",{"text": "$$胫"},"\n","\"",{"text": "U$"},{"text": "U$"},{"text": "U$"},"\"\"",{"text": "U$"},"\n","\"",{"text": "$菷"},{"text": "$聟"},"\n","\"",{"text": "U$"},{"text": "U$"},"\n"],{"translate": "stardust_fragment_awakened_forge","color": "yellow"},{"text": "\n- x1 ","color": "gray"},{"translate": "stardust.original_stardust_axe","color": "gray"},{"text": "\n- x4 ","color": "gray"},{"translate": "stardust.solarium_block","color": "gray"},{"translate": "stardust.x64","color": "gray"},{"translate": "stardust.orange_candle","color": "gray"},{"translate": "stardust.x96","color": "gray"},{"translate": "stardust.blaze_powder","color": "gray"},{"text": "\n- x6 ","color": "gray"},{"translate": "stardust.ender_dragon_pearl","color": "gray"},{"text": "\n- x8 ","color": "gray"},{"translate": "stardust.awakened_stardust_block","color": "gray"},{"translate": "stardust.x12","color": "gray"},{"translate": "stardust.solarium_ingot","color": "gray"},{"text": "\n- x1 ","color": "gray"},{"translate": "stardust.sextuple_compressed_cobblestone","color": "gray"}]},"click_event": {"action": "show_dialog","dialog": "stardust:manual/page_113"}},
				{"text": "蠛##","hover_event": {"action": "show_text","value": [{"text": ""},[{"text": "","font": "stardust:manual","color": "white"},"\"Q\n","\n","\"",{"text": "$胃"},{"text": "$萸"},{"text": "$萹"},"\n","\"",{"text": "U$"},{"text": "U$"},{"text": "U$"},"\n","\"",{"text": "$萺"},{"text": "$莯"},{"text": "$莰"},"\"\"",{"text": "$$胭"},"\n","\"",{"text": "U$"},{"text": "U$"},{"text": "U$"},"\"\"",{"text": "U$"},"\n","\"",{"text": "$落"},{"text": "$聟"},"\n","\"",{"text": "U$"},{"text": "U$"},"\n"],{"translate": "stardust_fragment_awakened_forge","color": "yellow"},{"text": "\n- x1 ","color": "gray"},{"translate": "stardust.original_stardust_helmet","color": "gray"},{"text": "\n- x4 ","color": "gray"},{"translate": "stardust.darkium_block","color": "gray"},{"translate": "stardust.x64","color": "gray"},{"translate": "stardust.respawn_anchor","color": "gray"},{"translate": "stardust.x96","color": "gray"},{"translate": "stardust.ink_sac","color": "gray"},{"text": "\n- x6 ","color": "gray"},{"translate": "stardust.ender_dragon_pearl","color": "gray"},{"text": "\n- x8 ","color": "gray"},{"translate": "stardust.awakened_stardust_block","color": "gray"},{"translate": "stardust.x12","color": "gray"},{"translate": "stardust.darkium_ingot","color": "gray"},{"text": "\n- x1 ","color": "gray"},{"translate": "stardust.sextuple_compressed_cobblestone","color": "gray"}]},"click_event": {"action": "show_dialog","dialog": "stardust:manual/page_114"}},
				{"text": "蠥##","hover_event": {"action": "show_text","value": [{"text": ""},[{"text": "","font": "stardust:manual","color": "white"},"\"Q\n","\n","\"",{"text": "$胅"},{"text": "$萸"},{"text": "$萹"},"\n","\"",{"text": "U$"},{"text": "U$"},{"text": "U$"},"\n","\"",{"text": "$萺"},{"text": "$莯"},{"text": "$莰"},"\"\"",{"text": "$$胯"},"\n","\"",{"text": "U$"},{"text": "U$"},{"text": "U$"},"\"\"",{"text": "U$"},"\n","\"",{"text": "$落"},{"text": "$聟"},"\n","\"",{"text": "U$"},{"text": "U$"},"\n"],{"translate": "stardust_fragment_awakened_forge","color": "yellow"},{"text": "\n- x1 ","color": "gray"},{"translate": "stardust.original_stardust_chestplate","color": "gray"},{"text": "\n- x4 ","color": "gray"},{"translate": "stardust.darkium_block","color": "gray"},{"translate": "stardust.x64","color": "gray"},{"translate": "stardust.respawn_anchor","color": "gray"},{"translate": "stardust.x96","color": "gray"},{"translate": "stardust.ink_sac","color": "gray"},{"text": "\n- x6 ","color": "gray"},{"translate": "stardust.ender_dragon_pearl","color": "gray"},{"text": "\n- x8 ","color": "gray"},{"translate": "stardust.awakened_stardust_block","color": "gray"},{"translate": "stardust.x12","color": "gray"},{"translate": "stardust.darkium_ingot","color": "gray"},{"text": "\n- x1 ","color": "gray"},{"translate": "stardust.sextuple_compressed_cobblestone","color": "gray"}]},"click_event": {"action": "show_dialog","dialog": "stardust:manual/page_115"}},
				{"text": "蠯##","hover_event": {"action": "show_text","value": [{"text": ""},[{"text": "","font": "stardust:manual","color": "white"},"\"Q\n","\n","\"",{"text": "$胇"},{"text": "$萸"},{"text": "$萹"},"\n","\"",{"text": "U$"},{"text": "U$"},{"text": "U$"},"\n","\"",{"text": "$萺"},{"text": "$莯"},{"text": "$莰"},"\"\"",{"text": "$$胱"},"\n","\"",{"text": "U$"},{"text": "U$"},{"text": "U$"},"\"\"",{"text": "U$"},"\n","\"",{"text": "$落"},{"text": "$聟"},"\n","\"",{"text": "U$"},{"text": "U$"},"\n"],{"translate": "stardust_fragment_awakened_forge","color": "yellow"},{"text": "\n- x1 ","color": "gray"},{"translate": "stardust.original_stardust_leggings","color": "gray"},{"text": "\n- x4 ","color": "gray"},{"translate": "stardust.darkium_block","color": "gray"},{"translate": "stardust.x64","color": "gray"},{"translate": "stardust.respawn_anchor","color": "gray"},{"translate": "stardust.x96","color": "gray"},{"translate": "stardust.ink_sac","color": "gray"},{"text": "\n- x6 ","color": "gray"},{"translate": "stardust.ender_dragon_pearl","color": "gray"},{"text": "\n- x8 ","color": "gray"},{"translate": "stardust.awakened_stardust_block","color": "gray"},{"translate": "stardust.x12","color": "gray"},{"translate": "stardust.darkium_ingot","color": "gray"},{"text": "\n- x1 ","color": "gray"},{"translate": "stardust.sextuple_compressed_cobblestone","color": "gray"}]},"click_event": {"action": "show_dialog","dialog": "stardust:manual/page_116"}},
				{"text": "蠹\n","hover_event": {"action": "show_text","value": [{"text": ""},[{"text": "","font": "stardust:manual","color": "white"},"\"Q\n","\n","\"",{"text": "$胉"},{"text": "$萸"},{"text": "$萹"},"\n","\"",{"text": "U$"},{"text": "U$"},{"text": "U$"},"\n","\"",{"text": "$萺"},{"text": "$莯"},{"text": "$莰"},"\"\"",{"text": "$$胳"},"\n","\"",{"text": "U$"},{"text": "U$"},{"text": "U$"},"\"\"",{"text": "U$"},"\n","\"",{"text": "$落"},{"text": "$聟"},"\n","\"",{"text": "U$"},{"text": "U$"},"\n"],{"translate": "stardust_fragment_awakened_forge","color": "yellow"},{"text": "\n- x1 ","color": "gray"},{"translate": "stardust.original_stardust_boots","color": "gray"},{"text": "\n- x4 ","color": "gray"},{"translate": "stardust.darkium_block","color": "gray"},{"translate": "stardust.x64","color": "gray"},{"translate": "stardust.respawn_anchor","color": "gray"},{"translate": "stardust.x96","color": "gray"},{"translate": "stardust.ink_sac","color": "gray"},{"text": "\n- x6 ","color": "gray"},{"translate": "stardust.ender_dragon_pearl","color": "gray"},{"text": "\n- x8 ","color": "gray"},{"translate": "stardust.awakened_stardust_block","color": "gray"},{"translate": "stardust.x12","color": "gray"},{"translate": "stardust.darkium_ingot","color": "gray"},{"text": "\n- x1 ","color": "gray"},{"translate": "stardust.sextuple_compressed_cobblestone","color": "gray"}]},"click_event": {"action": "show_dialog","dialog": "stardust:manual/page_117"}},
				{"text": "0##","hover_event": {"action": "show_text","value": [{"text": ""},[{"text": "","font": "stardust:manual","color": "white"},"\"Q\n","\n","\"",{"text": "$胍"},{"text": "$菲"},{"text": "$菳"},"\n","\"",{"text": "U$"},{"text": "U$"},{"text": "U$"},"\n","\"",{"text": "$菴"},{"text": "$莯"},{"text": "$莰"},"\"\"",{"text": "$$胩"},"\n","\"",{"text": "U$"},{"text": "U$"},{"text": "U$"},"\"\"",{"text": "U$"},"\n","\"",{"text": "$菷"},{"text": "$聟"},"\n","\"",{"text": "U$"},{"text": "U$"},"\n"],{"translate": "stardust_fragment_awakened_forge","color": "yellow"},{"text": "\n- x1 ","color": "gray"},{"translate": "stardust.original_stardust_pickaxe","color": "gray"},{"text": "\n- x4 ","color": "gray"},{"translate": "stardust.solarium_block","color": "gray"},{"translate": "stardust.x64","color": "gray"},{"translate": "stardust.orange_candle","color": "gray"},{"translate": "stardust.x96","color": "gray"},{"translate": "stardust.blaze_powder","color": "gray"},{"text": "\n- x6 ","color": "gray"},{"translate": "stardust.ender_dragon_pearl","color": "gray"},{"text": "\n- x8 ","color": "gray"},{"translate": "stardust.awakened_stardust_block","color": "gray"},{"translate": "stardust.x12","color": "gray"},{"translate": "stardust.solarium_ingot","color": "gray"},{"text": "\n- x1 ","color": "gray"},{"translate": "stardust.sextuple_compressed_cobblestone","color": "gray"}]},"click_event": {"action": "show_dialog","dialog": "stardust:manual/page_112"}},
				{"text": "0##","hover_event": {"action": "show_text","value": [{"text": ""},[{"text": "","font": "stardust:manual","color": "white"},"\"Q\n","\n","\"",{"text": "$胏"},{"text": "$菲"},{"text": "$菳"},"\n","\"",{"text": "U$"},{"text": "U$"},{"text": "U$"},"\n","\"",{"text": "$菴"},{"text": "$莯"},{"text": "$莰"},"\"\"",{"text": "$$胫"},"\n","\"",{"text": "U$"},{"text": "U$"},{"text": "U$"},"\"\"",{"text": "U$"},"\n","\"",{"text": "$菷"},{"text": "$聟"},"\n","\"",{"text": "U$"},{"text": "U$"},"\n"],{"translate": "stardust_fragment_awakened_forge","color": "yellow"},{"text": "\n- x1 ","color": "gray"},{"translate": "stardust.original_stardust_axe","color": "gray"},{"text": "\n- x4 ","color": "gray"},{"translate": "stardust.solarium_block","color": "gray"},{"translate": "stardust.x64","color": "gray"},{"translate": "stardust.orange_candle","color": "gray"},{"translate": "stardust.x96","color": "gray"},{"translate": "stardust.blaze_powder","color": "gray"},{"text": "\n- x6 ","color": "gray"},{"translate": "stardust.ender_dragon_pearl","color": "gray"},{"text": "\n- x8 ","color": "gray"},{"translate": "stardust.awakened_stardust_block","color": "gray"},{"translate": "stardust.x12","color": "gray"},{"translate": "stardust.solarium_ingot","color": "gray"},{"text": "\n- x1 ","color": "gray"},{"translate": "stardust.sextuple_compressed_cobblestone","color": "gray"}]},"click_event": {"action": "show_dialog","dialog": "stardust:manual/page_113"}},
				{"text": "0##","hover_event": {"action": "show_text","value": [{"text": ""},[{"text": "","font": "stardust:manual","color": "white"},"\"Q\n","\n","\"",{"text": "$胃"},{"text": "$萸"},{"text": "$萹"},"\n","\"",{"text": "U$"},{"text": "U$"},{"text": "U$"},"\n","\"",{"text": "$萺"},{"text": "$莯"},{"text": "$莰"},"\"\"",{"text": "$$胭"},"\n","\"",{"text": "U$"},{"text": "U$"},{"text": "U$"},"\"\"",{"text": "U$"},"\n","\"",{"text": "$落"},{"text": "$聟"},"\n","\"",{"text": "U$"},{"text": "U$"},"\n"],{"translate": "stardust_fragment_awakened_forge","color": "yellow"},{"text": "\n- x1 ","color": "gray"},{"translate": "stardust.original_stardust_helmet","color": "gray"},{"text": "\n- x4 ","color": "gray"},{"translate": "stardust.darkium_block","color": "gray"},{"translate": "stardust.x64","color": "gray"},{"translate": "stardust.respawn_anchor","color": "gray"},{"translate": "stardust.x96","color": "gray"},{"translate": "stardust.ink_sac","color": "gray"},{"text": "\n- x6 ","color": "gray"},{"translate": "stardust.ender_dragon_pearl","color": "gray"},{"text": "\n- x8 ","color": "gray"},{"translate": "stardust.awakened_stardust_block","color": "gray"},{"translate": "stardust.x12","color": "gray"},{"translate": "stardust.darkium_ingot","color": "gray"},{"text": "\n- x1 ","color": "gray"},{"translate": "stardust.sextuple_compressed_cobblestone","color": "gray"}]},"click_event": {"action": "show_dialog","dialog": "stardust:manual/page_114"}},
				{"text": "0##","hover_event": {"action": "show_text","value": [{"text": ""},[{"text": "","font": "stardust:manual","color": "white"},"\"Q\n","\n","\"",{"text": "$胅"},{"text": "$萸"},{"text": "$萹"},"\n","\"",{"text": "U$"},{"text": "U$"},{"text": "U$"},"\n","\"",{"text": "$萺"},{"text": "$莯"},{"text": "$莰"},"\"\"",{"text": "$$胯"},"\n","\"",{"text": "U$"},{"text": "U$"},{"text": "U$"},"\"\"",{"text": "U$"},"\n","\"",{"text": "$落"},{"text": "$聟"},"\n","\"",{"text": "U$"},{"text": "U$"},"\n"],{"translate": "stardust_fragment_awakened_forge","color": "yellow"},{"text": "\n- x1 ","color": "gray"},{"translate": "stardust.original_stardust_chestplate","color": "gray"},{"text": "\n- x4 ","color": "gray"},{"translate": "stardust.darkium_block","color": "gray"},{"translate": "stardust.x64","color": "gray"},{"translate": "stardust.respawn_anchor","color": "gray"},{"translate": "stardust.x96","color": "gray"},{"translate": "stardust.ink_sac","color": "gray"},{"text": "\n- x6 ","color": "gray"},{"translate": "stardust.ender_dragon_pearl","color": "gray"},{"text": "\n- x8 ","color": "gray"},{"translate": "stardust.awakened_stardust_block","color": "gray"},{"translate": "stardust.x12","color": "gray"},{"translate": "stardust.darkium_ingot","color": "gray"},{"text": "\n- x1 ","color": "gray"},{"translate": "stardust.sextuple_compressed_cobblestone","color": "gray"}]},"click_event": {"action": "show_dialog","dialog": "stardust:manual/page_115"}},
				{"text": "0##","hover_event": {"action": "show_text","value": [{"text": ""},[{"text": "","font": "stardust:manual","color": "white"},"\"Q\n","\n","\"",{"text": "$胇"},{"text": "$萸"},{"text": "$萹"},"\n","\"",{"text": "U$"},{"text": "U$"},{"text": "U$"},"\n","\"",{"text": "$萺"},{"text": "$莯"},{"text": "$莰"},"\"\"",{"text": "$$胱"},"\n","\"",{"text": "U$"},{"text": "U$"},{"text": "U$"},"\"\"",{"text": "U$"},"\n","\"",{"text": "$落"},{"text": "$聟"},"\n","\"",{"text": "U$"},{"text": "U$"},"\n"],{"translate": "stardust_fragment_awakened_forge","color": "yellow"},{"text": "\n- x1 ","color": "gray"},{"translate": "stardust.original_stardust_leggings","color": "gray"},{"text": "\n- x4 ","color": "gray"},{"translate": "stardust.darkium_block","color": "gray"},{"translate": "stardust.x64","color": "gray"},{"translate": "stardust.respawn_anchor","color": "gray"},{"translate": "stardust.x96","color": "gray"},{"translate": "stardust.ink_sac","color": "gray"},{"text": "\n- x6 ","color": "gray"},{"translate": "stardust.ender_dragon_pearl","color": "gray"},{"text": "\n- x8 ","color": "gray"},{"translate": "stardust.awakened_stardust_block","color": "gray"},{"translate": "stardust.x12","color": "gray"},{"translate": "stardust.darkium_ingot","color": "gray"},{"text": "\n- x1 ","color": "gray"},{"translate": "stardust.sextuple_compressed_cobblestone","color": "gray"}]},"click_event": {"action": "show_dialog","dialog": "stardust:manual/page_116"}},
				{"text": "0\n","hover_event": {"action": "show_text","value": [{"text": ""},[{"text": "","font": "stardust:manual","color": "white"},"\"Q\n","\n","\"",{"text": "$胉"},{"text": "$萸"},{"text": "$萹"},"\n","\"",{"text": "U$"},{"text": "U$"},{"text": "U$"},"\n","\"",{"text": "$萺"},{"text": "$莯"},{"text": "$莰"},"\"\"",{"text": "$$胳"},"\n","\"",{"text": "U$"},{"text": "U$"},{"text": "U$"},"\"\"",{"text": "U$"},"\n","\"",{"text": "$落"},{"text": "$聟"},"\n","\"",{"text": "U$"},{"text": "U$"},"\n"],{"translate": "stardust_fragment_awakened_forge","color": "yellow"},{"text": "\n- x1 ","color": "gray"},{"translate": "stardust.original_stardust_boots","color": "gray"},{"text": "\n- x4 ","color": "gray"},{"translate": "stardust.darkium_block","color": "gray"},{"translate": "stardust.x64","color": "gray"},{"translate": "stardust.respawn_anchor","color": "gray"},{"translate": "stardust.x96","color": "gray"},{"translate": "stardust.ink_sac","color": "gray"},{"text": "\n- x6 ","color": "gray"},{"translate": "stardust.ender_dragon_pearl","color": "gray"},{"text": "\n- x8 ","color": "gray"},{"translate": "stardust.awakened_stardust_block","color": "gray"},{"translate": "stardust.x12","color": "gray"},{"translate": "stardust.darkium_ingot","color": "gray"},{"text": "\n- x1 ","color": "gray"},{"translate": "stardust.sextuple_compressed_cobblestone","color": "gray"}]},"click_event": {"action": "show_dialog","dialog": "stardust:manual/page_117"}},
				{"text": "衃##","hover_event": {"action": "show_text","value": [{"text": ""},[{"text": "","font": "stardust:manual","color": "white"},"\"Q\n","\n","\"",{"text": "$胋"},{"text": "$萸"},{"text": "$萹"},"\n","\"",{"text": "U$"},{"text": "U$"},{"text": "U$"},"\n","\"",{"text": "$萺"},{"text": "$莯"},{"text": "$莰"},"\"\"",{"text": "$$胵"},"\n","\"",{"text": "U$"},{"text": "U$"},{"text": "U$"},"\"\"",{"text": "U$"},"\n","\"",{"text": "$落"},{"text": "$聟"},"\n","\"",{"text": "U$"},{"text": "U$"},"\n"],{"translate": "stardust_fragment_awakened_forge","color": "yellow"},{"text": "\n- x1 ","color": "gray"},{"translate": "stardust.original_stardust_sword","color": "gray"},{"text": "\n- x4 ","color": "gray"},{"translate": "stardust.darkium_block","color": "gray"},{"translate": "stardust.x64","color": "gray"},{"translate": "stardust.respawn_anchor","color": "gray"},{"translate": "stardust.x96","color": "gray"},{"translate": "stardust.ink_sac","color": "gray"},{"text": "\n- x6 ","color": "gray"},{"translate": "stardust.ender_dragon_pearl","color": "gray"},{"text": "\n- x8 ","color": "gray"},{"translate": "stardust.awakened_stardust_block","color": "gray"},{"translate": "stardust.x12","color": "gray"},{"translate": "stardust.darkium_ingot","color": "gray"},{"text": "\n- x1 ","color": "gray"},{"translate": "stardust.sextuple_compressed_cobblestone","color": "gray"}]},"click_event": {"action": "show_dialog","dialog": "stardust:manual/page_118"}},
				{"text": "衍##","hover_event": {"action": "show_text","value": [{"text": ""},[{"text": "","font": "stardust:manual","color": "white"},"\"Q\n","\n","\"",{"text": "$胍"},{"text": "$萸"},{"text": "$萹"},"\n","\"",{"text": "U$"},{"text": "U$"},{"text": "U$"},"\n","\"",{"text": "$萺"},{"text": "$莯"},{"text": "$莰"},"\"\"",{"text": "$$胷"},"\n","\"",{"text": "U$"},{"text": "U$"},{"text": "U$"},"\"\"",{"text": "U$"},"\n","\"",{"text": "$落"},{"text": "$聟"},"\n","\"",{"text": "U$"},{"text": "U$"},"\n"],{"translate": "stardust_fragment_awakened_forge","color": "yellow"},{"text": "\n- x1 ","color": "gray"},{"translate": "stardust.original_stardust_pickaxe","color": "gray"},{"text": "\n- x4 ","color": "gray"},{"translate": "stardust.darkium_block","color": "gray"},{"translate": "stardust.x64","color": "gray"},{"translate": "stardust.respawn_anchor","color": "gray"},{"translate": "stardust.x96","color": "gray"},{"translate": "stardust.ink_sac","color": "gray"},{"text": "\n- x6 ","color": "gray"},{"translate": "stardust.ender_dragon_pearl","color": "gray"},{"text": "\n- x8 ","color": "gray"},{"translate": "stardust.awakened_stardust_block","color": "gray"},{"translate": "stardust.x12","color": "gray"},{"translate": "stardust.darkium_ingot","color": "gray"},{"text": "\n- x1 ","color": "gray"},{"translate": "stardust.sextuple_compressed_cobblestone","color": "gray"}]},"click_event": {"action": "show_dialog","dialog": "stardust:manual/page_119"}},
				{"text": "街##","hover_event": {"action": "show_text","value": [{"text": ""},[{"text": "","font": "stardust:manual","color": "white"},"\"Q\n","\n","\"",{"text": "$胏"},{"text": "$萸"},{"text": "$萹"},"\n","\"",{"text": "U$"},{"text": "U$"},{"text": "U$"},"\n","\"",{"text": "$萺"},{"text": "$莯"},{"text": "$莰"},"\"\"",{"text": "$$胹"},"\n","\"",{"text": "U$"},{"text": "U$"},{"text": "U$"},"\"\"",{"text": "U$"},"\n","\"",{"text": "$落"},{"text": "$聟"},"\n","\"",{"text": "U$"},{"text": "U$"},"\n"],{"translate": "stardust_fragment_awakened_forge","color": "yellow"},{"text": "\n- x1 ","color": "gray"},{"translate": "stardust.original_stardust_axe","color": "gray"},{"text": "\n- x4 ","color": "gray"},{"translate": "stardust.darkium_block","color": "gray"},{"translate": "stardust.x64","color": "gray"},{"translate": "stardust.respawn_anchor","color": "gray"},{"translate": "stardust.x96","color": "gray"},{"translate": "stardust.ink_sac","color": "gray"},{"text": "\n- x6 ","color": "gray"},{"translate": "stardust.ender_dragon_pearl","color": "gray"},{"text": "\n- x8 ","color": "gray"},{"translate": "stardust.awakened_stardust_block","color": "gray"},{"translate": "stardust.x12","color": "gray"},{"translate": "stardust.darkium_ingot","color": "gray"},{"text": "\n- x1 ","color": "gray"},{"translate": "stardust.sextuple_compressed_cobblestone","color": "gray"}]},"click_event": {"action": "show_dialog","dialog": "stardust:manual/page_120"}},
				{"text": "衢##","hover_event": {"action": "show_text","value": [{"text": ""},[{"text": "","font": "stardust:manual","color": "white"},"\"Q\n","\n","\"",{"text": "$葽"},{"text": "$葾"},{"text": "$葿"},"\n","\"",{"text": "U$"},{"text": "U$"},{"text": "U$"},"\n","\"",{"text": "$蒀"},{"text": "$能"},{"text": "$蒂"},"\"\"",{"text": "$$胿"},"\n","\"",{"text": "U$"},{"text": "U$"},{"text": "U$"},"\"\"",{"text": "U$"},"\n","\"",{"text": "$蒃"},{"text": "$莰"},{"text": "$蒅"},"\n","\"",{"text": "U$"},{"text": "U$"},{"text": "U$"},"\n"],{"translate": "stardust_fragment_awakened_forge","color": "yellow"},{"translate": "stardust.x64","color": "gray"},{"translate": "stardust.redstone_block","color": "gray"},{"text": "\n- x8 ","color": "gray"},{"translate": "stardust.awakened_stardust_frame","color": "gray"},{"translate": "stardust.x64","color": "gray"},{"translate": "stardust.red_glazed_terracotta","color": "gray"},{"text": "\n- x8 ","color": "gray"},{"translate": "stardust.ender_dragon_pearl","color": "gray"},{"text": "\n- x1 ","color": "gray"},{"translate": "stardust_bow","color": "gray"},{"text": "\n- x8 ","color": "gray"},{"translate": "stardust.sextuple_compressed_cobblestone","color": "gray"},{"translate": "stardust.x64","color": "gray"},{"translate": "stardust.red_nether_bricks","color": "gray"},{"text": "\n- x8 ","color": "gray"},{"translate": "stardust.awakened_stardust_block","color": "gray"},{"translate": "stardust.x64","color": "gray"},{"translate": "stardust.red_mushroom_block","color": "gray"}]},"click_event": {"action": "show_dialog","dialog": "stardust:manual/page_123"}},
				{"text": "衭\n","hover_event": {"action": "show_text","value": [{"text": ""},[{"text": "","font": "stardust:manual","color": "white"},"\"Q\n","\n","\"",{"text": "$葽"},{"text": "$葾"},{"text": "$葿"},"\n","\"",{"text": "U$"},{"text": "U$"},{"text": "U$"},"\n","\"",{"text": "$蒀"},{"text": "$脃"},{"text": "$蒂"},"\"\"",{"text": "$$脅"},"\n","\"",{"text": "U$"},{"text": "U$"},{"text": "U$"},"\"\"",{"text": "U$"},"\n","\"",{"text": "$蒃"},{"text": "$莰"},{"text": "$蒅"},"\n","\"",{"text": "U$"},{"text": "U$"},{"text": "U$"},"\n"],{"translate": "stardust_fragment_awakened_forge","color": "yellow"},{"translate": "stardust.x64","color": "gray"},{"translate": "stardust.redstone_block","color": "gray"},{"text": "\n- x8 ","color": "gray"},{"translate": "stardust.awakened_stardust_frame","color": "gray"},{"translate": "stardust.x64","color": "gray"},{"translate": "stardust.red_glazed_terracotta","color": "gray"},{"text": "\n- x8 ","color": "gray"},{"translate": "stardust.ender_dragon_pearl","color": "gray"},{"text": "\n- x1 ","color": "gray"},{"translate": "stardust_sniper","color": "gray"},{"text": "\n- x8 ","color": "gray"},{"translate": "stardust.sextuple_compressed_cobblestone","color": "gray"},{"translate": "stardust.x64","color": "gray"},{"translate": "stardust.red_nether_bricks","color": "gray"},{"text": "\n- x8 ","color": "gray"},{"translate": "stardust.awakened_stardust_block","color": "gray"},{"translate": "stardust.x64","color": "gray"},{"translate": "stardust.red_mushroom_block","color": "gray"}]},"click_event": {"action": "show_dialog","dialog": "stardust:manual/page_126"}},
				{"text": "0##","hover_event": {"action": "show_text","value": [{"text": ""},[{"text": "","font": "stardust:manual","color": "white"},"\"Q\n","\n","\"",{"text": "$胋"},{"text": "$萸"},{"text": "$萹"},"\n","\"",{"text": "U$"},{"text": "U$"},{"text": "U$"},"\n","\"",{"text": "$萺"},{"text": "$莯"},{"text": "$莰"},"\"\"",{"text": "$$胵"},"\n","\"",{"text": "U$"},{"text": "U$"},{"text": "U$"},"\"\"",{"text": "U$"},"\n","\"",{"text": "$落"},{"text": "$聟"},"\n","\"",{"text": "U$"},{"text": "U$"},"\n"],{"translate": "stardust_fragment_awakened_forge","color": "yellow"},{"text": "\n- x1 ","color": "gray"},{"translate": "stardust.original_stardust_sword","color": "gray"},{"text": "\n- x4 ","color": "gray"},{"translate": "stardust.darkium_block","color": "gray"},{"translate": "stardust.x64","color": "gray"},{"translate": "stardust.respawn_anchor","color": "gray"},{"translate": "stardust.x96","color": "gray"},{"translate": "stardust.ink_sac","color": "gray"},{"text": "\n- x6 ","color": "gray"},{"translate": "stardust.ender_dragon_pearl","color": "gray"},{"text": "\n- x8 ","color": "gray"},{"translate": "stardust.awakened_stardust_block","color": "gray"},{"translate": "stardust.x12","color": "gray"},{"translate": "stardust.darkium_ingot","color": "gray"},{"text": "\n- x1 ","color": "gray"},{"translate": "stardust.sextuple_compressed_cobblestone","color": "gray"}]},"click_event": {"action": "show_dialog","dialog": "stardust:manual/page_118"}},
				{"text": "0##","hover_event": {"action": "show_text","value": [{"text": ""},[{"text": "","font": "stardust:manual","color": "white"},"\"Q\n","\n","\"",{"text": "$胍"},{"text": "$萸"},{"text": "$萹"},"\n","\"",{"text": "U$"},{"text": "U$"},{"text": "U$"},"\n","\"",{"text": "$萺"},{"text": "$莯"},{"text": "$莰"},"\"\"",{"text": "$$胷"},"\n","\"",{"text": "U$"},{"text": "U$"},{"text": "U$"},"\"\"",{"text": "U$"},"\n","\"",{"text": "$落"},{"text": "$聟"},"\n","\"",{"text": "U$"},{"text": "U$"},"\n"],{"translate": "stardust_fragment_awakened_forge","color": "yellow"},{"text": "\n- x1 ","color": "gray"},{"translate": "stardust.original_stardust_pickaxe","color": "gray"},{"text": "\n- x4 ","color": "gray"},{"translate": "stardust.darkium_block","color": "gray"},{"translate": "stardust.x64","color": "gray"},{"translate": "stardust.respawn_anchor","color": "gray"},{"translate": "stardust.x96","color": "gray"},{"translate": "stardust.ink_sac","color": "gray"},{"text": "\n- x6 ","color": "gray"},{"translate": "stardust.ender_dragon_pearl","color": "gray"},{"text": "\n- x8 ","color": "gray"},{"translate": "stardust.awakened_stardust_block","color": "gray"},{"translate": "stardust.x12","color": "gray"},{"translate": "stardust.darkium_ingot","color": "gray"},{"text": "\n- x1 ","color": "gray"},{"translate": "stardust.sextuple_compressed_cobblestone","color": "gray"}]},"click_event": {"action": "show_dialog","dialog": "stardust:manual/page_119"}},
				{"text": "0##","hover_event": {"action": "show_text","value": [{"text": ""},[{"text": "","font": "stardust:manual","color": "white"},"\"Q\n","\n","\"",{"text": "$胏"},{"text": "$萸"},{"text": "$萹"},"\n","\"",{"text": "U$"},{"text": "U$"},{"text": "U$"},"\n","\"",{"text": "$萺"},{"text": "$莯"},{"text": "$莰"},"\"\"",{"text": "$$胹"},"\n","\"",{"text": "U$"},{"text": "U$"},{"text": "U$"},"\"\"",{"text": "U$"},"\n","\"",{"text": "$落"},{"text": "$聟"},"\n","\"",{"text": "U$"},{"text": "U$"},"\n"],{"translate": "stardust_fragment_awakened_forge","color": "yellow"},{"text": "\n- x1 ","color": "gray"},{"translate": "stardust.original_stardust_axe","color": "gray"},{"text": "\n- x4 ","color": "gray"},{"translate": "stardust.darkium_block","color": "gray"},{"translate": "stardust.x64","color": "gray"},{"translate": "stardust.respawn_anchor","color": "gray"},{"translate": "stardust.x96","color": "gray"},{"translate": "stardust.ink_sac","color": "gray"},{"text": "\n- x6 ","color": "gray"},{"translate": "stardust.ender_dragon_pearl","color": "gray"},{"text": "\n- x8 ","color": "gray"},{"translate": "stardust.awakened_stardust_block","color": "gray"},{"translate": "stardust.x12","color": "gray"},{"translate": "stardust.darkium_ingot","color": "gray"},{"text": "\n- x1 ","color": "gray"},{"translate": "stardust.sextuple_compressed_cobblestone","color": "gray"}]},"click_event": {"action": "show_dialog","dialog": "stardust:manual/page_120"}},
				{"text": "0##","hover_event": {"action": "show_text","value": [{"text": ""},[{"text": "","font": "stardust:manual","color": "white"},"\"Q\n","\n","\"",{"text": "$葽"},{"text": "$葾"},{"text": "$葿"},"\n","\"",{"text": "U$"},{"text": "U$"},{"text": "U$"},"\n","\"",{"text": "$蒀"},{"text": "$能"},{"text": "$蒂"},"\"\"",{"text": "$$胿"},"\n","\"",{"text": "U$"},{"text": "U$"},{"text": "U$"},"\"\"",{"text": "U$"},"\n","\"",{"text": "$蒃"},{"text": "$莰"},{"text": "$蒅"},"\n","\"",{"text": "U$"},{"text": "U$"},{"text": "U$"},"\n"],{"translate": "stardust_fragment_awakened_forge","color": "yellow"},{"translate": "stardust.x64","color": "gray"},{"translate": "stardust.redstone_block","color": "gray"},{"text": "\n- x8 ","color": "gray"},{"translate": "stardust.awakened_stardust_frame","color": "gray"},{"translate": "stardust.x64","color": "gray"},{"translate": "stardust.red_glazed_terracotta","color": "gray"},{"text": "\n- x8 ","color": "gray"},{"translate": "stardust.ender_dragon_pearl","color": "gray"},{"text": "\n- x1 ","color": "gray"},{"translate": "stardust_bow","color": "gray"},{"text": "\n- x8 ","color": "gray"},{"translate": "stardust.sextuple_compressed_cobblestone","color": "gray"},{"translate": "stardust.x64","color": "gray"},{"translate": "stardust.red_nether_bricks","color": "gray"},{"text": "\n- x8 ","color": "gray"},{"translate": "stardust.awakened_stardust_block","color": "gray"},{"translate": "stardust.x64","color": "gray"},{"translate": "stardust.red_mushroom_block","color": "gray"}]},"click_event": {"action": "show_dialog","dialog": "stardust:manual/page_123"}},
				{"text": "0","hover_event": {"action": "show_text","value": [{"text": ""},[{"text": "","font": "stardust:manual","color": "white"},"\"Q\n","\n","\"",{"text": "$葽"},{"text": "$葾"},{"text": "$葿"},"\n","\"",{"text": "U$"},{"text": "U$"},{"text": "U$"},"\n","\"",{"text": "$蒀"},{"text": "$脃"},{"text": "$蒂"},"\"\"",{"text": "$$脅"},"\n","\"",{"text": "U$"},{"text": "U$"},{"text": "U$"},"\"\"",{"text": "U$"},"\n","\"",{"text": "$蒃"},{"text": "$莰"},{"text": "$蒅"},"\n","\"",{"text": "U$"},{"text": "U$"},{"text": "U$"},"\n"],{"translate": "stardust_fragment_awakened_forge","color": "yellow"},{"translate": "stardust.x64","color": "gray"},{"translate": "stardust.redstone_block","color": "gray"},{"text": "\n- x8 ","color": "gray"},{"translate": "stardust.awakened_stardust_frame","color": "gray"},{"translate": "stardust.x64","color": "gray"},{"translate": "stardust.red_glazed_terracotta","color": "gray"},{"text": "\n- x8 ","color": "gray"},{"translate": "stardust.ender_dragon_pearl","color": "gray"},{"text": "\n- x1 ","color": "gray"},{"translate": "stardust_sniper","color": "gray"},{"text": "\n- x8 ","color": "gray"},{"translate": "stardust.sextuple_compressed_cobblestone","color": "gray"},{"translate": "stardust.x64","color": "gray"},{"translate": "stardust.red_nether_bricks","color": "gray"},{"text": "\n- x8 ","color": "gray"},{"translate": "stardust.awakened_stardust_block","color": "gray"},{"translate": "stardust.x64","color": "gray"},{"translate": "stardust.red_mushroom_block","color": "gray"}]},"click_event": {"action": "show_dialog","dialog": "stardust:manual/page_126"}},
				"\n\n\n\n\n\n\n\n"
			],
			"width": 140
		}
	]
}
