{
	"type": "minecraft:notice",
	"title": {
		"translate": "stardust.solarium_pickaxe",
		"underlined": true
	},
	"body": [
		{
			"type": "minecraft:plain_message",
			"contents": [
				{"text": "V   ","font": "stardust:manual","color": "white"},
				{"text": "\n   ","click_event": {"action": "show_dialog","dialog": "stardust:manual/page_109"},"hover_event": {"action": "show_text","value": [{"translate": "stardust.go_to_previous_page"}," (109)"]}},
				" ",
				{"text": "   ","click_event": {"action": "show_dialog","dialog": "stardust:manual/page_111"},"hover_event": {"action": "show_text","value": [{"translate": "stardust.go_to_next_page"}," (111)"]}},
				{"text": "\n   ","click_event": {"action": "show_dialog","dialog": "stardust:manual/page_109"},"hover_event": {"action": "show_text","value": [{"translate": "stardust.go_to_previous_page"}," (109)"]}},
				" ",
				{"text": "   ","click_event": {"action": "show_dialog","dialog": "stardust:manual/page_111"},"hover_event": {"action": "show_text","value": [{"translate": "stardust.go_to_next_page"}," (111)"]}}
			],
			"width": 400
		},
		{
			"type": "minecraft:plain_message",
			"contents": [
				{"text": "","font": "stardust:manual","color": "white","shadow_color": [0,0,0,0]},
				"\"$A\n\n\"",
				{"text": "$胍","hover_event": {"action": "show_item","id": "diamond_pickaxe","components": {"custom_data": {"smithed": {"dict": {"tools": {"original_stardust": true,"pickaxe": true}},"ignore": {"functionality": true,"crafting": true}},"stardust": {"original_stardust_pickaxe": true}},"max_damage": 4683,"attribute_modifiers": [{"type": "attack_damage","amount": 12,"operation": "add_value","slot": "mainhand","id": "minecraft:base_attack_damage"},{"type": "attack_speed","amount": -2.8,"operation": "add_value","slot": "mainhand","id": "minecraft:base_attack_speed"},{"type": "mining_efficiency","amount": 2.0,"operation": "add_value","slot": "mainhand","id": "stardust:mining_efficiency.mainhand"}],"item_model": "stardust:original_stardust_pickaxe","item_name": {"translate": "stardust.original_stardust_pickaxe"},"lore": [["",{"text": "I","color": "white","italic": false,"font": "stardust:icons"},{"translate": "stardustfragment","italic": true,"color": "blue"}]]}},"click_event": {"action": "show_dialog","dialog": "stardust:manual/page_96"}},
				{"text": "$菃","hover_event": {"action": "show_item","id": "furnace","components": {"custom_data": {"smithed": {"dict": {"block": {"solarium": true}},"ignore": {"functionality": true,"crafting": true}},"stardust": {"solarium_block": true}},"item_model": "stardust:solarium_block","item_name": {"translate": "stardust.solarium_block"},"lore": [["",{"text": "I","color": "white","italic": false,"font": "stardust:icons"},{"translate": "stardustfragment","italic": true,"color": "blue"}]],"container": [{"slot": 0,"item": {"id": "minecraft:stone","count": 1,"components": {"minecraft:custom_data": {"smithed": {"block": {"id": "stardust:solarium_block","from": "stardust"}}}}}}],"tooltip_display": {"hidden_components": ["minecraft:container"]}}},"click_event": {"action": "show_dialog","dialog": "stardust:manual/page_28"}},
				{"text": "$菄","hover_event": {"action": "show_item","id": "minecraft:orange_candle","components": {}}},
				"  \n\"",
				{"text": "U$","hover_event": {"action": "show_item","id": "diamond_pickaxe","components": {"custom_data": {"smithed": {"dict": {"tools": {"original_stardust": true,"pickaxe": true}},"ignore": {"functionality": true,"crafting": true}},"stardust": {"original_stardust_pickaxe": true}},"max_damage": 4683,"attribute_modifiers": [{"type": "attack_damage","amount": 12,"operation": "add_value","slot": "mainhand","id": "minecraft:base_attack_damage"},{"type": "attack_speed","amount": -2.8,"operation": "add_value","slot": "mainhand","id": "minecraft:base_attack_speed"},{"type": "mining_efficiency","amount": 2.0,"operation": "add_value","slot": "mainhand","id": "stardust:mining_efficiency.mainhand"}],"item_model": "stardust:original_stardust_pickaxe","item_name": {"translate": "stardust.original_stardust_pickaxe"},"lore": [["",{"text": "I","color": "white","italic": false,"font": "stardust:icons"},{"translate": "stardustfragment","italic": true,"color": "blue"}]]}},"click_event": {"action": "show_dialog","dialog": "stardust:manual/page_96"}},
				{"text": "U$","hover_event": {"action": "show_item","id": "furnace","components": {"custom_data": {"smithed": {"dict": {"block": {"solarium": true}},"ignore": {"functionality": true,"crafting": true}},"stardust": {"solarium_block": true}},"item_model": "stardust:solarium_block","item_name": {"translate": "stardust.solarium_block"},"lore": [["",{"text": "I","color": "white","italic": false,"font": "stardust:icons"},{"translate": "stardustfragment","italic": true,"color": "blue"}]],"container": [{"slot": 0,"item": {"id": "minecraft:stone","count": 1,"components": {"minecraft:custom_data": {"smithed": {"block": {"id": "stardust:solarium_block","from": "stardust"}}}}}}],"tooltip_display": {"hidden_components": ["minecraft:container"]}}},"click_event": {"action": "show_dialog","dialog": "stardust:manual/page_28"}},
				{"text": "U$\n","hover_event": {"action": "show_item","id": "minecraft:orange_candle","components": {}}},
				"\"",
				{"text": "$菅","hover_event": {"action": "show_item","id": "minecraft:blaze_powder","components": {}}},
				{"text": "$莀","hover_event": {"action": "show_item","id": "ender_pearl","components": {"item_name": [{"translate": "stardust.ender","italic": false,"color": "dark_aqua"},{"translate": "stardust.dragon_pearl","italic": false,"color": "dark_purple"}],"use_cooldown": {"seconds": 0.25},"item_model": "stardust:ender_dragon_pearl","lore": [["",{"text": "I","color": "white","italic": false,"font": "stardust:icons"},{"translate": "stardustfragment","italic": true,"color": "blue"}]],"custom_data": {"stardust": {"ender_dragon_pearl": true},"smithed": {"ignore": {"functionality": true,"crafting": true}}}}},"click_event": {"action": "show_dialog","dialog": "stardust:manual/page_33"}},
				{"text": "$莁","hover_event": {"action": "show_item","id": "furnace","components": {"custom_data": {"smithed": {"dict": {"block": {"awakened_stardust": true}},"ignore": {"functionality": true,"crafting": true}},"stardust": {"awakened_stardust_block": true}},"item_model": "stardust:awakened_stardust_block","item_name": {"translate": "stardust.awakened_stardust_block"},"lore": [["",{"text": "I","color": "white","italic": false,"font": "stardust:icons"},{"translate": "stardustfragment","italic": true,"color": "blue"}]],"container": [{"slot": 0,"item": {"id": "minecraft:stone","count": 1,"components": {"minecraft:custom_data": {"smithed": {"block": {"id": "stardust:awakened_stardust_block","from": "stardust"}}}}}}],"tooltip_display": {"hidden_components": ["minecraft:container"]}}},"click_event": {"action": "show_dialog","dialog": "stardust:manual/page_21"}},
				"\"\"",
				{"text": "$$胩","hover_event": {"action": "show_item","id": "netherite_pickaxe","components": {"custom_data": {"smithed": {"dict": {"tools": {"solarium": true,"pickaxe": true}},"ignore": {"functionality": true,"crafting": true}},"stardust": {"solarium_pickaxe": true}},"max_damage": 7805,"attribute_modifiers": [{"type": "attack_damage","amount": 20,"operation": "add_value","slot": "mainhand","id": "minecraft:base_attack_damage"},{"type": "attack_speed","amount": -2.8,"operation": "add_value","slot": "mainhand","id": "minecraft:base_attack_speed"},{"type": "mining_efficiency","amount": 3.0,"operation": "add_value","slot": "mainhand","id": "stardust:mining_efficiency.mainhand"}],"item_model": "stardust:solarium_pickaxe","item_name": {"translate": "stardust.solarium_pickaxe"},"lore": [["",{"text": "I","color": "white","italic": false,"font": "stardust:icons"},{"translate": "stardustfragment","italic": true,"color": "blue"}]]}}},
				"#$\n\"",
				{"text": "U$","hover_event": {"action": "show_item","id": "minecraft:blaze_powder","components": {}}},
				{"text": "U$","hover_event": {"action": "show_item","id": "ender_pearl","components": {"item_name": [{"translate": "stardust.ender","italic": false,"color": "dark_aqua"},{"translate": "stardust.dragon_pearl","italic": false,"color": "dark_purple"}],"use_cooldown": {"seconds": 0.25},"item_model": "stardust:ender_dragon_pearl","lore": [["",{"text": "I","color": "white","italic": false,"font": "stardust:icons"},{"translate": "stardustfragment","italic": true,"color": "blue"}]],"custom_data": {"stardust": {"ender_dragon_pearl": true},"smithed": {"ignore": {"functionality": true,"crafting": true}}}}},"click_event": {"action": "show_dialog","dialog": "stardust:manual/page_33"}},
				{"text": "U$","hover_event": {"action": "show_item","id": "furnace","components": {"custom_data": {"smithed": {"dict": {"block": {"awakened_stardust": true}},"ignore": {"functionality": true,"crafting": true}},"stardust": {"awakened_stardust_block": true}},"item_model": "stardust:awakened_stardust_block","item_name": {"translate": "stardust.awakened_stardust_block"},"lore": [["",{"text": "I","color": "white","italic": false,"font": "stardust:icons"},{"translate": "stardustfragment","italic": true,"color": "blue"}]],"container": [{"slot": 0,"item": {"id": "minecraft:stone","count": 1,"components": {"minecraft:custom_data": {"smithed": {"block": {"id": "stardust:awakened_stardust_block","from": "stardust"}}}}}}],"tooltip_display": {"hidden_components": ["minecraft:container"]}}},"click_event": {"action": "show_dialog","dialog": "stardust:manual/page_21"}},
				"\"\"",
				{"text": "U$","hover_event": {"action": "show_item","id": "netherite_pickaxe","components": {"custom_data": {"smithed": {"dict": {"tools": {"solarium": true,"pickaxe": true}},"ignore": {"functionality": true,"crafting": true}},"stardust": {"solarium_pickaxe": true}},"max_damage": 7805,"attribute_modifiers": [{"type": "attack_damage","amount": 20,"operation": "add_value","slot": "mainhand","id": "minecraft:base_attack_damage"},{"type": "attack_speed","amount": -2.8,"operation": "add_value","slot": "mainhand","id": "minecraft:base_attack_speed"},{"type": "mining_efficiency","amount": 3.0,"operation": "add_value","slot": "mainhand","id": "stardust:mining_efficiency.mainhand"}],"item_model": "stardust:solarium_pickaxe","item_name": {"translate": "stardust.solarium_pickaxe"},"lore": [["",{"text": "I","color": "white","italic": false,"font": "stardust:icons"},{"translate": "stardustfragment","italic": true,"color": "blue"}]]}}},
				"#$\n\"",
				{"text": "$菈","hover_event": {"action": "show_item","id": "command_block","components": {"custom_data": {"smithed": {"dict": {"ingot": {"solarium": true}},"ignore": {"functionality": true,"crafting": true}},"stardust": {"solarium_ingot": true}},"item_model": "stardust:solarium_ingot","item_name": {"translate": "stardust.solarium_ingot"},"lore": [["",{"text": "I","color": "white","italic": false,"font": "stardust:icons"},{"translate": "stardustfragment","italic": true,"color": "blue"}]]}},"click_event": {"action": "show_dialog","dialog": "stardust:manual/page_27"}},
				{"text": "$聟","hover_event": {"action": "show_item","id": "furnace","components": {"lore": [{"translate": "stardust.equivalent_to_531441_cobblestones","color": "gray","italic": false},["",{"text": "I","color": "white","italic": false,"font": "stardust:icons"},{"translate": "stardustfragment","italic": true,"color": "blue"}]],"item_model": "stardust:sextuple_compressed_cobblestone","item_name": {"translate": "stardust.sextuple_compressed_cobblestone"},"custom_data": {"stardust": {"sextuple_compressed_cobblestone": true},"smithed": {"ignore": {"functionality": true,"crafting": true}}},"container": [{"slot": 0,"item": {"id": "minecraft:stone","count": 1,"components": {"minecraft:custom_data": {"smithed": {"block": {"id": "stardust:sextuple_compressed_cobblestone","from": "stardust"}}}}}}],"tooltip_display": {"hidden_components": ["minecraft:container"]}}},"click_event": {"action": "show_dialog","dialog": "stardust:manual/page_41"}},
				"U$  \n\"",
				{"text": "U$","hover_event": {"action": "show_item","id": "command_block","components": {"custom_data": {"smithed": {"dict": {"ingot": {"solarium": true}},"ignore": {"functionality": true,"crafting": true}},"stardust": {"solarium_ingot": true}},"item_model": "stardust:solarium_ingot","item_name": {"translate": "stardust.solarium_ingot"},"lore": [["",{"text": "I","color": "white","italic": false,"font": "stardust:icons"},{"translate": "stardustfragment","italic": true,"color": "blue"}]]}},"click_event": {"action": "show_dialog","dialog": "stardust:manual/page_27"}},
				{"text": "U$\n\n","hover_event": {"action": "show_item","id": "furnace","components": {"lore": [{"translate": "stardust.equivalent_to_531441_cobblestones","color": "gray","italic": false},["",{"text": "I","color": "white","italic": false,"font": "stardust:icons"},{"translate": "stardustfragment","italic": true,"color": "blue"}]],"item_model": "stardust:sextuple_compressed_cobblestone","item_name": {"translate": "stardust.sextuple_compressed_cobblestone"},"custom_data": {"stardust": {"sextuple_compressed_cobblestone": true},"smithed": {"ignore": {"functionality": true,"crafting": true}}},"container": [{"slot": 0,"item": {"id": "minecraft:stone","count": 1,"components": {"minecraft:custom_data": {"smithed": {"block": {"id": "stardust:sextuple_compressed_cobblestone","from": "stardust"}}}}}}],"tooltip_display": {"hidden_components": ["minecraft:container"]}}},"click_event": {"action": "show_dialog","dialog": "stardust:manual/page_41"}},
				{"text": "1##","hover_event": {"action": "show_text","value": [{"translate": "stardust.solarium_equipment","color": "yellow"},{"translate": "stardust.compared_to_regular_netherite_equipment","color": "gray"},{"translate": "stardust.durability_has_been_increased_by_x3_8","color": "gray"},{"translate": "stardust.attack_damage_has_been_increased_by_16_0","color": "gray"},{"translate": "stardust.20_0_points","color": "white"},{"translate": "stardust.mining_efficiency_has_been_increased_by_3_0","color": "gray"}]}},
				{"text": "2\n","hover_event": {"action": "show_text","value": [{"text": ""},[{"text": "","font": "stardust:manual","color": "white"},"\"Q\n","\n","\"",{"text": "$胍"},{"text": "$菃"},{"text": "$菄"},"\n","\"",{"text": "U$"},{"text": "U$"},{"text": "U$"},"\n","\"",{"text": "$菅"},{"text": "$莀"},{"text": "$莁"},"\"\"",{"text": "$$胩"},"\n","\"",{"text": "U$"},{"text": "U$"},{"text": "U$"},"\"\"",{"text": "U$"},"\n","\"",{"text": "$菈"},{"text": "$聟"},"\n","\"",{"text": "U$"},{"text": "U$"},"\n"],{"translate": "stardust_fragment_awakened_forge","color": "yellow"},{"text": "\n- x1 ","color": "gray"},{"translate": "stardust.original_stardust_pickaxe","color": "gray"},{"text": "\n- x4 ","color": "gray"},{"translate": "stardust.solarium_block","color": "gray"},{"translate": "stardust.x64","color": "gray"},{"translate": "stardust.orange_candle","color": "gray"},{"translate": "stardust.x128","color": "gray"},{"translate": "stardust.blaze_powder","color": "gray"},{"text": "\n- x6 ","color": "gray"},{"translate": "stardust.ender_dragon_pearl","color": "gray"},{"text": "\n- x8 ","color": "gray"},{"translate": "stardust.awakened_stardust_block","color": "gray"},{"translate": "stardust.x12","color": "gray"},{"translate": "stardust.solarium_ingot","color": "gray"},{"text": "\n- x1 ","color": "gray"},{"translate": "stardust.sextuple_compressed_cobblestone","color": "gray"}]}},
				{"text": "0##","hover_event": {"action": "show_text","value": [{"translate": "stardust.solarium_equipment","color": "yellow"},{"translate": "stardust.compared_to_regular_netherite_equipment","color": "gray"},{"translate": "stardust.durability_has_been_increased_by_x3_8","color": "gray"},{"translate": "stardust.attack_damage_has_been_increased_by_16_0","color": "gray"},{"translate": "stardust.20_0_points","color": "white"},{"translate": "stardust.mining_efficiency_has_been_increased_by_3_0","color": "gray"}]}},
				{"text": "0","hover_event": {"action": "show_text","value": [{"text": ""},[{"text": "","font": "stardust:manual","color": "white"},"\"Q\n","\n","\"",{"text": "$胍"},{"text": "$菃"},{"text": "$菄"},"\n","\"",{"text": "U$"},{"text": "U$"},{"text": "U$"},"\n","\"",{"text": "$菅"},{"text": "$莀"},{"text": "$莁"},"\"\"",{"text": "$$胩"},"\n","\"",{"text": "U$"},{"text": "U$"},{"text": "U$"},"\"\"",{"text": "U$"},"\n","\"",{"text": "$菈"},{"text": "$聟"},"\n","\"",{"text": "U$"},{"text": "U$"},"\n"],{"translate": "stardust_fragment_awakened_forge","color": "yellow"},{"text": "\n- x1 ","color": "gray"},{"translate": "stardust.original_stardust_pickaxe","color": "gray"},{"text": "\n- x4 ","color": "gray"},{"translate": "stardust.solarium_block","color": "gray"},{"translate": "stardust.x64","color": "gray"},{"translate": "stardust.orange_candle","color": "gray"},{"translate": "stardust.x128","color": "gray"},{"translate": "stardust.blaze_powder","color": "gray"},{"text": "\n- x6 ","color": "gray"},{"translate": "stardust.ender_dragon_pearl","color": "gray"},{"text": "\n- x8 ","color": "gray"},{"translate": "stardust.awakened_stardust_block","color": "gray"},{"translate": "stardust.x12","color": "gray"},{"translate": "stardust.solarium_ingot","color": "gray"},{"text": "\n- x1 ","color": "gray"},{"translate": "stardust.sextuple_compressed_cobblestone","color": "gray"}]}},
				"\n\n\n\n\n\n\n\n\n\n\n\n\n\n\n"
			],
			"width": 140
		}
	]
}
