{
	"type": "minecraft:notice",
	"title": [
		{
			"sprite": "stardust:item/damage_artifact_lv1",
			"atlas": "minecraft:items",
			"shadow_color": [
				0,
				0,
				0,
				0
			]
		},
		" ",
		{
			"translate": "stardust.damage_artifact_lv1",
			"underlined": true
		},
		" ",
		{
			"sprite": "stardust:item/damage_artifact_lv1",
			"atlas": "minecraft:items",
			"shadow_color": [
				0,
				0,
				0,
				0
			]
		}
	],
	"body": [
		{
			"type": "minecraft:plain_message",
			"contents": [
				{"text": "V   ","font": "stardust:manual","color": "white"},
				{"text": "\n   ","click_event": {"action": "show_dialog","dialog": "stardust:manual/page_131"},"hover_event": {"action": "show_text","value": [{"translate": "stardust.go_to_previous_page"}," (131)"]}},
				" ",
				{"text": "   ","click_event": {"action": "show_dialog","dialog": "stardust:manual/page_133"},"hover_event": {"action": "show_text","value": [{"translate": "stardust.go_to_next_page"}," (133)"]}},
				{"text": "\n   ","click_event": {"action": "show_dialog","dialog": "stardust:manual/page_131"},"hover_event": {"action": "show_text","value": [{"translate": "stardust.go_to_previous_page"}," (131)"]}},
				" ",
				{"text": "   ","click_event": {"action": "show_dialog","dialog": "stardust:manual/page_133"},"hover_event": {"action": "show_text","value": [{"translate": "stardust.go_to_next_page"}," (133)"]}}
			],
			"width": 400
		},
		{
			"type": "minecraft:plain_message",
			"contents": [
				{"text": "","font": "stardust:manual","color": "white","shadow_color": [0,0,0,0]},
				"Ⴂ\n",
				{"text": "  \n  \n  \n  \n\n","hover_event": {"action": "show_item","id": "command_block","components": {"item_name": {"translate": "stardust.damage_artifact_lv_1"},"rarity": "rare","lore": [{"translate": "stardust.hold_in_any_hand_to_get_the_damage_effect","color": "gray","italic": false},{"translate": "stardust.10_damage","color": "gray","italic": false},["",{"text": "I","color": "white","italic": false,"font": "stardust:icons"},{"translate": "stardustfragment","italic": true,"color": "blue"}]],"attribute_modifiers": [{"type": "attack_damage","amount": 0.1,"operation": "add_multiplied_total","slot": "hand","id": "stardust:base_attack_damage"}],"item_model": "stardust:damage_artifact_lv1","custom_data": {"stardust": {"damage_artifact_lv1": true},"smithed": {"ignore": {"functionality": true,"crafting": true}}}}},"click_event": {"action": "show_dialog","dialog": "stardust:manual/page_132"}},
				{"text": "1##","hover_event": {"action": "show_text","value": [{"translate": "stardust.lv_1_damage_artifact","color": "yellow"},{"text": "\nHold in any hand to get the damage effect","color": "gray"},{"text": "\n[+10% Damage]","color": "gray"},{"translate": "stardust.can_be_obtained_from_lucky_artifact_bags_only","color": "gray"}]}},
				{"text": "邾\n","hover_event": {"action": "show_text","value": [{"text": ""},[{"text": "","font": "stardust:manual","color": "white"},"\"E\n","\"",{"text": "$脑"},{"text": "$脑"},"\n","\"",{"text": "U$"},{"text": "U$"},"U$",{"text": "$$脓"},"\n\"","U$U$U$",{"text": "U$"},"\n","\n"],{"text": "\n- x2 ","color": "gray"},{"translate": "stardust.damage_artifact_lv_1","color": "gray"}]},"click_event": {"action": "show_dialog","dialog": "stardust:manual/page_133"}},
				{"text": "0##","hover_event": {"action": "show_text","value": [{"translate": "stardust.lv_1_damage_artifact","color": "yellow"},{"text": "\nHold in any hand to get the damage effect","color": "gray"},{"text": "\n[+10% Damage]","color": "gray"},{"translate": "stardust.can_be_obtained_from_lucky_artifact_bags_only","color": "gray"}]}},
				{"text": "0","hover_event": {"action": "show_text","value": [{"text": ""},[{"text": "","font": "stardust:manual","color": "white"},"\"E\n","\"",{"text": "$脑"},{"text": "$脑"},"\n","\"",{"text": "U$"},{"text": "U$"},"U$",{"text": "$$脓"},"\n\"","U$U$U$",{"text": "U$"},"\n","\n"],{"text": "\n- x2 ","color": "gray"},{"translate": "stardust.damage_artifact_lv_1","color": "gray"}]},"click_event": {"action": "show_dialog","dialog": "stardust:manual/page_133"}},
				"\n\n\n\n\n\n\n\n\n\n\n\n\n\n\n\n\n\n"
			],
			"width": 140
		}
	]
}
