{
	"type": "minecraft:notice",
	"title": {
		"translate": "stardust.awakened_stardust_furnace_generator",
		"underlined": true
	},
	"body": [
		{
			"type": "minecraft:plain_message",
			"contents": [
				{"text": "V   ","font": "stardust:manual","color": "white"},
				{"text": "\n   ","click_event": {"action": "show_dialog","dialog": "stardust:manual/page_84"},"hover_event": {"action": "show_text","value": [{"translate": "stardust.go_to_previous_page"}," (84)"]}},
				" ",
				{"text": "   ","click_event": {"action": "show_dialog","dialog": "stardust:manual/page_86"},"hover_event": {"action": "show_text","value": [{"translate": "stardust.go_to_next_page"}," (86)"]}},
				{"text": "\n   ","click_event": {"action": "show_dialog","dialog": "stardust:manual/page_84"},"hover_event": {"action": "show_text","value": [{"translate": "stardust.go_to_previous_page"}," (84)"]}},
				" ",
				{"text": "   ","click_event": {"action": "show_dialog","dialog": "stardust:manual/page_86"},"hover_event": {"action": "show_text","value": [{"translate": "stardust.go_to_next_page"}," (86)"]}}
			],
			"width": 400
		},
		{
			"type": "minecraft:plain_message",
			"contents": [
				{"text": "","font": "stardust:manual","color": "white","shadow_color": [0,0,0,0]},
				"\"$6\n\"",
				{"text": "$聧$聧$聧","hover_event": {"action": "show_item","id": "furnace","components": {"item_model": "stardust:awakened_stardust_frame","item_name": {"translate": "stardust.awakened_stardust_frame"},"lore": [["",{"text": "I","color": "white","italic": false,"font": "stardust:icons"},{"translate": "stardustfragment","italic": true,"color": "blue"}]],"custom_data": {"stardust": {"awakened_stardust_frame": true},"smithed": {"ignore": {"functionality": true,"crafting": true}}},"container": [{"slot": 0,"item": {"id": "minecraft:stone","count": 1,"components": {"minecraft:custom_data": {"smithed": {"block": {"id": "stardust:awakened_stardust_frame","from": "stardust"}}}}}}],"tooltip_display": {"hidden_components": ["minecraft:container"]}}},"click_event": {"action": "show_dialog","dialog": "stardust:manual/page_47"}},
				"  \n\"",
				{"translate": "stardust.uuu","hover_event": {"action": "show_item","id": "furnace","components": {"item_model": "stardust:awakened_stardust_frame","item_name": {"translate": "stardust.awakened_stardust_frame"},"lore": [["",{"text": "I","color": "white","italic": false,"font": "stardust:icons"},{"translate": "stardustfragment","italic": true,"color": "blue"}]],"custom_data": {"stardust": {"awakened_stardust_frame": true},"smithed": {"ignore": {"functionality": true,"crafting": true}}},"container": [{"slot": 0,"item": {"id": "minecraft:stone","count": 1,"components": {"minecraft:custom_data": {"smithed": {"block": {"id": "stardust:awakened_stardust_frame","from": "stardust"}}}}}}],"tooltip_display": {"hidden_components": ["minecraft:container"]}}},"click_event": {"action": "show_dialog","dialog": "stardust:manual/page_47"}},
				"  \n\"",
				{"text": "$聏","hover_event": {"action": "show_item","id": "ender_pearl","components": {"item_name": [{"translate": "stardust.ender","italic": false,"color": "dark_aqua"},{"translate": "stardust.dragon_pearl","italic": false,"color": "dark_purple"}],"use_cooldown": {"seconds": 0.25},"item_model": "stardust:ender_dragon_pearl","lore": [["",{"text": "I","color": "white","italic": false,"font": "stardust:icons"},{"translate": "stardustfragment","italic": true,"color": "blue"}]],"custom_data": {"stardust": {"ender_dragon_pearl": true},"smithed": {"ignore": {"functionality": true,"crafting": true}}}}},"click_event": {"action": "show_dialog","dialog": "stardust:manual/page_35"}},
				{"text": "$肱","hover_event": {"action": "show_item","id": "furnace","components": {"custom_data": {"energy": {"generation": 40,"max_storage": 1600},"stardust": {"stardust_furnace_generator": true},"smithed": {"ignore": {"functionality": true,"crafting": true}}},"item_name": {"translate": "stardust_furnace_generator","italic": false,"color": "white"},"lore": [{"translate": "stardust.energy_generation_40_kw","italic": false,"color": "gray"},{"translate": "stardust.energy_buffer_1600_kj","italic": false,"color": "gray"},["",{"text": "I","color": "white","italic": false,"font": "stardust:icons"},{"translate": "stardustfragment","italic": true,"color": "blue"}]],"item_model": "stardust:stardust_furnace_generator","container": [{"slot": 0,"item": {"id": "minecraft:stone","count": 1,"components": {"minecraft:custom_data": {"smithed": {"block": {"id": "stardust:stardust_furnace_generator","from": "stardust"}}}}}}],"tooltip_display": {"hidden_components": ["minecraft:container"]}}},"click_event": {"action": "show_dialog","dialog": "stardust:manual/page_84"}},
				{"text": "$聏","hover_event": {"action": "show_item","id": "ender_pearl","components": {"item_name": [{"translate": "stardust.ender","italic": false,"color": "dark_aqua"},{"translate": "stardust.dragon_pearl","italic": false,"color": "dark_purple"}],"use_cooldown": {"seconds": 0.25},"item_model": "stardust:ender_dragon_pearl","lore": [["",{"text": "I","color": "white","italic": false,"font": "stardust:icons"},{"translate": "stardustfragment","italic": true,"color": "blue"}]],"custom_data": {"stardust": {"ender_dragon_pearl": true},"smithed": {"ignore": {"functionality": true,"crafting": true}}}}},"click_event": {"action": "show_dialog","dialog": "stardust:manual/page_35"}},
				"\"\"",
				{"text": "$$肳","hover_event": {"action": "show_item","id": "furnace","components": {"custom_data": {"energy": {"generation": 80,"max_storage": 1600},"stardust": {"awakened_stardust_furnace_generator": true},"smithed": {"ignore": {"functionality": true,"crafting": true}}},"item_name": {"translate": "stardust.awakened_furnace_generator","italic": false,"color": "white"},"lore": [{"translate": "stardust.energy_generation_80_kw","italic": false,"color": "gray"},{"translate": "stardust.energy_buffer_1600_kj","italic": false,"color": "gray"},["",{"text": "I","color": "white","italic": false,"font": "stardust:icons"},{"translate": "stardustfragment","italic": true,"color": "blue"}]],"item_model": "stardust:awakened_stardust_furnace_generator","container": [{"slot": 0,"item": {"id": "minecraft:stone","count": 1,"components": {"minecraft:custom_data": {"smithed": {"block": {"id": "stardust:awakened_stardust_furnace_generator","from": "stardust"}}}}}}],"tooltip_display": {"hidden_components": ["minecraft:container"]}}}},
				"#$\n\"",
				{"text": "U$","hover_event": {"action": "show_item","id": "ender_pearl","components": {"item_name": [{"translate": "stardust.ender","italic": false,"color": "dark_aqua"},{"translate": "stardust.dragon_pearl","italic": false,"color": "dark_purple"}],"use_cooldown": {"seconds": 0.25},"item_model": "stardust:ender_dragon_pearl","lore": [["",{"text": "I","color": "white","italic": false,"font": "stardust:icons"},{"translate": "stardustfragment","italic": true,"color": "blue"}]],"custom_data": {"stardust": {"ender_dragon_pearl": true},"smithed": {"ignore": {"functionality": true,"crafting": true}}}}},"click_event": {"action": "show_dialog","dialog": "stardust:manual/page_35"}},
				{"text": "U$","hover_event": {"action": "show_item","id": "furnace","components": {"custom_data": {"energy": {"generation": 40,"max_storage": 1600},"stardust": {"stardust_furnace_generator": true},"smithed": {"ignore": {"functionality": true,"crafting": true}}},"item_name": {"translate": "stardust_furnace_generator","italic": false,"color": "white"},"lore": [{"translate": "stardust.energy_generation_40_kw","italic": false,"color": "gray"},{"translate": "stardust.energy_buffer_1600_kj","italic": false,"color": "gray"},["",{"text": "I","color": "white","italic": false,"font": "stardust:icons"},{"translate": "stardustfragment","italic": true,"color": "blue"}]],"item_model": "stardust:stardust_furnace_generator","container": [{"slot": 0,"item": {"id": "minecraft:stone","count": 1,"components": {"minecraft:custom_data": {"smithed": {"block": {"id": "stardust:stardust_furnace_generator","from": "stardust"}}}}}}],"tooltip_display": {"hidden_components": ["minecraft:container"]}}},"click_event": {"action": "show_dialog","dialog": "stardust:manual/page_84"}},
				{"text": "U$","hover_event": {"action": "show_item","id": "ender_pearl","components": {"item_name": [{"translate": "stardust.ender","italic": false,"color": "dark_aqua"},{"translate": "stardust.dragon_pearl","italic": false,"color": "dark_purple"}],"use_cooldown": {"seconds": 0.25},"item_model": "stardust:ender_dragon_pearl","lore": [["",{"text": "I","color": "white","italic": false,"font": "stardust:icons"},{"translate": "stardustfragment","italic": true,"color": "blue"}]],"custom_data": {"stardust": {"ender_dragon_pearl": true},"smithed": {"ignore": {"functionality": true,"crafting": true}}}}},"click_event": {"action": "show_dialog","dialog": "stardust:manual/page_35"}},
				"\"\"",
				{"text": "U$","hover_event": {"action": "show_item","id": "furnace","components": {"custom_data": {"energy": {"generation": 80,"max_storage": 1600},"stardust": {"awakened_stardust_furnace_generator": true},"smithed": {"ignore": {"functionality": true,"crafting": true}}},"item_name": {"translate": "stardust.awakened_furnace_generator","italic": false,"color": "white"},"lore": [{"translate": "stardust.energy_generation_80_kw","italic": false,"color": "gray"},{"translate": "stardust.energy_buffer_1600_kj","italic": false,"color": "gray"},["",{"text": "I","color": "white","italic": false,"font": "stardust:icons"},{"translate": "stardustfragment","italic": true,"color": "blue"}]],"item_model": "stardust:awakened_stardust_furnace_generator","container": [{"slot": 0,"item": {"id": "minecraft:stone","count": 1,"components": {"minecraft:custom_data": {"smithed": {"block": {"id": "stardust:awakened_stardust_furnace_generator","from": "stardust"}}}}}}],"tooltip_display": {"hidden_components": ["minecraft:container"]}}}},
				"#$\n\"",
				{"text": "$耷$耷$耷","hover_event": {"action": "show_item","id": "furnace","components": {"custom_data": {"smithed": {"dict": {"block": {"awakened_stardust": true}},"ignore": {"functionality": true,"crafting": true}},"stardust": {"awakened_stardust_block": true}},"item_model": "stardust:awakened_stardust_block","item_name": {"translate": "stardust.awakened_stardust_block"},"lore": [["",{"text": "I","color": "white","italic": false,"font": "stardust:icons"},{"translate": "stardustfragment","italic": true,"color": "blue"}]],"container": [{"slot": 0,"item": {"id": "minecraft:stone","count": 1,"components": {"minecraft:custom_data": {"smithed": {"block": {"id": "stardust:awakened_stardust_block","from": "stardust"}}}}}}],"tooltip_display": {"hidden_components": ["minecraft:container"]}}},"click_event": {"action": "show_dialog","dialog": "stardust:manual/page_23"}},
				"  \n\"",
				{"translate": "stardust.uuu","hover_event": {"action": "show_item","id": "furnace","components": {"custom_data": {"smithed": {"dict": {"block": {"awakened_stardust": true}},"ignore": {"functionality": true,"crafting": true}},"stardust": {"awakened_stardust_block": true}},"item_model": "stardust:awakened_stardust_block","item_name": {"translate": "stardust.awakened_stardust_block"},"lore": [["",{"text": "I","color": "white","italic": false,"font": "stardust:icons"},{"translate": "stardustfragment","italic": true,"color": "blue"}]],"container": [{"slot": 0,"item": {"id": "minecraft:stone","count": 1,"components": {"minecraft:custom_data": {"smithed": {"block": {"id": "stardust:awakened_stardust_block","from": "stardust"}}}}}}],"tooltip_display": {"hidden_components": ["minecraft:container"]}}},"click_event": {"action": "show_dialog","dialog": "stardust:manual/page_23"}},
				"  \n\n",
				{"text": "1##","hover_event": {"action": "show_text","value": [{"translate": "stardust.top_tier_furnace_generator_with_awakened_stardust","color": "yellow"},{"translate": "stardust.generates_80_kw_when_supplied_with_fuel","color": "gray"},{"text": "\nEnergy buffer: 1600 kJ","color": "gray"},{"translate": "stardust.maximum_efficiency_furnace_generator","color": "gray"}]}},
				{"text": "2##","hover_event": {"action": "show_text","value": [{"text": ""},[{"text": "","font": "stardust:manual","color": "white"},"\"F\n","\"",{"text": "$聧"},{"text": "$聧"},{"text": "$聧"},"\n","\"",{"text": "U$"},{"text": "U$"},{"text": "U$"},"\n","\"",{"text": "$聏"},{"text": "$肱"},{"text": "$聏"},"\"\"",{"text": "$$肳"},"\n","\"",{"text": "U$"},{"text": "U$"},{"text": "U$"},"\"\"",{"text": "U$"},"\n","\"",{"text": "$耷"},{"text": "$耷"},{"text": "$耷"},"\n","\"",{"text": "U$"},{"text": "U$"},{"text": "U$"},"\n"],{"text": "\n- x3 ","color": "gray"},{"translate": "stardust.awakened_stardust_frame","color": "gray"},{"text": "\n- x2 ","color": "gray"},{"translate": "stardust.ender_dragon_pearl","color": "gray"},{"text": "\n- x1 ","color": "gray"},{"translate": "stardust_furnace_generator","color": "gray"},{"text": "\n- x3 ","color": "gray"},{"translate": "stardust.awakened_stardust_block","color": "gray"}]}},
				{"text": "2\n","hover_event": {"action": "show_text","value": [{"text": ""},[{"text": "","font": "stardust:manual","color": "white"},"\"F\n","\"",{"text": "$耷"},{"text": "$耷"},{"text": "$耷"},"\n","\"",{"text": "U$"},{"text": "U$"},{"text": "U$"},"\n","\"",{"text": "$聏"},{"text": "$肱"},{"text": "$聏"},"\"\"",{"text": "$$肳"},"\n","\"",{"text": "U$"},{"text": "U$"},{"text": "U$"},"\"\"",{"text": "U$"},"\n","\"",{"text": "$聧"},{"text": "$聧"},{"text": "$聧"},"\n","\"",{"text": "U$"},{"text": "U$"},{"text": "U$"},"\n"],{"text": "\n- x3 ","color": "gray"},{"translate": "stardust.awakened_stardust_frame","color": "gray"},{"text": "\n- x2 ","color": "gray"},{"translate": "stardust.ender_dragon_pearl","color": "gray"},{"text": "\n- x1 ","color": "gray"},{"translate": "stardust_furnace_generator","color": "gray"},{"text": "\n- x3 ","color": "gray"},{"translate": "stardust.awakened_stardust_block","color": "gray"}]}},
				{"text": "0##","hover_event": {"action": "show_text","value": [{"translate": "stardust.top_tier_furnace_generator_with_awakened_stardust","color": "yellow"},{"translate": "stardust.generates_80_kw_when_supplied_with_fuel","color": "gray"},{"text": "\nEnergy buffer: 1600 kJ","color": "gray"},{"translate": "stardust.maximum_efficiency_furnace_generator","color": "gray"}]}},
				{"text": "0##","hover_event": {"action": "show_text","value": [{"text": ""},[{"text": "","font": "stardust:manual","color": "white"},"\"F\n","\"",{"text": "$聧"},{"text": "$聧"},{"text": "$聧"},"\n","\"",{"text": "U$"},{"text": "U$"},{"text": "U$"},"\n","\"",{"text": "$聏"},{"text": "$肱"},{"text": "$聏"},"\"\"",{"text": "$$肳"},"\n","\"",{"text": "U$"},{"text": "U$"},{"text": "U$"},"\"\"",{"text": "U$"},"\n","\"",{"text": "$耷"},{"text": "$耷"},{"text": "$耷"},"\n","\"",{"text": "U$"},{"text": "U$"},{"text": "U$"},"\n"],{"text": "\n- x3 ","color": "gray"},{"translate": "stardust.awakened_stardust_frame","color": "gray"},{"text": "\n- x2 ","color": "gray"},{"translate": "stardust.ender_dragon_pearl","color": "gray"},{"text": "\n- x1 ","color": "gray"},{"translate": "stardust_furnace_generator","color": "gray"},{"text": "\n- x3 ","color": "gray"},{"translate": "stardust.awakened_stardust_block","color": "gray"}]}},
				{"text": "0","hover_event": {"action": "show_text","value": [{"text": ""},[{"text": "","font": "stardust:manual","color": "white"},"\"F\n","\"",{"text": "$耷"},{"text": "$耷"},{"text": "$耷"},"\n","\"",{"text": "U$"},{"text": "U$"},{"text": "U$"},"\n","\"",{"text": "$聏"},{"text": "$肱"},{"text": "$聏"},"\"\"",{"text": "$$肳"},"\n","\"",{"text": "U$"},{"text": "U$"},{"text": "U$"},"\"\"",{"text": "U$"},"\n","\"",{"text": "$聧"},{"text": "$聧"},{"text": "$聧"},"\n","\"",{"text": "U$"},{"text": "U$"},{"text": "U$"},"\n"],{"text": "\n- x3 ","color": "gray"},{"translate": "stardust.awakened_stardust_frame","color": "gray"},{"text": "\n- x2 ","color": "gray"},{"translate": "stardust.ender_dragon_pearl","color": "gray"},{"text": "\n- x1 ","color": "gray"},{"translate": "stardust_furnace_generator","color": "gray"},{"text": "\n- x3 ","color": "gray"},{"translate": "stardust.awakened_stardust_block","color": "gray"}]}},
				"\n\n\n\n\n\n\n\n\n\n\n\n\n\n\n\n"
			],
			"width": 140
		}
	]
}
