{
	"type": "minecraft:notice",
	"title": {
		"translate": "stardust.mobs",
		"underlined": true
	},
	"body": [
		{
			"type": "minecraft:plain_message",
			"contents": [
				{"text": "V   ","font": "stardust:manual","color": "white"},
				{"text": "\n   ","click_event": {"action": "show_dialog","dialog": "stardust:manual/page_10"},"hover_event": {"action": "show_text","value": [{"translate": "stardust.go_to_previous_page"}," (10)"]}},
				" ",
				{"text": "   ","click_event": {"action": "show_dialog","dialog": "stardust:manual/page_12"},"hover_event": {"action": "show_text","value": [{"translate": "stardust.go_to_next_page"}," (12)"]}},
				{"text": "\n   ","click_event": {"action": "show_dialog","dialog": "stardust:manual/page_10"},"hover_event": {"action": "show_text","value": [{"translate": "stardust.go_to_previous_page"}," (10)"]}},
				" ",
				{"text": "   ","click_event": {"action": "show_dialog","dialog": "stardust:manual/page_12"},"hover_event": {"action": "show_text","value": [{"translate": "stardust.go_to_next_page"}," (12)"]}}
			],
			"width": 400
		},
		{
			"type": "minecraft:plain_message",
			"contents": [
				{"text": "","font": "stardust:manual","color": "white","shadow_color": [0,0,0,0]},
				"ဩ\n",
				{"text": "$腝","hover_event": {"action": "show_item","id": "command_block","components": {"item_model": "stardust:stardust_soldier","item_name": {"translate": "stardust_soldier"},"lore": [["",{"text": "I","color": "white","italic": false,"font": "stardust:icons"},{"translate": "stardustfragment","italic": true,"color": "blue"}]],"custom_data": {"stardust": {"stardust_soldier": true},"smithed": {"ignore": {"functionality": true,"crafting": true}}}}},"click_event": {"action": "show_dialog","dialog": "stardust:manual/page_170"}},
				{"text": "$腟","hover_event": {"action": "show_item","id": "command_block","components": {"item_model": "stardust:stardust_evoker","item_name": {"translate": "stardust_evoker"},"lore": [["",{"text": "I","color": "white","italic": false,"font": "stardust:icons"},{"translate": "stardustfragment","italic": true,"color": "blue"}]],"custom_data": {"stardust": {"stardust_evoker": true},"smithed": {"ignore": {"functionality": true,"crafting": true}}}}},"click_event": {"action": "show_dialog","dialog": "stardust:manual/page_171"}},
				{"text": "$腡","hover_event": {"action": "show_item","id": "command_block","components": {"item_model": "stardust:stardust_bat","item_name": {"translate": "stardust_bat"},"lore": [["",{"text": "I","color": "white","italic": false,"font": "stardust:icons"},{"translate": "stardustfragment","italic": true,"color": "blue"}]],"custom_data": {"stardust": {"stardust_bat": true},"smithed": {"ignore": {"functionality": true,"crafting": true}}}}},"click_event": {"action": "show_dialog","dialog": "stardust:manual/page_172"}},
				{"text": "$腣","hover_event": {"action": "show_item","id": "command_block","components": {"item_model": "stardust:stardust_pillar","item_name": {"translate": "stardust_pillar"},"lore": [["",{"text": "I","color": "white","italic": false,"font": "stardust:icons"},{"translate": "stardustfragment","italic": true,"color": "blue"}]],"custom_data": {"stardust": {"stardust_pillar": true},"smithed": {"ignore": {"functionality": true,"crafting": true}}}}},"click_event": {"action": "show_dialog","dialog": "stardust:manual/page_173"}},
				"#\n",
				{"text": "!","hover_event": {"action": "show_item","id": "command_block","components": {"item_model": "stardust:stardust_soldier","item_name": {"translate": "stardust_soldier"},"lore": [["",{"text": "I","color": "white","italic": false,"font": "stardust:icons"},{"translate": "stardustfragment","italic": true,"color": "blue"}]],"custom_data": {"stardust": {"stardust_soldier": true},"smithed": {"ignore": {"functionality": true,"crafting": true}}}}},"click_event": {"action": "show_dialog","dialog": "stardust:manual/page_170"}},
				{"text": "!","hover_event": {"action": "show_item","id": "command_block","components": {"item_model": "stardust:stardust_evoker","item_name": {"translate": "stardust_evoker"},"lore": [["",{"text": "I","color": "white","italic": false,"font": "stardust:icons"},{"translate": "stardustfragment","italic": true,"color": "blue"}]],"custom_data": {"stardust": {"stardust_evoker": true},"smithed": {"ignore": {"functionality": true,"crafting": true}}}}},"click_event": {"action": "show_dialog","dialog": "stardust:manual/page_171"}},
				{"text": "!","hover_event": {"action": "show_item","id": "command_block","components": {"item_model": "stardust:stardust_bat","item_name": {"translate": "stardust_bat"},"lore": [["",{"text": "I","color": "white","italic": false,"font": "stardust:icons"},{"translate": "stardustfragment","italic": true,"color": "blue"}]],"custom_data": {"stardust": {"stardust_bat": true},"smithed": {"ignore": {"functionality": true,"crafting": true}}}}},"click_event": {"action": "show_dialog","dialog": "stardust:manual/page_172"}},
				{"text": "!","hover_event": {"action": "show_item","id": "command_block","components": {"item_model": "stardust:stardust_pillar","item_name": {"translate": "stardust_pillar"},"lore": [["",{"text": "I","color": "white","italic": false,"font": "stardust:icons"},{"translate": "stardustfragment","italic": true,"color": "blue"}]],"custom_data": {"stardust": {"stardust_pillar": true},"smithed": {"ignore": {"functionality": true,"crafting": true}}}}},"click_event": {"action": "show_dialog","dialog": "stardust:manual/page_173"}},
				"#\n",
				"\n\n\n\n\n\n\n\n\n\n\n\n\n\n\n\n\n\n\n\n\n\n"
			],
			"width": 140
		}
	]
}
