{
	"type": "minecraft:notice",
	"title": {
		"translate": "stardust_cable",
		"underlined": true
	},
	"body": [
		{
			"type": "minecraft:plain_message",
			"contents": [
				{"text": "V   ","font": "stardust:manual","color": "white"},
				{"text": "\n   ","click_event": {"action": "show_dialog","dialog": "stardust:manual/page_56"},"hover_event": {"action": "show_text","value": [{"translate": "stardust.go_to_previous_page"}," (56)"]}},
				" ",
				{"text": "   ","click_event": {"action": "show_dialog","dialog": "stardust:manual/page_58"},"hover_event": {"action": "show_text","value": [{"translate": "stardust.go_to_next_page"}," (58)"]}},
				{"text": "\n   ","click_event": {"action": "show_dialog","dialog": "stardust:manual/page_56"},"hover_event": {"action": "show_text","value": [{"translate": "stardust.go_to_previous_page"}," (56)"]}},
				" ",
				{"text": "   ","click_event": {"action": "show_dialog","dialog": "stardust:manual/page_58"},"hover_event": {"action": "show_text","value": [{"translate": "stardust.go_to_next_page"}," (58)"]}}
			],
			"width": 400
		},
		{
			"type": "minecraft:plain_message",
			"contents": [
				{"text": "","font": "stardust:manual","color": "white","shadow_color": [0,0,0,0]},
				"\"$6\n\"",
				{"text": "$耫","hover_event": {"action": "show_item","id": "furnace","components": {"item_model": "stardust:stardust_block","item_name": {"translate": "stardust_block"},"lore": [["",{"text": "I","color": "white","italic": false,"font": "stardust:icons"},{"translate": "stardustfragment","italic": true,"color": "blue"}]],"custom_data": {"stardust": {"stardust_block": true},"smithed": {"ignore": {"functionality": true,"crafting": true}}},"container": [{"slot": 0,"item": {"id": "minecraft:stone","count": 1,"components": {"minecraft:custom_data": {"smithed": {"block": {"id": "stardust:stardust_block","from": "stardust"}}}}}}],"tooltip_display": {"hidden_components": ["minecraft:container"]}}},"click_event": {"action": "show_dialog","dialog": "stardust:manual/page_17"}},
				{"text": "$苢","hover_event": {"action": "show_item","id": "minecraft:gold_block","components": {}}},
				{"text": "$耫","hover_event": {"action": "show_item","id": "furnace","components": {"item_model": "stardust:stardust_block","item_name": {"translate": "stardust_block"},"lore": [["",{"text": "I","color": "white","italic": false,"font": "stardust:icons"},{"translate": "stardustfragment","italic": true,"color": "blue"}]],"custom_data": {"stardust": {"stardust_block": true},"smithed": {"ignore": {"functionality": true,"crafting": true}}},"container": [{"slot": 0,"item": {"id": "minecraft:stone","count": 1,"components": {"minecraft:custom_data": {"smithed": {"block": {"id": "stardust:stardust_block","from": "stardust"}}}}}}],"tooltip_display": {"hidden_components": ["minecraft:container"]}}},"click_event": {"action": "show_dialog","dialog": "stardust:manual/page_17"}},
				"  \n\"",
				{"text": "U$","hover_event": {"action": "show_item","id": "furnace","components": {"item_model": "stardust:stardust_block","item_name": {"translate": "stardust_block"},"lore": [["",{"text": "I","color": "white","italic": false,"font": "stardust:icons"},{"translate": "stardustfragment","italic": true,"color": "blue"}]],"custom_data": {"stardust": {"stardust_block": true},"smithed": {"ignore": {"functionality": true,"crafting": true}}},"container": [{"slot": 0,"item": {"id": "minecraft:stone","count": 1,"components": {"minecraft:custom_data": {"smithed": {"block": {"id": "stardust:stardust_block","from": "stardust"}}}}}}],"tooltip_display": {"hidden_components": ["minecraft:container"]}}},"click_event": {"action": "show_dialog","dialog": "stardust:manual/page_17"}},
				{"text": "U$","hover_event": {"action": "show_item","id": "minecraft:gold_block","components": {}}},
				{"text": "U$","hover_event": {"action": "show_item","id": "furnace","components": {"item_model": "stardust:stardust_block","item_name": {"translate": "stardust_block"},"lore": [["",{"text": "I","color": "white","italic": false,"font": "stardust:icons"},{"translate": "stardustfragment","italic": true,"color": "blue"}]],"custom_data": {"stardust": {"stardust_block": true},"smithed": {"ignore": {"functionality": true,"crafting": true}}},"container": [{"slot": 0,"item": {"id": "minecraft:stone","count": 1,"components": {"minecraft:custom_data": {"smithed": {"block": {"id": "stardust:stardust_block","from": "stardust"}}}}}}],"tooltip_display": {"hidden_components": ["minecraft:container"]}}},"click_event": {"action": "show_dialog","dialog": "stardust:manual/page_17"}},
				"  \n\"",
				{"text": "$苢","hover_event": {"action": "show_item","id": "minecraft:gold_block","components": {}}},
				{"text": "$茀","hover_event": {"action": "show_item","id": "command_block","components": {"item_name": {"translate": "stardust.elite_cable"},"lore": [{"translate": "stardust.simplenergy","italic": true,"color": "blue"}],"custom_data": {"simplenergy": {"elite_cable": true}}}}},
				{"text": "$苢","hover_event": {"action": "show_item","id": "minecraft:gold_block","components": {}}},
				"\"\"",
				{"text": "$$聻","hover_event": {"action": "show_item","id": "player_head","components": {"custom_data": {"energy": {"transfer": 480},"stardust": {"stardust_cable": true},"smithed": {"ignore": {"functionality": true,"crafting": true}}},"profile": {"id": [-709098200,1001541428,-2043264882,-430220135],"properties": [{"name": "textures","value": "eyJ0ZXh0dXJlcyI6eyJTS0lOIjp7InVybCI6Imh0dHA6Ly90ZXh0dXJlcy5taW5lY3JhZnQubmV0L3RleHR1cmUvM2Y4NDVlMzBlNmVjOGI0N2RmZWUxMzI5NmQzYjQ3NzY5YzVjMGE5Nzc3YzNkNTk2ZWJiNDA3ZmY3OTcwNDE1ZCJ9fX0="}]},"lore": [{"translate": "stardust.transfer_speed_480_kw","italic": false,"color": "gray"},["",{"text": "I","color": "white","italic": false,"font": "stardust:icons"},{"translate": "stardustfragment","italic": true,"color": "blue"}]],"item_name": {"translate": "stardust_cable"}}}},
				"#$\n\"",
				{"text": "U$","hover_event": {"action": "show_item","id": "minecraft:gold_block","components": {}}},
				{"text": "U$","hover_event": {"action": "show_item","id": "command_block","components": {"item_name": {"translate": "stardust.elite_cable"},"lore": [{"translate": "stardust.simplenergy","italic": true,"color": "blue"}],"custom_data": {"simplenergy": {"elite_cable": true}}}}},
				{"text": "U$","hover_event": {"action": "show_item","id": "minecraft:gold_block","components": {}}},
				"\"\"",
				{"text": "U$","hover_event": {"action": "show_item","id": "player_head","components": {"custom_data": {"energy": {"transfer": 480},"stardust": {"stardust_cable": true},"smithed": {"ignore": {"functionality": true,"crafting": true}}},"profile": {"id": [-709098200,1001541428,-2043264882,-430220135],"properties": [{"name": "textures","value": "eyJ0ZXh0dXJlcyI6eyJTS0lOIjp7InVybCI6Imh0dHA6Ly90ZXh0dXJlcy5taW5lY3JhZnQubmV0L3RleHR1cmUvM2Y4NDVlMzBlNmVjOGI0N2RmZWUxMzI5NmQzYjQ3NzY5YzVjMGE5Nzc3YzNkNTk2ZWJiNDA3ZmY3OTcwNDE1ZCJ9fX0="}]},"lore": [{"translate": "stardust.transfer_speed_480_kw","italic": false,"color": "gray"},["",{"text": "I","color": "white","italic": false,"font": "stardust:icons"},{"translate": "stardustfragment","italic": true,"color": "blue"}]],"item_name": {"translate": "stardust_cable"}}}},
				"#$\n\"",
				{"text": "$耫","hover_event": {"action": "show_item","id": "furnace","components": {"item_model": "stardust:stardust_block","item_name": {"translate": "stardust_block"},"lore": [["",{"text": "I","color": "white","italic": false,"font": "stardust:icons"},{"translate": "stardustfragment","italic": true,"color": "blue"}]],"custom_data": {"stardust": {"stardust_block": true},"smithed": {"ignore": {"functionality": true,"crafting": true}}},"container": [{"slot": 0,"item": {"id": "minecraft:stone","count": 1,"components": {"minecraft:custom_data": {"smithed": {"block": {"id": "stardust:stardust_block","from": "stardust"}}}}}}],"tooltip_display": {"hidden_components": ["minecraft:container"]}}},"click_event": {"action": "show_dialog","dialog": "stardust:manual/page_17"}},
				{"text": "$苢","hover_event": {"action": "show_item","id": "minecraft:gold_block","components": {}}},
				{"text": "$耫","hover_event": {"action": "show_item","id": "furnace","components": {"item_model": "stardust:stardust_block","item_name": {"translate": "stardust_block"},"lore": [["",{"text": "I","color": "white","italic": false,"font": "stardust:icons"},{"translate": "stardustfragment","italic": true,"color": "blue"}]],"custom_data": {"stardust": {"stardust_block": true},"smithed": {"ignore": {"functionality": true,"crafting": true}}},"container": [{"slot": 0,"item": {"id": "minecraft:stone","count": 1,"components": {"minecraft:custom_data": {"smithed": {"block": {"id": "stardust:stardust_block","from": "stardust"}}}}}}],"tooltip_display": {"hidden_components": ["minecraft:container"]}}},"click_event": {"action": "show_dialog","dialog": "stardust:manual/page_17"}},
				"  \n\"",
				{"text": "U$","hover_event": {"action": "show_item","id": "furnace","components": {"item_model": "stardust:stardust_block","item_name": {"translate": "stardust_block"},"lore": [["",{"text": "I","color": "white","italic": false,"font": "stardust:icons"},{"translate": "stardustfragment","italic": true,"color": "blue"}]],"custom_data": {"stardust": {"stardust_block": true},"smithed": {"ignore": {"functionality": true,"crafting": true}}},"container": [{"slot": 0,"item": {"id": "minecraft:stone","count": 1,"components": {"minecraft:custom_data": {"smithed": {"block": {"id": "stardust:stardust_block","from": "stardust"}}}}}}],"tooltip_display": {"hidden_components": ["minecraft:container"]}}},"click_event": {"action": "show_dialog","dialog": "stardust:manual/page_17"}},
				{"text": "U$","hover_event": {"action": "show_item","id": "minecraft:gold_block","components": {}}},
				{"text": "U$","hover_event": {"action": "show_item","id": "furnace","components": {"item_model": "stardust:stardust_block","item_name": {"translate": "stardust_block"},"lore": [["",{"text": "I","color": "white","italic": false,"font": "stardust:icons"},{"translate": "stardustfragment","italic": true,"color": "blue"}]],"custom_data": {"stardust": {"stardust_block": true},"smithed": {"ignore": {"functionality": true,"crafting": true}}},"container": [{"slot": 0,"item": {"id": "minecraft:stone","count": 1,"components": {"minecraft:custom_data": {"smithed": {"block": {"id": "stardust:stardust_block","from": "stardust"}}}}}}],"tooltip_display": {"hidden_components": ["minecraft:container"]}}},"click_event": {"action": "show_dialog","dialog": "stardust:manual/page_17"}},
				"  \n\n",
				{"text": "1##","hover_event": {"action": "show_text","value": [{"translate": "stardust.high_capacity_energy_transmission_cable","color": "yellow"},{"translate": "stardust.transfers_up_to_480_kw","color": "gray"},{"translate": "stardust.connects_generators_to_machines_and_batteries","color": "gray"}]}},
				{"text": "2##","hover_event": {"action": "show_text","value": [{"text": ""},[{"text": "","font": "stardust:manual","color": "white"},"\"F\n","\"",{"text": "$耫"},{"text": "$苢"},{"text": "$耫"},"\n","\"",{"text": "U$"},{"text": "U$"},{"text": "U$"},"\n","\"",{"text": "$苢"},{"text": "$茀"},{"text": "$苢"},"\"\"",{"text": "$$聻"},"\n","\"",{"text": "U$"},{"text": "U$"},{"text": "U$"},"\"\"",{"text": "U$"},"\n","\"",{"text": "$耫"},{"text": "$苢"},{"text": "$耫"},"\n","\"",{"text": "U$"},{"text": "U$"},{"text": "U$"},"\n"],{"text": "\n- x4 ","color": "gray"},{"translate": "stardust_block","color": "gray"},{"text": "\n- x4 ","color": "gray"},{"translate": "stardust.gold_block","color": "gray"},{"text": "\n- x1 ","color": "gray"},{"translate": "stardust.elite_cable","color": "gray"}]}},
				{"text": "2##","hover_event": {"action": "show_text","value": [{"text": ""},[{"text": "","font": "stardust:manual","color": "white"},"\"F\n","\"",{"text": "$苢"},{"text": "$耫"},{"text": "$苢"},"\n","\"",{"text": "U$"},{"text": "U$"},{"text": "U$"},"\n","\"",{"text": "$耫"},{"text": "$茀"},{"text": "$耫"},"\"\"",{"text": "$$聻"},"\n","\"",{"text": "U$"},{"text": "U$"},{"text": "U$"},"\"\"",{"text": "U$"},"\n","\"",{"text": "$苢"},{"text": "$耫"},{"text": "$苢"},"\n","\"",{"text": "U$"},{"text": "U$"},{"text": "U$"},"\n"],{"text": "\n- x4 ","color": "gray"},{"translate": "stardust_block","color": "gray"},{"text": "\n- x4 ","color": "gray"},{"translate": "stardust.gold_block","color": "gray"},{"text": "\n- x1 ","color": "gray"},{"translate": "stardust.elite_cable","color": "gray"}]}},
				{"text": "譄\n","hover_event": {"action": "show_text","value": [{"text": ""},[{"text": "","font": "stardust:manual","color": "white"},"\"F\n","\"",{"text": "$耷"},{"text": "$荧"},{"text": "$耷"},"\n","\"",{"text": "U$"},{"text": "U$"},{"text": "U$"},"\n","\"",{"text": "$荧"},{"text": "$聻"},{"text": "$荧"},"\"\"",{"text": "$$聽"},"\n","\"",{"text": "U$"},{"text": "U$"},{"text": "U$"},"\"\"",{"text": "U$"},"\n","\"",{"text": "$耷"},{"text": "$荧"},{"text": "$耷"},"\n","\"",{"text": "U$"},{"text": "U$"},{"text": "U$"},"\n"],{"text": "\n- x4 ","color": "gray"},{"translate": "stardust.awakened_stardust_block","color": "gray"},{"text": "\n- x4 ","color": "gray"},{"translate": "stardust.redstone_block","color": "gray"},{"text": "\n- x1 ","color": "gray"},{"translate": "stardust_cable","color": "gray"}]},"click_event": {"action": "show_dialog","dialog": "stardust:manual/page_58"}},
				{"text": "0##","hover_event": {"action": "show_text","value": [{"translate": "stardust.high_capacity_energy_transmission_cable","color": "yellow"},{"translate": "stardust.transfers_up_to_480_kw","color": "gray"},{"translate": "stardust.connects_generators_to_machines_and_batteries","color": "gray"}]}},
				{"text": "0##","hover_event": {"action": "show_text","value": [{"text": ""},[{"text": "","font": "stardust:manual","color": "white"},"\"F\n","\"",{"text": "$耫"},{"text": "$苢"},{"text": "$耫"},"\n","\"",{"text": "U$"},{"text": "U$"},{"text": "U$"},"\n","\"",{"text": "$苢"},{"text": "$茀"},{"text": "$苢"},"\"\"",{"text": "$$聻"},"\n","\"",{"text": "U$"},{"text": "U$"},{"text": "U$"},"\"\"",{"text": "U$"},"\n","\"",{"text": "$耫"},{"text": "$苢"},{"text": "$耫"},"\n","\"",{"text": "U$"},{"text": "U$"},{"text": "U$"},"\n"],{"text": "\n- x4 ","color": "gray"},{"translate": "stardust_block","color": "gray"},{"text": "\n- x4 ","color": "gray"},{"translate": "stardust.gold_block","color": "gray"},{"text": "\n- x1 ","color": "gray"},{"translate": "stardust.elite_cable","color": "gray"}]}},
				{"text": "0##","hover_event": {"action": "show_text","value": [{"text": ""},[{"text": "","font": "stardust:manual","color": "white"},"\"F\n","\"",{"text": "$苢"},{"text": "$耫"},{"text": "$苢"},"\n","\"",{"text": "U$"},{"text": "U$"},{"text": "U$"},"\n","\"",{"text": "$耫"},{"text": "$茀"},{"text": "$耫"},"\"\"",{"text": "$$聻"},"\n","\"",{"text": "U$"},{"text": "U$"},{"text": "U$"},"\"\"",{"text": "U$"},"\n","\"",{"text": "$苢"},{"text": "$耫"},{"text": "$苢"},"\n","\"",{"text": "U$"},{"text": "U$"},{"text": "U$"},"\n"],{"text": "\n- x4 ","color": "gray"},{"translate": "stardust_block","color": "gray"},{"text": "\n- x4 ","color": "gray"},{"translate": "stardust.gold_block","color": "gray"},{"text": "\n- x1 ","color": "gray"},{"translate": "stardust.elite_cable","color": "gray"}]}},
				{"text": "0","hover_event": {"action": "show_text","value": [{"text": ""},[{"text": "","font": "stardust:manual","color": "white"},"\"F\n","\"",{"text": "$耷"},{"text": "$荧"},{"text": "$耷"},"\n","\"",{"text": "U$"},{"text": "U$"},{"text": "U$"},"\n","\"",{"text": "$荧"},{"text": "$聻"},{"text": "$荧"},"\"\"",{"text": "$$聽"},"\n","\"",{"text": "U$"},{"text": "U$"},{"text": "U$"},"\"\"",{"text": "U$"},"\n","\"",{"text": "$耷"},{"text": "$荧"},{"text": "$耷"},"\n","\"",{"text": "U$"},{"text": "U$"},{"text": "U$"},"\n"],{"text": "\n- x4 ","color": "gray"},{"translate": "stardust.awakened_stardust_block","color": "gray"},{"text": "\n- x4 ","color": "gray"},{"translate": "stardust.redstone_block","color": "gray"},{"text": "\n- x1 ","color": "gray"},{"translate": "stardust_cable","color": "gray"}]},"click_event": {"action": "show_dialog","dialog": "stardust:manual/page_58"}},
				"\n\n\n\n\n\n\n\n\n\n\n\n\n\n\n\n"
			],
			"width": 140
		}
	]
}
