{
	"type": "minecraft:notice",
	"title": [
		{
			"sprite": "stardust:item/damaged_stardust_sword",
			"shadow_color": [
				0,
				0,
				0,
				0
			],
			"atlas": "minecraft:items"
		},
		" ",
		{
			"translate": "stardust.damaged_stardust_sword",
			"underlined": true
		},
		" ",
		{
			"sprite": "stardust:item/damaged_stardust_sword",
			"shadow_color": [
				0,
				0,
				0,
				0
			],
			"atlas": "minecraft:items"
		}
	],
	"body": [
		{
			"type": "minecraft:plain_message",
			"contents": [
				{"text": "V   ","font": "stardust:manual","color": "white"},
				{"text": "\n   ","click_event": {"action": "show_dialog","dialog": "stardust:manual/page_89"},"hover_event": {"action": "show_text","value": [{"translate": "stardust.go_to_previous_page"}," (89)"]}},
				" ",
				{"text": "   ","click_event": {"action": "show_dialog","dialog": "stardust:manual/page_91"},"hover_event": {"action": "show_text","value": [{"translate": "stardust.go_to_next_page"}," (91)"]}},
				{"text": "\n   ","click_event": {"action": "show_dialog","dialog": "stardust:manual/page_89"},"hover_event": {"action": "show_text","value": [{"translate": "stardust.go_to_previous_page"}," (89)"]}},
				" ",
				{"text": "   ","click_event": {"action": "show_dialog","dialog": "stardust:manual/page_91"},"hover_event": {"action": "show_text","value": [{"translate": "stardust.go_to_next_page"}," (91)"]}}
			],
			"width": 400
		},
		{
			"type": "minecraft:plain_message",
			"contents": [
				{"text": "","font": "stardust:manual","color": "white","shadow_color": [0,0,0,0]},
				"\"$6\n\"",
				{"text": "$茍","hover_event": {"action": "show_item","id": "minecraft:black_glazed_terracotta","components": {}}},
				{"text": "$耫","hover_event": {"action": "show_item","id": "furnace","components": {"item_model": "stardust:stardust_block","item_name": {"translate": "stardust_block"},"lore": [["",{"text": "I","color": "white","italic": false,"font": "stardust:icons"},{"translate": "stardustfragment","italic": true,"color": "blue"}]],"custom_data": {"stardust": {"stardust_block": true},"smithed": {"ignore": {"functionality": true,"crafting": true}}},"container": [{"slot": 0,"item": {"id": "minecraft:stone","count": 1,"components": {"minecraft:custom_data": {"smithed": {"block": {"id": "stardust:stardust_block","from": "stardust"}}}}}}],"tooltip_display": {"hidden_components": ["minecraft:container"]}}},"click_event": {"action": "show_dialog","dialog": "stardust:manual/page_17"}},
				{"text": "$茍","hover_event": {"action": "show_item","id": "minecraft:black_glazed_terracotta","components": {}}},
				"  \n\"",
				{"text": "U$","hover_event": {"action": "show_item","id": "minecraft:black_glazed_terracotta","components": {}}},
				{"text": "U$","hover_event": {"action": "show_item","id": "furnace","components": {"item_model": "stardust:stardust_block","item_name": {"translate": "stardust_block"},"lore": [["",{"text": "I","color": "white","italic": false,"font": "stardust:icons"},{"translate": "stardustfragment","italic": true,"color": "blue"}]],"custom_data": {"stardust": {"stardust_block": true},"smithed": {"ignore": {"functionality": true,"crafting": true}}},"container": [{"slot": 0,"item": {"id": "minecraft:stone","count": 1,"components": {"minecraft:custom_data": {"smithed": {"block": {"id": "stardust:stardust_block","from": "stardust"}}}}}}],"tooltip_display": {"hidden_components": ["minecraft:container"]}}},"click_event": {"action": "show_dialog","dialog": "stardust:manual/page_17"}},
				{"text": "U$","hover_event": {"action": "show_item","id": "minecraft:black_glazed_terracotta","components": {}}},
				"  \n\"",
				{"text": "$耫","hover_event": {"action": "show_item","id": "furnace","components": {"item_model": "stardust:stardust_block","item_name": {"translate": "stardust_block"},"lore": [["",{"text": "I","color": "white","italic": false,"font": "stardust:icons"},{"translate": "stardustfragment","italic": true,"color": "blue"}]],"custom_data": {"stardust": {"stardust_block": true},"smithed": {"ignore": {"functionality": true,"crafting": true}}},"container": [{"slot": 0,"item": {"id": "minecraft:stone","count": 1,"components": {"minecraft:custom_data": {"smithed": {"block": {"id": "stardust:stardust_block","from": "stardust"}}}}}}],"tooltip_display": {"hidden_components": ["minecraft:container"]}}},"click_event": {"action": "show_dialog","dialog": "stardust:manual/page_17"}},
				{"text": "$茣","hover_event": {"action": "show_item","id": "minecraft:diamond_sword","components": {}}},
				{"text": "$耫","hover_event": {"action": "show_item","id": "furnace","components": {"item_model": "stardust:stardust_block","item_name": {"translate": "stardust_block"},"lore": [["",{"text": "I","color": "white","italic": false,"font": "stardust:icons"},{"translate": "stardustfragment","italic": true,"color": "blue"}]],"custom_data": {"stardust": {"stardust_block": true},"smithed": {"ignore": {"functionality": true,"crafting": true}}},"container": [{"slot": 0,"item": {"id": "minecraft:stone","count": 1,"components": {"minecraft:custom_data": {"smithed": {"block": {"id": "stardust:stardust_block","from": "stardust"}}}}}}],"tooltip_display": {"hidden_components": ["minecraft:container"]}}},"click_event": {"action": "show_dialog","dialog": "stardust:manual/page_17"}},
				"\"\"",
				{"text": "$$肽","hover_event": {"action": "show_item","id": "diamond_sword","components": {"custom_data": {"smithed": {"dict": {"tools": {"damaged_stardust": true,"sword": true}},"ignore": {"functionality": true,"crafting": true}},"stardust": {"damaged_stardust_sword": true}},"max_damage": 2341,"attribute_modifiers": [{"type": "attack_damage","amount": 8,"operation": "add_value","slot": "mainhand","id": "minecraft:base_attack_damage"},{"type": "attack_speed","amount": -2.4,"operation": "add_value","slot": "mainhand","id": "minecraft:base_attack_speed"}],"item_model": "stardust:damaged_stardust_sword","item_name": {"translate": "stardust.damaged_stardust_sword"},"lore": [["",{"text": "I","color": "white","italic": false,"font": "stardust:icons"},{"translate": "stardustfragment","italic": true,"color": "blue"}]]}}},
				"#$\n\"",
				{"text": "U$","hover_event": {"action": "show_item","id": "furnace","components": {"item_model": "stardust:stardust_block","item_name": {"translate": "stardust_block"},"lore": [["",{"text": "I","color": "white","italic": false,"font": "stardust:icons"},{"translate": "stardustfragment","italic": true,"color": "blue"}]],"custom_data": {"stardust": {"stardust_block": true},"smithed": {"ignore": {"functionality": true,"crafting": true}}},"container": [{"slot": 0,"item": {"id": "minecraft:stone","count": 1,"components": {"minecraft:custom_data": {"smithed": {"block": {"id": "stardust:stardust_block","from": "stardust"}}}}}}],"tooltip_display": {"hidden_components": ["minecraft:container"]}}},"click_event": {"action": "show_dialog","dialog": "stardust:manual/page_17"}},
				{"text": "U$","hover_event": {"action": "show_item","id": "minecraft:diamond_sword","components": {}}},
				{"text": "U$","hover_event": {"action": "show_item","id": "furnace","components": {"item_model": "stardust:stardust_block","item_name": {"translate": "stardust_block"},"lore": [["",{"text": "I","color": "white","italic": false,"font": "stardust:icons"},{"translate": "stardustfragment","italic": true,"color": "blue"}]],"custom_data": {"stardust": {"stardust_block": true},"smithed": {"ignore": {"functionality": true,"crafting": true}}},"container": [{"slot": 0,"item": {"id": "minecraft:stone","count": 1,"components": {"minecraft:custom_data": {"smithed": {"block": {"id": "stardust:stardust_block","from": "stardust"}}}}}}],"tooltip_display": {"hidden_components": ["minecraft:container"]}}},"click_event": {"action": "show_dialog","dialog": "stardust:manual/page_17"}},
				"\"\"",
				{"text": "U$","hover_event": {"action": "show_item","id": "diamond_sword","components": {"custom_data": {"smithed": {"dict": {"tools": {"damaged_stardust": true,"sword": true}},"ignore": {"functionality": true,"crafting": true}},"stardust": {"damaged_stardust_sword": true}},"max_damage": 2341,"attribute_modifiers": [{"type": "attack_damage","amount": 8,"operation": "add_value","slot": "mainhand","id": "minecraft:base_attack_damage"},{"type": "attack_speed","amount": -2.4,"operation": "add_value","slot": "mainhand","id": "minecraft:base_attack_speed"}],"item_model": "stardust:damaged_stardust_sword","item_name": {"translate": "stardust.damaged_stardust_sword"},"lore": [["",{"text": "I","color": "white","italic": false,"font": "stardust:icons"},{"translate": "stardustfragment","italic": true,"color": "blue"}]]}}},
				"#$\n\"",
				{"text": "$茍","hover_event": {"action": "show_item","id": "minecraft:black_glazed_terracotta","components": {}}},
				{"text": "$耫","hover_event": {"action": "show_item","id": "furnace","components": {"item_model": "stardust:stardust_block","item_name": {"translate": "stardust_block"},"lore": [["",{"text": "I","color": "white","italic": false,"font": "stardust:icons"},{"translate": "stardustfragment","italic": true,"color": "blue"}]],"custom_data": {"stardust": {"stardust_block": true},"smithed": {"ignore": {"functionality": true,"crafting": true}}},"container": [{"slot": 0,"item": {"id": "minecraft:stone","count": 1,"components": {"minecraft:custom_data": {"smithed": {"block": {"id": "stardust:stardust_block","from": "stardust"}}}}}}],"tooltip_display": {"hidden_components": ["minecraft:container"]}}},"click_event": {"action": "show_dialog","dialog": "stardust:manual/page_17"}},
				{"text": "$茍","hover_event": {"action": "show_item","id": "minecraft:black_glazed_terracotta","components": {}}},
				"  \n\"",
				{"text": "U$","hover_event": {"action": "show_item","id": "minecraft:black_glazed_terracotta","components": {}}},
				{"text": "U$","hover_event": {"action": "show_item","id": "furnace","components": {"item_model": "stardust:stardust_block","item_name": {"translate": "stardust_block"},"lore": [["",{"text": "I","color": "white","italic": false,"font": "stardust:icons"},{"translate": "stardustfragment","italic": true,"color": "blue"}]],"custom_data": {"stardust": {"stardust_block": true},"smithed": {"ignore": {"functionality": true,"crafting": true}}},"container": [{"slot": 0,"item": {"id": "minecraft:stone","count": 1,"components": {"minecraft:custom_data": {"smithed": {"block": {"id": "stardust:stardust_block","from": "stardust"}}}}}}],"tooltip_display": {"hidden_components": ["minecraft:container"]}}},"click_event": {"action": "show_dialog","dialog": "stardust:manual/page_17"}},
				{"text": "U$","hover_event": {"action": "show_item","id": "minecraft:black_glazed_terracotta","components": {}}},
				"  \n\n",
				{"text": "1##","hover_event": {"action": "show_text","value": [{"translate": "stardust.poorly_crafted_stardust_equipment","color": "yellow"},{"translate": "stardust.compared_to_regular_diamond_equipment","color": "gray"},{"translate": "stardust.durability_has_been_increased_by_x1_5","color": "gray"},{"translate": "stardust.attack_damage_has_been_increased_by_3_0","color": "gray"},{"translate": "stardust.8_0_points","color": "white"}]}},
				{"text": "2##","hover_event": {"action": "show_text","value": [{"text": ""},[{"text": "","font": "stardust:manual","color": "white"},"\"F\n","\"",{"text": "$茍"},{"text": "$耫"},{"text": "$茍"},"\n","\"",{"text": "U$"},{"text": "U$"},{"text": "U$"},"\n","\"",{"text": "$耫"},{"text": "$茣"},{"text": "$耫"},"\"\"",{"text": "$$肽"},"\n","\"",{"text": "U$"},{"text": "U$"},{"text": "U$"},"\"\"",{"text": "U$"},"\n","\"",{"text": "$茍"},{"text": "$耫"},{"text": "$茍"},"\n","\"",{"text": "U$"},{"text": "U$"},{"text": "U$"},"\n"],{"text": "\n- x4 ","color": "gray"},{"translate": "stardust.black_glazed_terracotta","color": "gray"},{"text": "\n- x4 ","color": "gray"},{"translate": "stardust_block","color": "gray"},{"text": "\n- x1 ","color": "gray"},{"translate": "stardust.diamond_sword","color": "gray"}]}},
				{"text": "2##","hover_event": {"action": "show_text","value": [{"text": ""},[{"text": "","font": "stardust:manual","color": "white"},"\"F\n","\"",{"text": "$荛"},{"text": "$耫"},{"text": "$荛"},"\n","\"",{"text": "U$"},{"text": "U$"},{"text": "U$"},"\n","\"",{"text": "$耫"},{"text": "$茣"},{"text": "$耫"},"\"\"",{"text": "$$肽"},"\n","\"",{"text": "U$"},{"text": "U$"},{"text": "U$"},"\"\"",{"text": "U$"},"\n","\"",{"text": "$荛"},{"text": "$耫"},{"text": "$荛"},"\n","\"",{"text": "U$"},{"text": "U$"},{"text": "U$"},"\n"],{"text": "\n- x4 ","color": "gray"},{"translate": "stardust.nether_wart_block","color": "gray"},{"text": "\n- x4 ","color": "gray"},{"translate": "stardust_block","color": "gray"},{"text": "\n- x1 ","color": "gray"},{"translate": "stardust.diamond_sword","color": "gray"}]}},
				{"text": "2##","hover_event": {"action": "show_text","value": [{"text": ""},[{"text": "","font": "stardust:manual","color": "white"},"\"F\n","\"",{"text": "$贫"},{"text": "$耫"},{"text": "$贫"},"\n","\"",{"text": "U$"},{"text": "U$"},{"text": "U$"},"\n","\"",{"text": "$耫"},{"text": "$茣"},{"text": "$耫"},"\"\"",{"text": "$$肽"},"\n","\"",{"text": "U$"},{"text": "U$"},{"text": "U$"},"\"\"",{"text": "U$"},"\n","\"",{"text": "$贫"},{"text": "$耫"},{"text": "$贫"},"\n","\"",{"text": "U$"},{"text": "U$"},{"text": "U$"},"\n"],{"text": "\n- x4 ","color": "gray"},{"translate": "stardust.blackstone","color": "gray"},{"text": "\n- x4 ","color": "gray"},{"translate": "stardust_block","color": "gray"},{"text": "\n- x1 ","color": "gray"},{"translate": "stardust.diamond_sword","color": "gray"}]}},
				{"text": "趆\n","hover_event": {"action": "show_text","value": [{"text": ""},[{"text": "","font": "stardust:manual","color": "white"},"\"F\n","\"",{"text": "$耧"},{"text": "$耩"},{"text": "$耧"},"\n","\"",{"text": "U$"},{"text": "U$"},{"text": "U$"},"\n","\"",{"text": "$耩"},{"text": "$肽"},{"text": "$耩"},"\"\"",{"text": "$$胋"},"\n","\"",{"text": "U$"},{"text": "U$"},{"text": "U$"},"\"\"",{"text": "U$"},"\n","\"",{"text": "$耧"},{"text": "$耩"},{"text": "$耧"},"\n","\"",{"text": "U$"},{"text": "U$"},{"text": "U$"},"\n"],{"text": "\n- x4 ","color": "gray"},{"translate": "stardust_core","color": "gray"},{"text": "\n- x4 ","color": "gray"},{"translate": "stardust.compacted_stardust_shard","color": "gray"},{"text": "\n- x1 ","color": "gray"},{"translate": "stardust.damaged_stardust_sword","color": "gray"}]},"click_event": {"action": "show_dialog","dialog": "stardust:manual/page_97"}},
				{"text": "0##","hover_event": {"action": "show_text","value": [{"translate": "stardust.poorly_crafted_stardust_equipment","color": "yellow"},{"translate": "stardust.compared_to_regular_diamond_equipment","color": "gray"},{"translate": "stardust.durability_has_been_increased_by_x1_5","color": "gray"},{"translate": "stardust.attack_damage_has_been_increased_by_3_0","color": "gray"},{"translate": "stardust.8_0_points","color": "white"}]}},
				{"text": "0##","hover_event": {"action": "show_text","value": [{"text": ""},[{"text": "","font": "stardust:manual","color": "white"},"\"F\n","\"",{"text": "$茍"},{"text": "$耫"},{"text": "$茍"},"\n","\"",{"text": "U$"},{"text": "U$"},{"text": "U$"},"\n","\"",{"text": "$耫"},{"text": "$茣"},{"text": "$耫"},"\"\"",{"text": "$$肽"},"\n","\"",{"text": "U$"},{"text": "U$"},{"text": "U$"},"\"\"",{"text": "U$"},"\n","\"",{"text": "$茍"},{"text": "$耫"},{"text": "$茍"},"\n","\"",{"text": "U$"},{"text": "U$"},{"text": "U$"},"\n"],{"text": "\n- x4 ","color": "gray"},{"translate": "stardust.black_glazed_terracotta","color": "gray"},{"text": "\n- x4 ","color": "gray"},{"translate": "stardust_block","color": "gray"},{"text": "\n- x1 ","color": "gray"},{"translate": "stardust.diamond_sword","color": "gray"}]}},
				{"text": "0##","hover_event": {"action": "show_text","value": [{"text": ""},[{"text": "","font": "stardust:manual","color": "white"},"\"F\n","\"",{"text": "$荛"},{"text": "$耫"},{"text": "$荛"},"\n","\"",{"text": "U$"},{"text": "U$"},{"text": "U$"},"\n","\"",{"text": "$耫"},{"text": "$茣"},{"text": "$耫"},"\"\"",{"text": "$$肽"},"\n","\"",{"text": "U$"},{"text": "U$"},{"text": "U$"},"\"\"",{"text": "U$"},"\n","\"",{"text": "$荛"},{"text": "$耫"},{"text": "$荛"},"\n","\"",{"text": "U$"},{"text": "U$"},{"text": "U$"},"\n"],{"text": "\n- x4 ","color": "gray"},{"translate": "stardust.nether_wart_block","color": "gray"},{"text": "\n- x4 ","color": "gray"},{"translate": "stardust_block","color": "gray"},{"text": "\n- x1 ","color": "gray"},{"translate": "stardust.diamond_sword","color": "gray"}]}},
				{"text": "0##","hover_event": {"action": "show_text","value": [{"text": ""},[{"text": "","font": "stardust:manual","color": "white"},"\"F\n","\"",{"text": "$贫"},{"text": "$耫"},{"text": "$贫"},"\n","\"",{"text": "U$"},{"text": "U$"},{"text": "U$"},"\n","\"",{"text": "$耫"},{"text": "$茣"},{"text": "$耫"},"\"\"",{"text": "$$肽"},"\n","\"",{"text": "U$"},{"text": "U$"},{"text": "U$"},"\"\"",{"text": "U$"},"\n","\"",{"text": "$贫"},{"text": "$耫"},{"text": "$贫"},"\n","\"",{"text": "U$"},{"text": "U$"},{"text": "U$"},"\n"],{"text": "\n- x4 ","color": "gray"},{"translate": "stardust.blackstone","color": "gray"},{"text": "\n- x4 ","color": "gray"},{"translate": "stardust_block","color": "gray"},{"text": "\n- x1 ","color": "gray"},{"translate": "stardust.diamond_sword","color": "gray"}]}},
				{"text": "0","hover_event": {"action": "show_text","value": [{"text": ""},[{"text": "","font": "stardust:manual","color": "white"},"\"F\n","\"",{"text": "$耧"},{"text": "$耩"},{"text": "$耧"},"\n","\"",{"text": "U$"},{"text": "U$"},{"text": "U$"},"\n","\"",{"text": "$耩"},{"text": "$肽"},{"text": "$耩"},"\"\"",{"text": "$$胋"},"\n","\"",{"text": "U$"},{"text": "U$"},{"text": "U$"},"\"\"",{"text": "U$"},"\n","\"",{"text": "$耧"},{"text": "$耩"},{"text": "$耧"},"\n","\"",{"text": "U$"},{"text": "U$"},{"text": "U$"},"\n"],{"text": "\n- x4 ","color": "gray"},{"translate": "stardust_core","color": "gray"},{"text": "\n- x4 ","color": "gray"},{"translate": "stardust.compacted_stardust_shard","color": "gray"},{"text": "\n- x1 ","color": "gray"},{"translate": "stardust.damaged_stardust_sword","color": "gray"}]},"click_event": {"action": "show_dialog","dialog": "stardust:manual/page_97"}},
				"\n\n\n\n\n\n\n\n\n\n\n\n\n\n\n\n"
			],
			"width": 140
		}
	]
}
