{
	"type": "minecraft:notice",
	"title": {
		"translate": "stardust.legendarium_boots",
		"underlined": true
	},
	"body": [
		{
			"type": "minecraft:plain_message",
			"contents": [
				{"text": "V   ","font": "stardust:manual","color": "white"},
				{"text": "\n   ","click_event": {"action": "show_dialog","dialog": "stardust:manual/page_100"},"hover_event": {"action": "show_text","value": [{"translate": "stardust.go_to_previous_page"}," (100)"]}},
				" ",
				{"text": "   ","click_event": {"action": "show_dialog","dialog": "stardust:manual/page_102"},"hover_event": {"action": "show_text","value": [{"translate": "stardust.go_to_next_page"}," (102)"]}},
				{"text": "\n   ","click_event": {"action": "show_dialog","dialog": "stardust:manual/page_100"},"hover_event": {"action": "show_text","value": [{"translate": "stardust.go_to_previous_page"}," (100)"]}},
				" ",
				{"text": "   ","click_event": {"action": "show_dialog","dialog": "stardust:manual/page_102"},"hover_event": {"action": "show_text","value": [{"translate": "stardust.go_to_next_page"}," (102)"]}}
			],
			"width": 400
		},
		{
			"type": "minecraft:plain_message",
			"contents": [
				{"text": "","font": "stardust:manual","color": "white","shadow_color": [0,0,0,0]},
				"\"$A\n\n\"",
				{"text": "$胉","hover_event": {"action": "show_item","id": "diamond_boots","components": {"custom_data": {"smithed": {"dict": {"armor": {"original_stardust": true,"boots": true}},"ignore": {"functionality": true,"crafting": true}},"stardust": {"original_stardust_boots": true}},"max_damage": 1287,"attribute_modifiers": [{"type": "armor","amount": 6.0,"operation": "add_value","slot": "feet","id": "stardust:armor.feet"},{"type": "armor_toughness","amount": 3.3,"operation": "add_value","slot": "feet","id": "stardust:armor_toughness.feet"}],"item_model": "stardust:original_stardust_boots","item_name": {"translate": "stardust.original_stardust_boots"},"lore": [["",{"text": "I","color": "white","italic": false,"font": "stardust:icons"},{"translate": "stardustfragment","italic": true,"color": "blue"}]]}},"click_event": {"action": "show_dialog","dialog": "stardust:manual/page_94"}},
				{"text": "$荽","hover_event": {"action": "show_item","id": "furnace","components": {"custom_data": {"smithed": {"dict": {"block": {"legendarium": true}},"ignore": {"functionality": true,"crafting": true}},"stardust": {"legendarium_block": true}},"item_model": "stardust:legendarium_block","item_name": {"translate": "stardust.legendarium_block"},"lore": [["",{"text": "I","color": "white","italic": false,"font": "stardust:icons"},{"translate": "stardustfragment","italic": true,"color": "blue"}]],"container": [{"slot": 0,"item": {"id": "minecraft:stone","count": 1,"components": {"minecraft:custom_data": {"smithed": {"block": {"id": "stardust:legendarium_block","from": "stardust"}}}}}}],"tooltip_display": {"hidden_components": ["minecraft:container"]}}},"click_event": {"action": "show_dialog","dialog": "stardust:manual/page_25"}},
				{"text": "$荾","hover_event": {"action": "show_item","id": "minecraft:wind_charge","components": {}}},
				"  \n\"",
				{"text": "U$","hover_event": {"action": "show_item","id": "diamond_boots","components": {"custom_data": {"smithed": {"dict": {"armor": {"original_stardust": true,"boots": true}},"ignore": {"functionality": true,"crafting": true}},"stardust": {"original_stardust_boots": true}},"max_damage": 1287,"attribute_modifiers": [{"type": "armor","amount": 6.0,"operation": "add_value","slot": "feet","id": "stardust:armor.feet"},{"type": "armor_toughness","amount": 3.3,"operation": "add_value","slot": "feet","id": "stardust:armor_toughness.feet"}],"item_model": "stardust:original_stardust_boots","item_name": {"translate": "stardust.original_stardust_boots"},"lore": [["",{"text": "I","color": "white","italic": false,"font": "stardust:icons"},{"translate": "stardustfragment","italic": true,"color": "blue"}]]}},"click_event": {"action": "show_dialog","dialog": "stardust:manual/page_94"}},
				{"text": "U$","hover_event": {"action": "show_item","id": "furnace","components": {"custom_data": {"smithed": {"dict": {"block": {"legendarium": true}},"ignore": {"functionality": true,"crafting": true}},"stardust": {"legendarium_block": true}},"item_model": "stardust:legendarium_block","item_name": {"translate": "stardust.legendarium_block"},"lore": [["",{"text": "I","color": "white","italic": false,"font": "stardust:icons"},{"translate": "stardustfragment","italic": true,"color": "blue"}]],"container": [{"slot": 0,"item": {"id": "minecraft:stone","count": 1,"components": {"minecraft:custom_data": {"smithed": {"block": {"id": "stardust:legendarium_block","from": "stardust"}}}}}}],"tooltip_display": {"hidden_components": ["minecraft:container"]}}},"click_event": {"action": "show_dialog","dialog": "stardust:manual/page_25"}},
				{"text": "U$\n","hover_event": {"action": "show_item","id": "minecraft:wind_charge","components": {}}},
				"\"",
				{"text": "$荿","hover_event": {"action": "show_item","id": "minecraft:feather","components": {}}},
				{"text": "$莀","hover_event": {"action": "show_item","id": "ender_pearl","components": {"item_name": [{"translate": "stardust.ender","italic": false,"color": "dark_aqua"},{"translate": "stardust.dragon_pearl","italic": false,"color": "dark_purple"}],"use_cooldown": {"seconds": 0.25},"item_model": "stardust:ender_dragon_pearl","lore": [["",{"text": "I","color": "white","italic": false,"font": "stardust:icons"},{"translate": "stardustfragment","italic": true,"color": "blue"}]],"custom_data": {"stardust": {"ender_dragon_pearl": true},"smithed": {"ignore": {"functionality": true,"crafting": true}}}}},"click_event": {"action": "show_dialog","dialog": "stardust:manual/page_33"}},
				{"text": "$莁","hover_event": {"action": "show_item","id": "furnace","components": {"custom_data": {"smithed": {"dict": {"block": {"awakened_stardust": true}},"ignore": {"functionality": true,"crafting": true}},"stardust": {"awakened_stardust_block": true}},"item_model": "stardust:awakened_stardust_block","item_name": {"translate": "stardust.awakened_stardust_block"},"lore": [["",{"text": "I","color": "white","italic": false,"font": "stardust:icons"},{"translate": "stardustfragment","italic": true,"color": "blue"}]],"container": [{"slot": 0,"item": {"id": "minecraft:stone","count": 1,"components": {"minecraft:custom_data": {"smithed": {"block": {"id": "stardust:awakened_stardust_block","from": "stardust"}}}}}}],"tooltip_display": {"hidden_components": ["minecraft:container"]}}},"click_event": {"action": "show_dialog","dialog": "stardust:manual/page_21"}},
				"\"\"",
				{"text": "$$胗","hover_event": {"action": "show_item","id": "netherite_boots","components": {"custom_data": {"smithed": {"dict": {"armor": {"legendarium": true,"boots": true}},"ignore": {"functionality": true,"crafting": true}},"stardust": {"legendarium_boots": true}},"max_damage": 1663,"attribute_modifiers": [{"type": "armor","amount": 8.5,"operation": "add_value","slot": "feet","id": "stardust:armor.feet"},{"type": "armor_toughness","amount": 4.6,"operation": "add_value","slot": "feet","id": "stardust:armor_toughness.feet"},{"type": "knockback_resistance","amount": 0.1,"operation": "add_value","slot": "feet","id": "stardust:knockback_resistance.feet"}],"item_model": "stardust:legendarium_boots","item_name": {"translate": "stardust.legendarium_boots"},"lore": [["",{"text": "I","color": "white","italic": false,"font": "stardust:icons"},{"translate": "stardustfragment","italic": true,"color": "blue"}]]}}},
				"#$\n\"",
				{"text": "U$","hover_event": {"action": "show_item","id": "minecraft:feather","components": {}}},
				{"text": "U$","hover_event": {"action": "show_item","id": "ender_pearl","components": {"item_name": [{"translate": "stardust.ender","italic": false,"color": "dark_aqua"},{"translate": "stardust.dragon_pearl","italic": false,"color": "dark_purple"}],"use_cooldown": {"seconds": 0.25},"item_model": "stardust:ender_dragon_pearl","lore": [["",{"text": "I","color": "white","italic": false,"font": "stardust:icons"},{"translate": "stardustfragment","italic": true,"color": "blue"}]],"custom_data": {"stardust": {"ender_dragon_pearl": true},"smithed": {"ignore": {"functionality": true,"crafting": true}}}}},"click_event": {"action": "show_dialog","dialog": "stardust:manual/page_33"}},
				{"text": "U$","hover_event": {"action": "show_item","id": "furnace","components": {"custom_data": {"smithed": {"dict": {"block": {"awakened_stardust": true}},"ignore": {"functionality": true,"crafting": true}},"stardust": {"awakened_stardust_block": true}},"item_model": "stardust:awakened_stardust_block","item_name": {"translate": "stardust.awakened_stardust_block"},"lore": [["",{"text": "I","color": "white","italic": false,"font": "stardust:icons"},{"translate": "stardustfragment","italic": true,"color": "blue"}]],"container": [{"slot": 0,"item": {"id": "minecraft:stone","count": 1,"components": {"minecraft:custom_data": {"smithed": {"block": {"id": "stardust:awakened_stardust_block","from": "stardust"}}}}}}],"tooltip_display": {"hidden_components": ["minecraft:container"]}}},"click_event": {"action": "show_dialog","dialog": "stardust:manual/page_21"}},
				"\"\"",
				{"text": "U$","hover_event": {"action": "show_item","id": "netherite_boots","components": {"custom_data": {"smithed": {"dict": {"armor": {"legendarium": true,"boots": true}},"ignore": {"functionality": true,"crafting": true}},"stardust": {"legendarium_boots": true}},"max_damage": 1663,"attribute_modifiers": [{"type": "armor","amount": 8.5,"operation": "add_value","slot": "feet","id": "stardust:armor.feet"},{"type": "armor_toughness","amount": 4.6,"operation": "add_value","slot": "feet","id": "stardust:armor_toughness.feet"},{"type": "knockback_resistance","amount": 0.1,"operation": "add_value","slot": "feet","id": "stardust:knockback_resistance.feet"}],"item_model": "stardust:legendarium_boots","item_name": {"translate": "stardust.legendarium_boots"},"lore": [["",{"text": "I","color": "white","italic": false,"font": "stardust:icons"},{"translate": "stardustfragment","italic": true,"color": "blue"}]]}}},
				"#$\n\"",
				{"text": "$莂","hover_event": {"action": "show_item","id": "command_block","components": {"custom_data": {"smithed": {"dict": {"ingot": {"legendarium": true}},"ignore": {"functionality": true,"crafting": true}},"stardust": {"legendarium_ingot": true}},"item_model": "stardust:legendarium_ingot","item_name": {"translate": "stardust.legendarium_ingot"},"lore": [["",{"text": "I","color": "white","italic": false,"font": "stardust:icons"},{"translate": "stardustfragment","italic": true,"color": "blue"}]]}},"click_event": {"action": "show_dialog","dialog": "stardust:manual/page_24"}},
				{"text": "$聟","hover_event": {"action": "show_item","id": "furnace","components": {"lore": [{"translate": "stardust.equivalent_to_531441_cobblestones","color": "gray","italic": false},["",{"text": "I","color": "white","italic": false,"font": "stardust:icons"},{"translate": "stardustfragment","italic": true,"color": "blue"}]],"item_model": "stardust:sextuple_compressed_cobblestone","item_name": {"translate": "stardust.sextuple_compressed_cobblestone"},"custom_data": {"stardust": {"sextuple_compressed_cobblestone": true},"smithed": {"ignore": {"functionality": true,"crafting": true}}},"container": [{"slot": 0,"item": {"id": "minecraft:stone","count": 1,"components": {"minecraft:custom_data": {"smithed": {"block": {"id": "stardust:sextuple_compressed_cobblestone","from": "stardust"}}}}}}],"tooltip_display": {"hidden_components": ["minecraft:container"]}}},"click_event": {"action": "show_dialog","dialog": "stardust:manual/page_41"}},
				"U$  \n\"",
				{"text": "U$","hover_event": {"action": "show_item","id": "command_block","components": {"custom_data": {"smithed": {"dict": {"ingot": {"legendarium": true}},"ignore": {"functionality": true,"crafting": true}},"stardust": {"legendarium_ingot": true}},"item_model": "stardust:legendarium_ingot","item_name": {"translate": "stardust.legendarium_ingot"},"lore": [["",{"text": "I","color": "white","italic": false,"font": "stardust:icons"},{"translate": "stardustfragment","italic": true,"color": "blue"}]]}},"click_event": {"action": "show_dialog","dialog": "stardust:manual/page_24"}},
				{"text": "U$\n\n","hover_event": {"action": "show_item","id": "furnace","components": {"lore": [{"translate": "stardust.equivalent_to_531441_cobblestones","color": "gray","italic": false},["",{"text": "I","color": "white","italic": false,"font": "stardust:icons"},{"translate": "stardustfragment","italic": true,"color": "blue"}]],"item_model": "stardust:sextuple_compressed_cobblestone","item_name": {"translate": "stardust.sextuple_compressed_cobblestone"},"custom_data": {"stardust": {"sextuple_compressed_cobblestone": true},"smithed": {"ignore": {"functionality": true,"crafting": true}}},"container": [{"slot": 0,"item": {"id": "minecraft:stone","count": 1,"components": {"minecraft:custom_data": {"smithed": {"block": {"id": "stardust:sextuple_compressed_cobblestone","from": "stardust"}}}}}}],"tooltip_display": {"hidden_components": ["minecraft:container"]}}},"click_event": {"action": "show_dialog","dialog": "stardust:manual/page_41"}},
				{"text": "1##","hover_event": {"action": "show_text","value": [{"translate": "stardust.legendarium_equipment","color": "yellow"},{"translate": "stardust.compared_to_regular_netherite_equipment","color": "gray"},{"translate": "stardust.durability_has_been_increased_by_x3_5","color": "gray"},{"translate": "stardust.armor_points_has_been_increased_by_5_5","color": "gray"},{"translate": "stardust.8_5_points","color": "white"},{"translate": "stardust.armor_toughness_has_been_increased_by_1_6","color": "gray"},{"translate": "stardust.4_6_points","color": "white"}]}},
				{"text": "2\n","hover_event": {"action": "show_text","value": [{"text": ""},[{"text": "","font": "stardust:manual","color": "white"},"\"Q\n","\n","\"",{"text": "$胉"},{"text": "$荽"},{"text": "$荾"},"\n","\"",{"text": "U$"},{"text": "U$"},{"text": "U$"},"\n","\"",{"text": "$荿"},{"text": "$莀"},{"text": "$莁"},"\"\"",{"text": "$$胗"},"\n","\"",{"text": "U$"},{"text": "U$"},{"text": "U$"},"\"\"",{"text": "U$"},"\n","\"",{"text": "$莂"},{"text": "$聟"},"\n","\"",{"text": "U$"},{"text": "U$"},"\n"],{"translate": "stardust_fragment_awakened_forge","color": "yellow"},{"text": "\n- x1 ","color": "gray"},{"translate": "stardust.original_stardust_boots","color": "gray"},{"text": "\n- x4 ","color": "gray"},{"translate": "stardust.legendarium_block","color": "gray"},{"translate": "stardust.x64","color": "gray"},{"translate": "stardust.wind_charge","color": "gray"},{"translate": "stardust.x128","color": "gray"},{"translate": "stardust.feather","color": "gray"},{"text": "\n- x6 ","color": "gray"},{"translate": "stardust.ender_dragon_pearl","color": "gray"},{"text": "\n- x8 ","color": "gray"},{"translate": "stardust.awakened_stardust_block","color": "gray"},{"translate": "stardust.x12","color": "gray"},{"translate": "stardust.legendarium_ingot","color": "gray"},{"text": "\n- x1 ","color": "gray"},{"translate": "stardust.sextuple_compressed_cobblestone","color": "gray"}]}},
				{"text": "0##","hover_event": {"action": "show_text","value": [{"translate": "stardust.legendarium_equipment","color": "yellow"},{"translate": "stardust.compared_to_regular_netherite_equipment","color": "gray"},{"translate": "stardust.durability_has_been_increased_by_x3_5","color": "gray"},{"translate": "stardust.armor_points_has_been_increased_by_5_5","color": "gray"},{"translate": "stardust.8_5_points","color": "white"},{"translate": "stardust.armor_toughness_has_been_increased_by_1_6","color": "gray"},{"translate": "stardust.4_6_points","color": "white"}]}},
				{"text": "0","hover_event": {"action": "show_text","value": [{"text": ""},[{"text": "","font": "stardust:manual","color": "white"},"\"Q\n","\n","\"",{"text": "$胉"},{"text": "$荽"},{"text": "$荾"},"\n","\"",{"text": "U$"},{"text": "U$"},{"text": "U$"},"\n","\"",{"text": "$荿"},{"text": "$莀"},{"text": "$莁"},"\"\"",{"text": "$$胗"},"\n","\"",{"text": "U$"},{"text": "U$"},{"text": "U$"},"\"\"",{"text": "U$"},"\n","\"",{"text": "$莂"},{"text": "$聟"},"\n","\"",{"text": "U$"},{"text": "U$"},"\n"],{"translate": "stardust_fragment_awakened_forge","color": "yellow"},{"text": "\n- x1 ","color": "gray"},{"translate": "stardust.original_stardust_boots","color": "gray"},{"text": "\n- x4 ","color": "gray"},{"translate": "stardust.legendarium_block","color": "gray"},{"translate": "stardust.x64","color": "gray"},{"translate": "stardust.wind_charge","color": "gray"},{"translate": "stardust.x128","color": "gray"},{"translate": "stardust.feather","color": "gray"},{"text": "\n- x6 ","color": "gray"},{"translate": "stardust.ender_dragon_pearl","color": "gray"},{"text": "\n- x8 ","color": "gray"},{"translate": "stardust.awakened_stardust_block","color": "gray"},{"translate": "stardust.x12","color": "gray"},{"translate": "stardust.legendarium_ingot","color": "gray"},{"text": "\n- x1 ","color": "gray"},{"translate": "stardust.sextuple_compressed_cobblestone","color": "gray"}]}},
				"\n\n\n\n\n\n\n\n\n\n\n\n\n\n\n"
			],
			"width": 140
		}
	]
}
