{
	"type": "minecraft:notice",
	"title": [
		{
			"sprite": "stardust:item/advanced_diamond_seed",
			"atlas": "minecraft:items",
			"shadow_color": [
				0,
				0,
				0,
				0
			]
		},
		" ",
		{
			"translate": "stardust.advanced_diamond_seed",
			"underlined": true
		},
		" ",
		{
			"sprite": "stardust:item/advanced_diamond_seed",
			"atlas": "minecraft:items",
			"shadow_color": [
				0,
				0,
				0,
				0
			]
		}
	],
	"body": [
		{
			"type": "minecraft:plain_message",
			"contents": [
				{"text": "V   ","font": "stardust:manual","color": "white"},
				{"text": "\n   ","click_event": {"action": "show_dialog","dialog": "stardust:manual/page_147"},"hover_event": {"action": "show_text","value": [{"translate": "stardust.go_to_previous_page"}," (147)"]}},
				" ",
				{"text": "   ","click_event": {"action": "show_dialog","dialog": "stardust:manual/page_149"},"hover_event": {"action": "show_text","value": [{"translate": "stardust.go_to_next_page"}," (149)"]}},
				{"text": "\n   ","click_event": {"action": "show_dialog","dialog": "stardust:manual/page_147"},"hover_event": {"action": "show_text","value": [{"translate": "stardust.go_to_previous_page"}," (147)"]}},
				" ",
				{"text": "   ","click_event": {"action": "show_dialog","dialog": "stardust:manual/page_149"},"hover_event": {"action": "show_text","value": [{"translate": "stardust.go_to_next_page"}," (149)"]}}
			],
			"width": 400
		},
		{
			"type": "minecraft:plain_message",
			"contents": [
				{"text": "","font": "stardust:manual","color": "white","shadow_color": [0,0,0,0]},
				"\"$6\n\"",
				{"text": "$謤$謤$謤","hover_event": {"action": "show_item","id": "minecraft:diamond","components": {}}},
				"  \n\"",
				{"translate": "stardust.uuu","hover_event": {"action": "show_item","id": "minecraft:diamond","components": {}}},
				"  \n\"",
				{"text": "$謤","hover_event": {"action": "show_item","id": "minecraft:diamond","components": {}}},
				{"text": "$脯","hover_event": {"action": "show_item","id": "item_frame","components": {"lore": [{"translate": "stardust.can_only_be_planted_on_stone","italic": false,"color": "gray"},["",{"text": "I","color": "white","italic": false,"font": "stardust:icons"},{"translate": "stardustfragment","italic": true,"color": "blue"}]],"item_model": "stardust:diamond_seed","item_name": {"translate": "stardust.diamond_seed"},"custom_data": {"stardust": {"diamond_seed": true},"smithed": {"ignore": {"functionality": true,"crafting": true}}},"entity_data": {"id": "minecraft:item_frame","Tags": ["stardust.new","stardust.diamond_seed"],"Invisible": true,"Silent": true}}},"click_event": {"action": "show_dialog","dialog": "stardust:manual/page_147"}},
				{"text": "$謤","hover_event": {"action": "show_item","id": "minecraft:diamond","components": {}}},
				"\"\"",
				{"text": "$$脱","hover_event": {"action": "show_item","id": "item_frame","components": {"lore": [{"translate": "stardust.can_only_be_planted_on_stone","italic": false,"color": "gray"},["",{"text": "I","color": "white","italic": false,"font": "stardust:icons"},{"translate": "stardustfragment","italic": true,"color": "blue"}]],"item_model": "stardust:advanced_diamond_seed","item_name": {"translate": "stardust.advanced_diamond_seed"},"custom_data": {"stardust": {"advanced_diamond_seed": true},"smithed": {"ignore": {"functionality": true,"crafting": true}}},"entity_data": {"id": "minecraft:item_frame","Tags": ["stardust.new","stardust.advanced_diamond_seed"],"Invisible": true,"Silent": true}}}},
				"#$\n\"",
				{"text": "U$","hover_event": {"action": "show_item","id": "minecraft:diamond","components": {}}},
				{"text": "U$","hover_event": {"action": "show_item","id": "item_frame","components": {"lore": [{"translate": "stardust.can_only_be_planted_on_stone","italic": false,"color": "gray"},["",{"text": "I","color": "white","italic": false,"font": "stardust:icons"},{"translate": "stardustfragment","italic": true,"color": "blue"}]],"item_model": "stardust:diamond_seed","item_name": {"translate": "stardust.diamond_seed"},"custom_data": {"stardust": {"diamond_seed": true},"smithed": {"ignore": {"functionality": true,"crafting": true}}},"entity_data": {"id": "minecraft:item_frame","Tags": ["stardust.new","stardust.diamond_seed"],"Invisible": true,"Silent": true}}},"click_event": {"action": "show_dialog","dialog": "stardust:manual/page_147"}},
				{"text": "U$","hover_event": {"action": "show_item","id": "minecraft:diamond","components": {}}},
				"\"\"",
				{"text": "U$","hover_event": {"action": "show_item","id": "item_frame","components": {"lore": [{"translate": "stardust.can_only_be_planted_on_stone","italic": false,"color": "gray"},["",{"text": "I","color": "white","italic": false,"font": "stardust:icons"},{"translate": "stardustfragment","italic": true,"color": "blue"}]],"item_model": "stardust:advanced_diamond_seed","item_name": {"translate": "stardust.advanced_diamond_seed"},"custom_data": {"stardust": {"advanced_diamond_seed": true},"smithed": {"ignore": {"functionality": true,"crafting": true}}},"entity_data": {"id": "minecraft:item_frame","Tags": ["stardust.new","stardust.advanced_diamond_seed"],"Invisible": true,"Silent": true}}}},
				"#$\n\"",
				{"text": "$謤$謤$謤","hover_event": {"action": "show_item","id": "minecraft:diamond","components": {}}},
				"  \n\"",
				{"translate": "stardust.uuu","hover_event": {"action": "show_item","id": "minecraft:diamond","components": {}}},
				"  \n\n",
				{"text": "1##","hover_event": {"action": "show_text","value": [{"translate": "stardust.magical_seed_that_grows_diamonds","color": "yellow"},{"translate": "stardust.can_only_be_planted_on_stone_blocks","color": "gray"},{"translate": "stardust.grows_fully_after_20_minutes","color": "gray"},{"translate": "stardust.yields_0_24_diamonds_when_harvested","color": "gray"},{"translate": "stardust.fortune_effect_applies_10_per_level","color": "gray"}]}},
				{"text": "2\n","hover_event": {"action": "show_text","value": [{"text": ""},[{"text": "","font": "stardust:manual","color": "white"},"\"F\n","\"",{"text": "$謤"},{"text": "$謤"},{"text": "$謤"},"\n","\"",{"text": "U$"},{"text": "U$"},{"text": "U$"},"\n","\"",{"text": "$謤"},{"text": "$脯"},{"text": "$謤"},"\"\"",{"text": "$$脱"},"\n","\"",{"text": "U$"},{"text": "U$"},{"text": "U$"},"\"\"",{"text": "U$"},"\n","\"",{"text": "$謤"},{"text": "$謤"},{"text": "$謤"},"\n","\"",{"text": "U$"},{"text": "U$"},{"text": "U$"},"\n"],{"text": "\n- x8 ","color": "gray"},{"translate": "stardust.diamond","color": "gray"},{"text": "\n- x1 ","color": "gray"},{"translate": "stardust.diamond_seed","color": "gray"}]}},
				{"text": "0##","hover_event": {"action": "show_text","value": [{"translate": "stardust.magical_seed_that_grows_diamonds","color": "yellow"},{"translate": "stardust.can_only_be_planted_on_stone_blocks","color": "gray"},{"translate": "stardust.grows_fully_after_20_minutes","color": "gray"},{"translate": "stardust.yields_0_24_diamonds_when_harvested","color": "gray"},{"translate": "stardust.fortune_effect_applies_10_per_level","color": "gray"}]}},
				{"text": "0","hover_event": {"action": "show_text","value": [{"text": ""},[{"text": "","font": "stardust:manual","color": "white"},"\"F\n","\"",{"text": "$謤"},{"text": "$謤"},{"text": "$謤"},"\n","\"",{"text": "U$"},{"text": "U$"},{"text": "U$"},"\n","\"",{"text": "$謤"},{"text": "$脯"},{"text": "$謤"},"\"\"",{"text": "$$脱"},"\n","\"",{"text": "U$"},{"text": "U$"},{"text": "U$"},"\"\"",{"text": "U$"},"\n","\"",{"text": "$謤"},{"text": "$謤"},{"text": "$謤"},"\n","\"",{"text": "U$"},{"text": "U$"},{"text": "U$"},"\n"],{"text": "\n- x8 ","color": "gray"},{"translate": "stardust.diamond","color": "gray"},{"text": "\n- x1 ","color": "gray"},{"translate": "stardust.diamond_seed","color": "gray"}]}},
				"\n\n\n\n\n\n\n\n\n\n\n\n\n\n\n\n"
			],
			"width": 140
		}
	]
}
