{
	"type": "minecraft:notice",
	"title": [
		{
			"sprite": "stardust:item/septuple_compressed_cobblestone",
			"shadow_color": [
				0,
				0,
				0,
				0
			],
			"atlas": "minecraft:items"
		},
		" ",
		{
			"translate": "stardust.septuple_compressed_cobblestone",
			"underlined": true
		},
		" ",
		{
			"sprite": "stardust:item/septuple_compressed_cobblestone",
			"shadow_color": [
				0,
				0,
				0,
				0
			],
			"atlas": "minecraft:items"
		}
	],
	"body": [
		{
			"type": "minecraft:plain_message",
			"contents": [
				{"text": "V   ","font": "stardust:manual","color": "white"},
				{"text": "\n   ","click_event": {"action": "show_dialog","dialog": "stardust:manual/page_43"},"hover_event": {"action": "show_text","value": [{"translate": "stardust.go_to_previous_page"}," (43)"]}},
				" ",
				{"text": "   ","click_event": {"action": "show_dialog","dialog": "stardust:manual/page_45"},"hover_event": {"action": "show_text","value": [{"translate": "stardust.go_to_next_page"}," (45)"]}},
				{"text": "\n   ","click_event": {"action": "show_dialog","dialog": "stardust:manual/page_43"},"hover_event": {"action": "show_text","value": [{"translate": "stardust.go_to_previous_page"}," (43)"]}},
				" ",
				{"text": "   ","click_event": {"action": "show_dialog","dialog": "stardust:manual/page_45"},"hover_event": {"action": "show_text","value": [{"translate": "stardust.go_to_next_page"}," (45)"]}}
			],
			"width": 400
		},
		{
			"type": "minecraft:plain_message",
			"contents": [
				{"text": "","font": "stardust:manual","color": "white","shadow_color": [0,0,0,0]},
				"\"$5\n\"",
				{"text": "$聣","hover_event": {"action": "show_item","id": "furnace","components": {"lore": [{"translate": "stardust.equivalent_to_43046721_cobblestones","color": "gray","italic": false},["",{"text": "I","color": "white","italic": false,"font": "stardust:icons"},{"translate": "stardustfragment","italic": true,"color": "blue"}]],"item_model": "stardust:octuple_compressed_cobblestone","item_name": {"translate": "stardust.octuple_compressed_cobblestone"},"custom_data": {"stardust": {"octuple_compressed_cobblestone": true},"smithed": {"ignore": {"functionality": true,"crafting": true}}},"container": [{"slot": 0,"item": {"id": "minecraft:stone","count": 1,"components": {"minecraft:custom_data": {"smithed": {"block": {"id": "stardust:octuple_compressed_cobblestone","from": "stardust"}}}}}}],"tooltip_display": {"hidden_components": ["minecraft:container"]}}},"click_event": {"action": "show_dialog","dialog": "stardust:manual/page_45"}},
				"U$  \n\"",
				{"text": "U$","hover_event": {"action": "show_item","id": "furnace","components": {"lore": [{"translate": "stardust.equivalent_to_43046721_cobblestones","color": "gray","italic": false},["",{"text": "I","color": "white","italic": false,"font": "stardust:icons"},{"translate": "stardustfragment","italic": true,"color": "blue"}]],"item_model": "stardust:octuple_compressed_cobblestone","item_name": {"translate": "stardust.octuple_compressed_cobblestone"},"custom_data": {"stardust": {"octuple_compressed_cobblestone": true},"smithed": {"ignore": {"functionality": true,"crafting": true}}},"container": [{"slot": 0,"item": {"id": "minecraft:stone","count": 1,"components": {"minecraft:custom_data": {"smithed": {"block": {"id": "stardust:octuple_compressed_cobblestone","from": "stardust"}}}}}}],"tooltip_display": {"hidden_components": ["minecraft:container"]}}},"click_event": {"action": "show_dialog","dialog": "stardust:manual/page_45"}},
				"U$U$",
				{"text": "$$觺","hover_event": {"action": "show_item","id": "furnace","components": {"lore": [{"translate": "stardust.equivalent_to_4782969_cobblestones","color": "gray","italic": false},["",{"text": "I","color": "white","italic": false,"font": "stardust:icons"},{"translate": "stardustfragment","italic": true,"color": "blue"}]],"item_model": "stardust:septuple_compressed_cobblestone","item_name": {"translate": "stardust.septuple_compressed_cobblestone"},"custom_data": {"stardust": {"septuple_compressed_cobblestone": true},"smithed": {"ignore": {"functionality": true,"crafting": true}}},"container": [{"slot": 0,"item": {"id": "minecraft:stone","count": 1,"components": {"minecraft:custom_data": {"smithed": {"block": {"id": "stardust:septuple_compressed_cobblestone","from": "stardust"}}}}}}],"tooltip_display": {"hidden_components": ["minecraft:container"]}}}},
				"#$\n\"U$U$U$",
				{"text": "U$","hover_event": {"action": "show_item","id": "furnace","components": {"lore": [{"translate": "stardust.equivalent_to_4782969_cobblestones","color": "gray","italic": false},["",{"text": "I","color": "white","italic": false,"font": "stardust:icons"},{"translate": "stardustfragment","italic": true,"color": "blue"}]],"item_model": "stardust:septuple_compressed_cobblestone","item_name": {"translate": "stardust.septuple_compressed_cobblestone"},"custom_data": {"stardust": {"septuple_compressed_cobblestone": true},"smithed": {"ignore": {"functionality": true,"crafting": true}}},"container": [{"slot": 0,"item": {"id": "minecraft:stone","count": 1,"components": {"minecraft:custom_data": {"smithed": {"block": {"id": "stardust:septuple_compressed_cobblestone","from": "stardust"}}}}}}],"tooltip_display": {"hidden_components": ["minecraft:container"]}}}},
				"#$\n\n\n",
				{"text": "1##","hover_event": {"action": "show_text","value": [{"translate": "stardust.septuple_compressed_compressed_cobblestone","color": "yellow"},{"translate": "stardust.equals_to_4782969_cobblestones","color": "gray"}]}},
				{"text": "2##","hover_event": {"action": "show_text","value": [{"text": ""},[{"text": "","font": "stardust:manual","color": "white"},"\"F\n","\"",{"text": "$聟"},{"text": "$聟"},{"text": "$聟"},"\n","\"",{"text": "U$"},{"text": "U$"},{"text": "U$"},"\n","\"",{"text": "$聟"},{"text": "$聟"},{"text": "$聟"},"\"\"",{"text": "$$聡"},"\n","\"",{"text": "U$"},{"text": "U$"},{"text": "U$"},"\"\"",{"text": "U$"},"\n","\"",{"text": "$聟"},{"text": "$聟"},{"text": "$聟"},"\n","\"",{"text": "U$"},{"text": "U$"},{"text": "U$"},"\n"],{"text": "\n- x9 ","color": "gray"},{"translate": "stardust.sextuple_compressed_cobblestone","color": "gray"}]},"click_event": {"action": "show_dialog","dialog": "stardust:manual/page_43"}},
				{"text": "2##","hover_event": {"action": "show_text","value": [{"text": ""},[{"text": "","font": "stardust:manual","color": "white"},"\"E\n","\"",{"text": "$聣"},"\n","\"",{"text": "U$"},"U$U$",{"text": "$$觺"},"\n\"","U$U$U$",{"text": "U$"},"\n","\n"],{"text": "\n- x1 ","color": "gray"},{"translate": "stardust.octuple_compressed_cobblestone","color": "gray"}]},"click_event": {"action": "show_dialog","dialog": "stardust:manual/page_45"}},
				{"text": "2##","hover_event": {"action": "show_text","value": [{"text": ""},[{"text": "","font": "stardust:manual","color": "white"},"\"I\n","\n\n","\"",{"text": "$聣"},"\"\"\"\"#U$",{"text": "$$觺"},"\n","\"",{"text": "U$"},"\"\"\"\"#U$",{"text": "U$"},"\n","\n"],{"translate": "stardust.simplenergy_pulverizing","color": "yellow"},{"text": "\n- x1 ","color": "gray"},{"translate": "stardust.octuple_compressed_cobblestone","color": "gray"}]},"click_event": {"action": "show_dialog","dialog": "stardust:manual/page_45"}},
				{"text": "訄##","hover_event": {"action": "show_text","value": [{"text": ""},[{"text": "","font": "stardust:manual","color": "white"},"\"E\n","\"",{"text": "$聡"},"\n","\"",{"text": "U$"},"U$U$",{"text": "$$褊"},"\n\"","U$U$U$",{"text": "U$"},"\n","\n"],{"text": "\n- x1 ","color": "gray"},{"translate": "stardust.septuple_compressed_cobblestone","color": "gray"}]},"click_event": {"action": "show_dialog","dialog": "stardust:manual/page_43"}},
				{"text": "訇\n","hover_event": {"action": "show_text","value": [{"text": ""},[{"text": "","font": "stardust:manual","color": "white"},"\"F\n","\"",{"text": "$聡"},{"text": "$聡"},{"text": "$聡"},"\n","\"",{"text": "U$"},{"text": "U$"},{"text": "U$"},"\n","\"",{"text": "$聡"},{"text": "$聡"},{"text": "$聡"},"\"\"",{"text": "$$聣"},"\n","\"",{"text": "U$"},{"text": "U$"},{"text": "U$"},"\"\"",{"text": "U$"},"\n","\"",{"text": "$聡"},{"text": "$聡"},{"text": "$聡"},"\n","\"",{"text": "U$"},{"text": "U$"},{"text": "U$"},"\n"],{"text": "\n- x9 ","color": "gray"},{"translate": "stardust.septuple_compressed_cobblestone","color": "gray"}]},"click_event": {"action": "show_dialog","dialog": "stardust:manual/page_45"}},
				{"text": "0##","hover_event": {"action": "show_text","value": [{"translate": "stardust.septuple_compressed_compressed_cobblestone","color": "yellow"},{"translate": "stardust.equals_to_4782969_cobblestones","color": "gray"}]}},
				{"text": "0##","hover_event": {"action": "show_text","value": [{"text": ""},[{"text": "","font": "stardust:manual","color": "white"},"\"F\n","\"",{"text": "$聟"},{"text": "$聟"},{"text": "$聟"},"\n","\"",{"text": "U$"},{"text": "U$"},{"text": "U$"},"\n","\"",{"text": "$聟"},{"text": "$聟"},{"text": "$聟"},"\"\"",{"text": "$$聡"},"\n","\"",{"text": "U$"},{"text": "U$"},{"text": "U$"},"\"\"",{"text": "U$"},"\n","\"",{"text": "$聟"},{"text": "$聟"},{"text": "$聟"},"\n","\"",{"text": "U$"},{"text": "U$"},{"text": "U$"},"\n"],{"text": "\n- x9 ","color": "gray"},{"translate": "stardust.sextuple_compressed_cobblestone","color": "gray"}]},"click_event": {"action": "show_dialog","dialog": "stardust:manual/page_43"}},
				{"text": "0##","hover_event": {"action": "show_text","value": [{"text": ""},[{"text": "","font": "stardust:manual","color": "white"},"\"E\n","\"",{"text": "$聣"},"\n","\"",{"text": "U$"},"U$U$",{"text": "$$觺"},"\n\"","U$U$U$",{"text": "U$"},"\n","\n"],{"text": "\n- x1 ","color": "gray"},{"translate": "stardust.octuple_compressed_cobblestone","color": "gray"}]},"click_event": {"action": "show_dialog","dialog": "stardust:manual/page_45"}},
				{"text": "0##","hover_event": {"action": "show_text","value": [{"text": ""},[{"text": "","font": "stardust:manual","color": "white"},"\"I\n","\n\n","\"",{"text": "$聣"},"\"\"\"\"#U$",{"text": "$$觺"},"\n","\"",{"text": "U$"},"\"\"\"\"#U$",{"text": "U$"},"\n","\n"],{"translate": "stardust.simplenergy_pulverizing","color": "yellow"},{"text": "\n- x1 ","color": "gray"},{"translate": "stardust.octuple_compressed_cobblestone","color": "gray"}]},"click_event": {"action": "show_dialog","dialog": "stardust:manual/page_45"}},
				{"text": "0##","hover_event": {"action": "show_text","value": [{"text": ""},[{"text": "","font": "stardust:manual","color": "white"},"\"E\n","\"",{"text": "$聡"},"\n","\"",{"text": "U$"},"U$U$",{"text": "$$褊"},"\n\"","U$U$U$",{"text": "U$"},"\n","\n"],{"text": "\n- x1 ","color": "gray"},{"translate": "stardust.septuple_compressed_cobblestone","color": "gray"}]},"click_event": {"action": "show_dialog","dialog": "stardust:manual/page_43"}},
				{"text": "0\n","hover_event": {"action": "show_text","value": [{"text": ""},[{"text": "","font": "stardust:manual","color": "white"},"\"F\n","\"",{"text": "$聡"},{"text": "$聡"},{"text": "$聡"},"\n","\"",{"text": "U$"},{"text": "U$"},{"text": "U$"},"\n","\"",{"text": "$聡"},{"text": "$聡"},{"text": "$聡"},"\"\"",{"text": "$$聣"},"\n","\"",{"text": "U$"},{"text": "U$"},{"text": "U$"},"\"\"",{"text": "U$"},"\n","\"",{"text": "$聡"},{"text": "$聡"},{"text": "$聡"},"\n","\"",{"text": "U$"},{"text": "U$"},{"text": "U$"},"\n"],{"text": "\n- x9 ","color": "gray"},{"translate": "stardust.septuple_compressed_cobblestone","color": "gray"}]},"click_event": {"action": "show_dialog","dialog": "stardust:manual/page_45"}},
				{"text": "訒##","hover_event": {"action": "show_text","value": [{"text": ""},[{"text": "","font": "stardust:manual","color": "white"},"\"Q\n","\n","\"",{"text": "$胿"},{"text": "$芶"},{"text": "$芷"},"\n","\"",{"text": "U$"},{"text": "U$"},{"text": "U$"},"\n","\"",{"text": "$芸"},{"text": "$芹"},{"text": "$芺"},"\"\"",{"text": "$$脁"},"\n","\"",{"text": "U$"},{"text": "U$"},{"text": "U$"},"\"\"",{"text": "U$"},"\n","\"",{"text": "$芻"},{"text": "$芼"},{"text": "$聡"},"\n","\"",{"text": "U$"},{"text": "U$"},{"text": "U$"},"\n"],{"translate": "stardust_fragment_awakened_forge","color": "yellow"},{"text": "\n- x1 ","color": "gray"},{"translate": "stardust.awakened_stardust_bow","color": "gray"},{"translate": "stardust.x64","color": "gray"},{"translate": "stardust.compacted_stardust_shard","color": "gray"},{"text": "\n- x2 ","color": "gray"},{"translate": "stardust.dragon_egg","color": "gray"},{"translate": "stardust.x32","color": "gray"},{"translate": "stardust.echo_shard","color": "gray"},{"translate": "stardust.x96","color": "gray"},{"translate": "stardust.emerald_block","color": "gray"},{"translate": "stardust.x64","color": "gray"},{"translate": "stardust.amethyst_block","color": "gray"},{"text": "\n- x1 ","color": "gray"},{"translate": "stardust.heavy_core","color": "gray"},{"translate": "stardust.x16","color": "gray"},{"translate": "stardust.awakened_stardust_block","color": "gray"},{"text": "\n- x1 ","color": "gray"},{"translate": "stardust.septuple_compressed_cobblestone","color": "gray"}]},"click_event": {"action": "show_dialog","dialog": "stardust:manual/page_124"}},
				{"text": "訝\n","hover_event": {"action": "show_text","value": [{"text": ""},[{"text": "","font": "stardust:manual","color": "white"},"\"Q\n","\n","\"",{"text": "$脅"},{"text": "$芶"},{"text": "$芷"},"\n","\"",{"text": "U$"},{"text": "U$"},{"text": "U$"},"\n","\"",{"text": "$芸"},{"text": "$芹"},{"text": "$芺"},"\"\"",{"text": "$$脇"},"\n","\"",{"text": "U$"},{"text": "U$"},{"text": "U$"},"\"\"",{"text": "U$"},"\n","\"",{"text": "$芻"},{"text": "$芼"},{"text": "$聡"},"\n","\"",{"text": "U$"},{"text": "U$"},{"text": "U$"},"\n"],{"translate": "stardust_fragment_awakened_forge","color": "yellow"},{"text": "\n- x1 ","color": "gray"},{"translate": "stardust.awakened_stardust_sniper","color": "gray"},{"translate": "stardust.x64","color": "gray"},{"translate": "stardust.compacted_stardust_shard","color": "gray"},{"text": "\n- x2 ","color": "gray"},{"translate": "stardust.dragon_egg","color": "gray"},{"translate": "stardust.x32","color": "gray"},{"translate": "stardust.echo_shard","color": "gray"},{"translate": "stardust.x96","color": "gray"},{"translate": "stardust.emerald_block","color": "gray"},{"translate": "stardust.x64","color": "gray"},{"translate": "stardust.amethyst_block","color": "gray"},{"text": "\n- x1 ","color": "gray"},{"translate": "stardust.heavy_core","color": "gray"},{"translate": "stardust.x16","color": "gray"},{"translate": "stardust.awakened_stardust_block","color": "gray"},{"text": "\n- x1 ","color": "gray"},{"translate": "stardust.septuple_compressed_cobblestone","color": "gray"}]},"click_event": {"action": "show_dialog","dialog": "stardust:manual/page_127"}},
				{"text": "0##","hover_event": {"action": "show_text","value": [{"text": ""},[{"text": "","font": "stardust:manual","color": "white"},"\"Q\n","\n","\"",{"text": "$胿"},{"text": "$芶"},{"text": "$芷"},"\n","\"",{"text": "U$"},{"text": "U$"},{"text": "U$"},"\n","\"",{"text": "$芸"},{"text": "$芹"},{"text": "$芺"},"\"\"",{"text": "$$脁"},"\n","\"",{"text": "U$"},{"text": "U$"},{"text": "U$"},"\"\"",{"text": "U$"},"\n","\"",{"text": "$芻"},{"text": "$芼"},{"text": "$聡"},"\n","\"",{"text": "U$"},{"text": "U$"},{"text": "U$"},"\n"],{"translate": "stardust_fragment_awakened_forge","color": "yellow"},{"text": "\n- x1 ","color": "gray"},{"translate": "stardust.awakened_stardust_bow","color": "gray"},{"translate": "stardust.x64","color": "gray"},{"translate": "stardust.compacted_stardust_shard","color": "gray"},{"text": "\n- x2 ","color": "gray"},{"translate": "stardust.dragon_egg","color": "gray"},{"translate": "stardust.x32","color": "gray"},{"translate": "stardust.echo_shard","color": "gray"},{"translate": "stardust.x96","color": "gray"},{"translate": "stardust.emerald_block","color": "gray"},{"translate": "stardust.x64","color": "gray"},{"translate": "stardust.amethyst_block","color": "gray"},{"text": "\n- x1 ","color": "gray"},{"translate": "stardust.heavy_core","color": "gray"},{"translate": "stardust.x16","color": "gray"},{"translate": "stardust.awakened_stardust_block","color": "gray"},{"text": "\n- x1 ","color": "gray"},{"translate": "stardust.septuple_compressed_cobblestone","color": "gray"}]},"click_event": {"action": "show_dialog","dialog": "stardust:manual/page_124"}},
				{"text": "0","hover_event": {"action": "show_text","value": [{"text": ""},[{"text": "","font": "stardust:manual","color": "white"},"\"Q\n","\n","\"",{"text": "$脅"},{"text": "$芶"},{"text": "$芷"},"\n","\"",{"text": "U$"},{"text": "U$"},{"text": "U$"},"\n","\"",{"text": "$芸"},{"text": "$芹"},{"text": "$芺"},"\"\"",{"text": "$$脇"},"\n","\"",{"text": "U$"},{"text": "U$"},{"text": "U$"},"\"\"",{"text": "U$"},"\n","\"",{"text": "$芻"},{"text": "$芼"},{"text": "$聡"},"\n","\"",{"text": "U$"},{"text": "U$"},{"text": "U$"},"\n"],{"translate": "stardust_fragment_awakened_forge","color": "yellow"},{"text": "\n- x1 ","color": "gray"},{"translate": "stardust.awakened_stardust_sniper","color": "gray"},{"translate": "stardust.x64","color": "gray"},{"translate": "stardust.compacted_stardust_shard","color": "gray"},{"text": "\n- x2 ","color": "gray"},{"translate": "stardust.dragon_egg","color": "gray"},{"translate": "stardust.x32","color": "gray"},{"translate": "stardust.echo_shard","color": "gray"},{"translate": "stardust.x96","color": "gray"},{"translate": "stardust.emerald_block","color": "gray"},{"translate": "stardust.x64","color": "gray"},{"translate": "stardust.amethyst_block","color": "gray"},{"text": "\n- x1 ","color": "gray"},{"translate": "stardust.heavy_core","color": "gray"},{"translate": "stardust.x16","color": "gray"},{"translate": "stardust.awakened_stardust_block","color": "gray"},{"text": "\n- x1 ","color": "gray"},{"translate": "stardust.septuple_compressed_cobblestone","color": "gray"}]},"click_event": {"action": "show_dialog","dialog": "stardust:manual/page_127"}},
				"\n\n\n\n\n\n\n\n\n\n\n\n\n\n\n\n"
			],
			"width": 140
		}
	]
}
