{
	"type": "minecraft:notice",
	"title": [
		{
			"sprite": "stardust:item/ultimate_frame",
			"shadow_color": [
				0,
				0,
				0,
				0
			],
			"atlas": "minecraft:items"
		},
		" ",
		{
			"translate": "stardust.ultimate_frame",
			"underlined": true
		},
		" ",
		{
			"sprite": "stardust:item/ultimate_frame",
			"shadow_color": [
				0,
				0,
				0,
				0
			],
			"atlas": "minecraft:items"
		}
	],
	"body": [
		{
			"type": "minecraft:plain_message",
			"contents": [
				{"text": "V   ","font": "stardust:manual","color": "white"},
				{"text": "\n   ","click_event": {"action": "show_dialog","dialog": "stardust:manual/page_47"},"hover_event": {"action": "show_text","value": [{"translate": "stardust.go_to_previous_page"}," (47)"]}},
				" ",
				{"text": "   ","click_event": {"action": "show_dialog","dialog": "stardust:manual/page_49"},"hover_event": {"action": "show_text","value": [{"translate": "stardust.go_to_next_page"}," (49)"]}},
				{"text": "\n   ","click_event": {"action": "show_dialog","dialog": "stardust:manual/page_47"},"hover_event": {"action": "show_text","value": [{"translate": "stardust.go_to_previous_page"}," (47)"]}},
				" ",
				{"text": "   ","click_event": {"action": "show_dialog","dialog": "stardust:manual/page_49"},"hover_event": {"action": "show_text","value": [{"translate": "stardust.go_to_next_page"}," (49)"]}}
			],
			"width": 400
		},
		{
			"type": "minecraft:plain_message",
			"contents": [
				{"text": "","font": "stardust:manual","color": "white","shadow_color": [0,0,0,0]},
				"\"$6\n\"",
				{"text": "$耿","hover_event": {"action": "show_item","id": "furnace","components": {"custom_data": {"smithed": {"dict": {"block": {"legendarium": true}},"ignore": {"functionality": true,"crafting": true}},"stardust": {"legendarium_block": true}},"item_model": "stardust:legendarium_block","item_name": {"translate": "stardust.legendarium_block"},"lore": [["",{"text": "I","color": "white","italic": false,"font": "stardust:icons"},{"translate": "stardustfragment","italic": true,"color": "blue"}]],"container": [{"slot": 0,"item": {"id": "minecraft:stone","count": 1,"components": {"minecraft:custom_data": {"smithed": {"block": {"id": "stardust:legendarium_block","from": "stardust"}}}}}}],"tooltip_display": {"hidden_components": ["minecraft:container"]}}},"click_event": {"action": "show_dialog","dialog": "stardust:manual/page_27"}},
				{"text": "$聅","hover_event": {"action": "show_item","id": "furnace","components": {"custom_data": {"smithed": {"dict": {"block": {"solarium": true}},"ignore": {"functionality": true,"crafting": true}},"stardust": {"solarium_block": true}},"item_model": "stardust:solarium_block","item_name": {"translate": "stardust.solarium_block"},"lore": [["",{"text": "I","color": "white","italic": false,"font": "stardust:icons"},{"translate": "stardustfragment","italic": true,"color": "blue"}]],"container": [{"slot": 0,"item": {"id": "minecraft:stone","count": 1,"components": {"minecraft:custom_data": {"smithed": {"block": {"id": "stardust:solarium_block","from": "stardust"}}}}}}],"tooltip_display": {"hidden_components": ["minecraft:container"]}}},"click_event": {"action": "show_dialog","dialog": "stardust:manual/page_30"}},
				{"text": "$聋","hover_event": {"action": "show_item","id": "furnace","components": {"custom_data": {"smithed": {"dict": {"block": {"darkium": true}},"ignore": {"functionality": true,"crafting": true}},"stardust": {"darkium_block": true}},"item_model": "stardust:darkium_block","item_name": {"translate": "stardust.darkium_block"},"lore": [["",{"text": "I","color": "white","italic": false,"font": "stardust:icons"},{"translate": "stardustfragment","italic": true,"color": "blue"}]],"container": [{"slot": 0,"item": {"id": "minecraft:stone","count": 1,"components": {"minecraft:custom_data": {"smithed": {"block": {"id": "stardust:darkium_block","from": "stardust"}}}}}}],"tooltip_display": {"hidden_components": ["minecraft:container"]}}},"click_event": {"action": "show_dialog","dialog": "stardust:manual/page_33"}},
				"  \n\"",
				{"text": "U$","hover_event": {"action": "show_item","id": "furnace","components": {"custom_data": {"smithed": {"dict": {"block": {"legendarium": true}},"ignore": {"functionality": true,"crafting": true}},"stardust": {"legendarium_block": true}},"item_model": "stardust:legendarium_block","item_name": {"translate": "stardust.legendarium_block"},"lore": [["",{"text": "I","color": "white","italic": false,"font": "stardust:icons"},{"translate": "stardustfragment","italic": true,"color": "blue"}]],"container": [{"slot": 0,"item": {"id": "minecraft:stone","count": 1,"components": {"minecraft:custom_data": {"smithed": {"block": {"id": "stardust:legendarium_block","from": "stardust"}}}}}}],"tooltip_display": {"hidden_components": ["minecraft:container"]}}},"click_event": {"action": "show_dialog","dialog": "stardust:manual/page_27"}},
				{"text": "U$","hover_event": {"action": "show_item","id": "furnace","components": {"custom_data": {"smithed": {"dict": {"block": {"solarium": true}},"ignore": {"functionality": true,"crafting": true}},"stardust": {"solarium_block": true}},"item_model": "stardust:solarium_block","item_name": {"translate": "stardust.solarium_block"},"lore": [["",{"text": "I","color": "white","italic": false,"font": "stardust:icons"},{"translate": "stardustfragment","italic": true,"color": "blue"}]],"container": [{"slot": 0,"item": {"id": "minecraft:stone","count": 1,"components": {"minecraft:custom_data": {"smithed": {"block": {"id": "stardust:solarium_block","from": "stardust"}}}}}}],"tooltip_display": {"hidden_components": ["minecraft:container"]}}},"click_event": {"action": "show_dialog","dialog": "stardust:manual/page_30"}},
				{"text": "U$","hover_event": {"action": "show_item","id": "furnace","components": {"custom_data": {"smithed": {"dict": {"block": {"darkium": true}},"ignore": {"functionality": true,"crafting": true}},"stardust": {"darkium_block": true}},"item_model": "stardust:darkium_block","item_name": {"translate": "stardust.darkium_block"},"lore": [["",{"text": "I","color": "white","italic": false,"font": "stardust:icons"},{"translate": "stardustfragment","italic": true,"color": "blue"}]],"container": [{"slot": 0,"item": {"id": "minecraft:stone","count": 1,"components": {"minecraft:custom_data": {"smithed": {"block": {"id": "stardust:darkium_block","from": "stardust"}}}}}}],"tooltip_display": {"hidden_components": ["minecraft:container"]}}},"click_event": {"action": "show_dialog","dialog": "stardust:manual/page_33"}},
				"  \n\"",
				{"text": "$聑","hover_event": {"action": "show_item","id": "command_block","components": {"item_model": "stardust:ultimate_shard","item_name": {"translate": "stardust.ultimate_shard"},"lore": [["",{"text": "I","color": "white","italic": false,"font": "stardust:icons"},{"translate": "stardustfragment","italic": true,"color": "blue"}]],"custom_data": {"stardust": {"ultimate_shard": true},"smithed": {"ignore": {"functionality": true,"crafting": true}}}}},"click_event": {"action": "show_dialog","dialog": "stardust:manual/page_36"}},
				{"text": "$聧","hover_event": {"action": "show_item","id": "furnace","components": {"item_model": "stardust:awakened_stardust_frame","item_name": {"translate": "stardust.awakened_stardust_frame"},"lore": [["",{"text": "I","color": "white","italic": false,"font": "stardust:icons"},{"translate": "stardustfragment","italic": true,"color": "blue"}]],"custom_data": {"stardust": {"awakened_stardust_frame": true},"smithed": {"ignore": {"functionality": true,"crafting": true}}},"container": [{"slot": 0,"item": {"id": "minecraft:stone","count": 1,"components": {"minecraft:custom_data": {"smithed": {"block": {"id": "stardust:awakened_stardust_frame","from": "stardust"}}}}}}],"tooltip_display": {"hidden_components": ["minecraft:container"]}}},"click_event": {"action": "show_dialog","dialog": "stardust:manual/page_47"}},
				{"text": "$聑","hover_event": {"action": "show_item","id": "command_block","components": {"item_model": "stardust:ultimate_shard","item_name": {"translate": "stardust.ultimate_shard"},"lore": [["",{"text": "I","color": "white","italic": false,"font": "stardust:icons"},{"translate": "stardustfragment","italic": true,"color": "blue"}]],"custom_data": {"stardust": {"ultimate_shard": true},"smithed": {"ignore": {"functionality": true,"crafting": true}}}}},"click_event": {"action": "show_dialog","dialog": "stardust:manual/page_36"}},
				"\"\"",
				{"text": "$$聩","hover_event": {"action": "show_item","id": "furnace","components": {"item_model": "stardust:ultimate_frame","item_name": {"translate": "stardust.ultimate_frame"},"lore": [["",{"text": "I","color": "white","italic": false,"font": "stardust:icons"},{"translate": "stardustfragment","italic": true,"color": "blue"}]],"custom_data": {"stardust": {"ultimate_frame": true},"smithed": {"ignore": {"functionality": true,"crafting": true}}},"container": [{"slot": 0,"item": {"id": "minecraft:stone","count": 1,"components": {"minecraft:custom_data": {"smithed": {"block": {"id": "stardust:ultimate_frame","from": "stardust"}}}}}}],"tooltip_display": {"hidden_components": ["minecraft:container"]}}}},
				"#$\n\"",
				{"text": "U$","hover_event": {"action": "show_item","id": "command_block","components": {"item_model": "stardust:ultimate_shard","item_name": {"translate": "stardust.ultimate_shard"},"lore": [["",{"text": "I","color": "white","italic": false,"font": "stardust:icons"},{"translate": "stardustfragment","italic": true,"color": "blue"}]],"custom_data": {"stardust": {"ultimate_shard": true},"smithed": {"ignore": {"functionality": true,"crafting": true}}}}},"click_event": {"action": "show_dialog","dialog": "stardust:manual/page_36"}},
				{"text": "U$","hover_event": {"action": "show_item","id": "furnace","components": {"item_model": "stardust:awakened_stardust_frame","item_name": {"translate": "stardust.awakened_stardust_frame"},"lore": [["",{"text": "I","color": "white","italic": false,"font": "stardust:icons"},{"translate": "stardustfragment","italic": true,"color": "blue"}]],"custom_data": {"stardust": {"awakened_stardust_frame": true},"smithed": {"ignore": {"functionality": true,"crafting": true}}},"container": [{"slot": 0,"item": {"id": "minecraft:stone","count": 1,"components": {"minecraft:custom_data": {"smithed": {"block": {"id": "stardust:awakened_stardust_frame","from": "stardust"}}}}}}],"tooltip_display": {"hidden_components": ["minecraft:container"]}}},"click_event": {"action": "show_dialog","dialog": "stardust:manual/page_47"}},
				{"text": "U$","hover_event": {"action": "show_item","id": "command_block","components": {"item_model": "stardust:ultimate_shard","item_name": {"translate": "stardust.ultimate_shard"},"lore": [["",{"text": "I","color": "white","italic": false,"font": "stardust:icons"},{"translate": "stardustfragment","italic": true,"color": "blue"}]],"custom_data": {"stardust": {"ultimate_shard": true},"smithed": {"ignore": {"functionality": true,"crafting": true}}}}},"click_event": {"action": "show_dialog","dialog": "stardust:manual/page_36"}},
				"\"\"",
				{"text": "U$","hover_event": {"action": "show_item","id": "furnace","components": {"item_model": "stardust:ultimate_frame","item_name": {"translate": "stardust.ultimate_frame"},"lore": [["",{"text": "I","color": "white","italic": false,"font": "stardust:icons"},{"translate": "stardustfragment","italic": true,"color": "blue"}]],"custom_data": {"stardust": {"ultimate_frame": true},"smithed": {"ignore": {"functionality": true,"crafting": true}}},"container": [{"slot": 0,"item": {"id": "minecraft:stone","count": 1,"components": {"minecraft:custom_data": {"smithed": {"block": {"id": "stardust:ultimate_frame","from": "stardust"}}}}}}],"tooltip_display": {"hidden_components": ["minecraft:container"]}}}},
				"#$\n\"",
				{"text": "$蔗$蔗$蔗","hover_event": {"action": "show_item","id": "minecraft:stripped_pale_oak_wood","components": {}}},
				"  \n\"",
				{"translate": "stardust.uuu","hover_event": {"action": "show_item","id": "minecraft:stripped_pale_oak_wood","components": {}}},
				"  \n\n",
				{"text": "1##","hover_event": {"action": "show_text","value": [{"translate": "stardust.ultimate_frame_made_with_advanced_materials","color": "yellow"},{"translate": "stardust.final_upgraded_version_of_the_machine_block","color": "gray"},{"translate": "stardust.used_for_final_tier_machines","color": "gray"}]}},
				{"text": "2##","hover_event": {"action": "show_text","value": [{"text": ""},[{"text": "","font": "stardust:manual","color": "white"},"\"F\n","\"",{"text": "$耿"},{"text": "$聅"},{"text": "$聋"},"\n","\"",{"text": "U$"},{"text": "U$"},{"text": "U$"},"\n","\"",{"text": "$聑"},{"text": "$聧"},{"text": "$聑"},"\"\"",{"text": "$$聩"},"\n","\"",{"text": "U$"},{"text": "U$"},{"text": "U$"},"\"\"",{"text": "U$"},"\n","\"",{"text": "$蔗"},{"text": "$蔗"},{"text": "$蔗"},"\n","\"",{"text": "U$"},{"text": "U$"},{"text": "U$"},"\n"],{"text": "\n- x1 ","color": "gray"},{"translate": "stardust.legendarium_block","color": "gray"},{"text": "\n- x1 ","color": "gray"},{"translate": "stardust.solarium_block","color": "gray"},{"text": "\n- x1 ","color": "gray"},{"translate": "stardust.darkium_block","color": "gray"},{"text": "\n- x2 ","color": "gray"},{"translate": "stardust.ultimate_shard","color": "gray"},{"text": "\n- x1 ","color": "gray"},{"translate": "stardust.awakened_stardust_frame","color": "gray"},{"text": "\n- x3 ","color": "gray"},{"translate": "stardust.stripped_pale_oak_wood","color": "gray"}]}},
				{"text": "2##","hover_event": {"action": "show_text","value": [{"text": ""},[{"text": "","font": "stardust:manual","color": "white"},"\"F\n","\"",{"text": "$蔗"},{"text": "$蔗"},{"text": "$蔗"},"\n","\"",{"text": "U$"},{"text": "U$"},{"text": "U$"},"\n","\"",{"text": "$聑"},{"text": "$聧"},{"text": "$聑"},"\"\"",{"text": "$$聩"},"\n","\"",{"text": "U$"},{"text": "U$"},{"text": "U$"},"\"\"",{"text": "U$"},"\n","\"",{"text": "$耿"},{"text": "$聅"},{"text": "$聋"},"\n","\"",{"text": "U$"},{"text": "U$"},{"text": "U$"},"\n"],{"text": "\n- x1 ","color": "gray"},{"translate": "stardust.legendarium_block","color": "gray"},{"text": "\n- x1 ","color": "gray"},{"translate": "stardust.solarium_block","color": "gray"},{"text": "\n- x1 ","color": "gray"},{"translate": "stardust.darkium_block","color": "gray"},{"text": "\n- x2 ","color": "gray"},{"translate": "stardust.ultimate_shard","color": "gray"},{"text": "\n- x1 ","color": "gray"},{"translate": "stardust.awakened_stardust_frame","color": "gray"},{"text": "\n- x3 ","color": "gray"},{"translate": "stardust.stripped_pale_oak_wood","color": "gray"}]}},
				{"text": "誄##","hover_event": {"action": "show_text","value": [{"text": ""},[{"text": "","font": "stardust:manual","color": "white"},"\"F\n","\"",{"text": "$聑"},{"text": "$聑"},{"text": "$聑"},"\n","\"",{"text": "U$"},{"text": "U$"},{"text": "U$"},"\n","\"",{"text": "$聩"},{"text": "$肃"},{"text": "$聩"},"\"\"",{"text": "$$肅"},"\n","\"",{"text": "U$"},{"text": "U$"},{"text": "U$"},"\"\"",{"text": "U$"},"\n","\"",{"text": "$耧"},{"text": "$耧"},{"text": "$耧"},"\n","\"",{"text": "U$"},{"text": "U$"},{"text": "U$"},"\n"],{"text": "\n- x3 ","color": "gray"},{"translate": "stardust.ultimate_shard","color": "gray"},{"text": "\n- x2 ","color": "gray"},{"translate": "stardust.ultimate_frame","color": "gray"},{"text": "\n- x1 ","color": "gray"},{"translate": "stardust.awakened_stardust_battery","color": "gray"},{"text": "\n- x3 ","color": "gray"},{"translate": "stardust_core","color": "gray"}]},"click_event": {"action": "show_dialog","dialog": "stardust:manual/page_62"}},
				{"text": "誊\n","hover_event": {"action": "show_text","value": [{"text": ""},[{"text": "","font": "stardust:manual","color": "white"},"\"F\n","\"",{"text": "$聑"},{"text": "$聑"},{"text": "$聑"},"\n","\"",{"text": "U$"},{"text": "U$"},{"text": "U$"},"\n","\"",{"text": "$聩"},{"text": "$肥"},{"text": "$聩"},"\"\"",{"text": "$$肧"},"\n","\"",{"text": "U$"},{"text": "U$"},{"text": "U$"},"\"\"",{"text": "U$"},"\n","\"",{"text": "$艼"},{"text": "$艼"},{"text": "$艼"},"\n","\"",{"text": "U$"},{"text": "U$"},{"text": "U$"},"\n"],{"text": "\n- x3 ","color": "gray"},{"translate": "stardust.ultimate_shard","color": "gray"},{"text": "\n- x2 ","color": "gray"},{"translate": "stardust.ultimate_frame","color": "gray"},{"text": "\n- x1 ","color": "gray"},{"translate": "stardust_dungeon_portal","color": "gray"},{"text": "\n- x3 ","color": "gray"},{"translate": "stardust.respawn_anchor","color": "gray"}]},"click_event": {"action": "show_dialog","dialog": "stardust:manual/page_79"}},
				{"text": "0##","hover_event": {"action": "show_text","value": [{"translate": "stardust.ultimate_frame_made_with_advanced_materials","color": "yellow"},{"translate": "stardust.final_upgraded_version_of_the_machine_block","color": "gray"},{"translate": "stardust.used_for_final_tier_machines","color": "gray"}]}},
				{"text": "0##","hover_event": {"action": "show_text","value": [{"text": ""},[{"text": "","font": "stardust:manual","color": "white"},"\"F\n","\"",{"text": "$耿"},{"text": "$聅"},{"text": "$聋"},"\n","\"",{"text": "U$"},{"text": "U$"},{"text": "U$"},"\n","\"",{"text": "$聑"},{"text": "$聧"},{"text": "$聑"},"\"\"",{"text": "$$聩"},"\n","\"",{"text": "U$"},{"text": "U$"},{"text": "U$"},"\"\"",{"text": "U$"},"\n","\"",{"text": "$蔗"},{"text": "$蔗"},{"text": "$蔗"},"\n","\"",{"text": "U$"},{"text": "U$"},{"text": "U$"},"\n"],{"text": "\n- x1 ","color": "gray"},{"translate": "stardust.legendarium_block","color": "gray"},{"text": "\n- x1 ","color": "gray"},{"translate": "stardust.solarium_block","color": "gray"},{"text": "\n- x1 ","color": "gray"},{"translate": "stardust.darkium_block","color": "gray"},{"text": "\n- x2 ","color": "gray"},{"translate": "stardust.ultimate_shard","color": "gray"},{"text": "\n- x1 ","color": "gray"},{"translate": "stardust.awakened_stardust_frame","color": "gray"},{"text": "\n- x3 ","color": "gray"},{"translate": "stardust.stripped_pale_oak_wood","color": "gray"}]}},
				{"text": "0##","hover_event": {"action": "show_text","value": [{"text": ""},[{"text": "","font": "stardust:manual","color": "white"},"\"F\n","\"",{"text": "$蔗"},{"text": "$蔗"},{"text": "$蔗"},"\n","\"",{"text": "U$"},{"text": "U$"},{"text": "U$"},"\n","\"",{"text": "$聑"},{"text": "$聧"},{"text": "$聑"},"\"\"",{"text": "$$聩"},"\n","\"",{"text": "U$"},{"text": "U$"},{"text": "U$"},"\"\"",{"text": "U$"},"\n","\"",{"text": "$耿"},{"text": "$聅"},{"text": "$聋"},"\n","\"",{"text": "U$"},{"text": "U$"},{"text": "U$"},"\n"],{"text": "\n- x1 ","color": "gray"},{"translate": "stardust.legendarium_block","color": "gray"},{"text": "\n- x1 ","color": "gray"},{"translate": "stardust.solarium_block","color": "gray"},{"text": "\n- x1 ","color": "gray"},{"translate": "stardust.darkium_block","color": "gray"},{"text": "\n- x2 ","color": "gray"},{"translate": "stardust.ultimate_shard","color": "gray"},{"text": "\n- x1 ","color": "gray"},{"translate": "stardust.awakened_stardust_frame","color": "gray"},{"text": "\n- x3 ","color": "gray"},{"translate": "stardust.stripped_pale_oak_wood","color": "gray"}]}},
				{"text": "0##","hover_event": {"action": "show_text","value": [{"text": ""},[{"text": "","font": "stardust:manual","color": "white"},"\"F\n","\"",{"text": "$聑"},{"text": "$聑"},{"text": "$聑"},"\n","\"",{"text": "U$"},{"text": "U$"},{"text": "U$"},"\n","\"",{"text": "$聩"},{"text": "$肃"},{"text": "$聩"},"\"\"",{"text": "$$肅"},"\n","\"",{"text": "U$"},{"text": "U$"},{"text": "U$"},"\"\"",{"text": "U$"},"\n","\"",{"text": "$耧"},{"text": "$耧"},{"text": "$耧"},"\n","\"",{"text": "U$"},{"text": "U$"},{"text": "U$"},"\n"],{"text": "\n- x3 ","color": "gray"},{"translate": "stardust.ultimate_shard","color": "gray"},{"text": "\n- x2 ","color": "gray"},{"translate": "stardust.ultimate_frame","color": "gray"},{"text": "\n- x1 ","color": "gray"},{"translate": "stardust.awakened_stardust_battery","color": "gray"},{"text": "\n- x3 ","color": "gray"},{"translate": "stardust_core","color": "gray"}]},"click_event": {"action": "show_dialog","dialog": "stardust:manual/page_62"}},
				{"text": "0","hover_event": {"action": "show_text","value": [{"text": ""},[{"text": "","font": "stardust:manual","color": "white"},"\"F\n","\"",{"text": "$聑"},{"text": "$聑"},{"text": "$聑"},"\n","\"",{"text": "U$"},{"text": "U$"},{"text": "U$"},"\n","\"",{"text": "$聩"},{"text": "$肥"},{"text": "$聩"},"\"\"",{"text": "$$肧"},"\n","\"",{"text": "U$"},{"text": "U$"},{"text": "U$"},"\"\"",{"text": "U$"},"\n","\"",{"text": "$艼"},{"text": "$艼"},{"text": "$艼"},"\n","\"",{"text": "U$"},{"text": "U$"},{"text": "U$"},"\n"],{"text": "\n- x3 ","color": "gray"},{"translate": "stardust.ultimate_shard","color": "gray"},{"text": "\n- x2 ","color": "gray"},{"translate": "stardust.ultimate_frame","color": "gray"},{"text": "\n- x1 ","color": "gray"},{"translate": "stardust_dungeon_portal","color": "gray"},{"text": "\n- x3 ","color": "gray"},{"translate": "stardust.respawn_anchor","color": "gray"}]},"click_event": {"action": "show_dialog","dialog": "stardust:manual/page_79"}},
				"\n\n\n\n\n\n\n\n\n\n\n\n\n\n\n\n"
			],
			"width": 140
		}
	]
}
