{
	"type": "minecraft:notice",
	"title": [
		{
			"sprite": "stardust:item/original_stardust_pickaxe",
			"shadow_color": [
				0,
				0,
				0,
				0
			],
			"atlas": "minecraft:items"
		},
		" ",
		{
			"translate": "stardust.original_stardust_pickaxe",
			"underlined": true,
			"atlas": "minecraft:items"
		},
		" ",
		{
			"sprite": "stardust:item/original_stardust_pickaxe",
			"shadow_color": [
				0,
				0,
				0,
				0
			]
		}
	],
	"body": [
		{
			"type": "minecraft:plain_message",
			"contents": [
				{"text": "V   ","font": "stardust:manual","color": "white"},
				{"text": "\n   ","click_event": {"action": "show_dialog","dialog": "stardust:manual/page_97"},"hover_event": {"action": "show_text","value": [{"translate": "stardust.go_to_previous_page"}," (97)"]}},
				" ",
				{"text": "   ","click_event": {"action": "show_dialog","dialog": "stardust:manual/page_99"},"hover_event": {"action": "show_text","value": [{"translate": "stardust.go_to_next_page"}," (99)"]}},
				{"text": "\n   ","click_event": {"action": "show_dialog","dialog": "stardust:manual/page_97"},"hover_event": {"action": "show_text","value": [{"translate": "stardust.go_to_previous_page"}," (97)"]}},
				" ",
				{"text": "   ","click_event": {"action": "show_dialog","dialog": "stardust:manual/page_99"},"hover_event": {"action": "show_text","value": [{"translate": "stardust.go_to_next_page"}," (99)"]}}
			],
			"width": 400
		},
		{
			"type": "minecraft:plain_message",
			"contents": [
				{"text": "","font": "stardust:manual","color": "white","shadow_color": [0,0,0,0]},
				"\"$6\n\"",
				{"text": "$耧","hover_event": {"action": "show_item","id": "furnace","components": {"item_model": "stardust:stardust_core","item_name": {"translate": "stardust_core"},"lore": [["",{"text": "I","color": "white","italic": false,"font": "stardust:icons"},{"translate": "stardustfragment","italic": true,"color": "blue"}]],"custom_data": {"stardust": {"stardust_core": true},"smithed": {"ignore": {"functionality": true,"crafting": true}}},"container": [{"slot": 0,"item": {"id": "minecraft:stone","count": 1,"components": {"minecraft:custom_data": {"smithed": {"block": {"id": "stardust:stardust_core","from": "stardust"}}}}}}],"tooltip_display": {"hidden_components": ["minecraft:container"]}}},"click_event": {"action": "show_dialog","dialog": "stardust:manual/page_15"}},
				{"text": "$耩","hover_event": {"action": "show_item","id": "command_block","components": {"item_model": "stardust:compacted_stardust_shard","item_name": {"translate": "stardust.compacted_stardust_shard"},"lore": [["",{"text": "I","color": "white","italic": false,"font": "stardust:icons"},{"translate": "stardustfragment","italic": true,"color": "blue"}]],"custom_data": {"stardust": {"compacted_stardust_shard": true},"smithed": {"ignore": {"functionality": true,"crafting": true}}}}},"click_event": {"action": "show_dialog","dialog": "stardust:manual/page_16"}},
				{"text": "$耧","hover_event": {"action": "show_item","id": "furnace","components": {"item_model": "stardust:stardust_core","item_name": {"translate": "stardust_core"},"lore": [["",{"text": "I","color": "white","italic": false,"font": "stardust:icons"},{"translate": "stardustfragment","italic": true,"color": "blue"}]],"custom_data": {"stardust": {"stardust_core": true},"smithed": {"ignore": {"functionality": true,"crafting": true}}},"container": [{"slot": 0,"item": {"id": "minecraft:stone","count": 1,"components": {"minecraft:custom_data": {"smithed": {"block": {"id": "stardust:stardust_core","from": "stardust"}}}}}}],"tooltip_display": {"hidden_components": ["minecraft:container"]}}},"click_event": {"action": "show_dialog","dialog": "stardust:manual/page_15"}},
				"  \n\"",
				{"text": "U$","hover_event": {"action": "show_item","id": "furnace","components": {"item_model": "stardust:stardust_core","item_name": {"translate": "stardust_core"},"lore": [["",{"text": "I","color": "white","italic": false,"font": "stardust:icons"},{"translate": "stardustfragment","italic": true,"color": "blue"}]],"custom_data": {"stardust": {"stardust_core": true},"smithed": {"ignore": {"functionality": true,"crafting": true}}},"container": [{"slot": 0,"item": {"id": "minecraft:stone","count": 1,"components": {"minecraft:custom_data": {"smithed": {"block": {"id": "stardust:stardust_core","from": "stardust"}}}}}}],"tooltip_display": {"hidden_components": ["minecraft:container"]}}},"click_event": {"action": "show_dialog","dialog": "stardust:manual/page_15"}},
				{"text": "U$","hover_event": {"action": "show_item","id": "command_block","components": {"item_model": "stardust:compacted_stardust_shard","item_name": {"translate": "stardust.compacted_stardust_shard"},"lore": [["",{"text": "I","color": "white","italic": false,"font": "stardust:icons"},{"translate": "stardustfragment","italic": true,"color": "blue"}]],"custom_data": {"stardust": {"compacted_stardust_shard": true},"smithed": {"ignore": {"functionality": true,"crafting": true}}}}},"click_event": {"action": "show_dialog","dialog": "stardust:manual/page_16"}},
				{"text": "U$","hover_event": {"action": "show_item","id": "furnace","components": {"item_model": "stardust:stardust_core","item_name": {"translate": "stardust_core"},"lore": [["",{"text": "I","color": "white","italic": false,"font": "stardust:icons"},{"translate": "stardustfragment","italic": true,"color": "blue"}]],"custom_data": {"stardust": {"stardust_core": true},"smithed": {"ignore": {"functionality": true,"crafting": true}}},"container": [{"slot": 0,"item": {"id": "minecraft:stone","count": 1,"components": {"minecraft:custom_data": {"smithed": {"block": {"id": "stardust:stardust_core","from": "stardust"}}}}}}],"tooltip_display": {"hidden_components": ["minecraft:container"]}}},"click_event": {"action": "show_dialog","dialog": "stardust:manual/page_15"}},
				"  \n\"",
				{"text": "$耩","hover_event": {"action": "show_item","id": "command_block","components": {"item_model": "stardust:compacted_stardust_shard","item_name": {"translate": "stardust.compacted_stardust_shard"},"lore": [["",{"text": "I","color": "white","italic": false,"font": "stardust:icons"},{"translate": "stardustfragment","italic": true,"color": "blue"}]],"custom_data": {"stardust": {"compacted_stardust_shard": true},"smithed": {"ignore": {"functionality": true,"crafting": true}}}}},"click_event": {"action": "show_dialog","dialog": "stardust:manual/page_16"}},
				{"text": "$肿","hover_event": {"action": "show_item","id": "diamond_pickaxe","components": {"custom_data": {"smithed": {"dict": {"tools": {"damaged_stardust": true,"pickaxe": true}},"ignore": {"functionality": true,"crafting": true}},"stardust": {"damaged_stardust_pickaxe": true}},"max_damage": 2341,"attribute_modifiers": [{"type": "attack_damage","amount": 6,"operation": "add_value","slot": "mainhand","id": "minecraft:base_attack_damage"},{"type": "attack_speed","amount": -2.8,"operation": "add_value","slot": "mainhand","id": "minecraft:base_attack_speed"},{"type": "mining_efficiency","amount": 1.5,"operation": "add_value","slot": "mainhand","id": "stardust:mining_efficiency.mainhand"}],"item_model": "stardust:damaged_stardust_pickaxe","item_name": {"translate": "stardust.damaged_stardust_pickaxe"},"lore": [["",{"text": "I","color": "white","italic": false,"font": "stardust:icons"},{"translate": "stardustfragment","italic": true,"color": "blue"}]]}},"click_event": {"action": "show_dialog","dialog": "stardust:manual/page_91"}},
				{"text": "$耩","hover_event": {"action": "show_item","id": "command_block","components": {"item_model": "stardust:compacted_stardust_shard","item_name": {"translate": "stardust.compacted_stardust_shard"},"lore": [["",{"text": "I","color": "white","italic": false,"font": "stardust:icons"},{"translate": "stardustfragment","italic": true,"color": "blue"}]],"custom_data": {"stardust": {"compacted_stardust_shard": true},"smithed": {"ignore": {"functionality": true,"crafting": true}}}}},"click_event": {"action": "show_dialog","dialog": "stardust:manual/page_16"}},
				"\"\"",
				{"text": "$$胍","hover_event": {"action": "show_item","id": "diamond_pickaxe","components": {"custom_data": {"smithed": {"dict": {"tools": {"original_stardust": true,"pickaxe": true}},"ignore": {"functionality": true,"crafting": true}},"stardust": {"original_stardust_pickaxe": true}},"max_damage": 4683,"attribute_modifiers": [{"type": "attack_damage","amount": 12,"operation": "add_value","slot": "mainhand","id": "minecraft:base_attack_damage"},{"type": "attack_speed","amount": -2.8,"operation": "add_value","slot": "mainhand","id": "minecraft:base_attack_speed"},{"type": "mining_efficiency","amount": 2.0,"operation": "add_value","slot": "mainhand","id": "stardust:mining_efficiency.mainhand"}],"item_model": "stardust:original_stardust_pickaxe","item_name": {"translate": "stardust.original_stardust_pickaxe"},"lore": [["",{"text": "I","color": "white","italic": false,"font": "stardust:icons"},{"translate": "stardustfragment","italic": true,"color": "blue"}]]}}},
				"#$\n\"",
				{"text": "U$","hover_event": {"action": "show_item","id": "command_block","components": {"item_model": "stardust:compacted_stardust_shard","item_name": {"translate": "stardust.compacted_stardust_shard"},"lore": [["",{"text": "I","color": "white","italic": false,"font": "stardust:icons"},{"translate": "stardustfragment","italic": true,"color": "blue"}]],"custom_data": {"stardust": {"compacted_stardust_shard": true},"smithed": {"ignore": {"functionality": true,"crafting": true}}}}},"click_event": {"action": "show_dialog","dialog": "stardust:manual/page_16"}},
				{"text": "U$","hover_event": {"action": "show_item","id": "diamond_pickaxe","components": {"custom_data": {"smithed": {"dict": {"tools": {"damaged_stardust": true,"pickaxe": true}},"ignore": {"functionality": true,"crafting": true}},"stardust": {"damaged_stardust_pickaxe": true}},"max_damage": 2341,"attribute_modifiers": [{"type": "attack_damage","amount": 6,"operation": "add_value","slot": "mainhand","id": "minecraft:base_attack_damage"},{"type": "attack_speed","amount": -2.8,"operation": "add_value","slot": "mainhand","id": "minecraft:base_attack_speed"},{"type": "mining_efficiency","amount": 1.5,"operation": "add_value","slot": "mainhand","id": "stardust:mining_efficiency.mainhand"}],"item_model": "stardust:damaged_stardust_pickaxe","item_name": {"translate": "stardust.damaged_stardust_pickaxe"},"lore": [["",{"text": "I","color": "white","italic": false,"font": "stardust:icons"},{"translate": "stardustfragment","italic": true,"color": "blue"}]]}},"click_event": {"action": "show_dialog","dialog": "stardust:manual/page_91"}},
				{"text": "U$","hover_event": {"action": "show_item","id": "command_block","components": {"item_model": "stardust:compacted_stardust_shard","item_name": {"translate": "stardust.compacted_stardust_shard"},"lore": [["",{"text": "I","color": "white","italic": false,"font": "stardust:icons"},{"translate": "stardustfragment","italic": true,"color": "blue"}]],"custom_data": {"stardust": {"compacted_stardust_shard": true},"smithed": {"ignore": {"functionality": true,"crafting": true}}}}},"click_event": {"action": "show_dialog","dialog": "stardust:manual/page_16"}},
				"\"\"",
				{"text": "U$","hover_event": {"action": "show_item","id": "diamond_pickaxe","components": {"custom_data": {"smithed": {"dict": {"tools": {"original_stardust": true,"pickaxe": true}},"ignore": {"functionality": true,"crafting": true}},"stardust": {"original_stardust_pickaxe": true}},"max_damage": 4683,"attribute_modifiers": [{"type": "attack_damage","amount": 12,"operation": "add_value","slot": "mainhand","id": "minecraft:base_attack_damage"},{"type": "attack_speed","amount": -2.8,"operation": "add_value","slot": "mainhand","id": "minecraft:base_attack_speed"},{"type": "mining_efficiency","amount": 2.0,"operation": "add_value","slot": "mainhand","id": "stardust:mining_efficiency.mainhand"}],"item_model": "stardust:original_stardust_pickaxe","item_name": {"translate": "stardust.original_stardust_pickaxe"},"lore": [["",{"text": "I","color": "white","italic": false,"font": "stardust:icons"},{"translate": "stardustfragment","italic": true,"color": "blue"}]]}}},
				"#$\n\"",
				{"text": "$耧","hover_event": {"action": "show_item","id": "furnace","components": {"item_model": "stardust:stardust_core","item_name": {"translate": "stardust_core"},"lore": [["",{"text": "I","color": "white","italic": false,"font": "stardust:icons"},{"translate": "stardustfragment","italic": true,"color": "blue"}]],"custom_data": {"stardust": {"stardust_core": true},"smithed": {"ignore": {"functionality": true,"crafting": true}}},"container": [{"slot": 0,"item": {"id": "minecraft:stone","count": 1,"components": {"minecraft:custom_data": {"smithed": {"block": {"id": "stardust:stardust_core","from": "stardust"}}}}}}],"tooltip_display": {"hidden_components": ["minecraft:container"]}}},"click_event": {"action": "show_dialog","dialog": "stardust:manual/page_15"}},
				{"text": "$耩","hover_event": {"action": "show_item","id": "command_block","components": {"item_model": "stardust:compacted_stardust_shard","item_name": {"translate": "stardust.compacted_stardust_shard"},"lore": [["",{"text": "I","color": "white","italic": false,"font": "stardust:icons"},{"translate": "stardustfragment","italic": true,"color": "blue"}]],"custom_data": {"stardust": {"compacted_stardust_shard": true},"smithed": {"ignore": {"functionality": true,"crafting": true}}}}},"click_event": {"action": "show_dialog","dialog": "stardust:manual/page_16"}},
				{"text": "$耧","hover_event": {"action": "show_item","id": "furnace","components": {"item_model": "stardust:stardust_core","item_name": {"translate": "stardust_core"},"lore": [["",{"text": "I","color": "white","italic": false,"font": "stardust:icons"},{"translate": "stardustfragment","italic": true,"color": "blue"}]],"custom_data": {"stardust": {"stardust_core": true},"smithed": {"ignore": {"functionality": true,"crafting": true}}},"container": [{"slot": 0,"item": {"id": "minecraft:stone","count": 1,"components": {"minecraft:custom_data": {"smithed": {"block": {"id": "stardust:stardust_core","from": "stardust"}}}}}}],"tooltip_display": {"hidden_components": ["minecraft:container"]}}},"click_event": {"action": "show_dialog","dialog": "stardust:manual/page_15"}},
				"  \n\"",
				{"text": "U$","hover_event": {"action": "show_item","id": "furnace","components": {"item_model": "stardust:stardust_core","item_name": {"translate": "stardust_core"},"lore": [["",{"text": "I","color": "white","italic": false,"font": "stardust:icons"},{"translate": "stardustfragment","italic": true,"color": "blue"}]],"custom_data": {"stardust": {"stardust_core": true},"smithed": {"ignore": {"functionality": true,"crafting": true}}},"container": [{"slot": 0,"item": {"id": "minecraft:stone","count": 1,"components": {"minecraft:custom_data": {"smithed": {"block": {"id": "stardust:stardust_core","from": "stardust"}}}}}}],"tooltip_display": {"hidden_components": ["minecraft:container"]}}},"click_event": {"action": "show_dialog","dialog": "stardust:manual/page_15"}},
				{"text": "U$","hover_event": {"action": "show_item","id": "command_block","components": {"item_model": "stardust:compacted_stardust_shard","item_name": {"translate": "stardust.compacted_stardust_shard"},"lore": [["",{"text": "I","color": "white","italic": false,"font": "stardust:icons"},{"translate": "stardustfragment","italic": true,"color": "blue"}]],"custom_data": {"stardust": {"compacted_stardust_shard": true},"smithed": {"ignore": {"functionality": true,"crafting": true}}}}},"click_event": {"action": "show_dialog","dialog": "stardust:manual/page_16"}},
				{"text": "U$","hover_event": {"action": "show_item","id": "furnace","components": {"item_model": "stardust:stardust_core","item_name": {"translate": "stardust_core"},"lore": [["",{"text": "I","color": "white","italic": false,"font": "stardust:icons"},{"translate": "stardustfragment","italic": true,"color": "blue"}]],"custom_data": {"stardust": {"stardust_core": true},"smithed": {"ignore": {"functionality": true,"crafting": true}}},"container": [{"slot": 0,"item": {"id": "minecraft:stone","count": 1,"components": {"minecraft:custom_data": {"smithed": {"block": {"id": "stardust:stardust_core","from": "stardust"}}}}}}],"tooltip_display": {"hidden_components": ["minecraft:container"]}}},"click_event": {"action": "show_dialog","dialog": "stardust:manual/page_15"}},
				"  \n\n",
				{"text": "1##","hover_event": {"action": "show_text","value": [{"translate": "stardust.original_stardust_equipment","color": "yellow"},{"translate": "stardust.compared_to_regular_diamond_equipment","color": "gray"},{"translate": "stardust.durability_has_been_increased_by_x3_0","color": "gray"},{"translate": "stardust.attack_damage_has_been_increased_by_9_0","color": "gray"},{"translate": "stardust.12_0_points","color": "white"},{"translate": "stardust.mining_efficiency_has_been_increased_by_2_0","color": "gray"}]}},
				{"text": "2##","hover_event": {"action": "show_text","value": [{"text": ""},[{"text": "","font": "stardust:manual","color": "white"},"\"F\n","\"",{"text": "$耧"},{"text": "$耩"},{"text": "$耧"},"\n","\"",{"text": "U$"},{"text": "U$"},{"text": "U$"},"\n","\"",{"text": "$耩"},{"text": "$肿"},{"text": "$耩"},"\"\"",{"text": "$$胍"},"\n","\"",{"text": "U$"},{"text": "U$"},{"text": "U$"},"\"\"",{"text": "U$"},"\n","\"",{"text": "$耧"},{"text": "$耩"},{"text": "$耧"},"\n","\"",{"text": "U$"},{"text": "U$"},{"text": "U$"},"\n"],{"text": "\n- x4 ","color": "gray"},{"translate": "stardust_core","color": "gray"},{"text": "\n- x4 ","color": "gray"},{"translate": "stardust.compacted_stardust_shard","color": "gray"},{"text": "\n- x1 ","color": "gray"},{"translate": "stardust.damaged_stardust_pickaxe","color": "gray"}]}},
				{"text": "蹾##","hover_event": {"action": "show_text","value": [{"text": ""},[{"text": "","font": "stardust:manual","color": "white"},"\"Q\n","\n","\"",{"text": "$胍"},{"text": "$莛"},{"text": "$莜"},"\n","\"",{"text": "U$"},{"text": "U$"},{"text": "U$"},"\n","\"",{"text": "$莝"},{"text": "$莞"},{"text": "$莟"},"\"\"",{"text": "$$胛"},"\n","\"",{"text": "U$"},{"text": "U$"},{"text": "U$"},"\"\"",{"text": "U$"},"\n","\"",{"text": "$莠"},{"text": "$聟"},"\n","\"",{"text": "U$"},{"text": "U$"},"\n"],{"translate": "stardust_fragment_awakened_forge","color": "yellow"},{"text": "\n- x1 ","color": "gray"},{"translate": "stardust.original_stardust_pickaxe","color": "gray"},{"text": "\n- x4 ","color": "gray"},{"translate": "stardust.legendarium_block","color": "gray"},{"translate": "stardust.x64","color": "gray"},{"translate": "stardust.wind_charge","color": "gray"},{"translate": "stardust.x96","color": "gray"},{"translate": "stardust.feather","color": "gray"},{"text": "\n- x6 ","color": "gray"},{"translate": "stardust.ender_dragon_pearl","color": "gray"},{"text": "\n- x8 ","color": "gray"},{"translate": "stardust.awakened_stardust_block","color": "gray"},{"translate": "stardust.x12","color": "gray"},{"translate": "stardust.legendarium_ingot","color": "gray"},{"text": "\n- x1 ","color": "gray"},{"translate": "stardust.sextuple_compressed_cobblestone","color": "gray"}]},"click_event": {"action": "show_dialog","dialog": "stardust:manual/page_105"}},
				{"text": "躈##","hover_event": {"action": "show_text","value": [{"text": ""},[{"text": "","font": "stardust:manual","color": "white"},"\"Q\n","\n","\"",{"text": "$胍"},{"text": "$菡"},{"text": "$菢"},"\n","\"",{"text": "U$"},{"text": "U$"},{"text": "U$"},"\n","\"",{"text": "$菣"},{"text": "$莞"},{"text": "$莟"},"\"\"",{"text": "$$胩"},"\n","\"",{"text": "U$"},{"text": "U$"},{"text": "U$"},"\"\"",{"text": "U$"},"\n","\"",{"text": "$菦"},{"text": "$聟"},"\n","\"",{"text": "U$"},{"text": "U$"},"\n"],{"translate": "stardust_fragment_awakened_forge","color": "yellow"},{"text": "\n- x1 ","color": "gray"},{"translate": "stardust.original_stardust_pickaxe","color": "gray"},{"text": "\n- x4 ","color": "gray"},{"translate": "stardust.solarium_block","color": "gray"},{"translate": "stardust.x64","color": "gray"},{"translate": "stardust.orange_candle","color": "gray"},{"translate": "stardust.x96","color": "gray"},{"translate": "stardust.blaze_powder","color": "gray"},{"text": "\n- x6 ","color": "gray"},{"translate": "stardust.ender_dragon_pearl","color": "gray"},{"text": "\n- x8 ","color": "gray"},{"translate": "stardust.awakened_stardust_block","color": "gray"},{"translate": "stardust.x12","color": "gray"},{"translate": "stardust.solarium_ingot","color": "gray"},{"text": "\n- x1 ","color": "gray"},{"translate": "stardust.sextuple_compressed_cobblestone","color": "gray"}]},"click_event": {"action": "show_dialog","dialog": "stardust:manual/page_112"}},
				{"text": "躒##","hover_event": {"action": "show_text","value": [{"text": ""},[{"text": "","font": "stardust:manual","color": "white"},"\"Q\n","\n","\"",{"text": "$胍"},{"text": "$萧"},{"text": "$萨"},"\n","\"",{"text": "U$"},{"text": "U$"},{"text": "U$"},"\n","\"",{"text": "$萩"},{"text": "$莞"},{"text": "$莟"},"\"\"",{"text": "$$胷"},"\n","\"",{"text": "U$"},{"text": "U$"},{"text": "U$"},"\"\"",{"text": "U$"},"\n","\"",{"text": "$萬"},{"text": "$聟"},"\n","\"",{"text": "U$"},{"text": "U$"},"\n"],{"translate": "stardust_fragment_awakened_forge","color": "yellow"},{"text": "\n- x1 ","color": "gray"},{"translate": "stardust.original_stardust_pickaxe","color": "gray"},{"text": "\n- x4 ","color": "gray"},{"translate": "stardust.darkium_block","color": "gray"},{"translate": "stardust.x64","color": "gray"},{"translate": "stardust.respawn_anchor","color": "gray"},{"translate": "stardust.x96","color": "gray"},{"translate": "stardust.ink_sac","color": "gray"},{"text": "\n- x6 ","color": "gray"},{"translate": "stardust.ender_dragon_pearl","color": "gray"},{"text": "\n- x8 ","color": "gray"},{"translate": "stardust.awakened_stardust_block","color": "gray"},{"translate": "stardust.x12","color": "gray"},{"translate": "stardust.darkium_ingot","color": "gray"},{"text": "\n- x1 ","color": "gray"},{"translate": "stardust.sextuple_compressed_cobblestone","color": "gray"}]},"click_event": {"action": "show_dialog","dialog": "stardust:manual/page_119"}},
				{"text": "躘\n","hover_event": {"action": "show_text","value": [{"text": ""},[{"text": "","font": "stardust:manual","color": "white"},"\"F\n","\"",{"text": "$耧"},{"text": "$耧"},{"text": "$耧"},"\n","\"",{"text": "U$"},{"text": "U$"},{"text": "U$"},"\n","\"",{"text": "$胍"},{"text": "$腋"},{"text": "$胍"},"\"\"",{"text": "$$腍"},"\n","\"",{"text": "U$"},{"text": "U$"},{"text": "U$"},"\"\"",{"text": "U$"},"\n","\"",{"text": "$聛"},{"text": "$聛"},{"text": "$聛"},"\n","\"",{"text": "U$"},{"text": "U$"},{"text": "U$"},"\n"],{"text": "\n- x3 ","color": "gray"},{"translate": "stardust_core","color": "gray"},{"text": "\n- x2 ","color": "gray"},{"translate": "stardust.original_stardust_pickaxe","color": "gray"},{"text": "\n- x1 ","color": "gray"},{"translate": "stardust.cobblestone_miner_lv_7","color": "gray"},{"text": "\n- x3 ","color": "gray"},{"translate": "stardust.quadruple_compressed_cobblestone","color": "gray"}]},"click_event": {"action": "show_dialog","dialog": "stardust:manual/page_162"}},
				{"text": "0##","hover_event": {"action": "show_text","value": [{"translate": "stardust.original_stardust_equipment","color": "yellow"},{"translate": "stardust.compared_to_regular_diamond_equipment","color": "gray"},{"translate": "stardust.durability_has_been_increased_by_x3_0","color": "gray"},{"translate": "stardust.attack_damage_has_been_increased_by_9_0","color": "gray"},{"translate": "stardust.12_0_points","color": "white"},{"translate": "stardust.mining_efficiency_has_been_increased_by_2_0","color": "gray"}]}},
				{"text": "0##","hover_event": {"action": "show_text","value": [{"text": ""},[{"text": "","font": "stardust:manual","color": "white"},"\"F\n","\"",{"text": "$耧"},{"text": "$耩"},{"text": "$耧"},"\n","\"",{"text": "U$"},{"text": "U$"},{"text": "U$"},"\n","\"",{"text": "$耩"},{"text": "$肿"},{"text": "$耩"},"\"\"",{"text": "$$胍"},"\n","\"",{"text": "U$"},{"text": "U$"},{"text": "U$"},"\"\"",{"text": "U$"},"\n","\"",{"text": "$耧"},{"text": "$耩"},{"text": "$耧"},"\n","\"",{"text": "U$"},{"text": "U$"},{"text": "U$"},"\n"],{"text": "\n- x4 ","color": "gray"},{"translate": "stardust_core","color": "gray"},{"text": "\n- x4 ","color": "gray"},{"translate": "stardust.compacted_stardust_shard","color": "gray"},{"text": "\n- x1 ","color": "gray"},{"translate": "stardust.damaged_stardust_pickaxe","color": "gray"}]}},
				{"text": "0##","hover_event": {"action": "show_text","value": [{"text": ""},[{"text": "","font": "stardust:manual","color": "white"},"\"Q\n","\n","\"",{"text": "$胍"},{"text": "$莛"},{"text": "$莜"},"\n","\"",{"text": "U$"},{"text": "U$"},{"text": "U$"},"\n","\"",{"text": "$莝"},{"text": "$莞"},{"text": "$莟"},"\"\"",{"text": "$$胛"},"\n","\"",{"text": "U$"},{"text": "U$"},{"text": "U$"},"\"\"",{"text": "U$"},"\n","\"",{"text": "$莠"},{"text": "$聟"},"\n","\"",{"text": "U$"},{"text": "U$"},"\n"],{"translate": "stardust_fragment_awakened_forge","color": "yellow"},{"text": "\n- x1 ","color": "gray"},{"translate": "stardust.original_stardust_pickaxe","color": "gray"},{"text": "\n- x4 ","color": "gray"},{"translate": "stardust.legendarium_block","color": "gray"},{"translate": "stardust.x64","color": "gray"},{"translate": "stardust.wind_charge","color": "gray"},{"translate": "stardust.x96","color": "gray"},{"translate": "stardust.feather","color": "gray"},{"text": "\n- x6 ","color": "gray"},{"translate": "stardust.ender_dragon_pearl","color": "gray"},{"text": "\n- x8 ","color": "gray"},{"translate": "stardust.awakened_stardust_block","color": "gray"},{"translate": "stardust.x12","color": "gray"},{"translate": "stardust.legendarium_ingot","color": "gray"},{"text": "\n- x1 ","color": "gray"},{"translate": "stardust.sextuple_compressed_cobblestone","color": "gray"}]},"click_event": {"action": "show_dialog","dialog": "stardust:manual/page_105"}},
				{"text": "0##","hover_event": {"action": "show_text","value": [{"text": ""},[{"text": "","font": "stardust:manual","color": "white"},"\"Q\n","\n","\"",{"text": "$胍"},{"text": "$菡"},{"text": "$菢"},"\n","\"",{"text": "U$"},{"text": "U$"},{"text": "U$"},"\n","\"",{"text": "$菣"},{"text": "$莞"},{"text": "$莟"},"\"\"",{"text": "$$胩"},"\n","\"",{"text": "U$"},{"text": "U$"},{"text": "U$"},"\"\"",{"text": "U$"},"\n","\"",{"text": "$菦"},{"text": "$聟"},"\n","\"",{"text": "U$"},{"text": "U$"},"\n"],{"translate": "stardust_fragment_awakened_forge","color": "yellow"},{"text": "\n- x1 ","color": "gray"},{"translate": "stardust.original_stardust_pickaxe","color": "gray"},{"text": "\n- x4 ","color": "gray"},{"translate": "stardust.solarium_block","color": "gray"},{"translate": "stardust.x64","color": "gray"},{"translate": "stardust.orange_candle","color": "gray"},{"translate": "stardust.x96","color": "gray"},{"translate": "stardust.blaze_powder","color": "gray"},{"text": "\n- x6 ","color": "gray"},{"translate": "stardust.ender_dragon_pearl","color": "gray"},{"text": "\n- x8 ","color": "gray"},{"translate": "stardust.awakened_stardust_block","color": "gray"},{"translate": "stardust.x12","color": "gray"},{"translate": "stardust.solarium_ingot","color": "gray"},{"text": "\n- x1 ","color": "gray"},{"translate": "stardust.sextuple_compressed_cobblestone","color": "gray"}]},"click_event": {"action": "show_dialog","dialog": "stardust:manual/page_112"}},
				{"text": "0##","hover_event": {"action": "show_text","value": [{"text": ""},[{"text": "","font": "stardust:manual","color": "white"},"\"Q\n","\n","\"",{"text": "$胍"},{"text": "$萧"},{"text": "$萨"},"\n","\"",{"text": "U$"},{"text": "U$"},{"text": "U$"},"\n","\"",{"text": "$萩"},{"text": "$莞"},{"text": "$莟"},"\"\"",{"text": "$$胷"},"\n","\"",{"text": "U$"},{"text": "U$"},{"text": "U$"},"\"\"",{"text": "U$"},"\n","\"",{"text": "$萬"},{"text": "$聟"},"\n","\"",{"text": "U$"},{"text": "U$"},"\n"],{"translate": "stardust_fragment_awakened_forge","color": "yellow"},{"text": "\n- x1 ","color": "gray"},{"translate": "stardust.original_stardust_pickaxe","color": "gray"},{"text": "\n- x4 ","color": "gray"},{"translate": "stardust.darkium_block","color": "gray"},{"translate": "stardust.x64","color": "gray"},{"translate": "stardust.respawn_anchor","color": "gray"},{"translate": "stardust.x96","color": "gray"},{"translate": "stardust.ink_sac","color": "gray"},{"text": "\n- x6 ","color": "gray"},{"translate": "stardust.ender_dragon_pearl","color": "gray"},{"text": "\n- x8 ","color": "gray"},{"translate": "stardust.awakened_stardust_block","color": "gray"},{"translate": "stardust.x12","color": "gray"},{"translate": "stardust.darkium_ingot","color": "gray"},{"text": "\n- x1 ","color": "gray"},{"translate": "stardust.sextuple_compressed_cobblestone","color": "gray"}]},"click_event": {"action": "show_dialog","dialog": "stardust:manual/page_119"}},
				{"text": "0","hover_event": {"action": "show_text","value": [{"text": ""},[{"text": "","font": "stardust:manual","color": "white"},"\"F\n","\"",{"text": "$耧"},{"text": "$耧"},{"text": "$耧"},"\n","\"",{"text": "U$"},{"text": "U$"},{"text": "U$"},"\n","\"",{"text": "$胍"},{"text": "$腋"},{"text": "$胍"},"\"\"",{"text": "$$腍"},"\n","\"",{"text": "U$"},{"text": "U$"},{"text": "U$"},"\"\"",{"text": "U$"},"\n","\"",{"text": "$聛"},{"text": "$聛"},{"text": "$聛"},"\n","\"",{"text": "U$"},{"text": "U$"},{"text": "U$"},"\n"],{"text": "\n- x3 ","color": "gray"},{"translate": "stardust_core","color": "gray"},{"text": "\n- x2 ","color": "gray"},{"translate": "stardust.original_stardust_pickaxe","color": "gray"},{"text": "\n- x1 ","color": "gray"},{"translate": "stardust.cobblestone_miner_lv_7","color": "gray"},{"text": "\n- x3 ","color": "gray"},{"translate": "stardust.quadruple_compressed_cobblestone","color": "gray"}]},"click_event": {"action": "show_dialog","dialog": "stardust:manual/page_162"}},
				"\n\n\n\n\n\n\n\n\n\n\n\n\n\n\n\n"
			],
			"width": 140
		}
	]
}
