{
	"type": "minecraft:notice",
	"title": [
		{
			"sprite": "stardust:item/stardust_soldier",
			"shadow_color": [
				0,
				0,
				0,
				0
			],
			"atlas": "minecraft:items"
		},
		" ",
		{
			"translate": "stardust_soldier",
			"underlined": true,
			"atlas": "minecraft:items"
		},
		" ",
		{
			"sprite": "stardust:item/stardust_soldier",
			"shadow_color": [
				0,
				0,
				0,
				0
			]
		}
	],
	"body": [
		{
			"type": "minecraft:plain_message",
			"contents": [
				{"text": "V   ","font": "stardust:manual","color": "white"},
				{"text": "\n   ","click_event": {"action": "show_dialog","dialog": "stardust:manual/page_169"},"hover_event": {"action": "show_text","value": [{"translate": "stardust.go_to_previous_page"}," (169)"]}},
				" ",
				{"text": "   ","click_event": {"action": "show_dialog","dialog": "stardust:manual/page_171"},"hover_event": {"action": "show_text","value": [{"translate": "stardust.go_to_next_page"}," (171)"]}},
				{"text": "\n   ","click_event": {"action": "show_dialog","dialog": "stardust:manual/page_169"},"hover_event": {"action": "show_text","value": [{"translate": "stardust.go_to_previous_page"}," (169)"]}},
				" ",
				{"text": "   ","click_event": {"action": "show_dialog","dialog": "stardust:manual/page_171"},"hover_event": {"action": "show_text","value": [{"translate": "stardust.go_to_next_page"}," (171)"]}}
			],
			"width": 400
		},
		{
			"type": "minecraft:plain_message",
			"contents": [
				{"text": "","font": "stardust:manual","color": "white","shadow_color": [0,0,0,0]},
				"჈\n",
				{"text": "  \n  \n  \n  \n","hover_event": {"action": "show_item","id": "command_block","components": {"item_model": "stardust:stardust_soldier","item_name": {"translate": "stardust_soldier"},"lore": [["",{"text": "I","color": "white","italic": false,"font": "stardust:icons"},{"translate": "stardustfragment","italic": true,"color": "blue"}]],"custom_data": {"stardust": {"stardust_soldier": true},"smithed": {"ignore": {"functionality": true,"crafting": true}}}}},"click_event": {"action": "show_dialog","dialog": "stardust:manual/page_170"}},
				"\n\n\n\n\n\n\n\n\n\n\n\n\n\n\n\n\n\n\n\n"
			],
			"width": 140
		}
	]
}
