{
	"type": "minecraft:notice",
	"title": {
		"translate": "stardust.quarry_lv2",
		"underlined": true
	},
	"body": [
		{
			"type": "minecraft:plain_message",
			"contents": [
				{"text": "V   ","font": "stardust:manual","color": "white"},
				{"text": "\n   ","click_event": {"action": "show_dialog","dialog": "stardust:manual/page_69"},"hover_event": {"action": "show_text","value": [{"translate": "stardust.go_to_previous_page"}," (69)"]}},
				" ",
				{"text": "   ","click_event": {"action": "show_dialog","dialog": "stardust:manual/page_71"},"hover_event": {"action": "show_text","value": [{"translate": "stardust.go_to_next_page"}," (71)"]}},
				{"text": "\n   ","click_event": {"action": "show_dialog","dialog": "stardust:manual/page_69"},"hover_event": {"action": "show_text","value": [{"translate": "stardust.go_to_previous_page"}," (69)"]}},
				" ",
				{"text": "   ","click_event": {"action": "show_dialog","dialog": "stardust:manual/page_71"},"hover_event": {"action": "show_text","value": [{"translate": "stardust.go_to_next_page"}," (71)"]}}
			],
			"width": 400
		},
		{
			"type": "minecraft:plain_message",
			"contents": [
				{"text": "","font": "stardust:manual","color": "white","shadow_color": [0,0,0,0]},
				"\"$6\n\"",
				{"text": "$臵$臵$臵","hover_event": {"action": "show_item","id": "minecraft:warped_fungus","components": {}}},
				"  \n\"",
				{"translate": "stardust.uuu","hover_event": {"action": "show_item","id": "minecraft:warped_fungus","components": {}}},
				"  \n\"",
				{"text": "$耥","hover_event": {"action": "show_item","id": "command_block","components": {"item_model": "stardust:stardust_essence","item_name": {"translate": "stardust_essence"},"lore": [["",{"text": "I","color": "white","italic": false,"font": "stardust:icons"},{"translate": "stardustfragment","italic": true,"color": "blue"}]],"custom_data": {"stardust": {"stardust_essence": true},"smithed": {"ignore": {"functionality": true,"crafting": true}}}}},"click_event": {"action": "show_dialog","dialog": "stardust:manual/page_14"}},
				{"text": "$肓","hover_event": {"action": "show_item","id": "furnace","components": {"custom_data": {"energy": {"usage": 125,"max_storage": 20000},"stardust": {"quarry": {"block_per_second": 1},"quarry_lv1": true},"smithed": {"ignore": {"functionality": true,"crafting": true}}},"item_name": {"translate": "stardust.quarry_lv_1","italic": false},"lore": [{"translate": "stardust.speed_1_block_s","italic": false,"color": "gray"},{"translate": "stardust.power_usage_125_kw","italic": false,"color": "gray"},{"translate": "stardust.energy_buffer_20_mj","italic": false,"color": "gray"},["",{"text": "I","color": "white","italic": false,"font": "stardust:icons"},{"translate": "stardustfragment","italic": true,"color": "blue"}]],"item_model": "stardust:quarry_lv1","container": [{"slot": 0,"item": {"id": "minecraft:stone","count": 1,"components": {"minecraft:custom_data": {"smithed": {"block": {"id": "stardust:quarry_lv1","from": "stardust"}}}}}}],"tooltip_display": {"hidden_components": ["minecraft:container"]}}},"click_event": {"action": "show_dialog","dialog": "stardust:manual/page_69"}},
				{"text": "$耥","hover_event": {"action": "show_item","id": "command_block","components": {"item_model": "stardust:stardust_essence","item_name": {"translate": "stardust_essence"},"lore": [["",{"text": "I","color": "white","italic": false,"font": "stardust:icons"},{"translate": "stardustfragment","italic": true,"color": "blue"}]],"custom_data": {"stardust": {"stardust_essence": true},"smithed": {"ignore": {"functionality": true,"crafting": true}}}}},"click_event": {"action": "show_dialog","dialog": "stardust:manual/page_14"}},
				"\"\"",
				{"text": "$$肕","hover_event": {"action": "show_item","id": "furnace","components": {"custom_data": {"energy": {"usage": 250,"max_storage": 60000},"stardust": {"quarry": {"block_per_second": 3},"quarry_lv2": true},"smithed": {"ignore": {"functionality": true,"crafting": true}}},"item_name": {"translate": "stardust.quarry_lv_2","italic": false},"lore": [{"translate": "stardust.speed_3_block_s","italic": false,"color": "gray"},{"translate": "stardust.power_usage_250_kw","italic": false,"color": "gray"},{"translate": "stardust.energy_buffer_60_mj","italic": false,"color": "gray"},["",{"text": "I","color": "white","italic": false,"font": "stardust:icons"},{"translate": "stardustfragment","italic": true,"color": "blue"}]],"item_model": "stardust:quarry_lv2","container": [{"slot": 0,"item": {"id": "minecraft:stone","count": 1,"components": {"minecraft:custom_data": {"smithed": {"block": {"id": "stardust:quarry_lv2","from": "stardust"}}}}}}],"tooltip_display": {"hidden_components": ["minecraft:container"]}}}},
				"#$\n\"",
				{"text": "U$","hover_event": {"action": "show_item","id": "command_block","components": {"item_model": "stardust:stardust_essence","item_name": {"translate": "stardust_essence"},"lore": [["",{"text": "I","color": "white","italic": false,"font": "stardust:icons"},{"translate": "stardustfragment","italic": true,"color": "blue"}]],"custom_data": {"stardust": {"stardust_essence": true},"smithed": {"ignore": {"functionality": true,"crafting": true}}}}},"click_event": {"action": "show_dialog","dialog": "stardust:manual/page_14"}},
				{"text": "U$","hover_event": {"action": "show_item","id": "furnace","components": {"custom_data": {"energy": {"usage": 125,"max_storage": 20000},"stardust": {"quarry": {"block_per_second": 1},"quarry_lv1": true},"smithed": {"ignore": {"functionality": true,"crafting": true}}},"item_name": {"translate": "stardust.quarry_lv_1","italic": false},"lore": [{"translate": "stardust.speed_1_block_s","italic": false,"color": "gray"},{"translate": "stardust.power_usage_125_kw","italic": false,"color": "gray"},{"translate": "stardust.energy_buffer_20_mj","italic": false,"color": "gray"},["",{"text": "I","color": "white","italic": false,"font": "stardust:icons"},{"translate": "stardustfragment","italic": true,"color": "blue"}]],"item_model": "stardust:quarry_lv1","container": [{"slot": 0,"item": {"id": "minecraft:stone","count": 1,"components": {"minecraft:custom_data": {"smithed": {"block": {"id": "stardust:quarry_lv1","from": "stardust"}}}}}}],"tooltip_display": {"hidden_components": ["minecraft:container"]}}},"click_event": {"action": "show_dialog","dialog": "stardust:manual/page_69"}},
				{"text": "U$","hover_event": {"action": "show_item","id": "command_block","components": {"item_model": "stardust:stardust_essence","item_name": {"translate": "stardust_essence"},"lore": [["",{"text": "I","color": "white","italic": false,"font": "stardust:icons"},{"translate": "stardustfragment","italic": true,"color": "blue"}]],"custom_data": {"stardust": {"stardust_essence": true},"smithed": {"ignore": {"functionality": true,"crafting": true}}}}},"click_event": {"action": "show_dialog","dialog": "stardust:manual/page_14"}},
				"\"\"",
				{"text": "U$","hover_event": {"action": "show_item","id": "furnace","components": {"custom_data": {"energy": {"usage": 250,"max_storage": 60000},"stardust": {"quarry": {"block_per_second": 3},"quarry_lv2": true},"smithed": {"ignore": {"functionality": true,"crafting": true}}},"item_name": {"translate": "stardust.quarry_lv_2","italic": false},"lore": [{"translate": "stardust.speed_3_block_s","italic": false,"color": "gray"},{"translate": "stardust.power_usage_250_kw","italic": false,"color": "gray"},{"translate": "stardust.energy_buffer_60_mj","italic": false,"color": "gray"},["",{"text": "I","color": "white","italic": false,"font": "stardust:icons"},{"translate": "stardustfragment","italic": true,"color": "blue"}]],"item_model": "stardust:quarry_lv2","container": [{"slot": 0,"item": {"id": "minecraft:stone","count": 1,"components": {"minecraft:custom_data": {"smithed": {"block": {"id": "stardust:quarry_lv2","from": "stardust"}}}}}}],"tooltip_display": {"hidden_components": ["minecraft:container"]}}}},
				"#$\n\"",
				{"text": "$聙$聙$聙","hover_event": {"action": "show_item","id": "furnace","components": {"lore": [{"translate": "stardust.equivalent_to_729_cobblestones","color": "gray","italic": false},["",{"text": "I","color": "white","italic": false,"font": "stardust:icons"},{"translate": "stardustfragment","italic": true,"color": "blue"}]],"item_model": "stardust:triple_compressed_cobblestone","item_name": {"translate": "stardust.triple_compressed_cobblestone"},"custom_data": {"stardust": {"triple_compressed_cobblestone": true},"smithed": {"ignore": {"functionality": true,"crafting": true}}},"container": [{"slot": 0,"item": {"id": "minecraft:stone","count": 1,"components": {"minecraft:custom_data": {"smithed": {"block": {"id": "stardust:triple_compressed_cobblestone","from": "stardust"}}}}}}],"tooltip_display": {"hidden_components": ["minecraft:container"]}}},"click_event": {"action": "show_dialog","dialog": "stardust:manual/page_40"}},
				"  \n\"",
				{"translate": "stardust.uuu","hover_event": {"action": "show_item","id": "furnace","components": {"lore": [{"translate": "stardust.equivalent_to_729_cobblestones","color": "gray","italic": false},["",{"text": "I","color": "white","italic": false,"font": "stardust:icons"},{"translate": "stardustfragment","italic": true,"color": "blue"}]],"item_model": "stardust:triple_compressed_cobblestone","item_name": {"translate": "stardust.triple_compressed_cobblestone"},"custom_data": {"stardust": {"triple_compressed_cobblestone": true},"smithed": {"ignore": {"functionality": true,"crafting": true}}},"container": [{"slot": 0,"item": {"id": "minecraft:stone","count": 1,"components": {"minecraft:custom_data": {"smithed": {"block": {"id": "stardust:triple_compressed_cobblestone","from": "stardust"}}}}}}],"tooltip_display": {"hidden_components": ["minecraft:container"]}}},"click_event": {"action": "show_dialog","dialog": "stardust:manual/page_40"}},
				"  \n\n",
				{"text": "1##","hover_event": {"action": "show_text","value": [{"translate": "stardust.level_2_quarry_for_automated_mining","color": "yellow"},{"translate": "stardust.mines_3_blocks_per_second","color": "gray"},{"translate": "stardust.consumes_250_kw_of_power","color": "gray"},{"text": "\nEnergy buffer: 60 MJ","color": "gray"},{"translate": "stardust.only_mines_blocks_in_a_configured_area","color": "gray"}]}},
				{"text": "2##","hover_event": {"action": "show_text","value": [{"text": ""},[{"text": "","font": "stardust:manual","color": "white"},"\"F\n","\"",{"text": "$臵"},{"text": "$臵"},{"text": "$臵"},"\n","\"",{"text": "U$"},{"text": "U$"},{"text": "U$"},"\n","\"",{"text": "$耥"},{"text": "$肓"},{"text": "$耥"},"\"\"",{"text": "$$肕"},"\n","\"",{"text": "U$"},{"text": "U$"},{"text": "U$"},"\"\"",{"text": "U$"},"\n","\"",{"text": "$聙"},{"text": "$聙"},{"text": "$聙"},"\n","\"",{"text": "U$"},{"text": "U$"},{"text": "U$"},"\n"],{"text": "\n- x3 ","color": "gray"},{"translate": "stardust.warped_fungus","color": "gray"},{"text": "\n- x2 ","color": "gray"},{"translate": "stardust_essence","color": "gray"},{"text": "\n- x1 ","color": "gray"},{"translate": "stardust.quarry_lv_1","color": "gray"},{"text": "\n- x3 ","color": "gray"},{"translate": "stardust.triple_compressed_cobblestone","color": "gray"}]}},
				{"text": "豔\n","hover_event": {"action": "show_text","value": [{"text": ""},[{"text": "","font": "stardust:manual","color": "white"},"\"F\n","\"",{"text": "$聍"},{"text": "$聍"},{"text": "$聍"},"\n","\"",{"text": "U$"},{"text": "U$"},{"text": "U$"},"\n","\"",{"text": "$耩"},{"text": "$肕"},{"text": "$耩"},"\"\"",{"text": "$$肗"},"\n","\"",{"text": "U$"},{"text": "U$"},{"text": "U$"},"\"\"",{"text": "U$"},"\n","\"",{"text": "$聛"},{"text": "$芀"},{"text": "$聛"},"\n","\"",{"text": "U$"},{"text": "U$"},{"text": "U$"},"\n"],{"text": "\n- x3 ","color": "gray"},{"translate": "stardust.dragon_pearl","color": "gray"},{"text": "\n- x2 ","color": "gray"},{"translate": "stardust.compacted_stardust_shard","color": "gray"},{"text": "\n- x1 ","color": "gray"},{"translate": "stardust.quarry_lv_2","color": "gray"},{"text": "\n- x2 ","color": "gray"},{"translate": "stardust.quadruple_compressed_cobblestone","color": "gray"},{"text": "\n- x1 ","color": "gray"},{"translate": "stardust.respawn_anchor","color": "gray"}]},"click_event": {"action": "show_dialog","dialog": "stardust:manual/page_71"}},
				{"text": "0##","hover_event": {"action": "show_text","value": [{"translate": "stardust.level_2_quarry_for_automated_mining","color": "yellow"},{"translate": "stardust.mines_3_blocks_per_second","color": "gray"},{"translate": "stardust.consumes_250_kw_of_power","color": "gray"},{"text": "\nEnergy buffer: 60 MJ","color": "gray"},{"translate": "stardust.only_mines_blocks_in_a_configured_area","color": "gray"}]}},
				{"text": "0##","hover_event": {"action": "show_text","value": [{"text": ""},[{"text": "","font": "stardust:manual","color": "white"},"\"F\n","\"",{"text": "$臵"},{"text": "$臵"},{"text": "$臵"},"\n","\"",{"text": "U$"},{"text": "U$"},{"text": "U$"},"\n","\"",{"text": "$耥"},{"text": "$肓"},{"text": "$耥"},"\"\"",{"text": "$$肕"},"\n","\"",{"text": "U$"},{"text": "U$"},{"text": "U$"},"\"\"",{"text": "U$"},"\n","\"",{"text": "$聙"},{"text": "$聙"},{"text": "$聙"},"\n","\"",{"text": "U$"},{"text": "U$"},{"text": "U$"},"\n"],{"text": "\n- x3 ","color": "gray"},{"translate": "stardust.warped_fungus","color": "gray"},{"text": "\n- x2 ","color": "gray"},{"translate": "stardust_essence","color": "gray"},{"text": "\n- x1 ","color": "gray"},{"translate": "stardust.quarry_lv_1","color": "gray"},{"text": "\n- x3 ","color": "gray"},{"translate": "stardust.triple_compressed_cobblestone","color": "gray"}]}},
				{"text": "0","hover_event": {"action": "show_text","value": [{"text": ""},[{"text": "","font": "stardust:manual","color": "white"},"\"F\n","\"",{"text": "$聍"},{"text": "$聍"},{"text": "$聍"},"\n","\"",{"text": "U$"},{"text": "U$"},{"text": "U$"},"\n","\"",{"text": "$耩"},{"text": "$肕"},{"text": "$耩"},"\"\"",{"text": "$$肗"},"\n","\"",{"text": "U$"},{"text": "U$"},{"text": "U$"},"\"\"",{"text": "U$"},"\n","\"",{"text": "$聛"},{"text": "$芀"},{"text": "$聛"},"\n","\"",{"text": "U$"},{"text": "U$"},{"text": "U$"},"\n"],{"text": "\n- x3 ","color": "gray"},{"translate": "stardust.dragon_pearl","color": "gray"},{"text": "\n- x2 ","color": "gray"},{"translate": "stardust.compacted_stardust_shard","color": "gray"},{"text": "\n- x1 ","color": "gray"},{"translate": "stardust.quarry_lv_2","color": "gray"},{"text": "\n- x2 ","color": "gray"},{"translate": "stardust.quadruple_compressed_cobblestone","color": "gray"},{"text": "\n- x1 ","color": "gray"},{"translate": "stardust.respawn_anchor","color": "gray"}]},"click_event": {"action": "show_dialog","dialog": "stardust:manual/page_71"}},
				"\n\n\n\n\n\n\n\n\n\n\n\n\n\n\n\n"
			],
			"width": 140
		}
	]
}
