{
	"type": "minecraft:notice",
	"title": {
		"translate": "stardust.nether_star_generator",
		"underlined": true
	},
	"body": [
		{
			"type": "minecraft:plain_message",
			"contents": [
				{"text": "V   ","font": "stardust:manual","color": "white"},
				{"text": "\n   ","click_event": {"action": "show_dialog","dialog": "stardust:manual/page_80"},"hover_event": {"action": "show_text","value": [{"translate": "stardust.go_to_previous_page"}," (80)"]}},
				" ",
				{"text": "   ","click_event": {"action": "show_dialog","dialog": "stardust:manual/page_82"},"hover_event": {"action": "show_text","value": [{"translate": "stardust.go_to_next_page"}," (82)"]}},
				{"text": "\n   ","click_event": {"action": "show_dialog","dialog": "stardust:manual/page_80"},"hover_event": {"action": "show_text","value": [{"translate": "stardust.go_to_previous_page"}," (80)"]}},
				" ",
				{"text": "   ","click_event": {"action": "show_dialog","dialog": "stardust:manual/page_82"},"hover_event": {"action": "show_text","value": [{"translate": "stardust.go_to_next_page"}," (82)"]}}
			],
			"width": 400
		},
		{
			"type": "minecraft:plain_message",
			"contents": [
				{"text": "","font": "stardust:manual","color": "white","shadow_color": [0,0,0,0]},
				"\"$6\n\"",
				{"text": "$艞$艞$艞","hover_event": {"action": "show_item","id": "furnace","components": {"item_name": {"translate": "stardust.machine_block"},"lore": [{"translate": "stardust.simplenergy","italic": true,"color": "blue"}],"custom_data": {"simplenergy": {"machine_block": true}}}}},
				"  \n\"",
				{"translate": "stardust.uuu","hover_event": {"action": "show_item","id": "furnace","components": {"item_name": {"translate": "stardust.machine_block"},"lore": [{"translate": "stardust.simplenergy","italic": true,"color": "blue"}],"custom_data": {"simplenergy": {"machine_block": true}}}}},
				"  \n\"",
				{"text": "$苍","hover_event": {"action": "show_item","id": "minecraft:nether_star","components": {}}},
				{"text": "$賁","hover_event": {"action": "show_item","id": "furnace","components": {"item_name": {"translate": "stardust.redstone_generator"},"lore": [{"translate": "stardust.simplenergy","italic": true,"color": "blue"}],"custom_data": {"simplenergy": {"redstone_generator": true}}}}},
				{"text": "$苍","hover_event": {"action": "show_item","id": "minecraft:nether_star","components": {}}},
				"\"\"",
				{"text": "$$肭","hover_event": {"action": "show_item","id": "furnace","components": {"custom_data": {"energy": {"generation": 1500,"max_storage": 30000},"stardust": {"nether_star_generator": true},"smithed": {"ignore": {"functionality": true,"crafting": true}}},"item_name": {"translate": "stardust.nether_star_generator","italic": false,"color": "white"},"lore": [{"translate": "stardust.energy_generation_1500_kw","italic": false,"color": "gray"},{"translate": "stardust.energy_buffer_30_mj","italic": false,"color": "gray"},["",{"text": "I","color": "white","italic": false,"font": "stardust:icons"},{"translate": "stardustfragment","italic": true,"color": "blue"}]],"item_model": "stardust:nether_star_generator","container": [{"slot": 0,"item": {"id": "minecraft:stone","count": 1,"components": {"minecraft:custom_data": {"smithed": {"block": {"id": "stardust:nether_star_generator","from": "stardust"}}}}}}],"tooltip_display": {"hidden_components": ["minecraft:container"]}}}},
				"#$\n\"",
				{"text": "U$","hover_event": {"action": "show_item","id": "minecraft:nether_star","components": {}}},
				{"text": "U$","hover_event": {"action": "show_item","id": "furnace","components": {"item_name": {"translate": "stardust.redstone_generator"},"lore": [{"translate": "stardust.simplenergy","italic": true,"color": "blue"}],"custom_data": {"simplenergy": {"redstone_generator": true}}}}},
				{"text": "U$","hover_event": {"action": "show_item","id": "minecraft:nether_star","components": {}}},
				"\"\"",
				{"text": "U$","hover_event": {"action": "show_item","id": "furnace","components": {"custom_data": {"energy": {"generation": 1500,"max_storage": 30000},"stardust": {"nether_star_generator": true},"smithed": {"ignore": {"functionality": true,"crafting": true}}},"item_name": {"translate": "stardust.nether_star_generator","italic": false,"color": "white"},"lore": [{"translate": "stardust.energy_generation_1500_kw","italic": false,"color": "gray"},{"translate": "stardust.energy_buffer_30_mj","italic": false,"color": "gray"},["",{"text": "I","color": "white","italic": false,"font": "stardust:icons"},{"translate": "stardustfragment","italic": true,"color": "blue"}]],"item_model": "stardust:nether_star_generator","container": [{"slot": 0,"item": {"id": "minecraft:stone","count": 1,"components": {"minecraft:custom_data": {"smithed": {"block": {"id": "stardust:nether_star_generator","from": "stardust"}}}}}}],"tooltip_display": {"hidden_components": ["minecraft:container"]}}}},
				"#$\n\"",
				{"text": "$腹$腹$腹","hover_event": {"action": "show_item","id": "minecraft:iron_block","components": {}}},
				"  \n\"",
				{"translate": "stardust.uuu","hover_event": {"action": "show_item","id": "minecraft:iron_block","components": {}}},
				"  \n\n",
				{"text": "1##","hover_event": {"action": "show_text","value": [{"translate": "stardust.high_power_generator_using_nether_stars","color": "yellow"},{"translate": "stardust.generates_1500_kw_when_supplied_with_nether_stars","color": "gray"},{"translate": "stardust.one_nether_star_provides_15_minutes_of_fuel","color": "gray"}]}},
				{"text": "2##","hover_event": {"action": "show_text","value": [{"text": ""},[{"text": "","font": "stardust:manual","color": "white"},"\"F\n","\"",{"text": "$艞"},{"text": "$艞"},{"text": "$艞"},"\n","\"",{"text": "U$"},{"text": "U$"},{"text": "U$"},"\n","\"",{"text": "$苍"},{"text": "$賁"},{"text": "$苍"},"\"\"",{"text": "$$肭"},"\n","\"",{"text": "U$"},{"text": "U$"},{"text": "U$"},"\"\"",{"text": "U$"},"\n","\"",{"text": "$腹"},{"text": "$腹"},{"text": "$腹"},"\n","\"",{"text": "U$"},{"text": "U$"},{"text": "U$"},"\n"],{"text": "\n- x3 ","color": "gray"},{"translate": "stardust.machine_block","color": "gray"},{"text": "\n- x2 ","color": "gray"},{"translate": "stardust.nether_star","color": "gray"},{"text": "\n- x1 ","color": "gray"},{"translate": "stardust.redstone_generator","color": "gray"},{"text": "\n- x3 ","color": "gray"},{"translate": "stardust.iron_block","color": "gray"}]}},
				{"text": "2\n","hover_event": {"action": "show_text","value": [{"text": ""},[{"text": "","font": "stardust:manual","color": "white"},"\"F\n","\"",{"text": "$腹"},{"text": "$腹"},{"text": "$腹"},"\n","\"",{"text": "U$"},{"text": "U$"},{"text": "U$"},"\n","\"",{"text": "$苍"},{"text": "$賁"},{"text": "$苍"},"\"\"",{"text": "$$肭"},"\n","\"",{"text": "U$"},{"text": "U$"},{"text": "U$"},"\"\"",{"text": "U$"},"\n","\"",{"text": "$艞"},{"text": "$艞"},{"text": "$艞"},"\n","\"",{"text": "U$"},{"text": "U$"},{"text": "U$"},"\n"],{"text": "\n- x3 ","color": "gray"},{"translate": "stardust.machine_block","color": "gray"},{"text": "\n- x2 ","color": "gray"},{"translate": "stardust.nether_star","color": "gray"},{"text": "\n- x1 ","color": "gray"},{"translate": "stardust.redstone_generator","color": "gray"},{"text": "\n- x3 ","color": "gray"},{"translate": "stardust.iron_block","color": "gray"}]}},
				{"text": "0##","hover_event": {"action": "show_text","value": [{"translate": "stardust.high_power_generator_using_nether_stars","color": "yellow"},{"translate": "stardust.generates_1500_kw_when_supplied_with_nether_stars","color": "gray"},{"translate": "stardust.one_nether_star_provides_15_minutes_of_fuel","color": "gray"}]}},
				{"text": "0##","hover_event": {"action": "show_text","value": [{"text": ""},[{"text": "","font": "stardust:manual","color": "white"},"\"F\n","\"",{"text": "$艞"},{"text": "$艞"},{"text": "$艞"},"\n","\"",{"text": "U$"},{"text": "U$"},{"text": "U$"},"\n","\"",{"text": "$苍"},{"text": "$賁"},{"text": "$苍"},"\"\"",{"text": "$$肭"},"\n","\"",{"text": "U$"},{"text": "U$"},{"text": "U$"},"\"\"",{"text": "U$"},"\n","\"",{"text": "$腹"},{"text": "$腹"},{"text": "$腹"},"\n","\"",{"text": "U$"},{"text": "U$"},{"text": "U$"},"\n"],{"text": "\n- x3 ","color": "gray"},{"translate": "stardust.machine_block","color": "gray"},{"text": "\n- x2 ","color": "gray"},{"translate": "stardust.nether_star","color": "gray"},{"text": "\n- x1 ","color": "gray"},{"translate": "stardust.redstone_generator","color": "gray"},{"text": "\n- x3 ","color": "gray"},{"translate": "stardust.iron_block","color": "gray"}]}},
				{"text": "0","hover_event": {"action": "show_text","value": [{"text": ""},[{"text": "","font": "stardust:manual","color": "white"},"\"F\n","\"",{"text": "$腹"},{"text": "$腹"},{"text": "$腹"},"\n","\"",{"text": "U$"},{"text": "U$"},{"text": "U$"},"\n","\"",{"text": "$苍"},{"text": "$賁"},{"text": "$苍"},"\"\"",{"text": "$$肭"},"\n","\"",{"text": "U$"},{"text": "U$"},{"text": "U$"},"\"\"",{"text": "U$"},"\n","\"",{"text": "$艞"},{"text": "$艞"},{"text": "$艞"},"\n","\"",{"text": "U$"},{"text": "U$"},{"text": "U$"},"\n"],{"text": "\n- x3 ","color": "gray"},{"translate": "stardust.machine_block","color": "gray"},{"text": "\n- x2 ","color": "gray"},{"translate": "stardust.nether_star","color": "gray"},{"text": "\n- x1 ","color": "gray"},{"translate": "stardust.redstone_generator","color": "gray"},{"text": "\n- x3 ","color": "gray"},{"translate": "stardust.iron_block","color": "gray"}]}},
				"\n\n\n\n\n\n\n\n\n\n\n\n\n\n\n\n"
			],
			"width": 140
		}
	]
}
