{
	"type": "minecraft:notice",
	"title": [
		{
			"sprite": "stardust:item/lucky_artifact_bag",
			"atlas": "minecraft:items",
			"shadow_color": [
				0,
				0,
				0,
				0
			]
		},
		" ",
		{
			"translate": "stardust.lucky_artifact_bag",
			"underlined": true
		},
		" ",
		{
			"sprite": "stardust:item/lucky_artifact_bag",
			"atlas": "minecraft:items",
			"shadow_color": [
				0,
				0,
				0,
				0
			]
		}
	],
	"body": [
		{
			"type": "minecraft:plain_message",
			"contents": [
				{"text": "V   ","font": "stardust:manual","color": "white"},
				{"text": "\n   ","click_event": {"action": "show_dialog","dialog": "stardust:manual/page_139"},"hover_event": {"action": "show_text","value": [{"translate": "stardust.go_to_previous_page"}," (139)"]}},
				" ",
				{"text": "   ","click_event": {"action": "show_dialog","dialog": "stardust:manual/page_141"},"hover_event": {"action": "show_text","value": [{"translate": "stardust.go_to_next_page"}," (141)"]}},
				{"text": "\n   ","click_event": {"action": "show_dialog","dialog": "stardust:manual/page_139"},"hover_event": {"action": "show_text","value": [{"translate": "stardust.go_to_previous_page"}," (139)"]}},
				" ",
				{"text": "   ","click_event": {"action": "show_dialog","dialog": "stardust:manual/page_141"},"hover_event": {"action": "show_text","value": [{"translate": "stardust.go_to_next_page"}," (141)"]}}
			],
			"width": 400
		},
		{
			"type": "minecraft:plain_message",
			"contents": [
				{"text": "","font": "stardust:manual","color": "white","shadow_color": [0,0,0,0]},
				"\"$6\n\"",
				{"text": "$街$街$街","hover_event": {"action": "show_item","id": "minecraft:leather","components": {}}},
				"  \n\"",
				{"translate": "stardust.uuu","hover_event": {"action": "show_item","id": "minecraft:leather","components": {}}},
				"  \n\"",
				{"text": "$街","hover_event": {"action": "show_item","id": "minecraft:leather","components": {}}},
				{"text": "$聑","hover_event": {"action": "show_item","id": "command_block","components": {"item_model": "stardust:ultimate_shard","item_name": {"translate": "stardust.ultimate_shard"},"lore": [["",{"text": "I","color": "white","italic": false,"font": "stardust:icons"},{"translate": "stardustfragment","italic": true,"color": "blue"}]],"custom_data": {"stardust": {"ultimate_shard": true},"smithed": {"ignore": {"functionality": true,"crafting": true}}}}},"click_event": {"action": "show_dialog","dialog": "stardust:manual/page_36"}},
				{"text": "$街","hover_event": {"action": "show_item","id": "minecraft:leather","components": {}}},
				"\"\"",
				{"text": "$$脡","hover_event": {"action": "show_item","id": "command_block","components": {"consumable": {"consume_seconds": 1024,"has_consume_particles": false},"lore": [{"translate": "stardust.right_click_to_open_and_receive_a_random_artifact","italic": false,"color": "gray"},["",{"text": "I","color": "white","italic": false,"font": "stardust:icons"},{"translate": "stardustfragment","italic": true,"color": "blue"}]],"item_model": "stardust:lucky_artifact_bag","item_name": {"translate": "stardust.lucky_artifact_bag"},"custom_data": {"stardust": {"lucky_artifact_bag": true},"smithed": {"ignore": {"functionality": true,"crafting": true}}}}}},
				"#$\n\"",
				{"text": "U$","hover_event": {"action": "show_item","id": "minecraft:leather","components": {}}},
				{"text": "U$","hover_event": {"action": "show_item","id": "command_block","components": {"item_model": "stardust:ultimate_shard","item_name": {"translate": "stardust.ultimate_shard"},"lore": [["",{"text": "I","color": "white","italic": false,"font": "stardust:icons"},{"translate": "stardustfragment","italic": true,"color": "blue"}]],"custom_data": {"stardust": {"ultimate_shard": true},"smithed": {"ignore": {"functionality": true,"crafting": true}}}}},"click_event": {"action": "show_dialog","dialog": "stardust:manual/page_36"}},
				{"text": "U$","hover_event": {"action": "show_item","id": "minecraft:leather","components": {}}},
				"\"\"",
				{"text": "U$","hover_event": {"action": "show_item","id": "command_block","components": {"consumable": {"consume_seconds": 1024,"has_consume_particles": false},"lore": [{"translate": "stardust.right_click_to_open_and_receive_a_random_artifact","italic": false,"color": "gray"},["",{"text": "I","color": "white","italic": false,"font": "stardust:icons"},{"translate": "stardustfragment","italic": true,"color": "blue"}]],"item_model": "stardust:lucky_artifact_bag","item_name": {"translate": "stardust.lucky_artifact_bag"},"custom_data": {"stardust": {"lucky_artifact_bag": true},"smithed": {"ignore": {"functionality": true,"crafting": true}}}}}},
				"#$\n\"",
				{"text": "$街$街$街","hover_event": {"action": "show_item","id": "minecraft:leather","components": {}}},
				"  \n\"",
				{"translate": "stardust.uuu","hover_event": {"action": "show_item","id": "minecraft:leather","components": {}}},
				"  \n\n",
				{"text": "1##","hover_event": {"action": "show_text","value": [{"translate": "stardust.a_mysterious_bag_containing_a_random_artifact","color": "yellow"},{"text": "\nRight-click to open and receive a random artifact","color": "gray"},{"translate": "stardust.can_contain_health_damage_or_speed_artifacts","color": "gray"},{"translate": "stardust.this_can_be_found_in_various_structures","color": "gray"}]}},
				{"text": "2\n","hover_event": {"action": "show_text","value": [{"text": ""},[{"text": "","font": "stardust:manual","color": "white"},"\"F\n","\"",{"text": "$街"},{"text": "$街"},{"text": "$街"},"\n","\"",{"text": "U$"},{"text": "U$"},{"text": "U$"},"\n","\"",{"text": "$街"},{"text": "$聑"},{"text": "$街"},"\"\"",{"text": "$$脡"},"\n","\"",{"text": "U$"},{"text": "U$"},{"text": "U$"},"\"\"",{"text": "U$"},"\n","\"",{"text": "$街"},{"text": "$街"},{"text": "$街"},"\n","\"",{"text": "U$"},{"text": "U$"},{"text": "U$"},"\n"],{"text": "\n- x8 ","color": "gray"},{"translate": "stardust.leather","color": "gray"},{"text": "\n- x1 ","color": "gray"},{"translate": "stardust.ultimate_shard","color": "gray"}]}},
				{"text": "0##","hover_event": {"action": "show_text","value": [{"translate": "stardust.a_mysterious_bag_containing_a_random_artifact","color": "yellow"},{"text": "\nRight-click to open and receive a random artifact","color": "gray"},{"translate": "stardust.can_contain_health_damage_or_speed_artifacts","color": "gray"},{"translate": "stardust.this_can_be_found_in_various_structures","color": "gray"}]}},
				{"text": "0","hover_event": {"action": "show_text","value": [{"text": ""},[{"text": "","font": "stardust:manual","color": "white"},"\"F\n","\"",{"text": "$街"},{"text": "$街"},{"text": "$街"},"\n","\"",{"text": "U$"},{"text": "U$"},{"text": "U$"},"\n","\"",{"text": "$街"},{"text": "$聑"},{"text": "$街"},"\"\"",{"text": "$$脡"},"\n","\"",{"text": "U$"},{"text": "U$"},{"text": "U$"},"\"\"",{"text": "U$"},"\n","\"",{"text": "$街"},{"text": "$街"},{"text": "$街"},"\n","\"",{"text": "U$"},{"text": "U$"},{"text": "U$"},"\n"],{"text": "\n- x8 ","color": "gray"},{"translate": "stardust.leather","color": "gray"},{"text": "\n- x1 ","color": "gray"},{"translate": "stardust.ultimate_shard","color": "gray"}]}},
				"\n\n\n\n\n\n\n\n\n\n\n\n\n\n\n\n"
			],
			"width": 140
		}
	]
}
