{
	"type": "minecraft:notice",
	"title": {
		"translate": "stardust.life_crystal_block",
		"underlined": true
	},
	"body": [
		{
			"type": "minecraft:plain_message",
			"contents": [
				{"text": "V   ","font": "stardust:manual","color": "white"},
				{"text": "\n   ","click_event": {"action": "show_dialog","dialog": "stardust:manual/page_143"},"hover_event": {"action": "show_text","value": [{"translate": "stardust.go_to_previous_page"}," (143)"]}},
				" ",
				{"text": "   ","click_event": {"action": "show_dialog","dialog": "stardust:manual/page_145"},"hover_event": {"action": "show_text","value": [{"translate": "stardust.go_to_next_page"}," (145)"]}},
				{"text": "\n   ","click_event": {"action": "show_dialog","dialog": "stardust:manual/page_143"},"hover_event": {"action": "show_text","value": [{"translate": "stardust.go_to_previous_page"}," (143)"]}},
				" ",
				{"text": "   ","click_event": {"action": "show_dialog","dialog": "stardust:manual/page_145"},"hover_event": {"action": "show_text","value": [{"translate": "stardust.go_to_next_page"}," (145)"]}}
			],
			"width": 400
		},
		{
			"type": "minecraft:plain_message",
			"contents": [
				{"text": "","font": "stardust:manual","color": "white","shadow_color": [0,0,0,0]},
				"\"$@\n\n\n\"",
				{"text": "$脭","hover_event": {"action": "show_item","id": "furnace","components": {"item_model": "stardust:life_crystal_block","item_name": {"translate": "stardust.life_crystal_block"},"lore": [["",{"text": "I","color": "white","italic": false,"font": "stardust:icons"},{"translate": "stardustfragment","italic": true,"color": "blue"}]],"custom_data": {"stardust": {"life_crystal_block": true},"smithed": {"ignore": {"functionality": true,"crafting": true}}},"container": [{"slot": 0,"item": {"id": "minecraft:stone","count": 1,"components": {"minecraft:custom_data": {"smithed": {"block": {"id": "stardust:life_crystal_block","from": "stardust"}}}}}}],"tooltip_display": {"hidden_components": ["minecraft:container"]}}}},
				"\"\"\"\"#U$",
				{"text": "$$遽","hover_event": {"action": "show_item","id": "command_block","components": {"consumable": {"consume_seconds": 0.8,"animation": "toot_horn","has_consume_particles": false,"sound": {"sound_id": "stardust:life_crystal","range": 3}},"lore": [{"translate": "stardust.right_click_to_permanently_increase","italic": false,"color": "gray"},{"translate": "stardust.your_max_health_by_1_0_5_heart","italic": false,"color": "gray"},{"translate": "stardust.max_20_uses_10_hearts","italic": false,"color": "gray"},["",{"text": "I","color": "white","italic": false,"font": "stardust:icons"},{"translate": "stardustfragment","italic": true,"color": "blue"}]],"item_model": "stardust:life_crystal","item_name": {"translate": "stardust.life_crystal"},"custom_data": {"stardust": {"life_crystal": true},"smithed": {"ignore": {"functionality": true,"crafting": true}}}}},"click_event": {"action": "show_dialog","dialog": "stardust:manual/page_143"}},
				"#$\n\"",
				{"text": "U$","hover_event": {"action": "show_item","id": "furnace","components": {"item_model": "stardust:life_crystal_block","item_name": {"translate": "stardust.life_crystal_block"},"lore": [["",{"text": "I","color": "white","italic": false,"font": "stardust:icons"},{"translate": "stardustfragment","italic": true,"color": "blue"}]],"custom_data": {"stardust": {"life_crystal_block": true},"smithed": {"ignore": {"functionality": true,"crafting": true}}},"container": [{"slot": 0,"item": {"id": "minecraft:stone","count": 1,"components": {"minecraft:custom_data": {"smithed": {"block": {"id": "stardust:life_crystal_block","from": "stardust"}}}}}}],"tooltip_display": {"hidden_components": ["minecraft:container"]}}}},
				"\"\"\"\"#U$",
				{"text": "U$","hover_event": {"action": "show_item","id": "command_block","components": {"consumable": {"consume_seconds": 0.8,"animation": "toot_horn","has_consume_particles": false,"sound": {"sound_id": "stardust:life_crystal","range": 3}},"lore": [{"translate": "stardust.right_click_to_permanently_increase","italic": false,"color": "gray"},{"translate": "stardust.your_max_health_by_1_0_5_heart","italic": false,"color": "gray"},{"translate": "stardust.max_20_uses_10_hearts","italic": false,"color": "gray"},["",{"text": "I","color": "white","italic": false,"font": "stardust:icons"},{"translate": "stardustfragment","italic": true,"color": "blue"}]],"item_model": "stardust:life_crystal","item_name": {"translate": "stardust.life_crystal"},"custom_data": {"stardust": {"life_crystal": true},"smithed": {"ignore": {"functionality": true,"crafting": true}}}}},"click_event": {"action": "show_dialog","dialog": "stardust:manual/page_143"}},
				"#$\n\n\n",
				{"text": "1##","hover_event": {"action": "show_text","value": [{"translate": "stardust.decorative_block_made_from_life_crystals","color": "yellow"},{"translate": "stardust.found_in_underground_caves_in_the_overworld","color": "gray"},{"translate": "stardust.can_be_broken_to_retrieve_a_life_crystal","color": "gray"}]}},
				{"text": "邊##","hover_event": {"action": "show_text","value": [{"text": ""},[{"text": "","font": "stardust:manual","color": "white"},"\"P\n","\n\n","\"",{"text": "$脭"},"\"\"\"\"#U$",{"text": "$$遽"},"\n","\"",{"text": "U$"},"\"\"\"\"#U$",{"text": "U$"},"\n","\n"],{"translate": "stardust.mining","color": "yellow"},{"translate": "stardust.mine","color": "gray"},{"translate": "stardust.life_crystal_block","color": "gray"},{"translate": "stardust.drops_x1","color": "gray"},{"translate": "stardust.life_crystal","color": "gray"}]},"click_event": {"action": "show_dialog","dialog": "stardust:manual/page_143"}},
				{"text": "2\n","hover_event": {"action": "show_text","value": [{"text": ""},[{"text": "","font": "stardust:manual","color": "white"},"\"F\n","\"",{"text": "$貍"},{"text": "$貍"},{"text": "$貍"},"\n","\"",{"text": "U$"},{"text": "U$"},{"text": "U$"},"\n","\"",{"text": "$貍"},{"text": "$脫"},{"text": "$貍"},"\"\"",{"text": "$$脭"},"\n","\"",{"text": "U$"},{"text": "U$"},{"text": "U$"},"\"\"",{"text": "U$"},"\n","\"",{"text": "$貍"},{"text": "$貍"},{"text": "$貍"},"\n","\"",{"text": "U$"},{"text": "U$"},{"text": "U$"},"\n"],{"text": "\n- x8 ","color": "gray"},{"translate": "stardust.glass","color": "gray"},{"text": "\n- x1 ","color": "gray"},{"translate": "stardust.life_crystal","color": "gray"}]}},
				{"text": "0##","hover_event": {"action": "show_text","value": [{"translate": "stardust.decorative_block_made_from_life_crystals","color": "yellow"},{"translate": "stardust.found_in_underground_caves_in_the_overworld","color": "gray"},{"translate": "stardust.can_be_broken_to_retrieve_a_life_crystal","color": "gray"}]}},
				{"text": "0##","hover_event": {"action": "show_text","value": [{"text": ""},[{"text": "","font": "stardust:manual","color": "white"},"\"P\n","\n\n","\"",{"text": "$脭"},"\"\"\"\"#U$",{"text": "$$遽"},"\n","\"",{"text": "U$"},"\"\"\"\"#U$",{"text": "U$"},"\n","\n"],{"translate": "stardust.mining","color": "yellow"},{"translate": "stardust.mine","color": "gray"},{"translate": "stardust.life_crystal_block","color": "gray"},{"translate": "stardust.drops_x1","color": "gray"},{"translate": "stardust.life_crystal","color": "gray"}]},"click_event": {"action": "show_dialog","dialog": "stardust:manual/page_143"}},
				{"text": "0","hover_event": {"action": "show_text","value": [{"text": ""},[{"text": "","font": "stardust:manual","color": "white"},"\"F\n","\"",{"text": "$貍"},{"text": "$貍"},{"text": "$貍"},"\n","\"",{"text": "U$"},{"text": "U$"},{"text": "U$"},"\n","\"",{"text": "$貍"},{"text": "$脫"},{"text": "$貍"},"\"\"",{"text": "$$脭"},"\n","\"",{"text": "U$"},{"text": "U$"},{"text": "U$"},"\"\"",{"text": "U$"},"\n","\"",{"text": "$貍"},{"text": "$貍"},{"text": "$貍"},"\n","\"",{"text": "U$"},{"text": "U$"},{"text": "U$"},"\n"],{"text": "\n- x8 ","color": "gray"},{"translate": "stardust.glass","color": "gray"},{"text": "\n- x1 ","color": "gray"},{"translate": "stardust.life_crystal","color": "gray"}]}},
				"\n\n\n\n\n\n\n\n\n\n\n\n\n\n\n\n\n"
			],
			"width": 140
		}
	]
}
