{
	"type": "minecraft:notice",
	"title": [
		{
			"sprite": "stardust:item/stardust_fragment",
			"shadow_color": [
				0,
				0,
				0,
				0
			],
			"atlas": "minecraft:items"
		},
		" ",
		{
			"translate": "stardust_fragment",
			"underlined": true
		},
		" ",
		{
			"sprite": "stardust:item/stardust_fragment",
			"shadow_color": [
				0,
				0,
				0,
				0
			],
			"atlas": "minecraft:items"
		}
	],
	"body": [
		{
			"type": "minecraft:plain_message",
			"contents": [
				{"text": "V   ","font": "stardust:manual","color": "white"},
				{"text": "\n   ","click_event": {"action": "show_dialog","dialog": "stardust:manual/page_11"},"hover_event": {"action": "show_text","value": [{"translate": "stardust.go_to_previous_page"}," (11)"]}},
				" ",
				{"text": "   ","click_event": {"action": "show_dialog","dialog": "stardust:manual/page_13"},"hover_event": {"action": "show_text","value": [{"translate": "stardust.go_to_next_page"}," (13)"]}},
				{"text": "\n   ","click_event": {"action": "show_dialog","dialog": "stardust:manual/page_11"},"hover_event": {"action": "show_text","value": [{"translate": "stardust.go_to_previous_page"}," (11)"]}},
				" ",
				{"text": "   ","click_event": {"action": "show_dialog","dialog": "stardust:manual/page_13"},"hover_event": {"action": "show_text","value": [{"translate": "stardust.go_to_next_page"}," (13)"]}}
			],
			"width": 400
		},
		{
			"type": "minecraft:plain_message",
			"contents": [
				{"text": "","font": "stardust:manual","color": "white","shadow_color": [0,0,0,0]},
				"\"$@\n\n\n\"",
				{"text": "$耯","hover_event": {"action": "show_item","id": "furnace","components": {"item_model": "stardust:deepslate_stardust_ore","item_name": {"translate": "stardust.deepslate_stardust_ore"},"lore": [["",{"text": "I","color": "white","italic": false,"font": "stardust:icons"},{"translate": "stardustfragment","italic": true,"color": "blue"}]],"custom_data": {"stardust": {"deepslate_stardust_ore": true},"smithed": {"ignore": {"functionality": true,"crafting": true}}},"container": [{"slot": 0,"item": {"id": "minecraft:stone","count": 1,"components": {"minecraft:custom_data": {"smithed": {"block": {"id": "stardust:deepslate_stardust_ore","from": "stardust"}}}}}}],"tooltip_display": {"hidden_components": ["minecraft:container"]}}},"click_event": {"action": "show_dialog","dialog": "stardust:manual/page_19"}},
				"\"\"\"\"#U$",
				{"text": "$$腩","hover_event": {"action": "show_item","id": "command_block","components": {"item_model": "stardust:stardust_fragment","item_name": {"translate": "stardust_fragment"},"lore": [["",{"text": "I","color": "white","italic": false,"font": "stardust:icons"},{"translate": "stardustfragment","italic": true,"color": "blue"}]],"custom_data": {"stardust": {"stardust_fragment": true},"smithed": {"ignore": {"functionality": true,"crafting": true}}}}}},
				"#$\n\"",
				{"text": "U$","hover_event": {"action": "show_item","id": "furnace","components": {"item_model": "stardust:deepslate_stardust_ore","item_name": {"translate": "stardust.deepslate_stardust_ore"},"lore": [["",{"text": "I","color": "white","italic": false,"font": "stardust:icons"},{"translate": "stardustfragment","italic": true,"color": "blue"}]],"custom_data": {"stardust": {"deepslate_stardust_ore": true},"smithed": {"ignore": {"functionality": true,"crafting": true}}},"container": [{"slot": 0,"item": {"id": "minecraft:stone","count": 1,"components": {"minecraft:custom_data": {"smithed": {"block": {"id": "stardust:deepslate_stardust_ore","from": "stardust"}}}}}}],"tooltip_display": {"hidden_components": ["minecraft:container"]}}},"click_event": {"action": "show_dialog","dialog": "stardust:manual/page_19"}},
				"\"\"\"\"#U$",
				{"text": "U$","hover_event": {"action": "show_item","id": "command_block","components": {"item_model": "stardust:stardust_fragment","item_name": {"translate": "stardust_fragment"},"lore": [["",{"text": "I","color": "white","italic": false,"font": "stardust:icons"},{"translate": "stardustfragment","italic": true,"color": "blue"}]],"custom_data": {"stardust": {"stardust_fragment": true},"smithed": {"ignore": {"functionality": true,"crafting": true}}}}}},
				"#$\n\n\n",
				{"text": "1##","hover_event": {"action": "show_text","value": [{"translate": "stardust.the_fundamental_building_block_of_stardust_technology","color": "yellow"},{"translate": "stardust.mined_from_stardust_ore_found_in_the_overworld","color": "gray"},{"translate": "stardust.used_to_craft_ingots_tools_armor_and_machines","color": "gray"}]}},
				{"text": "腭##","hover_event": {"action": "show_text","value": [{"text": ""},[{"text": "","font": "stardust:manual","color": "white"},"\"P\n","\n\n","\"",{"text": "$耯"},"\"\"\"\"#U$",{"text": "$$腩"},"\n","\"",{"text": "U$"},"\"\"\"\"#U$",{"text": "U$"},"\n","\n"],{"translate": "stardust.mining","color": "yellow"},{"translate": "stardust.mine","color": "gray"},{"translate": "stardust.deepslate_stardust_ore","color": "gray"},{"translate": "stardust.drops_x2_6","color": "gray"},{"translate": "stardust_fragment","color": "gray"}]},"click_event": {"action": "show_dialog","dialog": "stardust:manual/page_19"}},
				{"text": "腰##","hover_event": {"action": "show_text","value": [{"text": ""},[{"text": "","font": "stardust:manual","color": "white"},"\"P\n","\n\n","\"",{"text": "$耭"},"\"\"\"\"#U$",{"text": "$$腮"},"\n","\"",{"text": "U$"},"\"\"\"\"#U$",{"text": "U$"},"\n","\n"],{"translate": "stardust.mining","color": "yellow"},{"translate": "stardust.mine","color": "gray"},{"translate": "stardust_ore","color": "gray"},{"translate": "stardust.drops_x1_4","color": "gray"},{"translate": "stardust_fragment","color": "gray"}]},"click_event": {"action": "show_dialog","dialog": "stardust:manual/page_18"}},
				{"text": "2##","hover_event": {"action": "show_text","value": [{"text": ""},[{"text": "","font": "stardust:manual","color": "white"},"\"G\n","\"",{"text": "$耭"},"\n","\"",{"text": "U$"},"\n","\"\"\"\"U$U$",{"text": "$$腱"},"\n","\"\"\"\"U$U$",{"text": "U$"},"\n","\n\n"],{"translate": "stardust.smelting","color": "yellow"},{"text": "\n- x1 ","color": "gray"},{"translate": "stardust_ore","color": "gray"}]},"click_event": {"action": "show_dialog","dialog": "stardust:manual/page_18"}},
				{"text": "2##","hover_event": {"action": "show_text","value": [{"text": ""},[{"text": "","font": "stardust:manual","color": "white"},"\"G\n","\"",{"text": "$耯"},"\n","\"",{"text": "U$"},"\n","\"\"\"\"U$U$",{"text": "$$腳"},"\n","\"\"\"\"U$U$",{"text": "U$"},"\n","\n\n"],{"translate": "stardust.smelting","color": "yellow"},{"text": "\n- x1 ","color": "gray"},{"translate": "stardust.deepslate_stardust_ore","color": "gray"}]},"click_event": {"action": "show_dialog","dialog": "stardust:manual/page_19"}},
				{"text": "2\n","hover_event": {"action": "show_text","value": [{"text": ""},[{"text": "","font": "stardust:manual","color": "white"},"\"I\n","\n\n","\"",{"text": "$耣"},"\"\"\"\"#U$",{"text": "$$腵"},"\n","\"",{"text": "U$"},"\"\"\"\"#U$",{"text": "U$"},"\n","\n"],{"translate": "stardust.simplenergy_pulverizing","color": "yellow"},{"text": "\n- x1 ","color": "gray"},{"translate": "stardust_ingot","color": "gray"}]},"click_event": {"action": "show_dialog","dialog": "stardust:manual/page_13"}},
				{"text": "0##","hover_event": {"action": "show_text","value": [{"translate": "stardust.the_fundamental_building_block_of_stardust_technology","color": "yellow"},{"translate": "stardust.mined_from_stardust_ore_found_in_the_overworld","color": "gray"},{"translate": "stardust.used_to_craft_ingots_tools_armor_and_machines","color": "gray"}]}},
				{"text": "0##","hover_event": {"action": "show_text","value": [{"text": ""},[{"text": "","font": "stardust:manual","color": "white"},"\"P\n","\n\n","\"",{"text": "$耯"},"\"\"\"\"#U$",{"text": "$$腩"},"\n","\"",{"text": "U$"},"\"\"\"\"#U$",{"text": "U$"},"\n","\n"],{"translate": "stardust.mining","color": "yellow"},{"translate": "stardust.mine","color": "gray"},{"translate": "stardust.deepslate_stardust_ore","color": "gray"},{"translate": "stardust.drops_x2_6","color": "gray"},{"translate": "stardust_fragment","color": "gray"}]},"click_event": {"action": "show_dialog","dialog": "stardust:manual/page_19"}},
				{"text": "0##","hover_event": {"action": "show_text","value": [{"text": ""},[{"text": "","font": "stardust:manual","color": "white"},"\"P\n","\n\n","\"",{"text": "$耭"},"\"\"\"\"#U$",{"text": "$$腮"},"\n","\"",{"text": "U$"},"\"\"\"\"#U$",{"text": "U$"},"\n","\n"],{"translate": "stardust.mining","color": "yellow"},{"translate": "stardust.mine","color": "gray"},{"translate": "stardust_ore","color": "gray"},{"translate": "stardust.drops_x1_4","color": "gray"},{"translate": "stardust_fragment","color": "gray"}]},"click_event": {"action": "show_dialog","dialog": "stardust:manual/page_18"}},
				{"text": "0##","hover_event": {"action": "show_text","value": [{"text": ""},[{"text": "","font": "stardust:manual","color": "white"},"\"G\n","\"",{"text": "$耭"},"\n","\"",{"text": "U$"},"\n","\"\"\"\"U$U$",{"text": "$$腱"},"\n","\"\"\"\"U$U$",{"text": "U$"},"\n","\n\n"],{"translate": "stardust.smelting","color": "yellow"},{"text": "\n- x1 ","color": "gray"},{"translate": "stardust_ore","color": "gray"}]},"click_event": {"action": "show_dialog","dialog": "stardust:manual/page_18"}},
				{"text": "0##","hover_event": {"action": "show_text","value": [{"text": ""},[{"text": "","font": "stardust:manual","color": "white"},"\"G\n","\"",{"text": "$耯"},"\n","\"",{"text": "U$"},"\n","\"\"\"\"U$U$",{"text": "$$腳"},"\n","\"\"\"\"U$U$",{"text": "U$"},"\n","\n\n"],{"translate": "stardust.smelting","color": "yellow"},{"text": "\n- x1 ","color": "gray"},{"translate": "stardust.deepslate_stardust_ore","color": "gray"}]},"click_event": {"action": "show_dialog","dialog": "stardust:manual/page_19"}},
				{"text": "0\n","hover_event": {"action": "show_text","value": [{"text": ""},[{"text": "","font": "stardust:manual","color": "white"},"\"I\n","\n\n","\"",{"text": "$耣"},"\"\"\"\"#U$",{"text": "$$腵"},"\n","\"",{"text": "U$"},"\"\"\"\"#U$",{"text": "U$"},"\n","\n"],{"translate": "stardust.simplenergy_pulverizing","color": "yellow"},{"text": "\n- x1 ","color": "gray"},{"translate": "stardust_ingot","color": "gray"}]},"click_event": {"action": "show_dialog","dialog": "stardust:manual/page_13"}},
				{"text": "腺##","hover_event": {"action": "show_text","value": [{"text": ""},[{"text": "","font": "stardust:manual","color": "white"},"\"F\n","\"",{"text": "$耡"},{"text": "$耡"},{"text": "$耡"},"\n","\"",{"text": "U$"},{"text": "U$"},{"text": "U$"},"\n","\"",{"text": "$耡"},{"text": "$腸"},{"text": "$耡"},"\"\"",{"text": "$$耣"},"\n","\"",{"text": "U$"},{"text": "U$"},{"text": "U$"},"\"\"",{"text": "U$"},"\n","\"",{"text": "$耡"},{"text": "$耡"},{"text": "$耡"},"\n","\"",{"text": "U$"},{"text": "U$"},{"text": "U$"},"\n"],{"text": "\n- x1 ","color": "gray"},{"translate": "stardust.iron_ingot","color": "gray"},{"text": "\n- x8 ","color": "gray"},{"translate": "stardust_fragment","color": "gray"}]},"click_event": {"action": "show_dialog","dialog": "stardust:manual/page_13"}},
				{"text": "腿##","hover_event": {"action": "show_text","value": [{"text": ""},[{"text": "","font": "stardust:manual","color": "white"},"\"F\n","\"",{"text": "$耡"},{"text": "$耡"},{"text": "$耡"},"\n","\"",{"text": "U$"},{"text": "U$"},{"text": "U$"},"\n","\"",{"text": "$聫"},{"text": "$聫"},{"text": "$聫"},"\"\"",{"text": "$$聭"},"\n","\"",{"text": "U$"},{"text": "U$"},{"text": "U$"},"\"\"",{"text": "U$"},"\n","\"","U$",{"text": "$耣"},"U$","\n","\"","U$",{"text": "U$"},"U$","\n"],{"text": "\n- x3 ","color": "gray"},{"translate": "stardust_fragment","color": "gray"},{"text": "\n- x3 ","color": "gray"},{"translate": "stardust.mirror","color": "gray"},{"text": "\n- x1 ","color": "gray"},{"translate": "stardust_ingot","color": "gray"}]},"click_event": {"action": "show_dialog","dialog": "stardust:manual/page_50"}},
				{"text": "膃##","hover_event": {"action": "show_text","value": [{"text": ""},[{"text": "","font": "stardust:manual","color": "white"},"\"F\n","\"",{"text": "$聕"},{"text": "$聕"},{"text": "$聕"},"\n","\"",{"text": "U$"},{"text": "U$"},{"text": "U$"},"\n","\"",{"text": "$聕"},{"text": "$耡"},{"text": "$聕"},"\"\"",{"text": "$$肟"},"\n","\"",{"text": "U$"},{"text": "U$"},{"text": "U$"},"\"\"",{"text": "U$"},"\n","\"",{"text": "$聕"},{"text": "$聕"},{"text": "$聕"},"\n","\"",{"text": "U$"},{"text": "U$"},{"text": "U$"},"\n"],{"text": "\n- x8 ","color": "gray"},{"translate": "stardust.compressed_cobblestone","color": "gray"},{"text": "\n- x1 ","color": "gray"},{"translate": "stardust_fragment","color": "gray"}]},"click_event": {"action": "show_dialog","dialog": "stardust:manual/page_75"}},
				{"text": "膈##","hover_event": {"action": "show_text","value": [{"text": ""},[{"text": "","font": "stardust:manual","color": "white"},"\"F\n","\"",{"text": "$膅"},{"text": "$膆"},{"text": "$膅"},"\n","\"",{"text": "U$"},{"text": "U$"},{"text": "U$"},"\n","\"",{"text": "$膆"},{"text": "$耡"},{"text": "$膆"},"\"\"",{"text": "$$股"},"\n","\"",{"text": "U$"},{"text": "U$"},{"text": "U$"},"\"\"",{"text": "U$"},"\n","\"",{"text": "$膅"},{"text": "$膆"},{"text": "$膅"},"\n","\"",{"text": "U$"},{"text": "U$"},{"text": "U$"},"\n"],{"text": "\n- x4 ","color": "gray"},{"translate": "stardust.iron_block","color": "gray"},{"text": "\n- x4 ","color": "gray"},{"translate": "stardust.phantom_membrane","color": "gray"},{"text": "\n- x1 ","color": "gray"},{"translate": "stardust_fragment","color": "gray"}]},"click_event": {"action": "show_dialog","dialog": "stardust:manual/page_76"}},
				{"text": "膌##","hover_event": {"action": "show_text","value": [{"text": ""},[{"text": "","font": "stardust:manual","color": "white"},"\"F\n","\"",{"text": "$耡"},{"text": "$耡"},{"text": "$耡"},"\n","\"",{"text": "U$"},{"text": "U$"},{"text": "U$"},"\n","\"",{"text": "$耡"},{"text": "$膋"},{"text": "$耡"},"\"\"",{"text": "$$脩"},"\n","\"",{"text": "U$"},{"text": "U$"},{"text": "U$"},"\"\"",{"text": "U$"},"\n","\"",{"text": "$耡"},{"text": "$耡"},{"text": "$耡"},"\n","\"",{"text": "U$"},{"text": "U$"},{"text": "U$"},"\n"],{"text": "\n- x8 ","color": "gray"},{"translate": "stardust_fragment","color": "gray"},{"text": "\n- x1 ","color": "gray"},{"translate": "stardust.golden_apple","color": "gray"}]},"click_event": {"action": "show_dialog","dialog": "stardust:manual/page_144"}},
				{"text": "膐\n","hover_event": {"action": "show_text","value": [{"text": ""},[{"text": "","font": "stardust:manual","color": "white"},"\"F\n","\"",{"text": "$膎"},{"text": "$膎"},{"text": "$膎"},"\n","\"",{"text": "U$"},{"text": "U$"},{"text": "U$"},"\n","\"",{"text": "$膎"},{"text": "$耡"},{"text": "$膎"},"\"\"",{"text": "$$脳"},"\n","\"",{"text": "U$"},{"text": "U$"},{"text": "U$"},"\"\"",{"text": "U$"},"\n","\"",{"text": "$膎"},{"text": "$膎"},{"text": "$膎"},"\n","\"",{"text": "U$"},{"text": "U$"},{"text": "U$"},"\n"],{"text": "\n- x8 ","color": "gray"},{"translate": "stardust.wheat_seeds","color": "gray"},{"text": "\n- x1 ","color": "gray"},{"translate": "stardust_fragment","color": "gray"}]},"click_event": {"action": "show_dialog","dialog": "stardust:manual/page_149"}},
				{"text": "0##","hover_event": {"action": "show_text","value": [{"text": ""},[{"text": "","font": "stardust:manual","color": "white"},"\"F\n","\"",{"text": "$耡"},{"text": "$耡"},{"text": "$耡"},"\n","\"",{"text": "U$"},{"text": "U$"},{"text": "U$"},"\n","\"",{"text": "$耡"},{"text": "$腸"},{"text": "$耡"},"\"\"",{"text": "$$耣"},"\n","\"",{"text": "U$"},{"text": "U$"},{"text": "U$"},"\"\"",{"text": "U$"},"\n","\"",{"text": "$耡"},{"text": "$耡"},{"text": "$耡"},"\n","\"",{"text": "U$"},{"text": "U$"},{"text": "U$"},"\n"],{"text": "\n- x1 ","color": "gray"},{"translate": "stardust.iron_ingot","color": "gray"},{"text": "\n- x8 ","color": "gray"},{"translate": "stardust_fragment","color": "gray"}]},"click_event": {"action": "show_dialog","dialog": "stardust:manual/page_13"}},
				{"text": "0##","hover_event": {"action": "show_text","value": [{"text": ""},[{"text": "","font": "stardust:manual","color": "white"},"\"F\n","\"",{"text": "$耡"},{"text": "$耡"},{"text": "$耡"},"\n","\"",{"text": "U$"},{"text": "U$"},{"text": "U$"},"\n","\"",{"text": "$聫"},{"text": "$聫"},{"text": "$聫"},"\"\"",{"text": "$$聭"},"\n","\"",{"text": "U$"},{"text": "U$"},{"text": "U$"},"\"\"",{"text": "U$"},"\n","\"","U$",{"text": "$耣"},"U$","\n","\"","U$",{"text": "U$"},"U$","\n"],{"text": "\n- x3 ","color": "gray"},{"translate": "stardust_fragment","color": "gray"},{"text": "\n- x3 ","color": "gray"},{"translate": "stardust.mirror","color": "gray"},{"text": "\n- x1 ","color": "gray"},{"translate": "stardust_ingot","color": "gray"}]},"click_event": {"action": "show_dialog","dialog": "stardust:manual/page_50"}},
				{"text": "0##","hover_event": {"action": "show_text","value": [{"text": ""},[{"text": "","font": "stardust:manual","color": "white"},"\"F\n","\"",{"text": "$聕"},{"text": "$聕"},{"text": "$聕"},"\n","\"",{"text": "U$"},{"text": "U$"},{"text": "U$"},"\n","\"",{"text": "$聕"},{"text": "$耡"},{"text": "$聕"},"\"\"",{"text": "$$肟"},"\n","\"",{"text": "U$"},{"text": "U$"},{"text": "U$"},"\"\"",{"text": "U$"},"\n","\"",{"text": "$聕"},{"text": "$聕"},{"text": "$聕"},"\n","\"",{"text": "U$"},{"text": "U$"},{"text": "U$"},"\n"],{"text": "\n- x8 ","color": "gray"},{"translate": "stardust.compressed_cobblestone","color": "gray"},{"text": "\n- x1 ","color": "gray"},{"translate": "stardust_fragment","color": "gray"}]},"click_event": {"action": "show_dialog","dialog": "stardust:manual/page_75"}},
				{"text": "0##","hover_event": {"action": "show_text","value": [{"text": ""},[{"text": "","font": "stardust:manual","color": "white"},"\"F\n","\"",{"text": "$膅"},{"text": "$膆"},{"text": "$膅"},"\n","\"",{"text": "U$"},{"text": "U$"},{"text": "U$"},"\n","\"",{"text": "$膆"},{"text": "$耡"},{"text": "$膆"},"\"\"",{"text": "$$股"},"\n","\"",{"text": "U$"},{"text": "U$"},{"text": "U$"},"\"\"",{"text": "U$"},"\n","\"",{"text": "$膅"},{"text": "$膆"},{"text": "$膅"},"\n","\"",{"text": "U$"},{"text": "U$"},{"text": "U$"},"\n"],{"text": "\n- x4 ","color": "gray"},{"translate": "stardust.iron_block","color": "gray"},{"text": "\n- x4 ","color": "gray"},{"translate": "stardust.phantom_membrane","color": "gray"},{"text": "\n- x1 ","color": "gray"},{"translate": "stardust_fragment","color": "gray"}]},"click_event": {"action": "show_dialog","dialog": "stardust:manual/page_76"}},
				{"text": "0##","hover_event": {"action": "show_text","value": [{"text": ""},[{"text": "","font": "stardust:manual","color": "white"},"\"F\n","\"",{"text": "$耡"},{"text": "$耡"},{"text": "$耡"},"\n","\"",{"text": "U$"},{"text": "U$"},{"text": "U$"},"\n","\"",{"text": "$耡"},{"text": "$膋"},{"text": "$耡"},"\"\"",{"text": "$$脩"},"\n","\"",{"text": "U$"},{"text": "U$"},{"text": "U$"},"\"\"",{"text": "U$"},"\n","\"",{"text": "$耡"},{"text": "$耡"},{"text": "$耡"},"\n","\"",{"text": "U$"},{"text": "U$"},{"text": "U$"},"\n"],{"text": "\n- x8 ","color": "gray"},{"translate": "stardust_fragment","color": "gray"},{"text": "\n- x1 ","color": "gray"},{"translate": "stardust.golden_apple","color": "gray"}]},"click_event": {"action": "show_dialog","dialog": "stardust:manual/page_144"}},
				{"text": "0\n","hover_event": {"action": "show_text","value": [{"text": ""},[{"text": "","font": "stardust:manual","color": "white"},"\"F\n","\"",{"text": "$膎"},{"text": "$膎"},{"text": "$膎"},"\n","\"",{"text": "U$"},{"text": "U$"},{"text": "U$"},"\n","\"",{"text": "$膎"},{"text": "$耡"},{"text": "$膎"},"\"\"",{"text": "$$脳"},"\n","\"",{"text": "U$"},{"text": "U$"},{"text": "U$"},"\"\"",{"text": "U$"},"\n","\"",{"text": "$膎"},{"text": "$膎"},{"text": "$膎"},"\n","\"",{"text": "U$"},{"text": "U$"},{"text": "U$"},"\n"],{"text": "\n- x8 ","color": "gray"},{"translate": "stardust.wheat_seeds","color": "gray"},{"text": "\n- x1 ","color": "gray"},{"translate": "stardust_fragment","color": "gray"}]},"click_event": {"action": "show_dialog","dialog": "stardust:manual/page_149"}},
				{"text": "膔##","hover_event": {"action": "show_text","value": [{"text": ""},[{"text": "","font": "stardust:manual","color": "white"},"\"F\n","\"",{"text": "$耡"},{"text": "$耡"},{"text": "$耡"},"\n","\"",{"text": "U$"},{"text": "U$"},{"text": "U$"},"\n","\"",{"text": "$耡"},{"text": "$脳"},{"text": "$耡"},"\"\"",{"text": "$$脵"},"\n","\"",{"text": "U$"},{"text": "U$"},{"text": "U$"},"\"\"",{"text": "U$"},"\n","\"",{"text": "$耡"},{"text": "$耡"},{"text": "$耡"},"\n","\"",{"text": "U$"},{"text": "U$"},{"text": "U$"},"\n"],{"text": "\n- x8 ","color": "gray"},{"translate": "stardust_fragment","color": "gray"},{"text": "\n- x1 ","color": "gray"},{"translate": "stardust_seed","color": "gray"}]},"click_event": {"action": "show_dialog","dialog": "stardust:manual/page_150"}},
				{"text": "膙##","hover_event": {"action": "show_text","value": [{"text": ""},[{"text": "","font": "stardust:manual","color": "white"},"\"F\n","\"",{"text": "$聓"},{"text": "$耡"},{"text": "$聓"},"\n","\"",{"text": "U$"},{"text": "U$"},{"text": "U$"},"\n","\"",{"text": "$耡"},{"text": "$膘"},{"text": "$耡"},"\"\"",{"text": "$$腏"},"\n","\"",{"text": "U$"},{"text": "U$"},{"text": "U$"},"\"\"",{"text": "U$"},"\n","\"",{"text": "$聓"},{"text": "$耡"},{"text": "$聓"},"\n","\"",{"text": "U$"},{"text": "U$"},{"text": "U$"},"\n"],{"text": "\n- x4 ","color": "gray"},{"translate": "stardust.dog_excrement","color": "gray"},{"text": "\n- x4 ","color": "gray"},{"translate": "stardust_fragment","color": "gray"},{"text": "\n- x1 ","color": "gray"},{"translate": "stardust.wolf_armor","color": "gray"}]},"click_event": {"action": "show_dialog","dialog": "stardust:manual/page_163"}},
				{"text": "膝\n","hover_event": {"action": "show_text","value": [{"text": ""},[{"text": "","font": "stardust:manual","color": "white"},"\"E\n","\"",{"text": "$膛"},{"text": "$耡"},"\n","\"",{"text": "U$"},{"text": "U$"},"U$",{"text": "$$腝"},"\n\"","U$U$U$",{"text": "U$"},"\n","\n"],{"text": "\n- x1 ","color": "gray"},{"translate": "stardust.book","color": "gray"},{"text": "\n- x1 ","color": "gray"},{"translate": "stardust_fragment","color": "gray"}]},"click_event": {"action": "show_dialog","dialog": "stardust:manual/page_170"}},
				{"text": "0##","hover_event": {"action": "show_text","value": [{"text": ""},[{"text": "","font": "stardust:manual","color": "white"},"\"F\n","\"",{"text": "$耡"},{"text": "$耡"},{"text": "$耡"},"\n","\"",{"text": "U$"},{"text": "U$"},{"text": "U$"},"\n","\"",{"text": "$耡"},{"text": "$脳"},{"text": "$耡"},"\"\"",{"text": "$$脵"},"\n","\"",{"text": "U$"},{"text": "U$"},{"text": "U$"},"\"\"",{"text": "U$"},"\n","\"",{"text": "$耡"},{"text": "$耡"},{"text": "$耡"},"\n","\"",{"text": "U$"},{"text": "U$"},{"text": "U$"},"\n"],{"text": "\n- x8 ","color": "gray"},{"translate": "stardust_fragment","color": "gray"},{"text": "\n- x1 ","color": "gray"},{"translate": "stardust_seed","color": "gray"}]},"click_event": {"action": "show_dialog","dialog": "stardust:manual/page_150"}},
				{"text": "0##","hover_event": {"action": "show_text","value": [{"text": ""},[{"text": "","font": "stardust:manual","color": "white"},"\"F\n","\"",{"text": "$聓"},{"text": "$耡"},{"text": "$聓"},"\n","\"",{"text": "U$"},{"text": "U$"},{"text": "U$"},"\n","\"",{"text": "$耡"},{"text": "$膘"},{"text": "$耡"},"\"\"",{"text": "$$腏"},"\n","\"",{"text": "U$"},{"text": "U$"},{"text": "U$"},"\"\"",{"text": "U$"},"\n","\"",{"text": "$聓"},{"text": "$耡"},{"text": "$聓"},"\n","\"",{"text": "U$"},{"text": "U$"},{"text": "U$"},"\n"],{"text": "\n- x4 ","color": "gray"},{"translate": "stardust.dog_excrement","color": "gray"},{"text": "\n- x4 ","color": "gray"},{"translate": "stardust_fragment","color": "gray"},{"text": "\n- x1 ","color": "gray"},{"translate": "stardust.wolf_armor","color": "gray"}]},"click_event": {"action": "show_dialog","dialog": "stardust:manual/page_163"}},
				{"text": "0","hover_event": {"action": "show_text","value": [{"text": ""},[{"text": "","font": "stardust:manual","color": "white"},"\"E\n","\"",{"text": "$膛"},{"text": "$耡"},"\n","\"",{"text": "U$"},{"text": "U$"},"U$",{"text": "$$腝"},"\n\"","U$U$U$",{"text": "U$"},"\n","\n"],{"text": "\n- x1 ","color": "gray"},{"translate": "stardust.book","color": "gray"},{"text": "\n- x1 ","color": "gray"},{"translate": "stardust_fragment","color": "gray"}]},"click_event": {"action": "show_dialog","dialog": "stardust:manual/page_170"}},
				"\n\n\n\n\n\n\n\n\n\n\n\n\n"
			],
			"width": 140
		}
	]
}
