{
	"type": "minecraft:notice",
	"title": [
		{
			"sprite": "stardust:item/stardust_seed",
			"shadow_color": [
				0,
				0,
				0,
				0
			]
		},
		" ",
		{
			"translate": "stardust_seed",
			"underlined": true
		},
		" ",
		{
			"sprite": "stardust:item/stardust_seed"
		}
	],
	"body": [
		{
			"type": "minecraft:plain_message",
			"contents": [
				{"text": "V   ","font": "stardust:manual","color": "white"},
				{"text": "\n   ","click_event": {"action": "show_dialog","dialog": "stardust:manual/page_147"},"hover_event": {"action": "show_text","value": [{"translate": "stardust.go_to_previous_page"}," (147)"]}},
				" ",
				{"text": "   ","click_event": {"action": "show_dialog","dialog": "stardust:manual/page_149"},"hover_event": {"action": "show_text","value": [{"translate": "stardust.go_to_next_page"}," (149)"]}},
				{"text": "\n   ","click_event": {"action": "show_dialog","dialog": "stardust:manual/page_147"},"hover_event": {"action": "show_text","value": [{"translate": "stardust.go_to_previous_page"}," (147)"]}},
				" ",
				{"text": "   ","click_event": {"action": "show_dialog","dialog": "stardust:manual/page_149"},"hover_event": {"action": "show_text","value": [{"translate": "stardust.go_to_next_page"}," (149)"]}}
			],
			"width": 400
		},
		{
			"type": "minecraft:plain_message",
			"contents": [
				{"text": "","font": "stardust:manual","color": "white","shadow_color": [0,0,0,0]},
				"\"$6\n\"",
				{"text": "$膂$膂$膂","hover_event": {"action": "show_item","id": "minecraft:wheat_seeds","components": {}}},
				"  \n\"",
				{"translate": "stardust.uuu","hover_event": {"action": "show_item","id": "minecraft:wheat_seeds","components": {}}},
				"  \n\"",
				{"text": "$膂","hover_event": {"action": "show_item","id": "minecraft:wheat_seeds","components": {}}},
				{"text": "$耡","hover_event": {"action": "show_item","id": "command_block","components": {"item_model": "stardust:stardust_fragment","item_name": {"translate": "stardust_fragment"},"lore": [["",{"text": "I","color": "white","italic": false,"font": "stardust:icons"},{"translate": "stardustfragment","italic": true,"color": "blue"}]],"custom_data": {"stardust": {"stardust_fragment": true},"smithed": {"ignore": {"functionality": true,"crafting": true}}}}},"click_event": {"action": "show_dialog","dialog": "stardust:manual/page_11"}},
				{"text": "$膂","hover_event": {"action": "show_item","id": "minecraft:wheat_seeds","components": {}}},
				"\"\"",
				{"text": "$$脳","hover_event": {"action": "show_item","id": "item_frame","components": {"lore": [{"translate": "stardust.can_only_be_planted_on_diamond_block","italic": false,"color": "gray"},["",{"text": "I","color": "white","italic": false,"font": "stardust:icons"},{"translate": "stardustfragment","italic": true,"color": "blue"}]],"item_model": "stardust:stardust_seed","item_name": {"translate": "stardust_seed"},"custom_data": {"stardust": {"stardust_seed": true},"smithed": {"ignore": {"functionality": true,"crafting": true}}},"entity_data": {"id": "minecraft:item_frame","Tags": ["stardust.new","stardust.stardust_seed"],"Invisible": true,"Silent": true}}}},
				"#$\n\"",
				{"text": "U$","hover_event": {"action": "show_item","id": "minecraft:wheat_seeds","components": {}}},
				{"text": "U$","hover_event": {"action": "show_item","id": "command_block","components": {"item_model": "stardust:stardust_fragment","item_name": {"translate": "stardust_fragment"},"lore": [["",{"text": "I","color": "white","italic": false,"font": "stardust:icons"},{"translate": "stardustfragment","italic": true,"color": "blue"}]],"custom_data": {"stardust": {"stardust_fragment": true},"smithed": {"ignore": {"functionality": true,"crafting": true}}}}},"click_event": {"action": "show_dialog","dialog": "stardust:manual/page_11"}},
				{"text": "U$","hover_event": {"action": "show_item","id": "minecraft:wheat_seeds","components": {}}},
				"\"\"",
				{"text": "U$","hover_event": {"action": "show_item","id": "item_frame","components": {"lore": [{"translate": "stardust.can_only_be_planted_on_diamond_block","italic": false,"color": "gray"},["",{"text": "I","color": "white","italic": false,"font": "stardust:icons"},{"translate": "stardustfragment","italic": true,"color": "blue"}]],"item_model": "stardust:stardust_seed","item_name": {"translate": "stardust_seed"},"custom_data": {"stardust": {"stardust_seed": true},"smithed": {"ignore": {"functionality": true,"crafting": true}}},"entity_data": {"id": "minecraft:item_frame","Tags": ["stardust.new","stardust.stardust_seed"],"Invisible": true,"Silent": true}}}},
				"#$\n\"",
				{"text": "$膂$膂$膂","hover_event": {"action": "show_item","id": "minecraft:wheat_seeds","components": {}}},
				"  \n\"",
				{"translate": "stardust.uuu","hover_event": {"action": "show_item","id": "minecraft:wheat_seeds","components": {}}},
				"  \n\n",
				{"text": "1##","hover_event": {"action": "show_text","value": [{"translate": "stardust.magical_seed_that_grows_stardust_fragments","color": "yellow"},{"translate": "stardust.can_only_be_planted_on_diamond_blocks","color": "gray"},{"translate": "stardust.grows_fully_after_8_minutes","color": "gray"},{"translate": "stardust.yields_3_9_stardust_fragments_when_harvested","color": "gray"},{"translate": "stardust.fortune_effect_applies_50_per_level","color": "gray"}]}},
				{"text": "2##","hover_event": {"action": "show_text","value": [{"text": ""},[{"text": "","font": "stardust:manual","color": "white"},"\"F\n","\"",{"text": "$膂"},{"text": "$膂"},{"text": "$膂"},"\n","\"",{"text": "U$"},{"text": "U$"},{"text": "U$"},"\n","\"",{"text": "$膂"},{"text": "$耡"},{"text": "$膂"},"\"\"",{"text": "$$脳"},"\n","\"",{"text": "U$"},{"text": "U$"},{"text": "U$"},"\"\"",{"text": "U$"},"\n","\"",{"text": "$膂"},{"text": "$膂"},{"text": "$膂"},"\n","\"",{"text": "U$"},{"text": "U$"},{"text": "U$"},"\n"],{"text": "\n- x8 ","color": "gray"},{"translate": "stardust.wheat_seeds","color": "gray"},{"text": "\n- x1 ","color": "gray"},{"translate": "stardust_fragment","color": "gray"}]}},
				{"text": "2##","hover_event": {"action": "show_text","value": [{"text": ""},[{"text": "","font": "stardust:manual","color": "white"},"\"F\n","\"",{"text": "$鄓"},{"text": "$鄓"},{"text": "$鄓"},"\n","\"",{"text": "U$"},{"text": "U$"},{"text": "U$"},"\n","\"",{"text": "$鄓"},{"text": "$耡"},{"text": "$鄓"},"\"\"",{"text": "$$脳"},"\n","\"",{"text": "U$"},{"text": "U$"},{"text": "U$"},"\"\"",{"text": "U$"},"\n","\"",{"text": "$鄓"},{"text": "$鄓"},{"text": "$鄓"},"\n","\"",{"text": "U$"},{"text": "U$"},{"text": "U$"},"\n"],{"text": "\n- x8 ","color": "gray"},{"translate": "stardust.pumpkin_seeds","color": "gray"},{"text": "\n- x1 ","color": "gray"},{"translate": "stardust_fragment","color": "gray"}]}},
				{"text": "2##","hover_event": {"action": "show_text","value": [{"text": ""},[{"text": "","font": "stardust:manual","color": "white"},"\"F\n","\"",{"text": "$鄖"},{"text": "$鄖"},{"text": "$鄖"},"\n","\"",{"text": "U$"},{"text": "U$"},{"text": "U$"},"\n","\"",{"text": "$鄖"},{"text": "$耡"},{"text": "$鄖"},"\"\"",{"text": "$$脳"},"\n","\"",{"text": "U$"},{"text": "U$"},{"text": "U$"},"\"\"",{"text": "U$"},"\n","\"",{"text": "$鄖"},{"text": "$鄖"},{"text": "$鄖"},"\n","\"",{"text": "U$"},{"text": "U$"},{"text": "U$"},"\n"],{"text": "\n- x8 ","color": "gray"},{"translate": "stardust.melon_seeds","color": "gray"},{"text": "\n- x1 ","color": "gray"},{"translate": "stardust_fragment","color": "gray"}]}},
				{"text": "2##","hover_event": {"action": "show_text","value": [{"text": ""},[{"text": "","font": "stardust:manual","color": "white"},"\"F\n","\"",{"text": "$鄙"},{"text": "$鄙"},{"text": "$鄙"},"\n","\"",{"text": "U$"},{"text": "U$"},{"text": "U$"},"\n","\"",{"text": "$鄙"},{"text": "$耡"},{"text": "$鄙"},"\"\"",{"text": "$$脳"},"\n","\"",{"text": "U$"},{"text": "U$"},{"text": "U$"},"\"\"",{"text": "U$"},"\n","\"",{"text": "$鄙"},{"text": "$鄙"},{"text": "$鄙"},"\n","\"",{"text": "U$"},{"text": "U$"},{"text": "U$"},"\n"],{"text": "\n- x8 ","color": "gray"},{"translate": "stardust.beetroot_seeds","color": "gray"},{"text": "\n- x1 ","color": "gray"},{"translate": "stardust_fragment","color": "gray"}]}},
				{"text": "鄽\n","hover_event": {"action": "show_text","value": [{"text": ""},[{"text": "","font": "stardust:manual","color": "white"},"\"F\n","\"",{"text": "$耡"},{"text": "$耡"},{"text": "$耡"},"\n","\"",{"text": "U$"},{"text": "U$"},{"text": "U$"},"\n","\"",{"text": "$耡"},{"text": "$脳"},{"text": "$耡"},"\"\"",{"text": "$$脵"},"\n","\"",{"text": "U$"},{"text": "U$"},{"text": "U$"},"\"\"",{"text": "U$"},"\n","\"",{"text": "$耡"},{"text": "$耡"},{"text": "$耡"},"\n","\"",{"text": "U$"},{"text": "U$"},{"text": "U$"},"\n"],{"text": "\n- x8 ","color": "gray"},{"translate": "stardust_fragment","color": "gray"},{"text": "\n- x1 ","color": "gray"},{"translate": "stardust_seed","color": "gray"}]},"click_event": {"action": "show_dialog","dialog": "stardust:manual/page_149"}},
				{"text": "0##","hover_event": {"action": "show_text","value": [{"translate": "stardust.magical_seed_that_grows_stardust_fragments","color": "yellow"},{"translate": "stardust.can_only_be_planted_on_diamond_blocks","color": "gray"},{"translate": "stardust.grows_fully_after_8_minutes","color": "gray"},{"translate": "stardust.yields_3_9_stardust_fragments_when_harvested","color": "gray"},{"translate": "stardust.fortune_effect_applies_50_per_level","color": "gray"}]}},
				{"text": "0##","hover_event": {"action": "show_text","value": [{"text": ""},[{"text": "","font": "stardust:manual","color": "white"},"\"F\n","\"",{"text": "$膂"},{"text": "$膂"},{"text": "$膂"},"\n","\"",{"text": "U$"},{"text": "U$"},{"text": "U$"},"\n","\"",{"text": "$膂"},{"text": "$耡"},{"text": "$膂"},"\"\"",{"text": "$$脳"},"\n","\"",{"text": "U$"},{"text": "U$"},{"text": "U$"},"\"\"",{"text": "U$"},"\n","\"",{"text": "$膂"},{"text": "$膂"},{"text": "$膂"},"\n","\"",{"text": "U$"},{"text": "U$"},{"text": "U$"},"\n"],{"text": "\n- x8 ","color": "gray"},{"translate": "stardust.wheat_seeds","color": "gray"},{"text": "\n- x1 ","color": "gray"},{"translate": "stardust_fragment","color": "gray"}]}},
				{"text": "0##","hover_event": {"action": "show_text","value": [{"text": ""},[{"text": "","font": "stardust:manual","color": "white"},"\"F\n","\"",{"text": "$鄓"},{"text": "$鄓"},{"text": "$鄓"},"\n","\"",{"text": "U$"},{"text": "U$"},{"text": "U$"},"\n","\"",{"text": "$鄓"},{"text": "$耡"},{"text": "$鄓"},"\"\"",{"text": "$$脳"},"\n","\"",{"text": "U$"},{"text": "U$"},{"text": "U$"},"\"\"",{"text": "U$"},"\n","\"",{"text": "$鄓"},{"text": "$鄓"},{"text": "$鄓"},"\n","\"",{"text": "U$"},{"text": "U$"},{"text": "U$"},"\n"],{"text": "\n- x8 ","color": "gray"},{"translate": "stardust.pumpkin_seeds","color": "gray"},{"text": "\n- x1 ","color": "gray"},{"translate": "stardust_fragment","color": "gray"}]}},
				{"text": "0##","hover_event": {"action": "show_text","value": [{"text": ""},[{"text": "","font": "stardust:manual","color": "white"},"\"F\n","\"",{"text": "$鄖"},{"text": "$鄖"},{"text": "$鄖"},"\n","\"",{"text": "U$"},{"text": "U$"},{"text": "U$"},"\n","\"",{"text": "$鄖"},{"text": "$耡"},{"text": "$鄖"},"\"\"",{"text": "$$脳"},"\n","\"",{"text": "U$"},{"text": "U$"},{"text": "U$"},"\"\"",{"text": "U$"},"\n","\"",{"text": "$鄖"},{"text": "$鄖"},{"text": "$鄖"},"\n","\"",{"text": "U$"},{"text": "U$"},{"text": "U$"},"\n"],{"text": "\n- x8 ","color": "gray"},{"translate": "stardust.melon_seeds","color": "gray"},{"text": "\n- x1 ","color": "gray"},{"translate": "stardust_fragment","color": "gray"}]}},
				{"text": "0##","hover_event": {"action": "show_text","value": [{"text": ""},[{"text": "","font": "stardust:manual","color": "white"},"\"F\n","\"",{"text": "$鄙"},{"text": "$鄙"},{"text": "$鄙"},"\n","\"",{"text": "U$"},{"text": "U$"},{"text": "U$"},"\n","\"",{"text": "$鄙"},{"text": "$耡"},{"text": "$鄙"},"\"\"",{"text": "$$脳"},"\n","\"",{"text": "U$"},{"text": "U$"},{"text": "U$"},"\"\"",{"text": "U$"},"\n","\"",{"text": "$鄙"},{"text": "$鄙"},{"text": "$鄙"},"\n","\"",{"text": "U$"},{"text": "U$"},{"text": "U$"},"\n"],{"text": "\n- x8 ","color": "gray"},{"translate": "stardust.beetroot_seeds","color": "gray"},{"text": "\n- x1 ","color": "gray"},{"translate": "stardust_fragment","color": "gray"}]}},
				{"text": "0","hover_event": {"action": "show_text","value": [{"text": ""},[{"text": "","font": "stardust:manual","color": "white"},"\"F\n","\"",{"text": "$耡"},{"text": "$耡"},{"text": "$耡"},"\n","\"",{"text": "U$"},{"text": "U$"},{"text": "U$"},"\n","\"",{"text": "$耡"},{"text": "$脳"},{"text": "$耡"},"\"\"",{"text": "$$脵"},"\n","\"",{"text": "U$"},{"text": "U$"},{"text": "U$"},"\"\"",{"text": "U$"},"\n","\"",{"text": "$耡"},{"text": "$耡"},{"text": "$耡"},"\n","\"",{"text": "U$"},{"text": "U$"},{"text": "U$"},"\n"],{"text": "\n- x8 ","color": "gray"},{"translate": "stardust_fragment","color": "gray"},{"text": "\n- x1 ","color": "gray"},{"translate": "stardust_seed","color": "gray"}]},"click_event": {"action": "show_dialog","dialog": "stardust:manual/page_149"}},
				"\n\n\n\n\n\n\n\n\n\n\n\n\n\n\n\n"
			],
			"width": 140
		}
	]
}
