{
	"type": "minecraft:notice",
	"title": {
		"translate": "stardust.cobblestone_miner_lv2",
		"underlined": true
	},
	"body": [
		{
			"type": "minecraft:plain_message",
			"contents": [
				{"text": "V   ","font": "stardust:manual","color": "white"},
				{"text": "\n   ","click_event": {"action": "show_dialog","dialog": "stardust:manual/page_153"},"hover_event": {"action": "show_text","value": [{"translate": "stardust.go_to_previous_page"}," (153)"]}},
				" ",
				{"text": "   ","click_event": {"action": "show_dialog","dialog": "stardust:manual/page_155"},"hover_event": {"action": "show_text","value": [{"translate": "stardust.go_to_next_page"}," (155)"]}},
				{"text": "\n   ","click_event": {"action": "show_dialog","dialog": "stardust:manual/page_153"},"hover_event": {"action": "show_text","value": [{"translate": "stardust.go_to_previous_page"}," (153)"]}},
				" ",
				{"text": "   ","click_event": {"action": "show_dialog","dialog": "stardust:manual/page_155"},"hover_event": {"action": "show_text","value": [{"translate": "stardust.go_to_next_page"}," (155)"]}}
			],
			"width": 400
		},
		{
			"type": "minecraft:plain_message",
			"contents": [
				{"text": "","font": "stardust:manual","color": "white","shadow_color": [0,0,0,0]},
				"\"$6\n\"",
				{"text": "$蔋$蔋$蔋","hover_event": {"action": "show_item","id": "minecraft:flint","components": {}}},
				"  \n\"",
				{"translate": "stardust.uuu","hover_event": {"action": "show_item","id": "minecraft:flint","components": {}}},
				"  \n\"",
				{"text": "$蔌","hover_event": {"action": "show_item","id": "minecraft:stone_pickaxe","components": {}}},
				{"text": "$脿","hover_event": {"action": "show_item","id": "furnace","components": {"item_name": {"translate": "stardust.cobblestone_miner_lv_1"},"rarity": "rare","lore": [{"translate": "stardust.only_mines_cobblestone_directly_below","color": "white","italic": false},{"translate": "stardust.x9_per_minute","color": "gray","italic": false},["",{"text": "I","color": "white","italic": false,"font": "stardust:icons"},{"translate": "stardustfragment","italic": true,"color": "blue"}]],"item_model": "stardust:cobblestone_miner_lv1","custom_data": {"stardust": {"cobblestone_miner_lv1": true},"smithed": {"ignore": {"functionality": true,"crafting": true}}},"container": [{"slot": 0,"item": {"id": "minecraft:stone","count": 1,"components": {"minecraft:custom_data": {"smithed": {"block": {"id": "stardust:cobblestone_miner_lv1","from": "stardust"}}}}}}],"tooltip_display": {"hidden_components": ["minecraft:container"]}}},"click_event": {"action": "show_dialog","dialog": "stardust:manual/page_153"}},
				{"text": "$蔌","hover_event": {"action": "show_item","id": "minecraft:stone_pickaxe","components": {}}},
				"\"\"",
				{"text": "$$腁","hover_event": {"action": "show_item","id": "furnace","components": {"item_name": {"translate": "stardust.cobblestone_miner_lv_2"},"rarity": "rare","lore": [{"translate": "stardust.only_mines_cobblestone_directly_below","color": "white","italic": false},{"translate": "stardust.x45_per_minute","color": "gray","italic": false},["",{"text": "I","color": "white","italic": false,"font": "stardust:icons"},{"translate": "stardustfragment","italic": true,"color": "blue"}]],"item_model": "stardust:cobblestone_miner_lv2","custom_data": {"stardust": {"cobblestone_miner_lv2": true},"smithed": {"ignore": {"functionality": true,"crafting": true}}},"container": [{"slot": 0,"item": {"id": "minecraft:stone","count": 1,"components": {"minecraft:custom_data": {"smithed": {"block": {"id": "stardust:cobblestone_miner_lv2","from": "stardust"}}}}}}],"tooltip_display": {"hidden_components": ["minecraft:container"]}}}},
				"#$\n\"",
				{"text": "U$","hover_event": {"action": "show_item","id": "minecraft:stone_pickaxe","components": {}}},
				{"text": "U$","hover_event": {"action": "show_item","id": "furnace","components": {"item_name": {"translate": "stardust.cobblestone_miner_lv_1"},"rarity": "rare","lore": [{"translate": "stardust.only_mines_cobblestone_directly_below","color": "white","italic": false},{"translate": "stardust.x9_per_minute","color": "gray","italic": false},["",{"text": "I","color": "white","italic": false,"font": "stardust:icons"},{"translate": "stardustfragment","italic": true,"color": "blue"}]],"item_model": "stardust:cobblestone_miner_lv1","custom_data": {"stardust": {"cobblestone_miner_lv1": true},"smithed": {"ignore": {"functionality": true,"crafting": true}}},"container": [{"slot": 0,"item": {"id": "minecraft:stone","count": 1,"components": {"minecraft:custom_data": {"smithed": {"block": {"id": "stardust:cobblestone_miner_lv1","from": "stardust"}}}}}}],"tooltip_display": {"hidden_components": ["minecraft:container"]}}},"click_event": {"action": "show_dialog","dialog": "stardust:manual/page_153"}},
				{"text": "U$","hover_event": {"action": "show_item","id": "minecraft:stone_pickaxe","components": {}}},
				"\"\"",
				{"text": "U$","hover_event": {"action": "show_item","id": "furnace","components": {"item_name": {"translate": "stardust.cobblestone_miner_lv_2"},"rarity": "rare","lore": [{"translate": "stardust.only_mines_cobblestone_directly_below","color": "white","italic": false},{"translate": "stardust.x45_per_minute","color": "gray","italic": false},["",{"text": "I","color": "white","italic": false,"font": "stardust:icons"},{"translate": "stardustfragment","italic": true,"color": "blue"}]],"item_model": "stardust:cobblestone_miner_lv2","custom_data": {"stardust": {"cobblestone_miner_lv2": true},"smithed": {"ignore": {"functionality": true,"crafting": true}}},"container": [{"slot": 0,"item": {"id": "minecraft:stone","count": 1,"components": {"minecraft:custom_data": {"smithed": {"block": {"id": "stardust:cobblestone_miner_lv2","from": "stardust"}}}}}}],"tooltip_display": {"hidden_components": ["minecraft:container"]}}}},
				"#$\n\"",
				{"text": "$聕$聕$聕","hover_event": {"action": "show_item","id": "furnace","components": {"lore": [{"translate": "stardust.equivalent_to_9_cobblestones","color": "gray","italic": false},["",{"text": "I","color": "white","italic": false,"font": "stardust:icons"},{"translate": "stardustfragment","italic": true,"color": "blue"}]],"item_model": "stardust:compressed_cobblestone","item_name": {"translate": "stardust.compressed_cobblestone"},"custom_data": {"stardust": {"compressed_cobblestone": true},"smithed": {"ignore": {"functionality": true,"crafting": true}}},"container": [{"slot": 0,"item": {"id": "minecraft:stone","count": 1,"components": {"minecraft:custom_data": {"smithed": {"block": {"id": "stardust:compressed_cobblestone","from": "stardust"}}}}}}],"tooltip_display": {"hidden_components": ["minecraft:container"]}}},"click_event": {"action": "show_dialog","dialog": "stardust:manual/page_36"}},
				"  \n\"",
				{"translate": "stardust.uuu","hover_event": {"action": "show_item","id": "furnace","components": {"lore": [{"translate": "stardust.equivalent_to_9_cobblestones","color": "gray","italic": false},["",{"text": "I","color": "white","italic": false,"font": "stardust:icons"},{"translate": "stardustfragment","italic": true,"color": "blue"}]],"item_model": "stardust:compressed_cobblestone","item_name": {"translate": "stardust.compressed_cobblestone"},"custom_data": {"stardust": {"compressed_cobblestone": true},"smithed": {"ignore": {"functionality": true,"crafting": true}}},"container": [{"slot": 0,"item": {"id": "minecraft:stone","count": 1,"components": {"minecraft:custom_data": {"smithed": {"block": {"id": "stardust:compressed_cobblestone","from": "stardust"}}}}}}],"tooltip_display": {"hidden_components": ["minecraft:container"]}}},"click_event": {"action": "show_dialog","dialog": "stardust:manual/page_36"}},
				"  \n\n",
				{"text": "1##","hover_event": {"action": "show_text","value": [{"translate": "stardust.cobblestone_miner_lv_2","color": "yellow"},{"translate": "stardust.every_minute_it_will_break_the_cobblestone_directly_below_it","color": "gray"},{"translate": "stardust.production_rate_is_36_cobblestone_per_minute","color": "gray"},{"translate": "stardust.no_energy_required","color": "gray"}]}},
				{"text": "2##","hover_event": {"action": "show_text","value": [{"text": ""},[{"text": "","font": "stardust:manual","color": "white"},"\"F\n","\"",{"text": "$蔋"},{"text": "$蔋"},{"text": "$蔋"},"\n","\"",{"text": "U$"},{"text": "U$"},{"text": "U$"},"\n","\"",{"text": "$蔌"},{"text": "$脿"},{"text": "$蔌"},"\"\"",{"text": "$$腁"},"\n","\"",{"text": "U$"},{"text": "U$"},{"text": "U$"},"\"\"",{"text": "U$"},"\n","\"",{"text": "$聕"},{"text": "$聕"},{"text": "$聕"},"\n","\"",{"text": "U$"},{"text": "U$"},{"text": "U$"},"\n"],{"text": "\n- x3 ","color": "gray"},{"translate": "stardust.flint","color": "gray"},{"text": "\n- x2 ","color": "gray"},{"translate": "stardust.stone_pickaxe","color": "gray"},{"text": "\n- x1 ","color": "gray"},{"translate": "stardust.cobblestone_miner_lv1","color": "gray"},{"text": "\n- x3 ","color": "gray"},{"translate": "stardust.compressed_cobblestone","color": "gray"}]}},
				{"text": "諊\n","hover_event": {"action": "show_text","value": [{"text": ""},[{"text": "","font": "stardust:manual","color": "white"},"\"F\n","\"",{"text": "$蔝"},{"text": "$蔝"},{"text": "$蔝"},"\n","\"",{"text": "U$"},{"text": "U$"},{"text": "U$"},"\n","\"",{"text": "$蔞"},{"text": "$腁"},{"text": "$蔞"},"\"\"",{"text": "$$腃"},"\n","\"",{"text": "U$"},{"text": "U$"},{"text": "U$"},"\"\"",{"text": "U$"},"\n","\"",{"text": "$聗"},{"text": "$聗"},{"text": "$聗"},"\n","\"",{"text": "U$"},{"text": "U$"},{"text": "U$"},"\n"],{"text": "\n- x3 ","color": "gray"},{"translate": "stardust.copper_block","color": "gray"},{"text": "\n- x2 ","color": "gray"},{"translate": "stardust.copper_pickaxe","color": "gray"},{"text": "\n- x1 ","color": "gray"},{"translate": "stardust.cobblestone_miner_lv2","color": "gray"},{"text": "\n- x3 ","color": "gray"},{"translate": "stardust.double_compressed_cobblestone","color": "gray"}]},"click_event": {"action": "show_dialog","dialog": "stardust:manual/page_155"}},
				{"text": "0##","hover_event": {"action": "show_text","value": [{"translate": "stardust.cobblestone_miner_lv_2","color": "yellow"},{"translate": "stardust.every_minute_it_will_break_the_cobblestone_directly_below_it","color": "gray"},{"translate": "stardust.production_rate_is_36_cobblestone_per_minute","color": "gray"},{"translate": "stardust.no_energy_required","color": "gray"}]}},
				{"text": "0##","hover_event": {"action": "show_text","value": [{"text": ""},[{"text": "","font": "stardust:manual","color": "white"},"\"F\n","\"",{"text": "$蔋"},{"text": "$蔋"},{"text": "$蔋"},"\n","\"",{"text": "U$"},{"text": "U$"},{"text": "U$"},"\n","\"",{"text": "$蔌"},{"text": "$脿"},{"text": "$蔌"},"\"\"",{"text": "$$腁"},"\n","\"",{"text": "U$"},{"text": "U$"},{"text": "U$"},"\"\"",{"text": "U$"},"\n","\"",{"text": "$聕"},{"text": "$聕"},{"text": "$聕"},"\n","\"",{"text": "U$"},{"text": "U$"},{"text": "U$"},"\n"],{"text": "\n- x3 ","color": "gray"},{"translate": "stardust.flint","color": "gray"},{"text": "\n- x2 ","color": "gray"},{"translate": "stardust.stone_pickaxe","color": "gray"},{"text": "\n- x1 ","color": "gray"},{"translate": "stardust.cobblestone_miner_lv1","color": "gray"},{"text": "\n- x3 ","color": "gray"},{"translate": "stardust.compressed_cobblestone","color": "gray"}]}},
				{"text": "0","hover_event": {"action": "show_text","value": [{"text": ""},[{"text": "","font": "stardust:manual","color": "white"},"\"F\n","\"",{"text": "$蔝"},{"text": "$蔝"},{"text": "$蔝"},"\n","\"",{"text": "U$"},{"text": "U$"},{"text": "U$"},"\n","\"",{"text": "$蔞"},{"text": "$腁"},{"text": "$蔞"},"\"\"",{"text": "$$腃"},"\n","\"",{"text": "U$"},{"text": "U$"},{"text": "U$"},"\"\"",{"text": "U$"},"\n","\"",{"text": "$聗"},{"text": "$聗"},{"text": "$聗"},"\n","\"",{"text": "U$"},{"text": "U$"},{"text": "U$"},"\n"],{"text": "\n- x3 ","color": "gray"},{"translate": "stardust.copper_block","color": "gray"},{"text": "\n- x2 ","color": "gray"},{"translate": "stardust.copper_pickaxe","color": "gray"},{"text": "\n- x1 ","color": "gray"},{"translate": "stardust.cobblestone_miner_lv2","color": "gray"},{"text": "\n- x3 ","color": "gray"},{"translate": "stardust.double_compressed_cobblestone","color": "gray"}]},"click_event": {"action": "show_dialog","dialog": "stardust:manual/page_155"}},
				"\n\n\n\n\n\n\n\n\n\n\n\n\n\n\n\n"
			],
			"width": 140
		}
	]
}
