{
	"type": "minecraft:notice",
	"title": {
		"translate": "stardust.awakened_stardust_battery",
		"underlined": true
	},
	"body": [
		{
			"type": "minecraft:plain_message",
			"contents": [
				{"text": "V   ","font": "stardust:manual","color": "white"},
				{"text": "\n   ","click_event": {"action": "show_dialog","dialog": "stardust:manual/page_60"},"hover_event": {"action": "show_text","value": [{"translate": "stardust.go_to_previous_page"}," (60)"]}},
				" ",
				{"text": "   ","click_event": {"action": "show_dialog","dialog": "stardust:manual/page_62"},"hover_event": {"action": "show_text","value": [{"translate": "stardust.go_to_next_page"}," (62)"]}},
				{"text": "\n   ","click_event": {"action": "show_dialog","dialog": "stardust:manual/page_60"},"hover_event": {"action": "show_text","value": [{"translate": "stardust.go_to_previous_page"}," (60)"]}},
				" ",
				{"text": "   ","click_event": {"action": "show_dialog","dialog": "stardust:manual/page_62"},"hover_event": {"action": "show_text","value": [{"translate": "stardust.go_to_next_page"}," (62)"]}}
			],
			"width": 400
		},
		{
			"type": "minecraft:plain_message",
			"contents": [
				{"text": "","font": "stardust:manual","color": "white","shadow_color": [0,0,0,0]},
				"\"$6\n\"",
				{"text": "$荥$荥$荥","hover_event": {"action": "show_item","id": "minecraft:redstone_block","components": {}}},
				"  \n\"",
				{"translate": "stardust.uuu","hover_event": {"action": "show_item","id": "minecraft:redstone_block","components": {}}},
				"  \n\"",
				{"text": "$耵","hover_event": {"action": "show_item","id": "command_block","components": {"custom_data": {"smithed": {"dict": {"awakened_stardust": {"awakened_stardust": true}},"ignore": {"functionality": true,"crafting": true}},"stardust": {"awakened_stardust": true}},"item_model": "stardust:awakened_stardust","item_name": {"translate": "stardust.awakened_stardust"},"lore": [["",{"text": "I","color": "white","italic": false,"font": "stardust:icons"},{"translate": "stardustfragment","italic": true,"color": "blue"}]]}},"click_event": {"action": "show_dialog","dialog": "stardust:manual/page_22"}},
				{"text": "$肁","hover_event": {"action": "show_item","id": "furnace","components": {"custom_data": {"energy": {"storage": 0,"max_storage": 200000},"stardust": {"stardust_battery": true},"smithed": {"ignore": {"functionality": true,"crafting": true}}},"lore": [{"translate": "stardust.energy_storage_200_mj","italic": false,"color": "gray"},["",{"text": "I","color": "white","italic": false,"font": "stardust:icons"},{"translate": "stardustfragment","italic": true,"color": "blue"}]],"item_model": "stardust:stardust_battery","item_name": {"translate": "stardust_battery"},"container": [{"slot": 0,"item": {"id": "minecraft:stone","count": 1,"components": {"minecraft:custom_data": {"smithed": {"block": {"id": "stardust:stardust_battery","from": "stardust"}}}}}}],"tooltip_display": {"hidden_components": ["minecraft:container"]}}},"click_event": {"action": "show_dialog","dialog": "stardust:manual/page_60"}},
				{"text": "$耵","hover_event": {"action": "show_item","id": "command_block","components": {"custom_data": {"smithed": {"dict": {"awakened_stardust": {"awakened_stardust": true}},"ignore": {"functionality": true,"crafting": true}},"stardust": {"awakened_stardust": true}},"item_model": "stardust:awakened_stardust","item_name": {"translate": "stardust.awakened_stardust"},"lore": [["",{"text": "I","color": "white","italic": false,"font": "stardust:icons"},{"translate": "stardustfragment","italic": true,"color": "blue"}]]}},"click_event": {"action": "show_dialog","dialog": "stardust:manual/page_22"}},
				"\"\"",
				{"text": "$$肃","hover_event": {"action": "show_item","id": "furnace","components": {"custom_data": {"energy": {"storage": 0,"max_storage": 500000},"stardust": {"awakened_stardust_battery": true},"smithed": {"ignore": {"functionality": true,"crafting": true}}},"lore": [{"translate": "stardust.energy_storage_500_mj","italic": false,"color": "gray"},["",{"text": "I","color": "white","italic": false,"font": "stardust:icons"},{"translate": "stardustfragment","italic": true,"color": "blue"}]],"item_model": "stardust:awakened_stardust_battery","item_name": {"translate": "stardust.awakened_stardust_battery"},"container": [{"slot": 0,"item": {"id": "minecraft:stone","count": 1,"components": {"minecraft:custom_data": {"smithed": {"block": {"id": "stardust:awakened_stardust_battery","from": "stardust"}}}}}}],"tooltip_display": {"hidden_components": ["minecraft:container"]}}}},
				"#$\n\"",
				{"text": "U$","hover_event": {"action": "show_item","id": "command_block","components": {"custom_data": {"smithed": {"dict": {"awakened_stardust": {"awakened_stardust": true}},"ignore": {"functionality": true,"crafting": true}},"stardust": {"awakened_stardust": true}},"item_model": "stardust:awakened_stardust","item_name": {"translate": "stardust.awakened_stardust"},"lore": [["",{"text": "I","color": "white","italic": false,"font": "stardust:icons"},{"translate": "stardustfragment","italic": true,"color": "blue"}]]}},"click_event": {"action": "show_dialog","dialog": "stardust:manual/page_22"}},
				{"text": "U$","hover_event": {"action": "show_item","id": "furnace","components": {"custom_data": {"energy": {"storage": 0,"max_storage": 200000},"stardust": {"stardust_battery": true},"smithed": {"ignore": {"functionality": true,"crafting": true}}},"lore": [{"translate": "stardust.energy_storage_200_mj","italic": false,"color": "gray"},["",{"text": "I","color": "white","italic": false,"font": "stardust:icons"},{"translate": "stardustfragment","italic": true,"color": "blue"}]],"item_model": "stardust:stardust_battery","item_name": {"translate": "stardust_battery"},"container": [{"slot": 0,"item": {"id": "minecraft:stone","count": 1,"components": {"minecraft:custom_data": {"smithed": {"block": {"id": "stardust:stardust_battery","from": "stardust"}}}}}}],"tooltip_display": {"hidden_components": ["minecraft:container"]}}},"click_event": {"action": "show_dialog","dialog": "stardust:manual/page_60"}},
				{"text": "U$","hover_event": {"action": "show_item","id": "command_block","components": {"custom_data": {"smithed": {"dict": {"awakened_stardust": {"awakened_stardust": true}},"ignore": {"functionality": true,"crafting": true}},"stardust": {"awakened_stardust": true}},"item_model": "stardust:awakened_stardust","item_name": {"translate": "stardust.awakened_stardust"},"lore": [["",{"text": "I","color": "white","italic": false,"font": "stardust:icons"},{"translate": "stardustfragment","italic": true,"color": "blue"}]]}},"click_event": {"action": "show_dialog","dialog": "stardust:manual/page_22"}},
				"\"\"",
				{"text": "U$","hover_event": {"action": "show_item","id": "furnace","components": {"custom_data": {"energy": {"storage": 0,"max_storage": 500000},"stardust": {"awakened_stardust_battery": true},"smithed": {"ignore": {"functionality": true,"crafting": true}}},"lore": [{"translate": "stardust.energy_storage_500_mj","italic": false,"color": "gray"},["",{"text": "I","color": "white","italic": false,"font": "stardust:icons"},{"translate": "stardustfragment","italic": true,"color": "blue"}]],"item_model": "stardust:awakened_stardust_battery","item_name": {"translate": "stardust.awakened_stardust_battery"},"container": [{"slot": 0,"item": {"id": "minecraft:stone","count": 1,"components": {"minecraft:custom_data": {"smithed": {"block": {"id": "stardust:awakened_stardust_battery","from": "stardust"}}}}}}],"tooltip_display": {"hidden_components": ["minecraft:container"]}}}},
				"#$\n\"",
				{"text": "$耷$耷$耷","hover_event": {"action": "show_item","id": "furnace","components": {"custom_data": {"smithed": {"dict": {"block": {"awakened_stardust": true}},"ignore": {"functionality": true,"crafting": true}},"stardust": {"awakened_stardust_block": true}},"item_model": "stardust:awakened_stardust_block","item_name": {"translate": "stardust.awakened_stardust_block"},"lore": [["",{"text": "I","color": "white","italic": false,"font": "stardust:icons"},{"translate": "stardustfragment","italic": true,"color": "blue"}]],"container": [{"slot": 0,"item": {"id": "minecraft:stone","count": 1,"components": {"minecraft:custom_data": {"smithed": {"block": {"id": "stardust:awakened_stardust_block","from": "stardust"}}}}}}],"tooltip_display": {"hidden_components": ["minecraft:container"]}}},"click_event": {"action": "show_dialog","dialog": "stardust:manual/page_23"}},
				"  \n\"",
				{"translate": "stardust.uuu","hover_event": {"action": "show_item","id": "furnace","components": {"custom_data": {"smithed": {"dict": {"block": {"awakened_stardust": true}},"ignore": {"functionality": true,"crafting": true}},"stardust": {"awakened_stardust_block": true}},"item_model": "stardust:awakened_stardust_block","item_name": {"translate": "stardust.awakened_stardust_block"},"lore": [["",{"text": "I","color": "white","italic": false,"font": "stardust:icons"},{"translate": "stardustfragment","italic": true,"color": "blue"}]],"container": [{"slot": 0,"item": {"id": "minecraft:stone","count": 1,"components": {"minecraft:custom_data": {"smithed": {"block": {"id": "stardust:awakened_stardust_block","from": "stardust"}}}}}}],"tooltip_display": {"hidden_components": ["minecraft:container"]}}},"click_event": {"action": "show_dialog","dialog": "stardust:manual/page_23"}},
				"  \n\n",
				{"text": "1##","hover_event": {"action": "show_text","value": [{"translate": "stardust.enhanced_energy_storage_with_awakened_stardust","color": "yellow"},{"translate": "stardust.stores_up_to_500_mj_of_energy","color": "gray"}]}},
				{"text": "2##","hover_event": {"action": "show_text","value": [{"text": ""},[{"text": "","font": "stardust:manual","color": "white"},"\"F\n","\"",{"text": "$荥"},{"text": "$荥"},{"text": "$荥"},"\n","\"",{"text": "U$"},{"text": "U$"},{"text": "U$"},"\n","\"",{"text": "$耵"},{"text": "$肁"},{"text": "$耵"},"\"\"",{"text": "$$肃"},"\n","\"",{"text": "U$"},{"text": "U$"},{"text": "U$"},"\"\"",{"text": "U$"},"\n","\"",{"text": "$耷"},{"text": "$耷"},{"text": "$耷"},"\n","\"",{"text": "U$"},{"text": "U$"},{"text": "U$"},"\n"],{"text": "\n- x3 ","color": "gray"},{"translate": "stardust.redstone_block","color": "gray"},{"text": "\n- x2 ","color": "gray"},{"translate": "stardust.awakened_stardust","color": "gray"},{"text": "\n- x1 ","color": "gray"},{"translate": "stardust_battery","color": "gray"},{"text": "\n- x3 ","color": "gray"},{"translate": "stardust.awakened_stardust_block","color": "gray"}]}},
				{"text": "2##","hover_event": {"action": "show_text","value": [{"text": ""},[{"text": "","font": "stardust:manual","color": "white"},"\"F\n","\"",{"text": "$耷"},{"text": "$耷"},{"text": "$耷"},"\n","\"",{"text": "U$"},{"text": "U$"},{"text": "U$"},"\n","\"",{"text": "$耵"},{"text": "$肁"},{"text": "$耵"},"\"\"",{"text": "$$肃"},"\n","\"",{"text": "U$"},{"text": "U$"},{"text": "U$"},"\"\"",{"text": "U$"},"\n","\"",{"text": "$荥"},{"text": "$荥"},{"text": "$荥"},"\n","\"",{"text": "U$"},{"text": "U$"},{"text": "U$"},"\n"],{"text": "\n- x3 ","color": "gray"},{"translate": "stardust.redstone_block","color": "gray"},{"text": "\n- x2 ","color": "gray"},{"translate": "stardust.awakened_stardust","color": "gray"},{"text": "\n- x1 ","color": "gray"},{"translate": "stardust_battery","color": "gray"},{"text": "\n- x3 ","color": "gray"},{"translate": "stardust.awakened_stardust_block","color": "gray"}]}},
				{"text": "讄\n","hover_event": {"action": "show_text","value": [{"text": ""},[{"text": "","font": "stardust:manual","color": "white"},"\"F\n","\"",{"text": "$聑"},{"text": "$聑"},{"text": "$聑"},"\n","\"",{"text": "U$"},{"text": "U$"},{"text": "U$"},"\n","\"",{"text": "$聩"},{"text": "$肃"},{"text": "$聩"},"\"\"",{"text": "$$肅"},"\n","\"",{"text": "U$"},{"text": "U$"},{"text": "U$"},"\"\"",{"text": "U$"},"\n","\"",{"text": "$耧"},{"text": "$耧"},{"text": "$耧"},"\n","\"",{"text": "U$"},{"text": "U$"},{"text": "U$"},"\n"],{"text": "\n- x3 ","color": "gray"},{"translate": "stardust.ultimate_shard","color": "gray"},{"text": "\n- x2 ","color": "gray"},{"translate": "stardust.ultimate_frame","color": "gray"},{"text": "\n- x1 ","color": "gray"},{"translate": "stardust.awakened_stardust_battery","color": "gray"},{"text": "\n- x3 ","color": "gray"},{"translate": "stardust_core","color": "gray"}]},"click_event": {"action": "show_dialog","dialog": "stardust:manual/page_62"}},
				{"text": "0##","hover_event": {"action": "show_text","value": [{"translate": "stardust.enhanced_energy_storage_with_awakened_stardust","color": "yellow"},{"translate": "stardust.stores_up_to_500_mj_of_energy","color": "gray"}]}},
				{"text": "0##","hover_event": {"action": "show_text","value": [{"text": ""},[{"text": "","font": "stardust:manual","color": "white"},"\"F\n","\"",{"text": "$荥"},{"text": "$荥"},{"text": "$荥"},"\n","\"",{"text": "U$"},{"text": "U$"},{"text": "U$"},"\n","\"",{"text": "$耵"},{"text": "$肁"},{"text": "$耵"},"\"\"",{"text": "$$肃"},"\n","\"",{"text": "U$"},{"text": "U$"},{"text": "U$"},"\"\"",{"text": "U$"},"\n","\"",{"text": "$耷"},{"text": "$耷"},{"text": "$耷"},"\n","\"",{"text": "U$"},{"text": "U$"},{"text": "U$"},"\n"],{"text": "\n- x3 ","color": "gray"},{"translate": "stardust.redstone_block","color": "gray"},{"text": "\n- x2 ","color": "gray"},{"translate": "stardust.awakened_stardust","color": "gray"},{"text": "\n- x1 ","color": "gray"},{"translate": "stardust_battery","color": "gray"},{"text": "\n- x3 ","color": "gray"},{"translate": "stardust.awakened_stardust_block","color": "gray"}]}},
				{"text": "0##","hover_event": {"action": "show_text","value": [{"text": ""},[{"text": "","font": "stardust:manual","color": "white"},"\"F\n","\"",{"text": "$耷"},{"text": "$耷"},{"text": "$耷"},"\n","\"",{"text": "U$"},{"text": "U$"},{"text": "U$"},"\n","\"",{"text": "$耵"},{"text": "$肁"},{"text": "$耵"},"\"\"",{"text": "$$肃"},"\n","\"",{"text": "U$"},{"text": "U$"},{"text": "U$"},"\"\"",{"text": "U$"},"\n","\"",{"text": "$荥"},{"text": "$荥"},{"text": "$荥"},"\n","\"",{"text": "U$"},{"text": "U$"},{"text": "U$"},"\n"],{"text": "\n- x3 ","color": "gray"},{"translate": "stardust.redstone_block","color": "gray"},{"text": "\n- x2 ","color": "gray"},{"translate": "stardust.awakened_stardust","color": "gray"},{"text": "\n- x1 ","color": "gray"},{"translate": "stardust_battery","color": "gray"},{"text": "\n- x3 ","color": "gray"},{"translate": "stardust.awakened_stardust_block","color": "gray"}]}},
				{"text": "0","hover_event": {"action": "show_text","value": [{"text": ""},[{"text": "","font": "stardust:manual","color": "white"},"\"F\n","\"",{"text": "$聑"},{"text": "$聑"},{"text": "$聑"},"\n","\"",{"text": "U$"},{"text": "U$"},{"text": "U$"},"\n","\"",{"text": "$聩"},{"text": "$肃"},{"text": "$聩"},"\"\"",{"text": "$$肅"},"\n","\"",{"text": "U$"},{"text": "U$"},{"text": "U$"},"\"\"",{"text": "U$"},"\n","\"",{"text": "$耧"},{"text": "$耧"},{"text": "$耧"},"\n","\"",{"text": "U$"},{"text": "U$"},{"text": "U$"},"\n"],{"text": "\n- x3 ","color": "gray"},{"translate": "stardust.ultimate_shard","color": "gray"},{"text": "\n- x2 ","color": "gray"},{"translate": "stardust.ultimate_frame","color": "gray"},{"text": "\n- x1 ","color": "gray"},{"translate": "stardust.awakened_stardust_battery","color": "gray"},{"text": "\n- x3 ","color": "gray"},{"translate": "stardust_core","color": "gray"}]},"click_event": {"action": "show_dialog","dialog": "stardust:manual/page_62"}},
				"\n\n\n\n\n\n\n\n\n\n\n\n\n\n\n\n"
			],
			"width": 140
		}
	]
}
