{
	"type": "minecraft:notice",
	"title": [
		{
			"sprite": "stardust:item/legendarium_fragment",
			"shadow_color": [
				0,
				0,
				0,
				0
			]
		},
		" ",
		{
			"translate": "stardust.legendarium_fragment",
			"underlined": true
		},
		" ",
		{
			"sprite": "stardust:item/legendarium_fragment"
		}
	],
	"body": [
		{
			"type": "minecraft:plain_message",
			"contents": [
				{"text": "V   ","font": "stardust:manual","color": "white"},
				{"text": "\n   ","click_event": {"action": "show_dialog","dialog": "stardust:manual/page_23"},"hover_event": {"action": "show_text","value": [{"translate": "stardust.go_to_previous_page"}," (23)"]}},
				" ",
				{"text": "   ","click_event": {"action": "show_dialog","dialog": "stardust:manual/page_25"},"hover_event": {"action": "show_text","value": [{"translate": "stardust.go_to_next_page"}," (25)"]}},
				{"text": "\n   ","click_event": {"action": "show_dialog","dialog": "stardust:manual/page_23"},"hover_event": {"action": "show_text","value": [{"translate": "stardust.go_to_previous_page"}," (23)"]}},
				" ",
				{"text": "   ","click_event": {"action": "show_dialog","dialog": "stardust:manual/page_25"},"hover_event": {"action": "show_text","value": [{"translate": "stardust.go_to_next_page"}," (25)"]}}
			],
			"width": 400
		},
		{
			"type": "minecraft:plain_message",
			"contents": [
				{"text": "","font": "stardust:manual","color": "white","shadow_color": [0,0,0,0]},
				"\"$5\n\"",
				{"text": "$耽","hover_event": {"action": "show_item","id": "command_block","components": {"custom_data": {"smithed": {"dict": {"ingot": {"legendarium": true}},"ignore": {"functionality": true,"crafting": true}},"stardust": {"legendarium_ingot": true}},"item_model": "stardust:legendarium_ingot","item_name": {"translate": "stardust.legendarium_ingot"},"lore": [["",{"text": "I","color": "white","italic": false,"font": "stardust:icons"},{"translate": "stardustfragment","italic": true,"color": "blue"}]]}},"click_event": {"action": "show_dialog","dialog": "stardust:manual/page_25"}},
				"U$  \n\"",
				{"text": "U$","hover_event": {"action": "show_item","id": "command_block","components": {"custom_data": {"smithed": {"dict": {"ingot": {"legendarium": true}},"ignore": {"functionality": true,"crafting": true}},"stardust": {"legendarium_ingot": true}},"item_model": "stardust:legendarium_ingot","item_name": {"translate": "stardust.legendarium_ingot"},"lore": [["",{"text": "I","color": "white","italic": false,"font": "stardust:icons"},{"translate": "stardustfragment","italic": true,"color": "blue"}]]}},"click_event": {"action": "show_dialog","dialog": "stardust:manual/page_25"}},
				"U$U$",
				{"text": "$$蒇","hover_event": {"action": "show_item","id": "command_block","components": {"custom_data": {"smithed": {"dict": {"fragment": {"legendarium": true}},"ignore": {"functionality": true,"crafting": true}},"stardust": {"legendarium_fragment": true}},"item_model": "stardust:legendarium_fragment","item_name": {"translate": "stardust.legendarium_fragment"},"lore": [["",{"text": "I","color": "white","italic": false,"font": "stardust:icons"},{"translate": "stardustfragment","italic": true,"color": "blue"}]]}}},
				"#$\n\"U$U$U$",
				{"text": "U$","hover_event": {"action": "show_item","id": "command_block","components": {"custom_data": {"smithed": {"dict": {"fragment": {"legendarium": true}},"ignore": {"functionality": true,"crafting": true}},"stardust": {"legendarium_fragment": true}},"item_model": "stardust:legendarium_fragment","item_name": {"translate": "stardust.legendarium_fragment"},"lore": [["",{"text": "I","color": "white","italic": false,"font": "stardust:icons"},{"translate": "stardustfragment","italic": true,"color": "blue"}]]}}},
				"#$\n\n\n",
				{"text": "1##","hover_event": {"action": "show_text","value": [{"translate": "stardust.legendary_material_fragment_with_wind_power","color": "yellow"},{"translate": "stardust.extremely_rare_and_valuable","color": "gray"},{"translate": "stardust.obtained_through_legendarium_seeds","color": "gray"},{"translate": "stardust.used_for_legendarium_tier_equipment","color": "gray"}]}},
				{"text": "2##","hover_event": {"action": "show_text","value": [{"text": ""},[{"text": "","font": "stardust:manual","color": "white"},"\"E\n","\"",{"text": "$耽"},"\n","\"",{"text": "U$"},"U$U$",{"text": "$$蒇"},"\n\"","U$U$U$",{"text": "U$"},"\n","\n"],{"text": "\n- x1 ","color": "gray"},{"translate": "stardust.legendarium_ingot","color": "gray"}]},"click_event": {"action": "show_dialog","dialog": "stardust:manual/page_25"}},
				{"text": "蒎\n","hover_event": {"action": "show_text","value": [{"text": ""},[{"text": "","font": "stardust:manual","color": "white"},"\"F\n","\"",{"text": "$耻"},{"text": "$耻"},{"text": "$耻"},"\n","\"",{"text": "U$"},{"text": "U$"},{"text": "U$"},"\n","\"",{"text": "$耻"},{"text": "$耣"},{"text": "$耻"},"\"\"",{"text": "$$耽"},"\n","\"",{"text": "U$"},{"text": "U$"},{"text": "U$"},"\"\"",{"text": "U$"},"\n","\"",{"text": "$耻"},{"text": "$耻"},{"text": "$耻"},"\n","\"",{"text": "U$"},{"text": "U$"},{"text": "U$"},"\n"],{"text": "\n- x1 ","color": "gray"},{"translate": "stardust_ingot","color": "gray"},{"text": "\n- x8 ","color": "gray"},{"translate": "stardust.legendarium_fragment","color": "gray"}]},"click_event": {"action": "show_dialog","dialog": "stardust:manual/page_25"}},
				{"text": "0##","hover_event": {"action": "show_text","value": [{"translate": "stardust.legendary_material_fragment_with_wind_power","color": "yellow"},{"translate": "stardust.extremely_rare_and_valuable","color": "gray"},{"translate": "stardust.obtained_through_legendarium_seeds","color": "gray"},{"translate": "stardust.used_for_legendarium_tier_equipment","color": "gray"}]}},
				{"text": "0##","hover_event": {"action": "show_text","value": [{"text": ""},[{"text": "","font": "stardust:manual","color": "white"},"\"E\n","\"",{"text": "$耽"},"\n","\"",{"text": "U$"},"U$U$",{"text": "$$蒇"},"\n\"","U$U$U$",{"text": "U$"},"\n","\n"],{"text": "\n- x1 ","color": "gray"},{"translate": "stardust.legendarium_ingot","color": "gray"}]},"click_event": {"action": "show_dialog","dialog": "stardust:manual/page_25"}},
				{"text": "0","hover_event": {"action": "show_text","value": [{"text": ""},[{"text": "","font": "stardust:manual","color": "white"},"\"F\n","\"",{"text": "$耻"},{"text": "$耻"},{"text": "$耻"},"\n","\"",{"text": "U$"},{"text": "U$"},{"text": "U$"},"\n","\"",{"text": "$耻"},{"text": "$耣"},{"text": "$耻"},"\"\"",{"text": "$$耽"},"\n","\"",{"text": "U$"},{"text": "U$"},{"text": "U$"},"\"\"",{"text": "U$"},"\n","\"",{"text": "$耻"},{"text": "$耻"},{"text": "$耻"},"\n","\"",{"text": "U$"},{"text": "U$"},{"text": "U$"},"\n"],{"text": "\n- x1 ","color": "gray"},{"translate": "stardust_ingot","color": "gray"},{"text": "\n- x8 ","color": "gray"},{"translate": "stardust.legendarium_fragment","color": "gray"}]},"click_event": {"action": "show_dialog","dialog": "stardust:manual/page_25"}},
				"\n\n\n\n\n\n\n\n\n\n\n\n\n\n\n\n\n\n"
			],
			"width": 140
		}
	]
}
