{
	"type": "minecraft:notice",
	"title": {
		"translate": "stardust.damage_artifact_lv3",
		"underlined": true
	},
	"body": [
		{
			"type": "minecraft:plain_message",
			"contents": [
				{"text": "V   ","font": "stardust:manual","color": "white"},
				{"text": "\n   ","click_event": {"action": "show_dialog","dialog": "stardust:manual/page_133"},"hover_event": {"action": "show_text","value": [{"translate": "stardust.go_to_previous_page"},{"translate": "stardust.133"}]}},
				" ",
				{"text": "   ","click_event": {"action": "show_dialog","dialog": "stardust:manual/page_135"},"hover_event": {"action": "show_text","value": [{"translate": "stardust.go_to_next_page"},{"translate": "stardust.135"}]}},
				{"text": "\n   ","click_event": {"action": "show_dialog","dialog": "stardust:manual/page_133"},"hover_event": {"action": "show_text","value": [{"translate": "stardust.go_to_previous_page"},{"translate": "stardust.133"}]}},
				" ",
				{"text": "   ","click_event": {"action": "show_dialog","dialog": "stardust:manual/page_135"},"hover_event": {"action": "show_text","value": [{"translate": "stardust.go_to_next_page"},{"translate": "stardust.135"}]}}
			],
			"width": 400
		},
		{
			"type": "minecraft:plain_message",
			"contents": [
				{"text": "","font": "stardust:manual","color": "white","shadow_color": [0,0,0,0]},
				"\"$5\n\"",
				{"text": "$脓$脓","hover_event": {"action": "show_item","id": "command_block","components": {"item_name": {"translate": "stardust.damage_artifact_lv_2"},"lore": [{"translate": "stardust.hold_in_any_hand_to_get_the_damage_effect","color": "gray","italic": false},{"translate": "stardust.20_damage","color": "gray","italic": false},["",{"text": "I","color": "white","italic": false,"font": "stardust:icons"},{"translate": "stardustfragment","italic": true,"color": "blue"}]]}},"click_event": {"action": "show_dialog","dialog": "stardust:manual/page_133"}},
				"  \n\"",
				{"text": "U$U$","hover_event": {"action": "show_item","id": "command_block","components": {"item_name": {"translate": "stardust.damage_artifact_lv_2"},"lore": [{"translate": "stardust.hold_in_any_hand_to_get_the_damage_effect","color": "gray","italic": false},{"translate": "stardust.20_damage","color": "gray","italic": false},["",{"text": "I","color": "white","italic": false,"font": "stardust:icons"},{"translate": "stardustfragment","italic": true,"color": "blue"}]]}},"click_event": {"action": "show_dialog","dialog": "stardust:manual/page_133"}},
				"U$",
				{"text": "$$脕","hover_event": {"action": "show_item","id": "command_block","components": {"item_name": {"translate": "stardust.damage_artifact_lv_3"},"lore": [{"translate": "stardust.hold_in_any_hand_to_get_the_damage_effect","color": "gray","italic": false},{"translate": "stardust.30_damage","color": "gray","italic": false},["",{"text": "I","color": "white","italic": false,"font": "stardust:icons"},{"translate": "stardustfragment","italic": true,"color": "blue"}]]}}},
				"#$\n\"U$U$U$",
				{"text": "U$","hover_event": {"action": "show_item","id": "command_block","components": {"item_name": {"translate": "stardust.damage_artifact_lv_3"},"lore": [{"translate": "stardust.hold_in_any_hand_to_get_the_damage_effect","color": "gray","italic": false},{"translate": "stardust.30_damage","color": "gray","italic": false},["",{"text": "I","color": "white","italic": false,"font": "stardust:icons"},{"translate": "stardustfragment","italic": true,"color": "blue"}]]}}},
				"#$\n\n\n",
				{"text": "1##","hover_event": {"action": "show_text","value": [{"translate": "stardust.lv_3_damage_artifact","color": "yellow"},{"text": "\nHold in any hand to get the damage effect","color": "gray"},{"text": "\n[+30% Damage]","color": "gray"}]}},
				{"text": "2##","hover_event": {"action": "show_text","value": [{"text": ""},[{"text": "","font": "stardust:manual","color": "white"},"\"E\n","\"",{"text": "$脓"},{"text": "$脓"},"\n","\"",{"text": "U$"},{"text": "U$"},"U$",{"text": "$$脕"},"\n\"","U$U$U$",{"text": "U$"},"\n","\n"],{"text": "\n- x2 ","color": "gray"},{"translate": "stardust.damage_artifact_lv2","color": "gray"}]},"click_event": {"action": "show_dialog","dialog": "stardust:manual/page_133"}},
				{"text": "衪\n","hover_event": {"action": "show_text","value": [{"text": ""},[{"text": "","font": "stardust:manual","color": "white"},"\"E\n","\"",{"text": "$脕"},{"text": "$脕"},"\n","\"",{"text": "U$"},{"text": "U$"},"U$",{"text": "$$脗"},"\n\"","U$U$U$",{"text": "U$"},"\n","\n"],{"text": "\n- x2 ","color": "gray"},{"translate": "stardust.damage_artifact_lv3","color": "gray"}]},"click_event": {"action": "show_dialog","dialog": "stardust:manual/page_135"}},
				{"text": "0##","hover_event": {"action": "show_text","value": [{"translate": "stardust.lv_3_damage_artifact","color": "yellow"},{"text": "\nHold in any hand to get the damage effect","color": "gray"},{"text": "\n[+30% Damage]","color": "gray"}]}},
				{"text": "0##","hover_event": {"action": "show_text","value": [{"text": ""},[{"text": "","font": "stardust:manual","color": "white"},"\"E\n","\"",{"text": "$脓"},{"text": "$脓"},"\n","\"",{"text": "U$"},{"text": "U$"},"U$",{"text": "$$脕"},"\n\"","U$U$U$",{"text": "U$"},"\n","\n"],{"text": "\n- x2 ","color": "gray"},{"translate": "stardust.damage_artifact_lv2","color": "gray"}]},"click_event": {"action": "show_dialog","dialog": "stardust:manual/page_133"}},
				{"text": "0##","hover_event": {"action": "show_text","value": [{"text": ""},[{"text": "","font": "stardust:manual","color": "white"},"\"E\n","\"",{"text": "$脕"},{"text": "$脕"},"\n","\"",{"text": "U$"},{"text": "U$"},"U$",{"text": "$$脗"},"\n\"","U$U$U$",{"text": "U$"},"\n","\n"],{"text": "\n- x2 ","color": "gray"},{"translate": "stardust.damage_artifact_lv3","color": "gray"}]},"click_event": {"action": "show_dialog","dialog": "stardust:manual/page_135"}},
				"\n\n\n\n\n\n\n\n\n\n\n\n\n"
			],
			"width": 150
		}
	]
}
