{
	"type": "minecraft:notice",
	"title": {
		"translate": "stardust.equipment_2",
		"underlined": true
	},
	"body": [
		{
			"type": "minecraft:plain_message",
			"contents": [
				{"text": "V   ","font": "stardust:manual","color": "white"},
				{"text": "\n   ","click_event": {"action": "show_dialog","dialog": "stardust:manual/page_8"},"hover_event": {"action": "show_text","value": [{"translate": "stardust.go_to_previous_page"}," (8)"]}},
				" ",
				{"text": "   ","click_event": {"action": "show_dialog","dialog": "stardust:manual/page_10"},"hover_event": {"action": "show_text","value": [{"translate": "stardust.go_to_next_page"}," (10)"]}},
				{"text": "\n   ","click_event": {"action": "show_dialog","dialog": "stardust:manual/page_8"},"hover_event": {"action": "show_text","value": [{"translate": "stardust.go_to_previous_page"}," (8)"]}},
				" ",
				{"text": "   ","click_event": {"action": "show_dialog","dialog": "stardust:manual/page_10"},"hover_event": {"action": "show_text","value": [{"translate": "stardust.go_to_next_page"}," (10)"]}}
			],
			"width": 400
		},
		{
			"type": "minecraft:plain_message",
			"contents": [
				{"text": "","font": "stardust:manual","color": "white","shadow_color": [0,0,0,0]},
				"ဧ\n",
				{"text": "$脑","hover_event": {"action": "show_item","id": "command_block","components": {"item_name": {"translate": "stardust.health_artifact_lv_1"},"rarity": "rare","lore": [{"translate": "stardust.hold_in_any_hand_to_get_the_health_effect","color": "gray","italic": false},{"translate": "stardust.10_health_points","color": "gray","italic": false},["",{"text": "I","color": "white","italic": false,"font": "stardust:icons"},{"translate": "stardustfragment","italic": true,"color": "blue"}]],"attribute_modifiers": [{"type": "max_health","amount": 0.1,"operation": "add_multiplied_total","slot": "hand","id": "stardust:base_max_health"}],"item_model": "stardust:health_artifact_lv1","custom_data": {"stardust": {"health_artifact_lv1": true},"smithed": {"ignore": {"functionality": true,"crafting": true}}}}},"click_event": {"action": "show_dialog","dialog": "stardust:manual/page_132"}},
				{"text": "$脓","hover_event": {"action": "show_item","id": "command_block","components": {"item_name": {"translate": "stardust.health_artifact_lv_2"},"rarity": "rare","lore": [{"translate": "stardust.hold_in_any_hand_to_get_the_health_effect","color": "gray","italic": false},{"translate": "stardust.20_health_points","color": "gray","italic": false},["",{"text": "I","color": "white","italic": false,"font": "stardust:icons"},{"translate": "stardustfragment","italic": true,"color": "blue"}]],"attribute_modifiers": [{"type": "max_health","amount": 0.2,"operation": "add_multiplied_total","slot": "hand","id": "stardust:base_max_health"}],"item_model": "stardust:health_artifact_lv2","custom_data": {"stardust": {"health_artifact_lv2": true},"smithed": {"ignore": {"functionality": true,"crafting": true}}}}},"click_event": {"action": "show_dialog","dialog": "stardust:manual/page_133"}},
				{"text": "$脕","hover_event": {"action": "show_item","id": "command_block","components": {"item_name": {"translate": "stardust.health_artifact_lv_3"},"rarity": "rare","lore": [{"translate": "stardust.hold_in_any_hand_to_get_the_health_effect","color": "gray","italic": false},{"translate": "stardust.30_health_points","color": "gray","italic": false},["",{"text": "I","color": "white","italic": false,"font": "stardust:icons"},{"translate": "stardustfragment","italic": true,"color": "blue"}]],"attribute_modifiers": [{"type": "max_health","amount": 0.3,"operation": "add_multiplied_total","slot": "hand","id": "stardust:base_max_health"}],"item_model": "stardust:health_artifact_lv3","custom_data": {"stardust": {"health_artifact_lv3": true},"smithed": {"ignore": {"functionality": true,"crafting": true}}}}},"click_event": {"action": "show_dialog","dialog": "stardust:manual/page_134"}},
				{"text": "$脗","hover_event": {"action": "show_item","id": "command_block","components": {"item_name": {"translate": "stardust.health_artifact_lv_max"},"rarity": "epic","lore": [{"translate": "stardust.hold_in_any_hand_to_get_the_health_effect","color": "gray","italic": false},{"translate": "stardust.50_health_points","color": "gray","italic": false},["",{"text": "I","color": "white","italic": false,"font": "stardust:icons"},{"translate": "stardustfragment","italic": true,"color": "blue"}]],"attribute_modifiers": [{"type": "max_health","amount": 0.5,"operation": "add_multiplied_total","slot": "hand","id": "stardust:base_max_health"}],"item_model": "stardust:health_artifact_lvmax","custom_data": {"stardust": {"health_artifact_lvmax": true},"smithed": {"ignore": {"functionality": true,"crafting": true}}}}},"click_event": {"action": "show_dialog","dialog": "stardust:manual/page_135"}},
				{"text": "$脙","hover_event": {"action": "show_item","id": "command_block","components": {"item_name": {"translate": "stardust.damage_artifact_lv_1"},"rarity": "rare","lore": [{"translate": "stardust.hold_in_any_hand_to_get_the_damage_effect","color": "gray","italic": false},{"translate": "stardust.10_damage","color": "gray","italic": false},["",{"text": "I","color": "white","italic": false,"font": "stardust:icons"},{"translate": "stardustfragment","italic": true,"color": "blue"}]],"attribute_modifiers": [{"type": "attack_damage","amount": 0.1,"operation": "add_multiplied_total","slot": "hand","id": "stardust:base_attack_damage"}],"item_model": "stardust:damage_artifact_lv1","custom_data": {"stardust": {"damage_artifact_lv1": true},"smithed": {"ignore": {"functionality": true,"crafting": true}}}}},"click_event": {"action": "show_dialog","dialog": "stardust:manual/page_136"}},
				{"text": "$脛","hover_event": {"action": "show_item","id": "command_block","components": {"item_name": {"translate": "stardust.damage_artifact_lv_2"},"rarity": "rare","lore": [{"translate": "stardust.hold_in_any_hand_to_get_the_damage_effect","color": "gray","italic": false},{"translate": "stardust.20_damage","color": "gray","italic": false},["",{"text": "I","color": "white","italic": false,"font": "stardust:icons"},{"translate": "stardustfragment","italic": true,"color": "blue"}]],"attribute_modifiers": [{"type": "attack_damage","amount": 0.2,"operation": "add_multiplied_total","slot": "hand","id": "stardust:base_attack_damage"}],"item_model": "stardust:damage_artifact_lv2","custom_data": {"stardust": {"damage_artifact_lv2": true},"smithed": {"ignore": {"functionality": true,"crafting": true}}}}},"click_event": {"action": "show_dialog","dialog": "stardust:manual/page_137"}},
				"#\n",
				{"text": "!","hover_event": {"action": "show_item","id": "command_block","components": {"item_name": {"translate": "stardust.health_artifact_lv_1"},"rarity": "rare","lore": [{"translate": "stardust.hold_in_any_hand_to_get_the_health_effect","color": "gray","italic": false},{"translate": "stardust.10_health_points","color": "gray","italic": false},["",{"text": "I","color": "white","italic": false,"font": "stardust:icons"},{"translate": "stardustfragment","italic": true,"color": "blue"}]],"attribute_modifiers": [{"type": "max_health","amount": 0.1,"operation": "add_multiplied_total","slot": "hand","id": "stardust:base_max_health"}],"item_model": "stardust:health_artifact_lv1","custom_data": {"stardust": {"health_artifact_lv1": true},"smithed": {"ignore": {"functionality": true,"crafting": true}}}}},"click_event": {"action": "show_dialog","dialog": "stardust:manual/page_132"}},
				{"text": "!","hover_event": {"action": "show_item","id": "command_block","components": {"item_name": {"translate": "stardust.health_artifact_lv_2"},"rarity": "rare","lore": [{"translate": "stardust.hold_in_any_hand_to_get_the_health_effect","color": "gray","italic": false},{"translate": "stardust.20_health_points","color": "gray","italic": false},["",{"text": "I","color": "white","italic": false,"font": "stardust:icons"},{"translate": "stardustfragment","italic": true,"color": "blue"}]],"attribute_modifiers": [{"type": "max_health","amount": 0.2,"operation": "add_multiplied_total","slot": "hand","id": "stardust:base_max_health"}],"item_model": "stardust:health_artifact_lv2","custom_data": {"stardust": {"health_artifact_lv2": true},"smithed": {"ignore": {"functionality": true,"crafting": true}}}}},"click_event": {"action": "show_dialog","dialog": "stardust:manual/page_133"}},
				{"text": "!","hover_event": {"action": "show_item","id": "command_block","components": {"item_name": {"translate": "stardust.health_artifact_lv_3"},"rarity": "rare","lore": [{"translate": "stardust.hold_in_any_hand_to_get_the_health_effect","color": "gray","italic": false},{"translate": "stardust.30_health_points","color": "gray","italic": false},["",{"text": "I","color": "white","italic": false,"font": "stardust:icons"},{"translate": "stardustfragment","italic": true,"color": "blue"}]],"attribute_modifiers": [{"type": "max_health","amount": 0.3,"operation": "add_multiplied_total","slot": "hand","id": "stardust:base_max_health"}],"item_model": "stardust:health_artifact_lv3","custom_data": {"stardust": {"health_artifact_lv3": true},"smithed": {"ignore": {"functionality": true,"crafting": true}}}}},"click_event": {"action": "show_dialog","dialog": "stardust:manual/page_134"}},
				{"text": "!","hover_event": {"action": "show_item","id": "command_block","components": {"item_name": {"translate": "stardust.health_artifact_lv_max"},"rarity": "epic","lore": [{"translate": "stardust.hold_in_any_hand_to_get_the_health_effect","color": "gray","italic": false},{"translate": "stardust.50_health_points","color": "gray","italic": false},["",{"text": "I","color": "white","italic": false,"font": "stardust:icons"},{"translate": "stardustfragment","italic": true,"color": "blue"}]],"attribute_modifiers": [{"type": "max_health","amount": 0.5,"operation": "add_multiplied_total","slot": "hand","id": "stardust:base_max_health"}],"item_model": "stardust:health_artifact_lvmax","custom_data": {"stardust": {"health_artifact_lvmax": true},"smithed": {"ignore": {"functionality": true,"crafting": true}}}}},"click_event": {"action": "show_dialog","dialog": "stardust:manual/page_135"}},
				{"text": "!","hover_event": {"action": "show_item","id": "command_block","components": {"item_name": {"translate": "stardust.damage_artifact_lv_1"},"rarity": "rare","lore": [{"translate": "stardust.hold_in_any_hand_to_get_the_damage_effect","color": "gray","italic": false},{"translate": "stardust.10_damage","color": "gray","italic": false},["",{"text": "I","color": "white","italic": false,"font": "stardust:icons"},{"translate": "stardustfragment","italic": true,"color": "blue"}]],"attribute_modifiers": [{"type": "attack_damage","amount": 0.1,"operation": "add_multiplied_total","slot": "hand","id": "stardust:base_attack_damage"}],"item_model": "stardust:damage_artifact_lv1","custom_data": {"stardust": {"damage_artifact_lv1": true},"smithed": {"ignore": {"functionality": true,"crafting": true}}}}},"click_event": {"action": "show_dialog","dialog": "stardust:manual/page_136"}},
				{"text": "!","hover_event": {"action": "show_item","id": "command_block","components": {"item_name": {"translate": "stardust.damage_artifact_lv_2"},"rarity": "rare","lore": [{"translate": "stardust.hold_in_any_hand_to_get_the_damage_effect","color": "gray","italic": false},{"translate": "stardust.20_damage","color": "gray","italic": false},["",{"text": "I","color": "white","italic": false,"font": "stardust:icons"},{"translate": "stardustfragment","italic": true,"color": "blue"}]],"attribute_modifiers": [{"type": "attack_damage","amount": 0.2,"operation": "add_multiplied_total","slot": "hand","id": "stardust:base_attack_damage"}],"item_model": "stardust:damage_artifact_lv2","custom_data": {"stardust": {"damage_artifact_lv2": true},"smithed": {"ignore": {"functionality": true,"crafting": true}}}}},"click_event": {"action": "show_dialog","dialog": "stardust:manual/page_137"}},
				"#\n",
				{"text": "$脝","hover_event": {"action": "show_item","id": "command_block","components": {"item_name": {"translate": "stardust.damage_artifact_lv_3"},"rarity": "rare","lore": [{"translate": "stardust.hold_in_any_hand_to_get_the_damage_effect","color": "gray","italic": false},{"translate": "stardust.30_damage","color": "gray","italic": false},["",{"text": "I","color": "white","italic": false,"font": "stardust:icons"},{"translate": "stardustfragment","italic": true,"color": "blue"}]],"attribute_modifiers": [{"type": "attack_damage","amount": 0.3,"operation": "add_multiplied_total","slot": "hand","id": "stardust:base_attack_damage"}],"item_model": "stardust:damage_artifact_lv3","custom_data": {"stardust": {"damage_artifact_lv3": true},"smithed": {"ignore": {"functionality": true,"crafting": true}}}}},"click_event": {"action": "show_dialog","dialog": "stardust:manual/page_138"}},
				{"text": "$脟","hover_event": {"action": "show_item","id": "command_block","components": {"item_name": {"translate": "stardust.damage_artifact_lv_max"},"rarity": "epic","lore": [{"translate": "stardust.hold_in_any_hand_to_get_the_damage_effect","color": "gray","italic": false},{"translate": "stardust.50_damage","color": "gray","italic": false},["",{"text": "I","color": "white","italic": false,"font": "stardust:icons"},{"translate": "stardustfragment","italic": true,"color": "blue"}]],"attribute_modifiers": [{"type": "attack_damage","amount": 0.5,"operation": "add_multiplied_total","slot": "hand","id": "stardust:base_attack_damage"}],"item_model": "stardust:damage_artifact_lvmax","custom_data": {"stardust": {"damage_artifact_lvmax": true},"smithed": {"ignore": {"functionality": true,"crafting": true}}}}},"click_event": {"action": "show_dialog","dialog": "stardust:manual/page_139"}},
				{"text": "$脡","hover_event": {"action": "show_item","id": "command_block","components": {"item_name": {"translate": "stardust.speed_artifact_lv_1"},"rarity": "rare","lore": [{"translate": "stardust.hold_in_any_hand_to_get_the_speed_effect","color": "gray","italic": false},{"translate": "stardust.10_base_speed","color": "gray","italic": false},["",{"text": "I","color": "white","italic": false,"font": "stardust:icons"},{"translate": "stardustfragment","italic": true,"color": "blue"}]],"attribute_modifiers": [{"type": "movement_speed","amount": 0.1,"operation": "add_multiplied_base","slot": "hand","id": "stardust:base_movement_speed"}],"item_model": "stardust:speed_artifact_lv1","custom_data": {"stardust": {"speed_artifact_lv1": true},"smithed": {"ignore": {"functionality": true,"crafting": true}}}}},"click_event": {"action": "show_dialog","dialog": "stardust:manual/page_140"}},
				{"text": "$脣","hover_event": {"action": "show_item","id": "command_block","components": {"item_name": {"translate": "stardust.speed_artifact_lv_2"},"rarity": "rare","lore": [{"translate": "stardust.hold_in_any_hand_to_get_the_speed_effect","color": "gray","italic": false},{"translate": "stardust.15_base_speed","color": "gray","italic": false},["",{"text": "I","color": "white","italic": false,"font": "stardust:icons"},{"translate": "stardustfragment","italic": true,"color": "blue"}]],"attribute_modifiers": [{"type": "movement_speed","amount": 0.15,"operation": "add_multiplied_base","slot": "hand","id": "stardust:base_movement_speed"}],"item_model": "stardust:speed_artifact_lv2","custom_data": {"stardust": {"speed_artifact_lv2": true},"smithed": {"ignore": {"functionality": true,"crafting": true}}}}},"click_event": {"action": "show_dialog","dialog": "stardust:manual/page_141"}},
				{"text": "$脥","hover_event": {"action": "show_item","id": "command_block","components": {"item_name": {"translate": "stardust.speed_artifact_lv_3"},"rarity": "rare","lore": [{"translate": "stardust.hold_in_any_hand_to_get_the_speed_effect","color": "gray","italic": false},{"translate": "stardust.20_base_speed","color": "gray","italic": false},["",{"text": "I","color": "white","italic": false,"font": "stardust:icons"},{"translate": "stardustfragment","italic": true,"color": "blue"}]],"attribute_modifiers": [{"type": "movement_speed","amount": 0.2,"operation": "add_multiplied_base","slot": "hand","id": "stardust:base_movement_speed"}],"item_model": "stardust:speed_artifact_lv3","custom_data": {"stardust": {"speed_artifact_lv3": true},"smithed": {"ignore": {"functionality": true,"crafting": true}}}}},"click_event": {"action": "show_dialog","dialog": "stardust:manual/page_142"}},
				{"text": "$脧","hover_event": {"action": "show_item","id": "command_block","components": {"item_name": {"translate": "stardust.speed_artifact_lv_max"},"rarity": "epic","lore": [{"translate": "stardust.hold_in_any_hand_to_get_the_speed_effect","color": "gray","italic": false},{"translate": "stardust.25_base_speed","color": "gray","italic": false},["",{"text": "I","color": "white","italic": false,"font": "stardust:icons"},{"translate": "stardustfragment","italic": true,"color": "blue"}]],"attribute_modifiers": [{"type": "movement_speed","amount": 0.25,"operation": "add_multiplied_base","slot": "hand","id": "stardust:base_movement_speed"}],"item_model": "stardust:speed_artifact_lvmax","custom_data": {"stardust": {"speed_artifact_lvmax": true},"smithed": {"ignore": {"functionality": true,"crafting": true}}}}},"click_event": {"action": "show_dialog","dialog": "stardust:manual/page_143"}},
				"#\n",
				{"text": "!","hover_event": {"action": "show_item","id": "command_block","components": {"item_name": {"translate": "stardust.damage_artifact_lv_3"},"rarity": "rare","lore": [{"translate": "stardust.hold_in_any_hand_to_get_the_damage_effect","color": "gray","italic": false},{"translate": "stardust.30_damage","color": "gray","italic": false},["",{"text": "I","color": "white","italic": false,"font": "stardust:icons"},{"translate": "stardustfragment","italic": true,"color": "blue"}]],"attribute_modifiers": [{"type": "attack_damage","amount": 0.3,"operation": "add_multiplied_total","slot": "hand","id": "stardust:base_attack_damage"}],"item_model": "stardust:damage_artifact_lv3","custom_data": {"stardust": {"damage_artifact_lv3": true},"smithed": {"ignore": {"functionality": true,"crafting": true}}}}},"click_event": {"action": "show_dialog","dialog": "stardust:manual/page_138"}},
				{"text": "!","hover_event": {"action": "show_item","id": "command_block","components": {"item_name": {"translate": "stardust.damage_artifact_lv_max"},"rarity": "epic","lore": [{"translate": "stardust.hold_in_any_hand_to_get_the_damage_effect","color": "gray","italic": false},{"translate": "stardust.50_damage","color": "gray","italic": false},["",{"text": "I","color": "white","italic": false,"font": "stardust:icons"},{"translate": "stardustfragment","italic": true,"color": "blue"}]],"attribute_modifiers": [{"type": "attack_damage","amount": 0.5,"operation": "add_multiplied_total","slot": "hand","id": "stardust:base_attack_damage"}],"item_model": "stardust:damage_artifact_lvmax","custom_data": {"stardust": {"damage_artifact_lvmax": true},"smithed": {"ignore": {"functionality": true,"crafting": true}}}}},"click_event": {"action": "show_dialog","dialog": "stardust:manual/page_139"}},
				{"text": "!","hover_event": {"action": "show_item","id": "command_block","components": {"item_name": {"translate": "stardust.speed_artifact_lv_1"},"rarity": "rare","lore": [{"translate": "stardust.hold_in_any_hand_to_get_the_speed_effect","color": "gray","italic": false},{"translate": "stardust.10_base_speed","color": "gray","italic": false},["",{"text": "I","color": "white","italic": false,"font": "stardust:icons"},{"translate": "stardustfragment","italic": true,"color": "blue"}]],"attribute_modifiers": [{"type": "movement_speed","amount": 0.1,"operation": "add_multiplied_base","slot": "hand","id": "stardust:base_movement_speed"}],"item_model": "stardust:speed_artifact_lv1","custom_data": {"stardust": {"speed_artifact_lv1": true},"smithed": {"ignore": {"functionality": true,"crafting": true}}}}},"click_event": {"action": "show_dialog","dialog": "stardust:manual/page_140"}},
				{"text": "!","hover_event": {"action": "show_item","id": "command_block","components": {"item_name": {"translate": "stardust.speed_artifact_lv_2"},"rarity": "rare","lore": [{"translate": "stardust.hold_in_any_hand_to_get_the_speed_effect","color": "gray","italic": false},{"translate": "stardust.15_base_speed","color": "gray","italic": false},["",{"text": "I","color": "white","italic": false,"font": "stardust:icons"},{"translate": "stardustfragment","italic": true,"color": "blue"}]],"attribute_modifiers": [{"type": "movement_speed","amount": 0.15,"operation": "add_multiplied_base","slot": "hand","id": "stardust:base_movement_speed"}],"item_model": "stardust:speed_artifact_lv2","custom_data": {"stardust": {"speed_artifact_lv2": true},"smithed": {"ignore": {"functionality": true,"crafting": true}}}}},"click_event": {"action": "show_dialog","dialog": "stardust:manual/page_141"}},
				{"text": "!","hover_event": {"action": "show_item","id": "command_block","components": {"item_name": {"translate": "stardust.speed_artifact_lv_3"},"rarity": "rare","lore": [{"translate": "stardust.hold_in_any_hand_to_get_the_speed_effect","color": "gray","italic": false},{"translate": "stardust.20_base_speed","color": "gray","italic": false},["",{"text": "I","color": "white","italic": false,"font": "stardust:icons"},{"translate": "stardustfragment","italic": true,"color": "blue"}]],"attribute_modifiers": [{"type": "movement_speed","amount": 0.2,"operation": "add_multiplied_base","slot": "hand","id": "stardust:base_movement_speed"}],"item_model": "stardust:speed_artifact_lv3","custom_data": {"stardust": {"speed_artifact_lv3": true},"smithed": {"ignore": {"functionality": true,"crafting": true}}}}},"click_event": {"action": "show_dialog","dialog": "stardust:manual/page_142"}},
				{"text": "!","hover_event": {"action": "show_item","id": "command_block","components": {"item_name": {"translate": "stardust.speed_artifact_lv_max"},"rarity": "epic","lore": [{"translate": "stardust.hold_in_any_hand_to_get_the_speed_effect","color": "gray","italic": false},{"translate": "stardust.25_base_speed","color": "gray","italic": false},["",{"text": "I","color": "white","italic": false,"font": "stardust:icons"},{"translate": "stardustfragment","italic": true,"color": "blue"}]],"attribute_modifiers": [{"type": "movement_speed","amount": 0.25,"operation": "add_multiplied_base","slot": "hand","id": "stardust:base_movement_speed"}],"item_model": "stardust:speed_artifact_lvmax","custom_data": {"stardust": {"speed_artifact_lvmax": true},"smithed": {"ignore": {"functionality": true,"crafting": true}}}}},"click_event": {"action": "show_dialog","dialog": "stardust:manual/page_143"}},
				"#\n",
				{"text": "$脩","hover_event": {"action": "show_item","id": "warped_fungus_on_a_stick","components": {"max_stack_size": 42,"!max_damage": {},"lore": [{"translate": "stardust.right_click_to_open_and_receive_a_random_artifact","italic": false,"color": "gray"},["",{"text": "I","color": "white","italic": false,"font": "stardust:icons"},{"translate": "stardustfragment","italic": true,"color": "blue"}]],"item_model": "stardust:lucky_artifact_bag","item_name": {"translate": "stardust.lucky_artifact_bag"},"custom_data": {"stardust": {"lucky_artifact_bag": true},"smithed": {"ignore": {"functionality": true,"crafting": true}}}}},"click_event": {"action": "show_dialog","dialog": "stardust:manual/page_144"}},
				{"text": "$脫","hover_event": {"action": "show_item","id": "command_block","components": {"max_stack_size": 1,"lore": [{"translate": "stardust.hold_in_offhand_to_attract_items","color": "gray","italic": false},{"translate": "stardust.within_a_4_blocks_radius","color": "gray","italic": false},["",{"text": "I","color": "white","italic": false,"font": "stardust:icons"},{"translate": "stardustfragment","italic": true,"color": "blue"}]],"item_model": "stardust:item_magnet","item_name": {"translate": "stardust.item_magnet"},"custom_data": {"stardust": {"item_magnet": true},"smithed": {"ignore": {"functionality": true,"crafting": true}}}}},"click_event": {"action": "show_dialog","dialog": "stardust:manual/page_145"}},
				{"text": "$脭","hover_event": {"action": "show_item","id": "warped_fungus_on_a_stick","components": {"max_stack_size": 1,"max_damage": 64,"item_model": "stardust:home_travel_staff","item_name": {"translate": "stardust.home_travel_staff"},"lore": [["",{"text": "I","color": "white","italic": false,"font": "stardust:icons"},{"translate": "stardustfragment","italic": true,"color": "blue"}]],"custom_data": {"stardust": {"home_travel_staff": true},"smithed": {"ignore": {"functionality": true,"crafting": true}}}}},"click_event": {"action": "show_dialog","dialog": "stardust:manual/page_146"}},
				{"text": "$脯","hover_event": {"action": "show_item","id": "warped_fungus_on_a_stick","components": {"max_stack_size": 16,"!max_damage": {},"item_model": "stardust:wormhole_potion","item_name": {"translate": "stardust.wormhole_potion"},"lore": [["",{"text": "I","color": "white","italic": false,"font": "stardust:icons"},{"translate": "stardustfragment","italic": true,"color": "blue"}]],"custom_data": {"stardust": {"wormhole_potion": true},"smithed": {"ignore": {"functionality": true,"crafting": true}}}}},"click_event": {"action": "show_dialog","dialog": "stardust:manual/page_147"}},
				{"text": "$脱","hover_event": {"action": "show_item","id": "command_block","components": {"food": {"can_always_eat": true,"nutrition": 4,"saturation": 9.6},"consumable": {"on_consume_effects": [{"type": "minecraft:apply_effects","effects": [{"amplifier": 2,"duration": 100,"id": "minecraft:regeneration","show_icon": true},{"amplifier": 1,"duration": 2400,"id": "minecraft:absorption","show_icon": true}]}]},"item_model": "stardust:stardust_apple","item_name": {"translate": "stardust_apple"},"lore": [["",{"text": "I","color": "white","italic": false,"font": "stardust:icons"},{"translate": "stardustfragment","italic": true,"color": "blue"}]],"custom_data": {"stardust": {"stardust_apple": true},"smithed": {"ignore": {"functionality": true,"crafting": true}}}}},"click_event": {"action": "show_dialog","dialog": "stardust:manual/page_148"}},
				{"text": "$脳","hover_event": {"action": "show_item","id": "goat_horn","components": {"instrument": "stardust:life_crystal","max_stack_size": 64,"tooltip_display": {"hidden_components": ["instrument"]},"lore": [{"translate": "stardust.right_click_to_permanently_increase","italic": false,"color": "gray"},{"translate": "stardust.your_max_health_by_1_0_5_heart","italic": false,"color": "gray"},{"translate": "stardust.max_20_uses_10_hearts","italic": false,"color": "gray"},["",{"text": "I","color": "white","italic": false,"font": "stardust:icons"},{"translate": "stardustfragment","italic": true,"color": "blue"}]],"item_model": "stardust:life_crystal","item_name": {"translate": "stardust.life_crystal"},"custom_data": {"stardust": {"life_crystal": true},"smithed": {"ignore": {"functionality": true,"crafting": true}}}}},"click_event": {"action": "show_dialog","dialog": "stardust:manual/page_149"}},
				"#\n",
				{"text": "!","hover_event": {"action": "show_item","id": "warped_fungus_on_a_stick","components": {"max_stack_size": 42,"!max_damage": {},"lore": [{"translate": "stardust.right_click_to_open_and_receive_a_random_artifact","italic": false,"color": "gray"},["",{"text": "I","color": "white","italic": false,"font": "stardust:icons"},{"translate": "stardustfragment","italic": true,"color": "blue"}]],"item_model": "stardust:lucky_artifact_bag","item_name": {"translate": "stardust.lucky_artifact_bag"},"custom_data": {"stardust": {"lucky_artifact_bag": true},"smithed": {"ignore": {"functionality": true,"crafting": true}}}}},"click_event": {"action": "show_dialog","dialog": "stardust:manual/page_144"}},
				{"text": "!","hover_event": {"action": "show_item","id": "command_block","components": {"max_stack_size": 1,"lore": [{"translate": "stardust.hold_in_offhand_to_attract_items","color": "gray","italic": false},{"translate": "stardust.within_a_4_blocks_radius","color": "gray","italic": false},["",{"text": "I","color": "white","italic": false,"font": "stardust:icons"},{"translate": "stardustfragment","italic": true,"color": "blue"}]],"item_model": "stardust:item_magnet","item_name": {"translate": "stardust.item_magnet"},"custom_data": {"stardust": {"item_magnet": true},"smithed": {"ignore": {"functionality": true,"crafting": true}}}}},"click_event": {"action": "show_dialog","dialog": "stardust:manual/page_145"}},
				{"text": "!","hover_event": {"action": "show_item","id": "warped_fungus_on_a_stick","components": {"max_stack_size": 1,"max_damage": 64,"item_model": "stardust:home_travel_staff","item_name": {"translate": "stardust.home_travel_staff"},"lore": [["",{"text": "I","color": "white","italic": false,"font": "stardust:icons"},{"translate": "stardustfragment","italic": true,"color": "blue"}]],"custom_data": {"stardust": {"home_travel_staff": true},"smithed": {"ignore": {"functionality": true,"crafting": true}}}}},"click_event": {"action": "show_dialog","dialog": "stardust:manual/page_146"}},
				{"text": "!","hover_event": {"action": "show_item","id": "warped_fungus_on_a_stick","components": {"max_stack_size": 16,"!max_damage": {},"item_model": "stardust:wormhole_potion","item_name": {"translate": "stardust.wormhole_potion"},"lore": [["",{"text": "I","color": "white","italic": false,"font": "stardust:icons"},{"translate": "stardustfragment","italic": true,"color": "blue"}]],"custom_data": {"stardust": {"wormhole_potion": true},"smithed": {"ignore": {"functionality": true,"crafting": true}}}}},"click_event": {"action": "show_dialog","dialog": "stardust:manual/page_147"}},
				{"text": "!","hover_event": {"action": "show_item","id": "command_block","components": {"food": {"can_always_eat": true,"nutrition": 4,"saturation": 9.6},"consumable": {"on_consume_effects": [{"type": "minecraft:apply_effects","effects": [{"amplifier": 2,"duration": 100,"id": "minecraft:regeneration","show_icon": true},{"amplifier": 1,"duration": 2400,"id": "minecraft:absorption","show_icon": true}]}]},"item_model": "stardust:stardust_apple","item_name": {"translate": "stardust_apple"},"lore": [["",{"text": "I","color": "white","italic": false,"font": "stardust:icons"},{"translate": "stardustfragment","italic": true,"color": "blue"}]],"custom_data": {"stardust": {"stardust_apple": true},"smithed": {"ignore": {"functionality": true,"crafting": true}}}}},"click_event": {"action": "show_dialog","dialog": "stardust:manual/page_148"}},
				{"text": "!","hover_event": {"action": "show_item","id": "goat_horn","components": {"instrument": "stardust:life_crystal","max_stack_size": 64,"tooltip_display": {"hidden_components": ["instrument"]},"lore": [{"translate": "stardust.right_click_to_permanently_increase","italic": false,"color": "gray"},{"translate": "stardust.your_max_health_by_1_0_5_heart","italic": false,"color": "gray"},{"translate": "stardust.max_20_uses_10_hearts","italic": false,"color": "gray"},["",{"text": "I","color": "white","italic": false,"font": "stardust:icons"},{"translate": "stardustfragment","italic": true,"color": "blue"}]],"item_model": "stardust:life_crystal","item_name": {"translate": "stardust.life_crystal"},"custom_data": {"stardust": {"life_crystal": true},"smithed": {"ignore": {"functionality": true,"crafting": true}}}}},"click_event": {"action": "show_dialog","dialog": "stardust:manual/page_149"}},
				"#\n",
				{"text": "$脵","hover_event": {"action": "show_item","id": "furnace","components": {"item_model": "stardust:life_crystal_block","item_name": {"translate": "stardust.life_crystal_block"},"lore": [["",{"text": "I","color": "white","italic": false,"font": "stardust:icons"},{"translate": "stardustfragment","italic": true,"color": "blue"}]],"custom_data": {"stardust": {"life_crystal_block": true},"smithed": {"ignore": {"functionality": true,"crafting": true}}},"container": [{"slot": 0,"item": {"id": "minecraft:stone","count": 1,"components": {"minecraft:custom_data": {"smithed": {"block": {"id": "stardust:life_crystal_block","from": "stardust"}}}}}}],"tooltip_display": {"hidden_components": ["minecraft:container"]}}},"click_event": {"action": "show_dialog","dialog": "stardust:manual/page_150"}},
				"!!!!!#\n",
				{"text": "!","hover_event": {"action": "show_item","id": "furnace","components": {"item_model": "stardust:life_crystal_block","item_name": {"translate": "stardust.life_crystal_block"},"lore": [["",{"text": "I","color": "white","italic": false,"font": "stardust:icons"},{"translate": "stardustfragment","italic": true,"color": "blue"}]],"custom_data": {"stardust": {"life_crystal_block": true},"smithed": {"ignore": {"functionality": true,"crafting": true}}},"container": [{"slot": 0,"item": {"id": "minecraft:stone","count": 1,"components": {"minecraft:custom_data": {"smithed": {"block": {"id": "stardust:life_crystal_block","from": "stardust"}}}}}}],"tooltip_display": {"hidden_components": ["minecraft:container"]}}},"click_event": {"action": "show_dialog","dialog": "stardust:manual/page_150"}},
				"!!!!!#\n",
				"\n\n\n\n\n\n\n\n\n\n\n\n\n\n\n\n"
			],
			"width": 140
		}
	]
}
