{
	"type": "minecraft:notice",
	"title": [
		{
			"sprite": "stardust:item/diamond_seed",
			"shadow_color": [
				0,
				0,
				0,
				0
			],
			"atlas": "minecraft:items"
		},
		" ",
		{
			"translate": "stardust.diamond_seed",
			"underlined": true,
			"atlas": "minecraft:items"
		},
		" ",
		{
			"sprite": "stardust:item/diamond_seed",
			"shadow_color": [
				0,
				0,
				0,
				0
			]
		}
	],
	"body": [
		{
			"type": "minecraft:plain_message",
			"contents": [
				{"text": "V   ","font": "stardust:manual","color": "white"},
				{"text": "\n   ","click_event": {"action": "show_dialog","dialog": "stardust:manual/page_146"},"hover_event": {"action": "show_text","value": [{"translate": "stardust.go_to_previous_page"}," (146)"]}},
				" ",
				{"text": "   ","click_event": {"action": "show_dialog","dialog": "stardust:manual/page_148"},"hover_event": {"action": "show_text","value": [{"translate": "stardust.go_to_next_page"}," (148)"]}},
				{"text": "\n   ","click_event": {"action": "show_dialog","dialog": "stardust:manual/page_146"},"hover_event": {"action": "show_text","value": [{"translate": "stardust.go_to_previous_page"}," (146)"]}},
				" ",
				{"text": "   ","click_event": {"action": "show_dialog","dialog": "stardust:manual/page_148"},"hover_event": {"action": "show_text","value": [{"translate": "stardust.go_to_next_page"}," (148)"]}}
			],
			"width": 400
		},
		{
			"type": "minecraft:plain_message",
			"contents": [
				{"text": "","font": "stardust:manual","color": "white","shadow_color": [0,0,0,0]},
				"\"$6\n\"",
				{"text": "$膊$膊$膊","hover_event": {"action": "show_item","id": "minecraft:wheat_seeds","components": {}}},
				"  \n\"",
				{"translate": "stardust.uuu","hover_event": {"action": "show_item","id": "minecraft:wheat_seeds","components": {}}},
				"  \n\"",
				{"text": "$膊","hover_event": {"action": "show_item","id": "minecraft:wheat_seeds","components": {}}},
				{"text": "$謤","hover_event": {"action": "show_item","id": "minecraft:diamond","components": {}}},
				{"text": "$膊","hover_event": {"action": "show_item","id": "minecraft:wheat_seeds","components": {}}},
				"\"\"",
				{"text": "$$脯","hover_event": {"action": "show_item","id": "item_frame","components": {"lore": [{"translate": "stardust.can_only_be_planted_on_stone","italic": false,"color": "gray"},["",{"text": "I","color": "white","italic": false,"font": "stardust:icons"},{"translate": "stardustfragment","italic": true,"color": "blue"}]],"item_model": "stardust:diamond_seed","item_name": {"translate": "stardust.diamond_seed"},"custom_data": {"stardust": {"diamond_seed": true},"smithed": {"ignore": {"functionality": true,"crafting": true}}},"entity_data": {"id": "minecraft:item_frame","Tags": ["stardust.new","stardust.diamond_seed"],"Invisible": true,"Silent": true}}}},
				"#$\n\"",
				{"text": "U$","hover_event": {"action": "show_item","id": "minecraft:wheat_seeds","components": {}}},
				{"text": "U$","hover_event": {"action": "show_item","id": "minecraft:diamond","components": {}}},
				{"text": "U$","hover_event": {"action": "show_item","id": "minecraft:wheat_seeds","components": {}}},
				"\"\"",
				{"text": "U$","hover_event": {"action": "show_item","id": "item_frame","components": {"lore": [{"translate": "stardust.can_only_be_planted_on_stone","italic": false,"color": "gray"},["",{"text": "I","color": "white","italic": false,"font": "stardust:icons"},{"translate": "stardustfragment","italic": true,"color": "blue"}]],"item_model": "stardust:diamond_seed","item_name": {"translate": "stardust.diamond_seed"},"custom_data": {"stardust": {"diamond_seed": true},"smithed": {"ignore": {"functionality": true,"crafting": true}}},"entity_data": {"id": "minecraft:item_frame","Tags": ["stardust.new","stardust.diamond_seed"],"Invisible": true,"Silent": true}}}},
				"#$\n\"",
				{"text": "$膊$膊$膊","hover_event": {"action": "show_item","id": "minecraft:wheat_seeds","components": {}}},
				"  \n\"",
				{"translate": "stardust.uuu","hover_event": {"action": "show_item","id": "minecraft:wheat_seeds","components": {}}},
				"  \n\n",
				{"text": "1##","hover_event": {"action": "show_text","value": [{"translate": "stardust.magical_seed_that_grows_diamonds","color": "yellow"},{"translate": "stardust.can_only_be_planted_on_stone_blocks","color": "gray"},{"translate": "stardust.grows_fully_after_20_minutes","color": "gray"},{"translate": "stardust.yields_0_2_diamonds_when_harvested","color": "gray"},{"translate": "stardust.fortune_effect_applies_10_per_level","color": "gray"}]}},
				{"text": "2##","hover_event": {"action": "show_text","value": [{"text": ""},[{"text": "","font": "stardust:manual","color": "white"},"\"F\n","\"",{"text": "$膊"},{"text": "$膊"},{"text": "$膊"},"\n","\"",{"text": "U$"},{"text": "U$"},{"text": "U$"},"\n","\"",{"text": "$膊"},{"text": "$謤"},{"text": "$膊"},"\"\"",{"text": "$$脯"},"\n","\"",{"text": "U$"},{"text": "U$"},{"text": "U$"},"\"\"",{"text": "U$"},"\n","\"",{"text": "$膊"},{"text": "$膊"},{"text": "$膊"},"\n","\"",{"text": "U$"},{"text": "U$"},{"text": "U$"},"\n"],{"text": "\n- x8 ","color": "gray"},{"translate": "stardust.wheat_seeds","color": "gray"},{"text": "\n- x1 ","color": "gray"},{"translate": "stardust.diamond","color": "gray"}]}},
				{"text": "2##","hover_event": {"action": "show_text","value": [{"text": ""},[{"text": "","font": "stardust:manual","color": "white"},"\"F\n","\"",{"text": "$鄩"},{"text": "$鄩"},{"text": "$鄩"},"\n","\"",{"text": "U$"},{"text": "U$"},{"text": "U$"},"\n","\"",{"text": "$鄩"},{"text": "$謤"},{"text": "$鄩"},"\"\"",{"text": "$$脯"},"\n","\"",{"text": "U$"},{"text": "U$"},{"text": "U$"},"\"\"",{"text": "U$"},"\n","\"",{"text": "$鄩"},{"text": "$鄩"},{"text": "$鄩"},"\n","\"",{"text": "U$"},{"text": "U$"},{"text": "U$"},"\n"],{"text": "\n- x8 ","color": "gray"},{"translate": "stardust.pumpkin_seeds","color": "gray"},{"text": "\n- x1 ","color": "gray"},{"translate": "stardust.diamond","color": "gray"}]}},
				{"text": "2##","hover_event": {"action": "show_text","value": [{"text": ""},[{"text": "","font": "stardust:manual","color": "white"},"\"F\n","\"",{"text": "$鄬"},{"text": "$鄬"},{"text": "$鄬"},"\n","\"",{"text": "U$"},{"text": "U$"},{"text": "U$"},"\n","\"",{"text": "$鄬"},{"text": "$謤"},{"text": "$鄬"},"\"\"",{"text": "$$脯"},"\n","\"",{"text": "U$"},{"text": "U$"},{"text": "U$"},"\"\"",{"text": "U$"},"\n","\"",{"text": "$鄬"},{"text": "$鄬"},{"text": "$鄬"},"\n","\"",{"text": "U$"},{"text": "U$"},{"text": "U$"},"\n"],{"text": "\n- x8 ","color": "gray"},{"translate": "stardust.melon_seeds","color": "gray"},{"text": "\n- x1 ","color": "gray"},{"translate": "stardust.diamond","color": "gray"}]}},
				{"text": "2##","hover_event": {"action": "show_text","value": [{"text": ""},[{"text": "","font": "stardust:manual","color": "white"},"\"F\n","\"",{"text": "$鄯"},{"text": "$鄯"},{"text": "$鄯"},"\n","\"",{"text": "U$"},{"text": "U$"},{"text": "U$"},"\n","\"",{"text": "$鄯"},{"text": "$謤"},{"text": "$鄯"},"\"\"",{"text": "$$脯"},"\n","\"",{"text": "U$"},{"text": "U$"},{"text": "U$"},"\"\"",{"text": "U$"},"\n","\"",{"text": "$鄯"},{"text": "$鄯"},{"text": "$鄯"},"\n","\"",{"text": "U$"},{"text": "U$"},{"text": "U$"},"\n"],{"text": "\n- x8 ","color": "gray"},{"translate": "stardust.beetroot_seeds","color": "gray"},{"text": "\n- x1 ","color": "gray"},{"translate": "stardust.diamond","color": "gray"}]}},
				{"text": "鄶\n","hover_event": {"action": "show_text","value": [{"text": ""},[{"text": "","font": "stardust:manual","color": "white"},"\"F\n","\"",{"text": "$耥"},{"text": "$耥"},{"text": "$耥"},"\n","\"",{"text": "U$"},{"text": "U$"},{"text": "U$"},"\n","\"",{"text": "$聓"},{"text": "$脯"},{"text": "$聓"},"\"\"",{"text": "$$肩"},"\n","\"",{"text": "U$"},{"text": "U$"},{"text": "U$"},"\"\"",{"text": "U$"},"\n","\"",{"text": "$聥"},{"text": "$聥"},{"text": "$聥"},"\n","\"",{"text": "U$"},{"text": "U$"},{"text": "U$"},"\n"],{"text": "\n- x3 ","color": "gray"},{"translate": "stardust_essence","color": "gray"},{"text": "\n- x2 ","color": "gray"},{"translate": "stardust.dog_excrement","color": "gray"},{"text": "\n- x1 ","color": "gray"},{"translate": "stardust.diamond_seed","color": "gray"},{"text": "\n- x3 ","color": "gray"},{"translate": "stardust_frame","color": "gray"}]},"click_event": {"action": "show_dialog","dialog": "stardust:manual/page_80"}},
				{"text": "0##","hover_event": {"action": "show_text","value": [{"translate": "stardust.magical_seed_that_grows_diamonds","color": "yellow"},{"translate": "stardust.can_only_be_planted_on_stone_blocks","color": "gray"},{"translate": "stardust.grows_fully_after_20_minutes","color": "gray"},{"translate": "stardust.yields_0_2_diamonds_when_harvested","color": "gray"},{"translate": "stardust.fortune_effect_applies_10_per_level","color": "gray"}]}},
				{"text": "0##","hover_event": {"action": "show_text","value": [{"text": ""},[{"text": "","font": "stardust:manual","color": "white"},"\"F\n","\"",{"text": "$膊"},{"text": "$膊"},{"text": "$膊"},"\n","\"",{"text": "U$"},{"text": "U$"},{"text": "U$"},"\n","\"",{"text": "$膊"},{"text": "$謤"},{"text": "$膊"},"\"\"",{"text": "$$脯"},"\n","\"",{"text": "U$"},{"text": "U$"},{"text": "U$"},"\"\"",{"text": "U$"},"\n","\"",{"text": "$膊"},{"text": "$膊"},{"text": "$膊"},"\n","\"",{"text": "U$"},{"text": "U$"},{"text": "U$"},"\n"],{"text": "\n- x8 ","color": "gray"},{"translate": "stardust.wheat_seeds","color": "gray"},{"text": "\n- x1 ","color": "gray"},{"translate": "stardust.diamond","color": "gray"}]}},
				{"text": "0##","hover_event": {"action": "show_text","value": [{"text": ""},[{"text": "","font": "stardust:manual","color": "white"},"\"F\n","\"",{"text": "$鄩"},{"text": "$鄩"},{"text": "$鄩"},"\n","\"",{"text": "U$"},{"text": "U$"},{"text": "U$"},"\n","\"",{"text": "$鄩"},{"text": "$謤"},{"text": "$鄩"},"\"\"",{"text": "$$脯"},"\n","\"",{"text": "U$"},{"text": "U$"},{"text": "U$"},"\"\"",{"text": "U$"},"\n","\"",{"text": "$鄩"},{"text": "$鄩"},{"text": "$鄩"},"\n","\"",{"text": "U$"},{"text": "U$"},{"text": "U$"},"\n"],{"text": "\n- x8 ","color": "gray"},{"translate": "stardust.pumpkin_seeds","color": "gray"},{"text": "\n- x1 ","color": "gray"},{"translate": "stardust.diamond","color": "gray"}]}},
				{"text": "0##","hover_event": {"action": "show_text","value": [{"text": ""},[{"text": "","font": "stardust:manual","color": "white"},"\"F\n","\"",{"text": "$鄬"},{"text": "$鄬"},{"text": "$鄬"},"\n","\"",{"text": "U$"},{"text": "U$"},{"text": "U$"},"\n","\"",{"text": "$鄬"},{"text": "$謤"},{"text": "$鄬"},"\"\"",{"text": "$$脯"},"\n","\"",{"text": "U$"},{"text": "U$"},{"text": "U$"},"\"\"",{"text": "U$"},"\n","\"",{"text": "$鄬"},{"text": "$鄬"},{"text": "$鄬"},"\n","\"",{"text": "U$"},{"text": "U$"},{"text": "U$"},"\n"],{"text": "\n- x8 ","color": "gray"},{"translate": "stardust.melon_seeds","color": "gray"},{"text": "\n- x1 ","color": "gray"},{"translate": "stardust.diamond","color": "gray"}]}},
				{"text": "0##","hover_event": {"action": "show_text","value": [{"text": ""},[{"text": "","font": "stardust:manual","color": "white"},"\"F\n","\"",{"text": "$鄯"},{"text": "$鄯"},{"text": "$鄯"},"\n","\"",{"text": "U$"},{"text": "U$"},{"text": "U$"},"\n","\"",{"text": "$鄯"},{"text": "$謤"},{"text": "$鄯"},"\"\"",{"text": "$$脯"},"\n","\"",{"text": "U$"},{"text": "U$"},{"text": "U$"},"\"\"",{"text": "U$"},"\n","\"",{"text": "$鄯"},{"text": "$鄯"},{"text": "$鄯"},"\n","\"",{"text": "U$"},{"text": "U$"},{"text": "U$"},"\n"],{"text": "\n- x8 ","color": "gray"},{"translate": "stardust.beetroot_seeds","color": "gray"},{"text": "\n- x1 ","color": "gray"},{"translate": "stardust.diamond","color": "gray"}]}},
				{"text": "0\n","hover_event": {"action": "show_text","value": [{"text": ""},[{"text": "","font": "stardust:manual","color": "white"},"\"F\n","\"",{"text": "$耥"},{"text": "$耥"},{"text": "$耥"},"\n","\"",{"text": "U$"},{"text": "U$"},{"text": "U$"},"\n","\"",{"text": "$聓"},{"text": "$脯"},{"text": "$聓"},"\"\"",{"text": "$$肩"},"\n","\"",{"text": "U$"},{"text": "U$"},{"text": "U$"},"\"\"",{"text": "U$"},"\n","\"",{"text": "$聥"},{"text": "$聥"},{"text": "$聥"},"\n","\"",{"text": "U$"},{"text": "U$"},{"text": "U$"},"\n"],{"text": "\n- x3 ","color": "gray"},{"translate": "stardust_essence","color": "gray"},{"text": "\n- x2 ","color": "gray"},{"translate": "stardust.dog_excrement","color": "gray"},{"text": "\n- x1 ","color": "gray"},{"translate": "stardust.diamond_seed","color": "gray"},{"text": "\n- x3 ","color": "gray"},{"translate": "stardust_frame","color": "gray"}]},"click_event": {"action": "show_dialog","dialog": "stardust:manual/page_80"}},
				{"text": "鄺##","hover_event": {"action": "show_text","value": [{"text": ""},[{"text": "","font": "stardust:manual","color": "white"},"\"F\n","\"",{"text": "$謤"},{"text": "$謤"},{"text": "$謤"},"\n","\"",{"text": "U$"},{"text": "U$"},{"text": "U$"},"\n","\"",{"text": "$謤"},{"text": "$脯"},{"text": "$謤"},"\"\"",{"text": "$$脱"},"\n","\"",{"text": "U$"},{"text": "U$"},{"text": "U$"},"\"\"",{"text": "U$"},"\n","\"",{"text": "$謤"},{"text": "$謤"},{"text": "$謤"},"\n","\"",{"text": "U$"},{"text": "U$"},{"text": "U$"},"\n"],{"text": "\n- x8 ","color": "gray"},{"translate": "stardust.diamond","color": "gray"},{"text": "\n- x1 ","color": "gray"},{"translate": "stardust.diamond_seed","color": "gray"}]},"click_event": {"action": "show_dialog","dialog": "stardust:manual/page_148"}},
				"\n\n\n\n\n\n\n\n\n\n\n\n\n\n\n"
			],
			"width": 140
		}
	]
}
