{
	"type": "minecraft:notice",
	"title": {
		"translate": "stardust.darkium_fragment",
		"underlined": true
	},
	"body": [
		{
			"type": "minecraft:plain_message",
			"contents": [
				{"text": "V   ","font": "stardust:manual","color": "white"},
				{"text": "\n   ","click_event": {"action": "show_dialog","dialog": "stardust:manual/page_28"},"hover_event": {"action": "show_text","value": [{"translate": "stardust.go_to_previous_page"}," (28)"]}},
				" ",
				{"text": "   ","click_event": {"action": "show_dialog","dialog": "stardust:manual/page_30"},"hover_event": {"action": "show_text","value": [{"translate": "stardust.go_to_next_page"}," (30)"]}},
				{"text": "\n   ","click_event": {"action": "show_dialog","dialog": "stardust:manual/page_28"},"hover_event": {"action": "show_text","value": [{"translate": "stardust.go_to_previous_page"}," (28)"]}},
				" ",
				{"text": "   ","click_event": {"action": "show_dialog","dialog": "stardust:manual/page_30"},"hover_event": {"action": "show_text","value": [{"translate": "stardust.go_to_next_page"}," (30)"]}}
			],
			"width": 400
		},
		{
			"type": "minecraft:plain_message",
			"contents": [
				{"text": "","font": "stardust:manual","color": "white","shadow_color": [0,0,0,0]},
				"\"$5\n\"",
				{"text": "$聉","hover_event": {"action": "show_item","id": "command_block","components": {"custom_data": {"smithed": {"dict": {"ingot": {"darkium": true}},"ignore": {"functionality": true,"crafting": true}},"stardust": {"darkium_ingot": true}},"item_model": "stardust:darkium_ingot","item_name": {"translate": "stardust.darkium_ingot"},"lore": [["",{"text": "I","color": "white","italic": false,"font": "stardust:icons"},{"translate": "stardustfragment","italic": true,"color": "blue"}]]}},"click_event": {"action": "show_dialog","dialog": "stardust:manual/page_30"}},
				"U$  \n\"",
				{"text": "U$","hover_event": {"action": "show_item","id": "command_block","components": {"custom_data": {"smithed": {"dict": {"ingot": {"darkium": true}},"ignore": {"functionality": true,"crafting": true}},"stardust": {"darkium_ingot": true}},"item_model": "stardust:darkium_ingot","item_name": {"translate": "stardust.darkium_ingot"},"lore": [["",{"text": "I","color": "white","italic": false,"font": "stardust:icons"},{"translate": "stardustfragment","italic": true,"color": "blue"}]]}},"click_event": {"action": "show_dialog","dialog": "stardust:manual/page_30"}},
				"U$U$",
				{"text": "$$蘋","hover_event": {"action": "show_item","id": "command_block","components": {"custom_data": {"smithed": {"dict": {"fragment": {"darkium": true}},"ignore": {"functionality": true,"crafting": true}},"stardust": {"darkium_fragment": true}},"item_model": "stardust:darkium_fragment","item_name": {"translate": "stardust.darkium_fragment"},"lore": [["",{"text": "I","color": "white","italic": false,"font": "stardust:icons"},{"translate": "stardustfragment","italic": true,"color": "blue"}]]}}},
				"#$\n\"U$U$U$",
				{"text": "U$","hover_event": {"action": "show_item","id": "command_block","components": {"custom_data": {"smithed": {"dict": {"fragment": {"darkium": true}},"ignore": {"functionality": true,"crafting": true}},"stardust": {"darkium_fragment": true}},"item_model": "stardust:darkium_fragment","item_name": {"translate": "stardust.darkium_fragment"},"lore": [["",{"text": "I","color": "white","italic": false,"font": "stardust:icons"},{"translate": "stardustfragment","italic": true,"color": "blue"}]]}}},
				"#$\n\n\n",
				{"text": "1##","hover_event": {"action": "show_text","value": [{"translate": "stardust.darkium_material_fragment_with_darkness_power","color": "yellow"},{"translate": "stardust.extremely_rare_and_valuable","color": "gray"},{"translate": "stardust.obtained_through_darkium_seeds","color": "gray"},{"translate": "stardust.used_for_darkium_tier_equipment","color": "gray"}]}},
				{"text": "2##","hover_event": {"action": "show_text","value": [{"text": ""},[{"text": "","font": "stardust:manual","color": "white"},"\"E\n","\"",{"text": "$聉"},"\n","\"",{"text": "U$"},"U$U$",{"text": "$$蘋"},"\n\"","U$U$U$",{"text": "U$"},"\n","\n"],{"text": "\n- x1 ","color": "gray"},{"translate": "stardust.darkium_ingot","color": "gray"}]},"click_event": {"action": "show_dialog","dialog": "stardust:manual/page_30"}},
				{"text": "蘒\n","hover_event": {"action": "show_text","value": [{"text": ""},[{"text": "","font": "stardust:manual","color": "white"},"\"F\n","\"",{"text": "$聇"},{"text": "$聇"},{"text": "$聇"},"\n","\"",{"text": "U$"},{"text": "U$"},{"text": "U$"},"\n","\"",{"text": "$聇"},{"text": "$耣"},{"text": "$聇"},"\"\"",{"text": "$$聉"},"\n","\"",{"text": "U$"},{"text": "U$"},{"text": "U$"},"\"\"",{"text": "U$"},"\n","\"",{"text": "$聇"},{"text": "$聇"},{"text": "$聇"},"\n","\"",{"text": "U$"},{"text": "U$"},{"text": "U$"},"\n"],{"text": "\n- x1 ","color": "gray"},{"translate": "stardust_ingot","color": "gray"},{"text": "\n- x8 ","color": "gray"},{"translate": "stardust.darkium_fragment","color": "gray"}]},"click_event": {"action": "show_dialog","dialog": "stardust:manual/page_30"}},
				{"text": "0##","hover_event": {"action": "show_text","value": [{"translate": "stardust.darkium_material_fragment_with_darkness_power","color": "yellow"},{"translate": "stardust.extremely_rare_and_valuable","color": "gray"},{"translate": "stardust.obtained_through_darkium_seeds","color": "gray"},{"translate": "stardust.used_for_darkium_tier_equipment","color": "gray"}]}},
				{"text": "0##","hover_event": {"action": "show_text","value": [{"text": ""},[{"text": "","font": "stardust:manual","color": "white"},"\"E\n","\"",{"text": "$聉"},"\n","\"",{"text": "U$"},"U$U$",{"text": "$$蘋"},"\n\"","U$U$U$",{"text": "U$"},"\n","\n"],{"text": "\n- x1 ","color": "gray"},{"translate": "stardust.darkium_ingot","color": "gray"}]},"click_event": {"action": "show_dialog","dialog": "stardust:manual/page_30"}},
				{"text": "0","hover_event": {"action": "show_text","value": [{"text": ""},[{"text": "","font": "stardust:manual","color": "white"},"\"F\n","\"",{"text": "$聇"},{"text": "$聇"},{"text": "$聇"},"\n","\"",{"text": "U$"},{"text": "U$"},{"text": "U$"},"\n","\"",{"text": "$聇"},{"text": "$耣"},{"text": "$聇"},"\"\"",{"text": "$$聉"},"\n","\"",{"text": "U$"},{"text": "U$"},{"text": "U$"},"\"\"",{"text": "U$"},"\n","\"",{"text": "$聇"},{"text": "$聇"},{"text": "$聇"},"\n","\"",{"text": "U$"},{"text": "U$"},{"text": "U$"},"\n"],{"text": "\n- x1 ","color": "gray"},{"translate": "stardust_ingot","color": "gray"},{"text": "\n- x8 ","color": "gray"},{"translate": "stardust.darkium_fragment","color": "gray"}]},"click_event": {"action": "show_dialog","dialog": "stardust:manual/page_30"}},
				"\n\n\n\n\n\n\n\n\n\n\n\n\n\n\n\n\n\n"
			],
			"width": 140
		}
	]
}
