{
	"type": "minecraft:notice",
	"title": {
		"translate": "stardust.equipment_1",
		"underlined": true
	},
	"body": [
		{
			"type": "minecraft:plain_message",
			"contents": [
				{"text": "V   ","font": "stardust:manual","color": "white"},
				{"text": "\n   ","click_event": {"action": "show_dialog","dialog": "stardust:manual/page_7"},"hover_event": {"action": "show_text","value": [{"translate": "stardust.go_to_previous_page"}," (7)"]}},
				" ",
				{"text": "   ","click_event": {"action": "show_dialog","dialog": "stardust:manual/page_9"},"hover_event": {"action": "show_text","value": [{"translate": "stardust.go_to_next_page"}," (9)"]}},
				{"text": "\n   ","click_event": {"action": "show_dialog","dialog": "stardust:manual/page_7"},"hover_event": {"action": "show_text","value": [{"translate": "stardust.go_to_previous_page"}," (7)"]}},
				" ",
				{"text": "   ","click_event": {"action": "show_dialog","dialog": "stardust:manual/page_9"},"hover_event": {"action": "show_text","value": [{"translate": "stardust.go_to_next_page"}," (9)"]}}
			],
			"width": 400
		},
		{
			"type": "minecraft:plain_message",
			"contents": [
				{"text": "","font": "stardust:manual","color": "white","shadow_color": [0,0,0,0]},
				"ဦ\n",
				{"text": "$肵","hover_event": {"action": "show_item","id": "diamond_helmet","components": {"custom_data": {"smithed": {"dict": {"armor": {"damaged_stardust": true,"helmet": true}},"ignore": {"functionality": true,"crafting": true}},"stardust": {"damaged_stardust_helmet": true}},"max_damage": 544,"attribute_modifiers": [{"type": "armor","amount": 4.0,"operation": "add_value","slot": "head","id": "stardust:armor.head"},{"type": "armor_toughness","amount": 3.0,"operation": "add_value","slot": "head","id": "stardust:armor_toughness.head"}],"item_model": "stardust:damaged_stardust_helmet","item_name": {"translate": "stardust.damaged_stardust_helmet"},"lore": [["",{"text": "I","color": "white","italic": false,"font": "stardust:icons"},{"translate": "stardustfragment","italic": true,"color": "blue"}]]}},"click_event": {"action": "show_dialog","dialog": "stardust:manual/page_85"}},
				{"text": "$肷","hover_event": {"action": "show_item","id": "diamond_chestplate","components": {"custom_data": {"smithed": {"dict": {"armor": {"damaged_stardust": true,"chestplate": true}},"ignore": {"functionality": true,"crafting": true}},"stardust": {"damaged_stardust_chestplate": true}},"max_damage": 791,"attribute_modifiers": [{"type": "armor","amount": 9.0,"operation": "add_value","slot": "chest","id": "stardust:armor.chest"},{"type": "armor_toughness","amount": 3.0,"operation": "add_value","slot": "chest","id": "stardust:armor_toughness.chest"}],"item_model": "stardust:damaged_stardust_chestplate","item_name": {"translate": "stardust.damaged_stardust_chestplate"},"lore": [["",{"text": "I","color": "white","italic": false,"font": "stardust:icons"},{"translate": "stardustfragment","italic": true,"color": "blue"}]]}},"click_event": {"action": "show_dialog","dialog": "stardust:manual/page_86"}},
				{"text": "$肹","hover_event": {"action": "show_item","id": "diamond_leggings","components": {"custom_data": {"smithed": {"dict": {"armor": {"damaged_stardust": true,"leggings": true}},"ignore": {"functionality": true,"crafting": true}},"stardust": {"damaged_stardust_leggings": true}},"max_damage": 742,"attribute_modifiers": [{"type": "armor","amount": 7.0,"operation": "add_value","slot": "legs","id": "stardust:armor.legs"},{"type": "armor_toughness","amount": 3.0,"operation": "add_value","slot": "legs","id": "stardust:armor_toughness.legs"}],"item_model": "stardust:damaged_stardust_leggings","item_name": {"translate": "stardust.damaged_stardust_leggings"},"lore": [["",{"text": "I","color": "white","italic": false,"font": "stardust:icons"},{"translate": "stardustfragment","italic": true,"color": "blue"}]]}},"click_event": {"action": "show_dialog","dialog": "stardust:manual/page_87"}},
				{"text": "$肻","hover_event": {"action": "show_item","id": "diamond_boots","components": {"custom_data": {"smithed": {"dict": {"armor": {"damaged_stardust": true,"boots": true}},"ignore": {"functionality": true,"crafting": true}},"stardust": {"damaged_stardust_boots": true}},"max_damage": 643,"attribute_modifiers": [{"type": "armor","amount": 4.0,"operation": "add_value","slot": "feet","id": "stardust:armor.feet"},{"type": "armor_toughness","amount": 3.0,"operation": "add_value","slot": "feet","id": "stardust:armor_toughness.feet"}],"item_model": "stardust:damaged_stardust_boots","item_name": {"translate": "stardust.damaged_stardust_boots"},"lore": [["",{"text": "I","color": "white","italic": false,"font": "stardust:icons"},{"translate": "stardustfragment","italic": true,"color": "blue"}]]}},"click_event": {"action": "show_dialog","dialog": "stardust:manual/page_88"}},
				{"text": "$肽","hover_event": {"action": "show_item","id": "diamond_sword","components": {"custom_data": {"smithed": {"dict": {"tools": {"damaged_stardust": true,"sword": true}},"ignore": {"functionality": true,"crafting": true}},"stardust": {"damaged_stardust_sword": true}},"max_damage": 2341,"attribute_modifiers": [{"type": "attack_damage","amount": 8,"operation": "add_value","slot": "mainhand","id": "minecraft:base_attack_damage"},{"type": "attack_speed","amount": -2.4,"operation": "add_value","slot": "mainhand","id": "minecraft:base_attack_speed"}],"item_model": "stardust:damaged_stardust_sword","item_name": {"translate": "stardust.damaged_stardust_sword"},"lore": [["",{"text": "I","color": "white","italic": false,"font": "stardust:icons"},{"translate": "stardustfragment","italic": true,"color": "blue"}]]}},"click_event": {"action": "show_dialog","dialog": "stardust:manual/page_89"}},
				{"text": "$肿","hover_event": {"action": "show_item","id": "diamond_pickaxe","components": {"custom_data": {"smithed": {"dict": {"tools": {"damaged_stardust": true,"pickaxe": true}},"ignore": {"functionality": true,"crafting": true}},"stardust": {"damaged_stardust_pickaxe": true}},"max_damage": 2341,"attribute_modifiers": [{"type": "attack_damage","amount": 6,"operation": "add_value","slot": "mainhand","id": "minecraft:base_attack_damage"},{"type": "attack_speed","amount": -2.8,"operation": "add_value","slot": "mainhand","id": "minecraft:base_attack_speed"},{"type": "mining_efficiency","amount": 1.5,"operation": "add_value","slot": "mainhand","id": "stardust:mining_efficiency.mainhand"}],"item_model": "stardust:damaged_stardust_pickaxe","item_name": {"translate": "stardust.damaged_stardust_pickaxe"},"lore": [["",{"text": "I","color": "white","italic": false,"font": "stardust:icons"},{"translate": "stardustfragment","italic": true,"color": "blue"}]]}},"click_event": {"action": "show_dialog","dialog": "stardust:manual/page_90"}},
				"#\n",
				{"text": "!","hover_event": {"action": "show_item","id": "diamond_helmet","components": {"custom_data": {"smithed": {"dict": {"armor": {"damaged_stardust": true,"helmet": true}},"ignore": {"functionality": true,"crafting": true}},"stardust": {"damaged_stardust_helmet": true}},"max_damage": 544,"attribute_modifiers": [{"type": "armor","amount": 4.0,"operation": "add_value","slot": "head","id": "stardust:armor.head"},{"type": "armor_toughness","amount": 3.0,"operation": "add_value","slot": "head","id": "stardust:armor_toughness.head"}],"item_model": "stardust:damaged_stardust_helmet","item_name": {"translate": "stardust.damaged_stardust_helmet"},"lore": [["",{"text": "I","color": "white","italic": false,"font": "stardust:icons"},{"translate": "stardustfragment","italic": true,"color": "blue"}]]}},"click_event": {"action": "show_dialog","dialog": "stardust:manual/page_85"}},
				{"text": "!","hover_event": {"action": "show_item","id": "diamond_chestplate","components": {"custom_data": {"smithed": {"dict": {"armor": {"damaged_stardust": true,"chestplate": true}},"ignore": {"functionality": true,"crafting": true}},"stardust": {"damaged_stardust_chestplate": true}},"max_damage": 791,"attribute_modifiers": [{"type": "armor","amount": 9.0,"operation": "add_value","slot": "chest","id": "stardust:armor.chest"},{"type": "armor_toughness","amount": 3.0,"operation": "add_value","slot": "chest","id": "stardust:armor_toughness.chest"}],"item_model": "stardust:damaged_stardust_chestplate","item_name": {"translate": "stardust.damaged_stardust_chestplate"},"lore": [["",{"text": "I","color": "white","italic": false,"font": "stardust:icons"},{"translate": "stardustfragment","italic": true,"color": "blue"}]]}},"click_event": {"action": "show_dialog","dialog": "stardust:manual/page_86"}},
				{"text": "!","hover_event": {"action": "show_item","id": "diamond_leggings","components": {"custom_data": {"smithed": {"dict": {"armor": {"damaged_stardust": true,"leggings": true}},"ignore": {"functionality": true,"crafting": true}},"stardust": {"damaged_stardust_leggings": true}},"max_damage": 742,"attribute_modifiers": [{"type": "armor","amount": 7.0,"operation": "add_value","slot": "legs","id": "stardust:armor.legs"},{"type": "armor_toughness","amount": 3.0,"operation": "add_value","slot": "legs","id": "stardust:armor_toughness.legs"}],"item_model": "stardust:damaged_stardust_leggings","item_name": {"translate": "stardust.damaged_stardust_leggings"},"lore": [["",{"text": "I","color": "white","italic": false,"font": "stardust:icons"},{"translate": "stardustfragment","italic": true,"color": "blue"}]]}},"click_event": {"action": "show_dialog","dialog": "stardust:manual/page_87"}},
				{"text": "!","hover_event": {"action": "show_item","id": "diamond_boots","components": {"custom_data": {"smithed": {"dict": {"armor": {"damaged_stardust": true,"boots": true}},"ignore": {"functionality": true,"crafting": true}},"stardust": {"damaged_stardust_boots": true}},"max_damage": 643,"attribute_modifiers": [{"type": "armor","amount": 4.0,"operation": "add_value","slot": "feet","id": "stardust:armor.feet"},{"type": "armor_toughness","amount": 3.0,"operation": "add_value","slot": "feet","id": "stardust:armor_toughness.feet"}],"item_model": "stardust:damaged_stardust_boots","item_name": {"translate": "stardust.damaged_stardust_boots"},"lore": [["",{"text": "I","color": "white","italic": false,"font": "stardust:icons"},{"translate": "stardustfragment","italic": true,"color": "blue"}]]}},"click_event": {"action": "show_dialog","dialog": "stardust:manual/page_88"}},
				{"text": "!","hover_event": {"action": "show_item","id": "diamond_sword","components": {"custom_data": {"smithed": {"dict": {"tools": {"damaged_stardust": true,"sword": true}},"ignore": {"functionality": true,"crafting": true}},"stardust": {"damaged_stardust_sword": true}},"max_damage": 2341,"attribute_modifiers": [{"type": "attack_damage","amount": 8,"operation": "add_value","slot": "mainhand","id": "minecraft:base_attack_damage"},{"type": "attack_speed","amount": -2.4,"operation": "add_value","slot": "mainhand","id": "minecraft:base_attack_speed"}],"item_model": "stardust:damaged_stardust_sword","item_name": {"translate": "stardust.damaged_stardust_sword"},"lore": [["",{"text": "I","color": "white","italic": false,"font": "stardust:icons"},{"translate": "stardustfragment","italic": true,"color": "blue"}]]}},"click_event": {"action": "show_dialog","dialog": "stardust:manual/page_89"}},
				{"text": "!","hover_event": {"action": "show_item","id": "diamond_pickaxe","components": {"custom_data": {"smithed": {"dict": {"tools": {"damaged_stardust": true,"pickaxe": true}},"ignore": {"functionality": true,"crafting": true}},"stardust": {"damaged_stardust_pickaxe": true}},"max_damage": 2341,"attribute_modifiers": [{"type": "attack_damage","amount": 6,"operation": "add_value","slot": "mainhand","id": "minecraft:base_attack_damage"},{"type": "attack_speed","amount": -2.8,"operation": "add_value","slot": "mainhand","id": "minecraft:base_attack_speed"},{"type": "mining_efficiency","amount": 1.5,"operation": "add_value","slot": "mainhand","id": "stardust:mining_efficiency.mainhand"}],"item_model": "stardust:damaged_stardust_pickaxe","item_name": {"translate": "stardust.damaged_stardust_pickaxe"},"lore": [["",{"text": "I","color": "white","italic": false,"font": "stardust:icons"},{"translate": "stardustfragment","italic": true,"color": "blue"}]]}},"click_event": {"action": "show_dialog","dialog": "stardust:manual/page_90"}},
				"#\n",
				{"text": "$胁","hover_event": {"action": "show_item","id": "diamond_axe","components": {"custom_data": {"smithed": {"dict": {"tools": {"damaged_stardust": true,"axe": true}},"ignore": {"functionality": true,"crafting": true}},"stardust": {"damaged_stardust_axe": true}},"max_damage": 2341,"attribute_modifiers": [{"type": "attack_damage","amount": 10,"operation": "add_value","slot": "mainhand","id": "minecraft:base_attack_damage"},{"type": "attack_speed","amount": -3.0,"operation": "add_value","slot": "mainhand","id": "minecraft:base_attack_speed"},{"type": "mining_efficiency","amount": 1.5,"operation": "add_value","slot": "mainhand","id": "stardust:mining_efficiency.mainhand"}],"item_model": "stardust:damaged_stardust_axe","item_name": {"translate": "stardust.damaged_stardust_axe"},"lore": [["",{"text": "I","color": "white","italic": false,"font": "stardust:icons"},{"translate": "stardustfragment","italic": true,"color": "blue"}]]}},"click_event": {"action": "show_dialog","dialog": "stardust:manual/page_91"}},
				{"text": "$胃","hover_event": {"action": "show_item","id": "diamond_helmet","components": {"custom_data": {"smithed": {"dict": {"armor": {"original_stardust": true,"helmet": true}},"ignore": {"functionality": true,"crafting": true}},"stardust": {"original_stardust_helmet": true}},"max_damage": 1089,"attribute_modifiers": [{"type": "armor","amount": 6.0,"operation": "add_value","slot": "head","id": "stardust:armor.head"},{"type": "armor_toughness","amount": 3.3,"operation": "add_value","slot": "head","id": "stardust:armor_toughness.head"}],"item_model": "stardust:original_stardust_helmet","item_name": {"translate": "stardust.original_stardust_helmet"},"lore": [["",{"text": "I","color": "white","italic": false,"font": "stardust:icons"},{"translate": "stardustfragment","italic": true,"color": "blue"}]]}},"click_event": {"action": "show_dialog","dialog": "stardust:manual/page_92"}},
				{"text": "$胅","hover_event": {"action": "show_item","id": "diamond_chestplate","components": {"custom_data": {"smithed": {"dict": {"armor": {"original_stardust": true,"chestplate": true}},"ignore": {"functionality": true,"crafting": true}},"stardust": {"original_stardust_chestplate": true}},"max_damage": 1584,"attribute_modifiers": [{"type": "armor","amount": 11.0,"operation": "add_value","slot": "chest","id": "stardust:armor.chest"},{"type": "armor_toughness","amount": 3.3,"operation": "add_value","slot": "chest","id": "stardust:armor_toughness.chest"}],"item_model": "stardust:original_stardust_chestplate","item_name": {"translate": "stardust.original_stardust_chestplate"},"lore": [["",{"text": "I","color": "white","italic": false,"font": "stardust:icons"},{"translate": "stardustfragment","italic": true,"color": "blue"}]]}},"click_event": {"action": "show_dialog","dialog": "stardust:manual/page_93"}},
				{"text": "$胇","hover_event": {"action": "show_item","id": "diamond_leggings","components": {"custom_data": {"smithed": {"dict": {"armor": {"original_stardust": true,"leggings": true}},"ignore": {"functionality": true,"crafting": true}},"stardust": {"original_stardust_leggings": true}},"max_damage": 1485,"attribute_modifiers": [{"type": "armor","amount": 9.0,"operation": "add_value","slot": "legs","id": "stardust:armor.legs"},{"type": "armor_toughness","amount": 3.3,"operation": "add_value","slot": "legs","id": "stardust:armor_toughness.legs"}],"item_model": "stardust:original_stardust_leggings","item_name": {"translate": "stardust.original_stardust_leggings"},"lore": [["",{"text": "I","color": "white","italic": false,"font": "stardust:icons"},{"translate": "stardustfragment","italic": true,"color": "blue"}]]}},"click_event": {"action": "show_dialog","dialog": "stardust:manual/page_94"}},
				{"text": "$胉","hover_event": {"action": "show_item","id": "diamond_boots","components": {"custom_data": {"smithed": {"dict": {"armor": {"original_stardust": true,"boots": true}},"ignore": {"functionality": true,"crafting": true}},"stardust": {"original_stardust_boots": true}},"max_damage": 1287,"attribute_modifiers": [{"type": "armor","amount": 6.0,"operation": "add_value","slot": "feet","id": "stardust:armor.feet"},{"type": "armor_toughness","amount": 3.3,"operation": "add_value","slot": "feet","id": "stardust:armor_toughness.feet"}],"item_model": "stardust:original_stardust_boots","item_name": {"translate": "stardust.original_stardust_boots"},"lore": [["",{"text": "I","color": "white","italic": false,"font": "stardust:icons"},{"translate": "stardustfragment","italic": true,"color": "blue"}]]}},"click_event": {"action": "show_dialog","dialog": "stardust:manual/page_95"}},
				{"text": "$胋","hover_event": {"action": "show_item","id": "diamond_sword","components": {"custom_data": {"smithed": {"dict": {"tools": {"original_stardust": true,"sword": true}},"ignore": {"functionality": true,"crafting": true}},"stardust": {"original_stardust_sword": true}},"max_damage": 4683,"attribute_modifiers": [{"type": "attack_damage","amount": 14,"operation": "add_value","slot": "mainhand","id": "minecraft:base_attack_damage"},{"type": "attack_speed","amount": -2.4,"operation": "add_value","slot": "mainhand","id": "minecraft:base_attack_speed"}],"item_model": "stardust:original_stardust_sword","item_name": {"translate": "stardust.original_stardust_sword"},"lore": [["",{"text": "I","color": "white","italic": false,"font": "stardust:icons"},{"translate": "stardustfragment","italic": true,"color": "blue"}]]}},"click_event": {"action": "show_dialog","dialog": "stardust:manual/page_96"}},
				"#\n",
				{"text": "!","hover_event": {"action": "show_item","id": "diamond_axe","components": {"custom_data": {"smithed": {"dict": {"tools": {"damaged_stardust": true,"axe": true}},"ignore": {"functionality": true,"crafting": true}},"stardust": {"damaged_stardust_axe": true}},"max_damage": 2341,"attribute_modifiers": [{"type": "attack_damage","amount": 10,"operation": "add_value","slot": "mainhand","id": "minecraft:base_attack_damage"},{"type": "attack_speed","amount": -3.0,"operation": "add_value","slot": "mainhand","id": "minecraft:base_attack_speed"},{"type": "mining_efficiency","amount": 1.5,"operation": "add_value","slot": "mainhand","id": "stardust:mining_efficiency.mainhand"}],"item_model": "stardust:damaged_stardust_axe","item_name": {"translate": "stardust.damaged_stardust_axe"},"lore": [["",{"text": "I","color": "white","italic": false,"font": "stardust:icons"},{"translate": "stardustfragment","italic": true,"color": "blue"}]]}},"click_event": {"action": "show_dialog","dialog": "stardust:manual/page_91"}},
				{"text": "!","hover_event": {"action": "show_item","id": "diamond_helmet","components": {"custom_data": {"smithed": {"dict": {"armor": {"original_stardust": true,"helmet": true}},"ignore": {"functionality": true,"crafting": true}},"stardust": {"original_stardust_helmet": true}},"max_damage": 1089,"attribute_modifiers": [{"type": "armor","amount": 6.0,"operation": "add_value","slot": "head","id": "stardust:armor.head"},{"type": "armor_toughness","amount": 3.3,"operation": "add_value","slot": "head","id": "stardust:armor_toughness.head"}],"item_model": "stardust:original_stardust_helmet","item_name": {"translate": "stardust.original_stardust_helmet"},"lore": [["",{"text": "I","color": "white","italic": false,"font": "stardust:icons"},{"translate": "stardustfragment","italic": true,"color": "blue"}]]}},"click_event": {"action": "show_dialog","dialog": "stardust:manual/page_92"}},
				{"text": "!","hover_event": {"action": "show_item","id": "diamond_chestplate","components": {"custom_data": {"smithed": {"dict": {"armor": {"original_stardust": true,"chestplate": true}},"ignore": {"functionality": true,"crafting": true}},"stardust": {"original_stardust_chestplate": true}},"max_damage": 1584,"attribute_modifiers": [{"type": "armor","amount": 11.0,"operation": "add_value","slot": "chest","id": "stardust:armor.chest"},{"type": "armor_toughness","amount": 3.3,"operation": "add_value","slot": "chest","id": "stardust:armor_toughness.chest"}],"item_model": "stardust:original_stardust_chestplate","item_name": {"translate": "stardust.original_stardust_chestplate"},"lore": [["",{"text": "I","color": "white","italic": false,"font": "stardust:icons"},{"translate": "stardustfragment","italic": true,"color": "blue"}]]}},"click_event": {"action": "show_dialog","dialog": "stardust:manual/page_93"}},
				{"text": "!","hover_event": {"action": "show_item","id": "diamond_leggings","components": {"custom_data": {"smithed": {"dict": {"armor": {"original_stardust": true,"leggings": true}},"ignore": {"functionality": true,"crafting": true}},"stardust": {"original_stardust_leggings": true}},"max_damage": 1485,"attribute_modifiers": [{"type": "armor","amount": 9.0,"operation": "add_value","slot": "legs","id": "stardust:armor.legs"},{"type": "armor_toughness","amount": 3.3,"operation": "add_value","slot": "legs","id": "stardust:armor_toughness.legs"}],"item_model": "stardust:original_stardust_leggings","item_name": {"translate": "stardust.original_stardust_leggings"},"lore": [["",{"text": "I","color": "white","italic": false,"font": "stardust:icons"},{"translate": "stardustfragment","italic": true,"color": "blue"}]]}},"click_event": {"action": "show_dialog","dialog": "stardust:manual/page_94"}},
				{"text": "!","hover_event": {"action": "show_item","id": "diamond_boots","components": {"custom_data": {"smithed": {"dict": {"armor": {"original_stardust": true,"boots": true}},"ignore": {"functionality": true,"crafting": true}},"stardust": {"original_stardust_boots": true}},"max_damage": 1287,"attribute_modifiers": [{"type": "armor","amount": 6.0,"operation": "add_value","slot": "feet","id": "stardust:armor.feet"},{"type": "armor_toughness","amount": 3.3,"operation": "add_value","slot": "feet","id": "stardust:armor_toughness.feet"}],"item_model": "stardust:original_stardust_boots","item_name": {"translate": "stardust.original_stardust_boots"},"lore": [["",{"text": "I","color": "white","italic": false,"font": "stardust:icons"},{"translate": "stardustfragment","italic": true,"color": "blue"}]]}},"click_event": {"action": "show_dialog","dialog": "stardust:manual/page_95"}},
				{"text": "!","hover_event": {"action": "show_item","id": "diamond_sword","components": {"custom_data": {"smithed": {"dict": {"tools": {"original_stardust": true,"sword": true}},"ignore": {"functionality": true,"crafting": true}},"stardust": {"original_stardust_sword": true}},"max_damage": 4683,"attribute_modifiers": [{"type": "attack_damage","amount": 14,"operation": "add_value","slot": "mainhand","id": "minecraft:base_attack_damage"},{"type": "attack_speed","amount": -2.4,"operation": "add_value","slot": "mainhand","id": "minecraft:base_attack_speed"}],"item_model": "stardust:original_stardust_sword","item_name": {"translate": "stardust.original_stardust_sword"},"lore": [["",{"text": "I","color": "white","italic": false,"font": "stardust:icons"},{"translate": "stardustfragment","italic": true,"color": "blue"}]]}},"click_event": {"action": "show_dialog","dialog": "stardust:manual/page_96"}},
				"#\n",
				{"text": "$胍","hover_event": {"action": "show_item","id": "diamond_pickaxe","components": {"custom_data": {"smithed": {"dict": {"tools": {"original_stardust": true,"pickaxe": true}},"ignore": {"functionality": true,"crafting": true}},"stardust": {"original_stardust_pickaxe": true}},"max_damage": 4683,"attribute_modifiers": [{"type": "attack_damage","amount": 12,"operation": "add_value","slot": "mainhand","id": "minecraft:base_attack_damage"},{"type": "attack_speed","amount": -2.8,"operation": "add_value","slot": "mainhand","id": "minecraft:base_attack_speed"},{"type": "mining_efficiency","amount": 2.0,"operation": "add_value","slot": "mainhand","id": "stardust:mining_efficiency.mainhand"}],"item_model": "stardust:original_stardust_pickaxe","item_name": {"translate": "stardust.original_stardust_pickaxe"},"lore": [["",{"text": "I","color": "white","italic": false,"font": "stardust:icons"},{"translate": "stardustfragment","italic": true,"color": "blue"}]]}},"click_event": {"action": "show_dialog","dialog": "stardust:manual/page_97"}},
				{"text": "$胏","hover_event": {"action": "show_item","id": "diamond_axe","components": {"custom_data": {"smithed": {"dict": {"tools": {"original_stardust": true,"axe": true}},"ignore": {"functionality": true,"crafting": true}},"stardust": {"original_stardust_axe": true}},"max_damage": 4683,"attribute_modifiers": [{"type": "attack_damage","amount": 16,"operation": "add_value","slot": "mainhand","id": "minecraft:base_attack_damage"},{"type": "attack_speed","amount": -3.0,"operation": "add_value","slot": "mainhand","id": "minecraft:base_attack_speed"},{"type": "mining_efficiency","amount": 2.0,"operation": "add_value","slot": "mainhand","id": "stardust:mining_efficiency.mainhand"}],"item_model": "stardust:original_stardust_axe","item_name": {"translate": "stardust.original_stardust_axe"},"lore": [["",{"text": "I","color": "white","italic": false,"font": "stardust:icons"},{"translate": "stardustfragment","italic": true,"color": "blue"}]]}},"click_event": {"action": "show_dialog","dialog": "stardust:manual/page_98"}},
				{"text": "$胑","hover_event": {"action": "show_item","id": "netherite_helmet","components": {"custom_data": {"smithed": {"dict": {"armor": {"legendarium": true,"helmet": true}},"ignore": {"functionality": true,"crafting": true}},"stardust": {"legendarium_helmet": true}},"max_damage": 1407,"attribute_modifiers": [{"type": "armor","amount": 8.5,"operation": "add_value","slot": "head","id": "stardust:armor.head"},{"type": "armor_toughness","amount": 4.6,"operation": "add_value","slot": "head","id": "stardust:armor_toughness.head"},{"type": "knockback_resistance","amount": 0.1,"operation": "add_value","slot": "head","id": "stardust:knockback_resistance.head"}],"item_model": "stardust:legendarium_helmet","item_name": {"translate": "stardust.legendarium_helmet"},"lore": [["",{"text": "I","color": "white","italic": false,"font": "stardust:icons"},{"translate": "stardustfragment","italic": true,"color": "blue"}]]}},"click_event": {"action": "show_dialog","dialog": "stardust:manual/page_99"}},
				{"text": "$胓","hover_event": {"action": "show_item","id": "netherite_chestplate","components": {"custom_data": {"smithed": {"dict": {"armor": {"legendarium": true,"chestplate": true}},"ignore": {"functionality": true,"crafting": true}},"stardust": {"legendarium_chestplate": true}},"max_damage": 2047,"attribute_modifiers": [{"type": "armor","amount": 13.5,"operation": "add_value","slot": "chest","id": "stardust:armor.chest"},{"type": "armor_toughness","amount": 4.6,"operation": "add_value","slot": "chest","id": "stardust:armor_toughness.chest"},{"type": "knockback_resistance","amount": 0.1,"operation": "add_value","slot": "chest","id": "stardust:knockback_resistance.chest"}],"item_model": "stardust:legendarium_chestplate","item_name": {"translate": "stardust.legendarium_chestplate"},"lore": [["",{"text": "I","color": "white","italic": false,"font": "stardust:icons"},{"translate": "stardustfragment","italic": true,"color": "blue"}]]}},"click_event": {"action": "show_dialog","dialog": "stardust:manual/page_100"}},
				{"text": "$胕","hover_event": {"action": "show_item","id": "netherite_leggings","components": {"custom_data": {"smithed": {"dict": {"armor": {"legendarium": true,"leggings": true}},"ignore": {"functionality": true,"crafting": true}},"stardust": {"legendarium_leggings": true}},"max_damage": 1919,"attribute_modifiers": [{"type": "armor","amount": 11.5,"operation": "add_value","slot": "legs","id": "stardust:armor.legs"},{"type": "armor_toughness","amount": 4.6,"operation": "add_value","slot": "legs","id": "stardust:armor_toughness.legs"},{"type": "knockback_resistance","amount": 0.1,"operation": "add_value","slot": "legs","id": "stardust:knockback_resistance.legs"}],"item_model": "stardust:legendarium_leggings","item_name": {"translate": "stardust.legendarium_leggings"},"lore": [["",{"text": "I","color": "white","italic": false,"font": "stardust:icons"},{"translate": "stardustfragment","italic": true,"color": "blue"}]]}},"click_event": {"action": "show_dialog","dialog": "stardust:manual/page_101"}},
				{"text": "$胗","hover_event": {"action": "show_item","id": "netherite_boots","components": {"custom_data": {"smithed": {"dict": {"armor": {"legendarium": true,"boots": true}},"ignore": {"functionality": true,"crafting": true}},"stardust": {"legendarium_boots": true}},"max_damage": 1663,"attribute_modifiers": [{"type": "armor","amount": 8.5,"operation": "add_value","slot": "feet","id": "stardust:armor.feet"},{"type": "armor_toughness","amount": 4.6,"operation": "add_value","slot": "feet","id": "stardust:armor_toughness.feet"},{"type": "knockback_resistance","amount": 0.1,"operation": "add_value","slot": "feet","id": "stardust:knockback_resistance.feet"}],"item_model": "stardust:legendarium_boots","item_name": {"translate": "stardust.legendarium_boots"},"lore": [["",{"text": "I","color": "white","italic": false,"font": "stardust:icons"},{"translate": "stardustfragment","italic": true,"color": "blue"}]]}},"click_event": {"action": "show_dialog","dialog": "stardust:manual/page_102"}},
				"#\n",
				{"text": "!","hover_event": {"action": "show_item","id": "diamond_pickaxe","components": {"custom_data": {"smithed": {"dict": {"tools": {"original_stardust": true,"pickaxe": true}},"ignore": {"functionality": true,"crafting": true}},"stardust": {"original_stardust_pickaxe": true}},"max_damage": 4683,"attribute_modifiers": [{"type": "attack_damage","amount": 12,"operation": "add_value","slot": "mainhand","id": "minecraft:base_attack_damage"},{"type": "attack_speed","amount": -2.8,"operation": "add_value","slot": "mainhand","id": "minecraft:base_attack_speed"},{"type": "mining_efficiency","amount": 2.0,"operation": "add_value","slot": "mainhand","id": "stardust:mining_efficiency.mainhand"}],"item_model": "stardust:original_stardust_pickaxe","item_name": {"translate": "stardust.original_stardust_pickaxe"},"lore": [["",{"text": "I","color": "white","italic": false,"font": "stardust:icons"},{"translate": "stardustfragment","italic": true,"color": "blue"}]]}},"click_event": {"action": "show_dialog","dialog": "stardust:manual/page_97"}},
				{"text": "!","hover_event": {"action": "show_item","id": "diamond_axe","components": {"custom_data": {"smithed": {"dict": {"tools": {"original_stardust": true,"axe": true}},"ignore": {"functionality": true,"crafting": true}},"stardust": {"original_stardust_axe": true}},"max_damage": 4683,"attribute_modifiers": [{"type": "attack_damage","amount": 16,"operation": "add_value","slot": "mainhand","id": "minecraft:base_attack_damage"},{"type": "attack_speed","amount": -3.0,"operation": "add_value","slot": "mainhand","id": "minecraft:base_attack_speed"},{"type": "mining_efficiency","amount": 2.0,"operation": "add_value","slot": "mainhand","id": "stardust:mining_efficiency.mainhand"}],"item_model": "stardust:original_stardust_axe","item_name": {"translate": "stardust.original_stardust_axe"},"lore": [["",{"text": "I","color": "white","italic": false,"font": "stardust:icons"},{"translate": "stardustfragment","italic": true,"color": "blue"}]]}},"click_event": {"action": "show_dialog","dialog": "stardust:manual/page_98"}},
				{"text": "!","hover_event": {"action": "show_item","id": "netherite_helmet","components": {"custom_data": {"smithed": {"dict": {"armor": {"legendarium": true,"helmet": true}},"ignore": {"functionality": true,"crafting": true}},"stardust": {"legendarium_helmet": true}},"max_damage": 1407,"attribute_modifiers": [{"type": "armor","amount": 8.5,"operation": "add_value","slot": "head","id": "stardust:armor.head"},{"type": "armor_toughness","amount": 4.6,"operation": "add_value","slot": "head","id": "stardust:armor_toughness.head"},{"type": "knockback_resistance","amount": 0.1,"operation": "add_value","slot": "head","id": "stardust:knockback_resistance.head"}],"item_model": "stardust:legendarium_helmet","item_name": {"translate": "stardust.legendarium_helmet"},"lore": [["",{"text": "I","color": "white","italic": false,"font": "stardust:icons"},{"translate": "stardustfragment","italic": true,"color": "blue"}]]}},"click_event": {"action": "show_dialog","dialog": "stardust:manual/page_99"}},
				{"text": "!","hover_event": {"action": "show_item","id": "netherite_chestplate","components": {"custom_data": {"smithed": {"dict": {"armor": {"legendarium": true,"chestplate": true}},"ignore": {"functionality": true,"crafting": true}},"stardust": {"legendarium_chestplate": true}},"max_damage": 2047,"attribute_modifiers": [{"type": "armor","amount": 13.5,"operation": "add_value","slot": "chest","id": "stardust:armor.chest"},{"type": "armor_toughness","amount": 4.6,"operation": "add_value","slot": "chest","id": "stardust:armor_toughness.chest"},{"type": "knockback_resistance","amount": 0.1,"operation": "add_value","slot": "chest","id": "stardust:knockback_resistance.chest"}],"item_model": "stardust:legendarium_chestplate","item_name": {"translate": "stardust.legendarium_chestplate"},"lore": [["",{"text": "I","color": "white","italic": false,"font": "stardust:icons"},{"translate": "stardustfragment","italic": true,"color": "blue"}]]}},"click_event": {"action": "show_dialog","dialog": "stardust:manual/page_100"}},
				{"text": "!","hover_event": {"action": "show_item","id": "netherite_leggings","components": {"custom_data": {"smithed": {"dict": {"armor": {"legendarium": true,"leggings": true}},"ignore": {"functionality": true,"crafting": true}},"stardust": {"legendarium_leggings": true}},"max_damage": 1919,"attribute_modifiers": [{"type": "armor","amount": 11.5,"operation": "add_value","slot": "legs","id": "stardust:armor.legs"},{"type": "armor_toughness","amount": 4.6,"operation": "add_value","slot": "legs","id": "stardust:armor_toughness.legs"},{"type": "knockback_resistance","amount": 0.1,"operation": "add_value","slot": "legs","id": "stardust:knockback_resistance.legs"}],"item_model": "stardust:legendarium_leggings","item_name": {"translate": "stardust.legendarium_leggings"},"lore": [["",{"text": "I","color": "white","italic": false,"font": "stardust:icons"},{"translate": "stardustfragment","italic": true,"color": "blue"}]]}},"click_event": {"action": "show_dialog","dialog": "stardust:manual/page_101"}},
				{"text": "!","hover_event": {"action": "show_item","id": "netherite_boots","components": {"custom_data": {"smithed": {"dict": {"armor": {"legendarium": true,"boots": true}},"ignore": {"functionality": true,"crafting": true}},"stardust": {"legendarium_boots": true}},"max_damage": 1663,"attribute_modifiers": [{"type": "armor","amount": 8.5,"operation": "add_value","slot": "feet","id": "stardust:armor.feet"},{"type": "armor_toughness","amount": 4.6,"operation": "add_value","slot": "feet","id": "stardust:armor_toughness.feet"},{"type": "knockback_resistance","amount": 0.1,"operation": "add_value","slot": "feet","id": "stardust:knockback_resistance.feet"}],"item_model": "stardust:legendarium_boots","item_name": {"translate": "stardust.legendarium_boots"},"lore": [["",{"text": "I","color": "white","italic": false,"font": "stardust:icons"},{"translate": "stardustfragment","italic": true,"color": "blue"}]]}},"click_event": {"action": "show_dialog","dialog": "stardust:manual/page_102"}},
				"#\n",
				{"text": "$胙","hover_event": {"action": "show_item","id": "netherite_sword","components": {"custom_data": {"smithed": {"dict": {"tools": {"legendarium": true,"sword": true}},"ignore": {"functionality": true,"crafting": true}},"stardust": {"legendarium_sword": true}},"max_damage": 7024,"attribute_modifiers": [{"type": "attack_damage","amount": 20,"operation": "add_value","slot": "mainhand","id": "minecraft:base_attack_damage"},{"type": "attack_speed","amount": -2.4,"operation": "add_value","slot": "mainhand","id": "minecraft:base_attack_speed"}],"item_model": "stardust:legendarium_sword","item_name": {"translate": "stardust.legendarium_sword"},"lore": [["",{"text": "I","color": "white","italic": false,"font": "stardust:icons"},{"translate": "stardustfragment","italic": true,"color": "blue"}]]}},"click_event": {"action": "show_dialog","dialog": "stardust:manual/page_103"}},
				{"text": "$胛","hover_event": {"action": "show_item","id": "netherite_pickaxe","components": {"custom_data": {"smithed": {"dict": {"tools": {"legendarium": true,"pickaxe": true}},"ignore": {"functionality": true,"crafting": true}},"stardust": {"legendarium_pickaxe": true}},"max_damage": 7024,"attribute_modifiers": [{"type": "attack_damage","amount": 18,"operation": "add_value","slot": "mainhand","id": "minecraft:base_attack_damage"},{"type": "attack_speed","amount": -2.8,"operation": "add_value","slot": "mainhand","id": "minecraft:base_attack_speed"},{"type": "mining_efficiency","amount": 3.0,"operation": "add_value","slot": "mainhand","id": "stardust:mining_efficiency.mainhand"}],"item_model": "stardust:legendarium_pickaxe","item_name": {"translate": "stardust.legendarium_pickaxe"},"lore": [["",{"text": "I","color": "white","italic": false,"font": "stardust:icons"},{"translate": "stardustfragment","italic": true,"color": "blue"}]]}},"click_event": {"action": "show_dialog","dialog": "stardust:manual/page_104"}},
				{"text": "$胝","hover_event": {"action": "show_item","id": "netherite_axe","components": {"custom_data": {"smithed": {"dict": {"tools": {"legendarium": true,"axe": true}},"ignore": {"functionality": true,"crafting": true}},"stardust": {"legendarium_axe": true}},"max_damage": 7024,"attribute_modifiers": [{"type": "attack_damage","amount": 22,"operation": "add_value","slot": "mainhand","id": "minecraft:base_attack_damage"},{"type": "attack_speed","amount": -3.0,"operation": "add_value","slot": "mainhand","id": "minecraft:base_attack_speed"},{"type": "mining_efficiency","amount": 3.0,"operation": "add_value","slot": "mainhand","id": "stardust:mining_efficiency.mainhand"}],"item_model": "stardust:legendarium_axe","item_name": {"translate": "stardust.legendarium_axe"},"lore": [["",{"text": "I","color": "white","italic": false,"font": "stardust:icons"},{"translate": "stardustfragment","italic": true,"color": "blue"}]]}},"click_event": {"action": "show_dialog","dialog": "stardust:manual/page_105"}},
				{"text": "$胟","hover_event": {"action": "show_item","id": "netherite_helmet","components": {"custom_data": {"smithed": {"dict": {"armor": {"solarium": true,"helmet": true}},"ignore": {"functionality": true,"crafting": true}},"stardust": {"solarium_helmet": true}},"max_damage": 1564,"attribute_modifiers": [{"type": "armor","amount": 9.0,"operation": "add_value","slot": "head","id": "stardust:armor.head"},{"type": "armor_toughness","amount": 4.8,"operation": "add_value","slot": "head","id": "stardust:armor_toughness.head"},{"type": "knockback_resistance","amount": 0.1,"operation": "add_value","slot": "head","id": "stardust:knockback_resistance.head"}],"item_model": "stardust:solarium_helmet","item_name": {"translate": "stardust.solarium_helmet"},"lore": [["",{"text": "I","color": "white","italic": false,"font": "stardust:icons"},{"translate": "stardustfragment","italic": true,"color": "blue"}]]}},"click_event": {"action": "show_dialog","dialog": "stardust:manual/page_106"}},
				{"text": "$胡","hover_event": {"action": "show_item","id": "netherite_chestplate","components": {"custom_data": {"smithed": {"dict": {"armor": {"solarium": true,"chestplate": true}},"ignore": {"functionality": true,"crafting": true}},"stardust": {"solarium_chestplate": true}},"max_damage": 2275,"attribute_modifiers": [{"type": "armor","amount": 14.0,"operation": "add_value","slot": "chest","id": "stardust:armor.chest"},{"type": "armor_toughness","amount": 4.8,"operation": "add_value","slot": "chest","id": "stardust:armor_toughness.chest"},{"type": "knockback_resistance","amount": 0.1,"operation": "add_value","slot": "chest","id": "stardust:knockback_resistance.chest"}],"item_model": "stardust:solarium_chestplate","item_name": {"translate": "stardust.solarium_chestplate"},"lore": [["",{"text": "I","color": "white","italic": false,"font": "stardust:icons"},{"translate": "stardustfragment","italic": true,"color": "blue"}]]}},"click_event": {"action": "show_dialog","dialog": "stardust:manual/page_107"}},
				{"text": "$胣","hover_event": {"action": "show_item","id": "netherite_leggings","components": {"custom_data": {"smithed": {"dict": {"armor": {"solarium": true,"leggings": true}},"ignore": {"functionality": true,"crafting": true}},"stardust": {"solarium_leggings": true}},"max_damage": 2132,"attribute_modifiers": [{"type": "armor","amount": 12.0,"operation": "add_value","slot": "legs","id": "stardust:armor.legs"},{"type": "armor_toughness","amount": 4.8,"operation": "add_value","slot": "legs","id": "stardust:armor_toughness.legs"},{"type": "knockback_resistance","amount": 0.1,"operation": "add_value","slot": "legs","id": "stardust:knockback_resistance.legs"}],"item_model": "stardust:solarium_leggings","item_name": {"translate": "stardust.solarium_leggings"},"lore": [["",{"text": "I","color": "white","italic": false,"font": "stardust:icons"},{"translate": "stardustfragment","italic": true,"color": "blue"}]]}},"click_event": {"action": "show_dialog","dialog": "stardust:manual/page_108"}},
				"#\n",
				{"text": "!","hover_event": {"action": "show_item","id": "netherite_sword","components": {"custom_data": {"smithed": {"dict": {"tools": {"legendarium": true,"sword": true}},"ignore": {"functionality": true,"crafting": true}},"stardust": {"legendarium_sword": true}},"max_damage": 7024,"attribute_modifiers": [{"type": "attack_damage","amount": 20,"operation": "add_value","slot": "mainhand","id": "minecraft:base_attack_damage"},{"type": "attack_speed","amount": -2.4,"operation": "add_value","slot": "mainhand","id": "minecraft:base_attack_speed"}],"item_model": "stardust:legendarium_sword","item_name": {"translate": "stardust.legendarium_sword"},"lore": [["",{"text": "I","color": "white","italic": false,"font": "stardust:icons"},{"translate": "stardustfragment","italic": true,"color": "blue"}]]}},"click_event": {"action": "show_dialog","dialog": "stardust:manual/page_103"}},
				{"text": "!","hover_event": {"action": "show_item","id": "netherite_pickaxe","components": {"custom_data": {"smithed": {"dict": {"tools": {"legendarium": true,"pickaxe": true}},"ignore": {"functionality": true,"crafting": true}},"stardust": {"legendarium_pickaxe": true}},"max_damage": 7024,"attribute_modifiers": [{"type": "attack_damage","amount": 18,"operation": "add_value","slot": "mainhand","id": "minecraft:base_attack_damage"},{"type": "attack_speed","amount": -2.8,"operation": "add_value","slot": "mainhand","id": "minecraft:base_attack_speed"},{"type": "mining_efficiency","amount": 3.0,"operation": "add_value","slot": "mainhand","id": "stardust:mining_efficiency.mainhand"}],"item_model": "stardust:legendarium_pickaxe","item_name": {"translate": "stardust.legendarium_pickaxe"},"lore": [["",{"text": "I","color": "white","italic": false,"font": "stardust:icons"},{"translate": "stardustfragment","italic": true,"color": "blue"}]]}},"click_event": {"action": "show_dialog","dialog": "stardust:manual/page_104"}},
				{"text": "!","hover_event": {"action": "show_item","id": "netherite_axe","components": {"custom_data": {"smithed": {"dict": {"tools": {"legendarium": true,"axe": true}},"ignore": {"functionality": true,"crafting": true}},"stardust": {"legendarium_axe": true}},"max_damage": 7024,"attribute_modifiers": [{"type": "attack_damage","amount": 22,"operation": "add_value","slot": "mainhand","id": "minecraft:base_attack_damage"},{"type": "attack_speed","amount": -3.0,"operation": "add_value","slot": "mainhand","id": "minecraft:base_attack_speed"},{"type": "mining_efficiency","amount": 3.0,"operation": "add_value","slot": "mainhand","id": "stardust:mining_efficiency.mainhand"}],"item_model": "stardust:legendarium_axe","item_name": {"translate": "stardust.legendarium_axe"},"lore": [["",{"text": "I","color": "white","italic": false,"font": "stardust:icons"},{"translate": "stardustfragment","italic": true,"color": "blue"}]]}},"click_event": {"action": "show_dialog","dialog": "stardust:manual/page_105"}},
				{"text": "!","hover_event": {"action": "show_item","id": "netherite_helmet","components": {"custom_data": {"smithed": {"dict": {"armor": {"solarium": true,"helmet": true}},"ignore": {"functionality": true,"crafting": true}},"stardust": {"solarium_helmet": true}},"max_damage": 1564,"attribute_modifiers": [{"type": "armor","amount": 9.0,"operation": "add_value","slot": "head","id": "stardust:armor.head"},{"type": "armor_toughness","amount": 4.8,"operation": "add_value","slot": "head","id": "stardust:armor_toughness.head"},{"type": "knockback_resistance","amount": 0.1,"operation": "add_value","slot": "head","id": "stardust:knockback_resistance.head"}],"item_model": "stardust:solarium_helmet","item_name": {"translate": "stardust.solarium_helmet"},"lore": [["",{"text": "I","color": "white","italic": false,"font": "stardust:icons"},{"translate": "stardustfragment","italic": true,"color": "blue"}]]}},"click_event": {"action": "show_dialog","dialog": "stardust:manual/page_106"}},
				{"text": "!","hover_event": {"action": "show_item","id": "netherite_chestplate","components": {"custom_data": {"smithed": {"dict": {"armor": {"solarium": true,"chestplate": true}},"ignore": {"functionality": true,"crafting": true}},"stardust": {"solarium_chestplate": true}},"max_damage": 2275,"attribute_modifiers": [{"type": "armor","amount": 14.0,"operation": "add_value","slot": "chest","id": "stardust:armor.chest"},{"type": "armor_toughness","amount": 4.8,"operation": "add_value","slot": "chest","id": "stardust:armor_toughness.chest"},{"type": "knockback_resistance","amount": 0.1,"operation": "add_value","slot": "chest","id": "stardust:knockback_resistance.chest"}],"item_model": "stardust:solarium_chestplate","item_name": {"translate": "stardust.solarium_chestplate"},"lore": [["",{"text": "I","color": "white","italic": false,"font": "stardust:icons"},{"translate": "stardustfragment","italic": true,"color": "blue"}]]}},"click_event": {"action": "show_dialog","dialog": "stardust:manual/page_107"}},
				{"text": "!","hover_event": {"action": "show_item","id": "netherite_leggings","components": {"custom_data": {"smithed": {"dict": {"armor": {"solarium": true,"leggings": true}},"ignore": {"functionality": true,"crafting": true}},"stardust": {"solarium_leggings": true}},"max_damage": 2132,"attribute_modifiers": [{"type": "armor","amount": 12.0,"operation": "add_value","slot": "legs","id": "stardust:armor.legs"},{"type": "armor_toughness","amount": 4.8,"operation": "add_value","slot": "legs","id": "stardust:armor_toughness.legs"},{"type": "knockback_resistance","amount": 0.1,"operation": "add_value","slot": "legs","id": "stardust:knockback_resistance.legs"}],"item_model": "stardust:solarium_leggings","item_name": {"translate": "stardust.solarium_leggings"},"lore": [["",{"text": "I","color": "white","italic": false,"font": "stardust:icons"},{"translate": "stardustfragment","italic": true,"color": "blue"}]]}},"click_event": {"action": "show_dialog","dialog": "stardust:manual/page_108"}},
				"#\n",
				{"text": "$胥","hover_event": {"action": "show_item","id": "netherite_boots","components": {"custom_data": {"smithed": {"dict": {"armor": {"solarium": true,"boots": true}},"ignore": {"functionality": true,"crafting": true}},"stardust": {"solarium_boots": true}},"max_damage": 1848,"attribute_modifiers": [{"type": "armor","amount": 9.0,"operation": "add_value","slot": "feet","id": "stardust:armor.feet"},{"type": "armor_toughness","amount": 4.8,"operation": "add_value","slot": "feet","id": "stardust:armor_toughness.feet"},{"type": "knockback_resistance","amount": 0.1,"operation": "add_value","slot": "feet","id": "stardust:knockback_resistance.feet"}],"item_model": "stardust:solarium_boots","item_name": {"translate": "stardust.solarium_boots"},"lore": [["",{"text": "I","color": "white","italic": false,"font": "stardust:icons"},{"translate": "stardustfragment","italic": true,"color": "blue"}]]}},"click_event": {"action": "show_dialog","dialog": "stardust:manual/page_109"}},
				{"text": "$胧","hover_event": {"action": "show_item","id": "netherite_sword","components": {"custom_data": {"smithed": {"dict": {"tools": {"solarium": true,"sword": true}},"ignore": {"functionality": true,"crafting": true}},"stardust": {"solarium_sword": true}},"max_damage": 7805,"attribute_modifiers": [{"type": "attack_damage","amount": 22,"operation": "add_value","slot": "mainhand","id": "minecraft:base_attack_damage"},{"type": "attack_speed","amount": -2.4,"operation": "add_value","slot": "mainhand","id": "minecraft:base_attack_speed"}],"item_model": "stardust:solarium_sword","item_name": {"translate": "stardust.solarium_sword"},"lore": [["",{"text": "I","color": "white","italic": false,"font": "stardust:icons"},{"translate": "stardustfragment","italic": true,"color": "blue"}]]}},"click_event": {"action": "show_dialog","dialog": "stardust:manual/page_110"}},
				{"text": "$胩","hover_event": {"action": "show_item","id": "netherite_pickaxe","components": {"custom_data": {"smithed": {"dict": {"tools": {"solarium": true,"pickaxe": true}},"ignore": {"functionality": true,"crafting": true}},"stardust": {"solarium_pickaxe": true}},"max_damage": 7805,"attribute_modifiers": [{"type": "attack_damage","amount": 20,"operation": "add_value","slot": "mainhand","id": "minecraft:base_attack_damage"},{"type": "attack_speed","amount": -2.8,"operation": "add_value","slot": "mainhand","id": "minecraft:base_attack_speed"},{"type": "mining_efficiency","amount": 3.0,"operation": "add_value","slot": "mainhand","id": "stardust:mining_efficiency.mainhand"}],"item_model": "stardust:solarium_pickaxe","item_name": {"translate": "stardust.solarium_pickaxe"},"lore": [["",{"text": "I","color": "white","italic": false,"font": "stardust:icons"},{"translate": "stardustfragment","italic": true,"color": "blue"}]]}},"click_event": {"action": "show_dialog","dialog": "stardust:manual/page_111"}},
				{"text": "$胫","hover_event": {"action": "show_item","id": "netherite_axe","components": {"custom_data": {"smithed": {"dict": {"tools": {"solarium": true,"axe": true}},"ignore": {"functionality": true,"crafting": true}},"stardust": {"solarium_axe": true}},"max_damage": 7805,"attribute_modifiers": [{"type": "attack_damage","amount": 24,"operation": "add_value","slot": "mainhand","id": "minecraft:base_attack_damage"},{"type": "attack_speed","amount": -3.0,"operation": "add_value","slot": "mainhand","id": "minecraft:base_attack_speed"},{"type": "mining_efficiency","amount": 3.0,"operation": "add_value","slot": "mainhand","id": "stardust:mining_efficiency.mainhand"}],"item_model": "stardust:solarium_axe","item_name": {"translate": "stardust.solarium_axe"},"lore": [["",{"text": "I","color": "white","italic": false,"font": "stardust:icons"},{"translate": "stardustfragment","italic": true,"color": "blue"}]]}},"click_event": {"action": "show_dialog","dialog": "stardust:manual/page_112"}},
				{"text": "$胭","hover_event": {"action": "show_item","id": "netherite_helmet","components": {"custom_data": {"smithed": {"dict": {"armor": {"darkium": true,"helmet": true}},"ignore": {"functionality": true,"crafting": true}},"stardust": {"darkium_helmet": true}},"max_damage": 1720,"attribute_modifiers": [{"type": "armor","amount": 9.5,"operation": "add_value","slot": "head","id": "stardust:armor.head"},{"type": "armor_toughness","amount": 5.0,"operation": "add_value","slot": "head","id": "stardust:armor_toughness.head"},{"type": "knockback_resistance","amount": 0.1,"operation": "add_value","slot": "head","id": "stardust:knockback_resistance.head"}],"item_model": "stardust:darkium_helmet","item_name": {"translate": "stardust.darkium_helmet"},"lore": [["",{"text": "I","color": "white","italic": false,"font": "stardust:icons"},{"translate": "stardustfragment","italic": true,"color": "blue"}]]}},"click_event": {"action": "show_dialog","dialog": "stardust:manual/page_113"}},
				{"text": "$胯","hover_event": {"action": "show_item","id": "netherite_chestplate","components": {"custom_data": {"smithed": {"dict": {"armor": {"darkium": true,"chestplate": true}},"ignore": {"functionality": true,"crafting": true}},"stardust": {"darkium_chestplate": true}},"max_damage": 2502,"attribute_modifiers": [{"type": "armor","amount": 14.5,"operation": "add_value","slot": "chest","id": "stardust:armor.chest"},{"type": "armor_toughness","amount": 5.0,"operation": "add_value","slot": "chest","id": "stardust:armor_toughness.chest"},{"type": "knockback_resistance","amount": 0.1,"operation": "add_value","slot": "chest","id": "stardust:knockback_resistance.chest"}],"item_model": "stardust:darkium_chestplate","item_name": {"translate": "stardust.darkium_chestplate"},"lore": [["",{"text": "I","color": "white","italic": false,"font": "stardust:icons"},{"translate": "stardustfragment","italic": true,"color": "blue"}]]}},"click_event": {"action": "show_dialog","dialog": "stardust:manual/page_114"}},
				"#\n",
				{"text": "!","hover_event": {"action": "show_item","id": "netherite_boots","components": {"custom_data": {"smithed": {"dict": {"armor": {"solarium": true,"boots": true}},"ignore": {"functionality": true,"crafting": true}},"stardust": {"solarium_boots": true}},"max_damage": 1848,"attribute_modifiers": [{"type": "armor","amount": 9.0,"operation": "add_value","slot": "feet","id": "stardust:armor.feet"},{"type": "armor_toughness","amount": 4.8,"operation": "add_value","slot": "feet","id": "stardust:armor_toughness.feet"},{"type": "knockback_resistance","amount": 0.1,"operation": "add_value","slot": "feet","id": "stardust:knockback_resistance.feet"}],"item_model": "stardust:solarium_boots","item_name": {"translate": "stardust.solarium_boots"},"lore": [["",{"text": "I","color": "white","italic": false,"font": "stardust:icons"},{"translate": "stardustfragment","italic": true,"color": "blue"}]]}},"click_event": {"action": "show_dialog","dialog": "stardust:manual/page_109"}},
				{"text": "!","hover_event": {"action": "show_item","id": "netherite_sword","components": {"custom_data": {"smithed": {"dict": {"tools": {"solarium": true,"sword": true}},"ignore": {"functionality": true,"crafting": true}},"stardust": {"solarium_sword": true}},"max_damage": 7805,"attribute_modifiers": [{"type": "attack_damage","amount": 22,"operation": "add_value","slot": "mainhand","id": "minecraft:base_attack_damage"},{"type": "attack_speed","amount": -2.4,"operation": "add_value","slot": "mainhand","id": "minecraft:base_attack_speed"}],"item_model": "stardust:solarium_sword","item_name": {"translate": "stardust.solarium_sword"},"lore": [["",{"text": "I","color": "white","italic": false,"font": "stardust:icons"},{"translate": "stardustfragment","italic": true,"color": "blue"}]]}},"click_event": {"action": "show_dialog","dialog": "stardust:manual/page_110"}},
				{"text": "!","hover_event": {"action": "show_item","id": "netherite_pickaxe","components": {"custom_data": {"smithed": {"dict": {"tools": {"solarium": true,"pickaxe": true}},"ignore": {"functionality": true,"crafting": true}},"stardust": {"solarium_pickaxe": true}},"max_damage": 7805,"attribute_modifiers": [{"type": "attack_damage","amount": 20,"operation": "add_value","slot": "mainhand","id": "minecraft:base_attack_damage"},{"type": "attack_speed","amount": -2.8,"operation": "add_value","slot": "mainhand","id": "minecraft:base_attack_speed"},{"type": "mining_efficiency","amount": 3.0,"operation": "add_value","slot": "mainhand","id": "stardust:mining_efficiency.mainhand"}],"item_model": "stardust:solarium_pickaxe","item_name": {"translate": "stardust.solarium_pickaxe"},"lore": [["",{"text": "I","color": "white","italic": false,"font": "stardust:icons"},{"translate": "stardustfragment","italic": true,"color": "blue"}]]}},"click_event": {"action": "show_dialog","dialog": "stardust:manual/page_111"}},
				{"text": "!","hover_event": {"action": "show_item","id": "netherite_axe","components": {"custom_data": {"smithed": {"dict": {"tools": {"solarium": true,"axe": true}},"ignore": {"functionality": true,"crafting": true}},"stardust": {"solarium_axe": true}},"max_damage": 7805,"attribute_modifiers": [{"type": "attack_damage","amount": 24,"operation": "add_value","slot": "mainhand","id": "minecraft:base_attack_damage"},{"type": "attack_speed","amount": -3.0,"operation": "add_value","slot": "mainhand","id": "minecraft:base_attack_speed"},{"type": "mining_efficiency","amount": 3.0,"operation": "add_value","slot": "mainhand","id": "stardust:mining_efficiency.mainhand"}],"item_model": "stardust:solarium_axe","item_name": {"translate": "stardust.solarium_axe"},"lore": [["",{"text": "I","color": "white","italic": false,"font": "stardust:icons"},{"translate": "stardustfragment","italic": true,"color": "blue"}]]}},"click_event": {"action": "show_dialog","dialog": "stardust:manual/page_112"}},
				{"text": "!","hover_event": {"action": "show_item","id": "netherite_helmet","components": {"custom_data": {"smithed": {"dict": {"armor": {"darkium": true,"helmet": true}},"ignore": {"functionality": true,"crafting": true}},"stardust": {"darkium_helmet": true}},"max_damage": 1720,"attribute_modifiers": [{"type": "armor","amount": 9.5,"operation": "add_value","slot": "head","id": "stardust:armor.head"},{"type": "armor_toughness","amount": 5.0,"operation": "add_value","slot": "head","id": "stardust:armor_toughness.head"},{"type": "knockback_resistance","amount": 0.1,"operation": "add_value","slot": "head","id": "stardust:knockback_resistance.head"}],"item_model": "stardust:darkium_helmet","item_name": {"translate": "stardust.darkium_helmet"},"lore": [["",{"text": "I","color": "white","italic": false,"font": "stardust:icons"},{"translate": "stardustfragment","italic": true,"color": "blue"}]]}},"click_event": {"action": "show_dialog","dialog": "stardust:manual/page_113"}},
				{"text": "!","hover_event": {"action": "show_item","id": "netherite_chestplate","components": {"custom_data": {"smithed": {"dict": {"armor": {"darkium": true,"chestplate": true}},"ignore": {"functionality": true,"crafting": true}},"stardust": {"darkium_chestplate": true}},"max_damage": 2502,"attribute_modifiers": [{"type": "armor","amount": 14.5,"operation": "add_value","slot": "chest","id": "stardust:armor.chest"},{"type": "armor_toughness","amount": 5.0,"operation": "add_value","slot": "chest","id": "stardust:armor_toughness.chest"},{"type": "knockback_resistance","amount": 0.1,"operation": "add_value","slot": "chest","id": "stardust:knockback_resistance.chest"}],"item_model": "stardust:darkium_chestplate","item_name": {"translate": "stardust.darkium_chestplate"},"lore": [["",{"text": "I","color": "white","italic": false,"font": "stardust:icons"},{"translate": "stardustfragment","italic": true,"color": "blue"}]]}},"click_event": {"action": "show_dialog","dialog": "stardust:manual/page_114"}},
				"#\n",
				{"text": "$胱","hover_event": {"action": "show_item","id": "netherite_leggings","components": {"custom_data": {"smithed": {"dict": {"armor": {"darkium": true,"leggings": true}},"ignore": {"functionality": true,"crafting": true}},"stardust": {"darkium_leggings": true}},"max_damage": 2345,"attribute_modifiers": [{"type": "armor","amount": 12.5,"operation": "add_value","slot": "legs","id": "stardust:armor.legs"},{"type": "armor_toughness","amount": 5.0,"operation": "add_value","slot": "legs","id": "stardust:armor_toughness.legs"},{"type": "knockback_resistance","amount": 0.1,"operation": "add_value","slot": "legs","id": "stardust:knockback_resistance.legs"}],"item_model": "stardust:darkium_leggings","item_name": {"translate": "stardust.darkium_leggings"},"lore": [["",{"text": "I","color": "white","italic": false,"font": "stardust:icons"},{"translate": "stardustfragment","italic": true,"color": "blue"}]]}},"click_event": {"action": "show_dialog","dialog": "stardust:manual/page_115"}},
				{"text": "$胳","hover_event": {"action": "show_item","id": "netherite_boots","components": {"custom_data": {"smithed": {"dict": {"armor": {"darkium": true,"boots": true}},"ignore": {"functionality": true,"crafting": true}},"stardust": {"darkium_boots": true}},"max_damage": 2033,"attribute_modifiers": [{"type": "armor","amount": 9.5,"operation": "add_value","slot": "feet","id": "stardust:armor.feet"},{"type": "armor_toughness","amount": 5.0,"operation": "add_value","slot": "feet","id": "stardust:armor_toughness.feet"},{"type": "knockback_resistance","amount": 0.1,"operation": "add_value","slot": "feet","id": "stardust:knockback_resistance.feet"}],"item_model": "stardust:darkium_boots","item_name": {"translate": "stardust.darkium_boots"},"lore": [["",{"text": "I","color": "white","italic": false,"font": "stardust:icons"},{"translate": "stardustfragment","italic": true,"color": "blue"}]]}},"click_event": {"action": "show_dialog","dialog": "stardust:manual/page_116"}},
				{"text": "$胵","hover_event": {"action": "show_item","id": "netherite_sword","components": {"custom_data": {"smithed": {"dict": {"tools": {"darkium": true,"sword": true}},"ignore": {"functionality": true,"crafting": true}},"stardust": {"darkium_sword": true}},"max_damage": 8585,"attribute_modifiers": [{"type": "attack_damage","amount": 24,"operation": "add_value","slot": "mainhand","id": "minecraft:base_attack_damage"},{"type": "attack_speed","amount": -2.4,"operation": "add_value","slot": "mainhand","id": "minecraft:base_attack_speed"}],"item_model": "stardust:darkium_sword","item_name": {"translate": "stardust.darkium_sword"},"lore": [["",{"text": "I","color": "white","italic": false,"font": "stardust:icons"},{"translate": "stardustfragment","italic": true,"color": "blue"}]]}},"click_event": {"action": "show_dialog","dialog": "stardust:manual/page_117"}},
				{"text": "$胷","hover_event": {"action": "show_item","id": "netherite_pickaxe","components": {"custom_data": {"smithed": {"dict": {"tools": {"darkium": true,"pickaxe": true}},"ignore": {"functionality": true,"crafting": true}},"stardust": {"darkium_pickaxe": true}},"max_damage": 8585,"attribute_modifiers": [{"type": "attack_damage","amount": 22,"operation": "add_value","slot": "mainhand","id": "minecraft:base_attack_damage"},{"type": "attack_speed","amount": -2.8,"operation": "add_value","slot": "mainhand","id": "minecraft:base_attack_speed"},{"type": "mining_efficiency","amount": 3.0,"operation": "add_value","slot": "mainhand","id": "stardust:mining_efficiency.mainhand"}],"item_model": "stardust:darkium_pickaxe","item_name": {"translate": "stardust.darkium_pickaxe"},"lore": [["",{"text": "I","color": "white","italic": false,"font": "stardust:icons"},{"translate": "stardustfragment","italic": true,"color": "blue"}]]}},"click_event": {"action": "show_dialog","dialog": "stardust:manual/page_118"}},
				{"text": "$胹","hover_event": {"action": "show_item","id": "netherite_axe","components": {"custom_data": {"smithed": {"dict": {"tools": {"darkium": true,"axe": true}},"ignore": {"functionality": true,"crafting": true}},"stardust": {"darkium_axe": true}},"max_damage": 8585,"attribute_modifiers": [{"type": "attack_damage","amount": 26,"operation": "add_value","slot": "mainhand","id": "minecraft:base_attack_damage"},{"type": "attack_speed","amount": -3.0,"operation": "add_value","slot": "mainhand","id": "minecraft:base_attack_speed"},{"type": "mining_efficiency","amount": 3.0,"operation": "add_value","slot": "mainhand","id": "stardust:mining_efficiency.mainhand"}],"item_model": "stardust:darkium_axe","item_name": {"translate": "stardust.darkium_axe"},"lore": [["",{"text": "I","color": "white","italic": false,"font": "stardust:icons"},{"translate": "stardustfragment","italic": true,"color": "blue"}]]}},"click_event": {"action": "show_dialog","dialog": "stardust:manual/page_119"}},
				{"text": "$胻","hover_event": {"action": "show_item","id": "elytra","components": {"max_damage": 3456,"attribute_modifiers": [{"type": "armor","amount": 10,"operation": "add_value","slot": "chest","id": "stardust:armor.chest"},{"type": "armor_toughness","amount": 4,"operation": "add_value","slot": "chest","id": "stardust:armor_toughness.chest"},{"type": "knockback_resistance","amount": 0.1,"operation": "add_value","slot": "chest","id": "stardust:knockback_resistance.chest"}],"item_model": "stardust:ultimate_elytra","item_name": {"translate": "stardust.ultimate_elytra"},"lore": [["",{"text": "I","color": "white","italic": false,"font": "stardust:icons"},{"translate": "stardustfragment","italic": true,"color": "blue"}]],"custom_data": {"stardust": {"ultimate_elytra": true},"smithed": {"ignore": {"functionality": true,"crafting": true}}}}},"click_event": {"action": "show_dialog","dialog": "stardust:manual/page_120"}},
				"#\n",
				{"text": "!","hover_event": {"action": "show_item","id": "netherite_leggings","components": {"custom_data": {"smithed": {"dict": {"armor": {"darkium": true,"leggings": true}},"ignore": {"functionality": true,"crafting": true}},"stardust": {"darkium_leggings": true}},"max_damage": 2345,"attribute_modifiers": [{"type": "armor","amount": 12.5,"operation": "add_value","slot": "legs","id": "stardust:armor.legs"},{"type": "armor_toughness","amount": 5.0,"operation": "add_value","slot": "legs","id": "stardust:armor_toughness.legs"},{"type": "knockback_resistance","amount": 0.1,"operation": "add_value","slot": "legs","id": "stardust:knockback_resistance.legs"}],"item_model": "stardust:darkium_leggings","item_name": {"translate": "stardust.darkium_leggings"},"lore": [["",{"text": "I","color": "white","italic": false,"font": "stardust:icons"},{"translate": "stardustfragment","italic": true,"color": "blue"}]]}},"click_event": {"action": "show_dialog","dialog": "stardust:manual/page_115"}},
				{"text": "!","hover_event": {"action": "show_item","id": "netherite_boots","components": {"custom_data": {"smithed": {"dict": {"armor": {"darkium": true,"boots": true}},"ignore": {"functionality": true,"crafting": true}},"stardust": {"darkium_boots": true}},"max_damage": 2033,"attribute_modifiers": [{"type": "armor","amount": 9.5,"operation": "add_value","slot": "feet","id": "stardust:armor.feet"},{"type": "armor_toughness","amount": 5.0,"operation": "add_value","slot": "feet","id": "stardust:armor_toughness.feet"},{"type": "knockback_resistance","amount": 0.1,"operation": "add_value","slot": "feet","id": "stardust:knockback_resistance.feet"}],"item_model": "stardust:darkium_boots","item_name": {"translate": "stardust.darkium_boots"},"lore": [["",{"text": "I","color": "white","italic": false,"font": "stardust:icons"},{"translate": "stardustfragment","italic": true,"color": "blue"}]]}},"click_event": {"action": "show_dialog","dialog": "stardust:manual/page_116"}},
				{"text": "!","hover_event": {"action": "show_item","id": "netherite_sword","components": {"custom_data": {"smithed": {"dict": {"tools": {"darkium": true,"sword": true}},"ignore": {"functionality": true,"crafting": true}},"stardust": {"darkium_sword": true}},"max_damage": 8585,"attribute_modifiers": [{"type": "attack_damage","amount": 24,"operation": "add_value","slot": "mainhand","id": "minecraft:base_attack_damage"},{"type": "attack_speed","amount": -2.4,"operation": "add_value","slot": "mainhand","id": "minecraft:base_attack_speed"}],"item_model": "stardust:darkium_sword","item_name": {"translate": "stardust.darkium_sword"},"lore": [["",{"text": "I","color": "white","italic": false,"font": "stardust:icons"},{"translate": "stardustfragment","italic": true,"color": "blue"}]]}},"click_event": {"action": "show_dialog","dialog": "stardust:manual/page_117"}},
				{"text": "!","hover_event": {"action": "show_item","id": "netherite_pickaxe","components": {"custom_data": {"smithed": {"dict": {"tools": {"darkium": true,"pickaxe": true}},"ignore": {"functionality": true,"crafting": true}},"stardust": {"darkium_pickaxe": true}},"max_damage": 8585,"attribute_modifiers": [{"type": "attack_damage","amount": 22,"operation": "add_value","slot": "mainhand","id": "minecraft:base_attack_damage"},{"type": "attack_speed","amount": -2.8,"operation": "add_value","slot": "mainhand","id": "minecraft:base_attack_speed"},{"type": "mining_efficiency","amount": 3.0,"operation": "add_value","slot": "mainhand","id": "stardust:mining_efficiency.mainhand"}],"item_model": "stardust:darkium_pickaxe","item_name": {"translate": "stardust.darkium_pickaxe"},"lore": [["",{"text": "I","color": "white","italic": false,"font": "stardust:icons"},{"translate": "stardustfragment","italic": true,"color": "blue"}]]}},"click_event": {"action": "show_dialog","dialog": "stardust:manual/page_118"}},
				{"text": "!","hover_event": {"action": "show_item","id": "netherite_axe","components": {"custom_data": {"smithed": {"dict": {"tools": {"darkium": true,"axe": true}},"ignore": {"functionality": true,"crafting": true}},"stardust": {"darkium_axe": true}},"max_damage": 8585,"attribute_modifiers": [{"type": "attack_damage","amount": 26,"operation": "add_value","slot": "mainhand","id": "minecraft:base_attack_damage"},{"type": "attack_speed","amount": -3.0,"operation": "add_value","slot": "mainhand","id": "minecraft:base_attack_speed"},{"type": "mining_efficiency","amount": 3.0,"operation": "add_value","slot": "mainhand","id": "stardust:mining_efficiency.mainhand"}],"item_model": "stardust:darkium_axe","item_name": {"translate": "stardust.darkium_axe"},"lore": [["",{"text": "I","color": "white","italic": false,"font": "stardust:icons"},{"translate": "stardustfragment","italic": true,"color": "blue"}]]}},"click_event": {"action": "show_dialog","dialog": "stardust:manual/page_119"}},
				{"text": "!","hover_event": {"action": "show_item","id": "elytra","components": {"max_damage": 3456,"attribute_modifiers": [{"type": "armor","amount": 10,"operation": "add_value","slot": "chest","id": "stardust:armor.chest"},{"type": "armor_toughness","amount": 4,"operation": "add_value","slot": "chest","id": "stardust:armor_toughness.chest"},{"type": "knockback_resistance","amount": 0.1,"operation": "add_value","slot": "chest","id": "stardust:knockback_resistance.chest"}],"item_model": "stardust:ultimate_elytra","item_name": {"translate": "stardust.ultimate_elytra"},"lore": [["",{"text": "I","color": "white","italic": false,"font": "stardust:icons"},{"translate": "stardustfragment","italic": true,"color": "blue"}]],"custom_data": {"stardust": {"ultimate_elytra": true},"smithed": {"ignore": {"functionality": true,"crafting": true}}}}},"click_event": {"action": "show_dialog","dialog": "stardust:manual/page_120"}},
				"#\n",
				{"text": "$能","hover_event": {"action": "show_item","id": "bow","components": {"max_damage": 768,"item_model": "stardust:stardust_bow","item_name": {"translate": "stardust_bow"},"lore": [["",{"text": "I","color": "white","italic": false,"font": "stardust:icons"},{"translate": "stardustfragment","italic": true,"color": "blue"}]],"custom_data": {"stardust": {"stardust_bow": true},"smithed": {"ignore": {"functionality": true,"crafting": true}}}}},"click_event": {"action": "show_dialog","dialog": "stardust:manual/page_121"}},
				{"text": "$胿","hover_event": {"action": "show_item","id": "bow","components": {"max_damage": 1536,"item_model": "stardust:awakened_stardust_bow","item_name": {"translate": "stardust.awakened_stardust_bow"},"lore": [["",{"text": "I","color": "white","italic": false,"font": "stardust:icons"},{"translate": "stardustfragment","italic": true,"color": "blue"}]],"custom_data": {"stardust": {"awakened_stardust_bow": true},"smithed": {"ignore": {"functionality": true,"crafting": true}}}}},"click_event": {"action": "show_dialog","dialog": "stardust:manual/page_122"}},
				{"text": "$脁","hover_event": {"action": "show_item","id": "bow","components": {"max_damage": 3072,"item_model": "stardust:ultimate_bow","item_name": {"translate": "stardust.ultimate_bow"},"lore": [["",{"text": "I","color": "white","italic": false,"font": "stardust:icons"},{"translate": "stardustfragment","italic": true,"color": "blue"}]],"custom_data": {"stardust": {"ultimate_bow": true},"smithed": {"ignore": {"functionality": true,"crafting": true}}}}},"click_event": {"action": "show_dialog","dialog": "stardust:manual/page_123"}},
				{"text": "$脃","hover_event": {"action": "show_item","id": "warped_fungus_on_a_stick","components": {"max_damage": 672,"item_model": "stardust:stardust_sniper","item_name": {"translate": "stardust_sniper"},"lore": [["",{"text": "I","color": "white","italic": false,"font": "stardust:icons"},{"translate": "stardustfragment","italic": true,"color": "blue"}]],"custom_data": {"stardust": {"stardust_sniper": true},"smithed": {"ignore": {"functionality": true,"crafting": true}}}}},"click_event": {"action": "show_dialog","dialog": "stardust:manual/page_124"}},
				{"text": "$脅","hover_event": {"action": "show_item","id": "warped_fungus_on_a_stick","components": {"max_damage": 1344,"item_model": "stardust:awakened_stardust_sniper","item_name": {"translate": "stardust.awakened_stardust_sniper"},"lore": [["",{"text": "I","color": "white","italic": false,"font": "stardust:icons"},{"translate": "stardustfragment","italic": true,"color": "blue"}]],"custom_data": {"stardust": {"awakened_stardust_sniper": true},"smithed": {"ignore": {"functionality": true,"crafting": true}}}}},"click_event": {"action": "show_dialog","dialog": "stardust:manual/page_125"}},
				{"text": "$脇","hover_event": {"action": "show_item","id": "warped_fungus_on_a_stick","components": {"max_damage": 2688,"item_model": "stardust:ultimate_sniper","item_name": {"translate": "stardust.ultimate_sniper"},"lore": [["",{"text": "I","color": "white","italic": false,"font": "stardust:icons"},{"translate": "stardustfragment","italic": true,"color": "blue"}]],"custom_data": {"stardust": {"ultimate_sniper": true},"smithed": {"ignore": {"functionality": true,"crafting": true}}}}},"click_event": {"action": "show_dialog","dialog": "stardust:manual/page_126"}},
				"#\n",
				{"text": "!","hover_event": {"action": "show_item","id": "bow","components": {"max_damage": 768,"item_model": "stardust:stardust_bow","item_name": {"translate": "stardust_bow"},"lore": [["",{"text": "I","color": "white","italic": false,"font": "stardust:icons"},{"translate": "stardustfragment","italic": true,"color": "blue"}]],"custom_data": {"stardust": {"stardust_bow": true},"smithed": {"ignore": {"functionality": true,"crafting": true}}}}},"click_event": {"action": "show_dialog","dialog": "stardust:manual/page_121"}},
				{"text": "!","hover_event": {"action": "show_item","id": "bow","components": {"max_damage": 1536,"item_model": "stardust:awakened_stardust_bow","item_name": {"translate": "stardust.awakened_stardust_bow"},"lore": [["",{"text": "I","color": "white","italic": false,"font": "stardust:icons"},{"translate": "stardustfragment","italic": true,"color": "blue"}]],"custom_data": {"stardust": {"awakened_stardust_bow": true},"smithed": {"ignore": {"functionality": true,"crafting": true}}}}},"click_event": {"action": "show_dialog","dialog": "stardust:manual/page_122"}},
				{"text": "!","hover_event": {"action": "show_item","id": "bow","components": {"max_damage": 3072,"item_model": "stardust:ultimate_bow","item_name": {"translate": "stardust.ultimate_bow"},"lore": [["",{"text": "I","color": "white","italic": false,"font": "stardust:icons"},{"translate": "stardustfragment","italic": true,"color": "blue"}]],"custom_data": {"stardust": {"ultimate_bow": true},"smithed": {"ignore": {"functionality": true,"crafting": true}}}}},"click_event": {"action": "show_dialog","dialog": "stardust:manual/page_123"}},
				{"text": "!","hover_event": {"action": "show_item","id": "warped_fungus_on_a_stick","components": {"max_damage": 672,"item_model": "stardust:stardust_sniper","item_name": {"translate": "stardust_sniper"},"lore": [["",{"text": "I","color": "white","italic": false,"font": "stardust:icons"},{"translate": "stardustfragment","italic": true,"color": "blue"}]],"custom_data": {"stardust": {"stardust_sniper": true},"smithed": {"ignore": {"functionality": true,"crafting": true}}}}},"click_event": {"action": "show_dialog","dialog": "stardust:manual/page_124"}},
				{"text": "!","hover_event": {"action": "show_item","id": "warped_fungus_on_a_stick","components": {"max_damage": 1344,"item_model": "stardust:awakened_stardust_sniper","item_name": {"translate": "stardust.awakened_stardust_sniper"},"lore": [["",{"text": "I","color": "white","italic": false,"font": "stardust:icons"},{"translate": "stardustfragment","italic": true,"color": "blue"}]],"custom_data": {"stardust": {"awakened_stardust_sniper": true},"smithed": {"ignore": {"functionality": true,"crafting": true}}}}},"click_event": {"action": "show_dialog","dialog": "stardust:manual/page_125"}},
				{"text": "!","hover_event": {"action": "show_item","id": "warped_fungus_on_a_stick","components": {"max_damage": 2688,"item_model": "stardust:ultimate_sniper","item_name": {"translate": "stardust.ultimate_sniper"},"lore": [["",{"text": "I","color": "white","italic": false,"font": "stardust:icons"},{"translate": "stardustfragment","italic": true,"color": "blue"}]],"custom_data": {"stardust": {"ultimate_sniper": true},"smithed": {"ignore": {"functionality": true,"crafting": true}}}}},"click_event": {"action": "show_dialog","dialog": "stardust:manual/page_126"}},
				"#\n",
				"\n\n\n\n\n\n\n\n\n\n"
			],
			"width": 140
		}
	]
}
