{
	"type": "minecraft:notice",
	"title": [
		{
			"sprite": "stardust:item/home_travel_staff",
			"shadow_color": [
				0,
				0,
				0,
				0
			],
			"atlas": "minecraft:items"
		},
		" ",
		{
			"translate": "stardust.home_travel_staff",
			"underlined": true
		},
		" ",
		{
			"sprite": "stardust:item/home_travel_staff",
			"shadow_color": [
				0,
				0,
				0,
				0
			],
			"atlas": "minecraft:items"
		}
	],
	"body": [
		{
			"type": "minecraft:plain_message",
			"contents": [
				{"text": "V   ","font": "stardust:manual","color": "white"},
				{"text": "\n   ","click_event": {"action": "show_dialog","dialog": "stardust:manual/page_141"},"hover_event": {"action": "show_text","value": [{"translate": "stardust.go_to_previous_page"}," (141)"]}},
				" ",
				{"text": "   ","click_event": {"action": "show_dialog","dialog": "stardust:manual/page_143"},"hover_event": {"action": "show_text","value": [{"translate": "stardust.go_to_next_page"}," (143)"]}},
				{"text": "\n   ","click_event": {"action": "show_dialog","dialog": "stardust:manual/page_141"},"hover_event": {"action": "show_text","value": [{"translate": "stardust.go_to_previous_page"}," (141)"]}},
				" ",
				{"text": "   ","click_event": {"action": "show_dialog","dialog": "stardust:manual/page_143"},"hover_event": {"action": "show_text","value": [{"translate": "stardust.go_to_next_page"}," (143)"]}}
			],
			"width": 400
		},
		{
			"type": "minecraft:plain_message",
			"contents": [
				{"text": "","font": "stardust:manual","color": "white","shadow_color": [0,0,0,0]},
				"\"$5\n\"",
				{"text": "$聍","hover_event": {"action": "show_item","id": "ender_pearl","components": {"item_name": {"translate": "stardust.dragon_pearl","italic": false,"color": "dark_purple"},"use_cooldown": {"seconds": 0.5},"item_model": "stardust:dragon_pearl","lore": [["",{"text": "I","color": "white","italic": false,"font": "stardust:icons"},{"translate": "stardustfragment","italic": true,"color": "blue"}]],"custom_data": {"stardust": {"dragon_pearl": true},"smithed": {"ignore": {"functionality": true,"crafting": true}}}}},"click_event": {"action": "show_dialog","dialog": "stardust:manual/page_34"}},
				"U$  \n\"",
				{"text": "U$","hover_event": {"action": "show_item","id": "ender_pearl","components": {"item_name": {"translate": "stardust.dragon_pearl","italic": false,"color": "dark_purple"},"use_cooldown": {"seconds": 0.5},"item_model": "stardust:dragon_pearl","lore": [["",{"text": "I","color": "white","italic": false,"font": "stardust:icons"},{"translate": "stardustfragment","italic": true,"color": "blue"}]],"custom_data": {"stardust": {"dragon_pearl": true},"smithed": {"ignore": {"functionality": true,"crafting": true}}}}},"click_event": {"action": "show_dialog","dialog": "stardust:manual/page_34"}},
				"U$U$",
				{"text": "$$脥","hover_event": {"action": "show_item","id": "command_block","components": {"consumable": {"consume_seconds": 1024,"has_consume_particles": false},"max_damage": 64,"item_model": "stardust:home_travel_staff","item_name": {"translate": "stardust.home_travel_staff"},"lore": [["",{"text": "I","color": "white","italic": false,"font": "stardust:icons"},{"translate": "stardustfragment","italic": true,"color": "blue"}]],"custom_data": {"stardust": {"home_travel_staff": true},"smithed": {"ignore": {"functionality": true,"crafting": true}}}}}},
				"#$\n\"",
				{"text": "$蜳","hover_event": {"action": "show_item","id": "minecraft:stick","components": {}}},
				"U$U$",
				{"text": "U$","hover_event": {"action": "show_item","id": "command_block","components": {"consumable": {"consume_seconds": 1024,"has_consume_particles": false},"max_damage": 64,"item_model": "stardust:home_travel_staff","item_name": {"translate": "stardust.home_travel_staff"},"lore": [["",{"text": "I","color": "white","italic": false,"font": "stardust:icons"},{"translate": "stardustfragment","italic": true,"color": "blue"}]],"custom_data": {"stardust": {"home_travel_staff": true},"smithed": {"ignore": {"functionality": true,"crafting": true}}}}}},
				"#$\n\"",
				{"text": "U$\n\n","hover_event": {"action": "show_item","id": "minecraft:stick","components": {}}},
				{"text": "1##","hover_event": {"action": "show_text","value": [{"translate": "stardust.staff_that_teleports_you_to_your_spawn_point","color": "yellow"},{"translate": "stardust.right_click_to_teleport_to_your_bed_or_world_spawn","color": "gray"},{"translate": "stardust.has_64_uses_before_breaking","color": "gray"}]}},
				{"text": "2\n","hover_event": {"action": "show_text","value": [{"text": ""},[{"text": "","font": "stardust:manual","color": "white"},"\"E\n","\"",{"text": "$聍"},"\n","\"",{"text": "U$"},"U$U$",{"text": "$$脥"},"\n","\"",{"text": "$蜳"},"U$U$",{"text": "U$"},"\n","\"",{"text": "U$"},"\n"],{"text": "\n- x1 ","color": "gray"},{"translate": "stardust.dragon_pearl","color": "gray"},{"text": "\n- x1 ","color": "gray"},{"translate": "stardust.stick","color": "gray"}]}},
				{"text": "0##","hover_event": {"action": "show_text","value": [{"translate": "stardust.staff_that_teleports_you_to_your_spawn_point","color": "yellow"},{"translate": "stardust.right_click_to_teleport_to_your_bed_or_world_spawn","color": "gray"},{"translate": "stardust.has_64_uses_before_breaking","color": "gray"}]}},
				{"text": "0","hover_event": {"action": "show_text","value": [{"text": ""},[{"text": "","font": "stardust:manual","color": "white"},"\"E\n","\"",{"text": "$聍"},"\n","\"",{"text": "U$"},"U$U$",{"text": "$$脥"},"\n","\"",{"text": "$蜳"},"U$U$",{"text": "U$"},"\n","\"",{"text": "U$"},"\n"],{"text": "\n- x1 ","color": "gray"},{"translate": "stardust.dragon_pearl","color": "gray"},{"text": "\n- x1 ","color": "gray"},{"translate": "stardust.stick","color": "gray"}]}},
				"\n\n\n\n\n\n\n\n\n\n\n\n\n\n\n\n\n\n"
			],
			"width": 140
		}
	]
}
