{
	"type": "minecraft:notice",
	"title": [
		{
			"sprite": "stardust:item/darkium_ingot",
			"atlas": "minecraft:items",
			"shadow_color": [
				0,
				0,
				0,
				0
			]
		},
		" ",
		{
			"translate": "stardust.darkium_ingot",
			"underlined": true
		},
		" ",
		{
			"sprite": "stardust:item/darkium_ingot",
			"atlas": "minecraft:items",
			"shadow_color": [
				0,
				0,
				0,
				0
			]
		}
	],
	"body": [
		{
			"type": "minecraft:plain_message",
			"contents": [
				{"text": "V   ","font": "stardust:manual","color": "white"},
				{"text": "\n   ","click_event": {"action": "show_dialog","dialog": "stardust:manual/page_31"},"hover_event": {"action": "show_text","value": [{"translate": "stardust.go_to_previous_page"}," (31)"]}},
				" ",
				{"text": "   ","click_event": {"action": "show_dialog","dialog": "stardust:manual/page_33"},"hover_event": {"action": "show_text","value": [{"translate": "stardust.go_to_next_page"}," (33)"]}},
				{"text": "\n   ","click_event": {"action": "show_dialog","dialog": "stardust:manual/page_31"},"hover_event": {"action": "show_text","value": [{"translate": "stardust.go_to_previous_page"}," (31)"]}},
				" ",
				{"text": "   ","click_event": {"action": "show_dialog","dialog": "stardust:manual/page_33"},"hover_event": {"action": "show_text","value": [{"translate": "stardust.go_to_next_page"}," (33)"]}}
			],
			"width": 400
		},
		{
			"type": "minecraft:plain_message",
			"contents": [
				{"text": "","font": "stardust:manual","color": "white","shadow_color": [0,0,0,0]},
				"\"$9\n\n\n\"",
				{"text": "$聋","hover_event": {"action": "show_item","id": "furnace","components": {"custom_data": {"smithed": {"dict": {"block": {"darkium": true}},"ignore": {"functionality": true,"crafting": true}},"stardust": {"darkium_block": true}},"item_model": "stardust:darkium_block","item_name": {"translate": "stardust.darkium_block"},"lore": [["",{"text": "I","color": "white","italic": false,"font": "stardust:icons"},{"translate": "stardustfragment","italic": true,"color": "blue"}]],"container": [{"slot": 0,"item": {"id": "minecraft:stone","count": 1,"components": {"minecraft:custom_data": {"smithed": {"block": {"id": "stardust:darkium_block","from": "stardust"}}}}}}],"tooltip_display": {"hidden_components": ["minecraft:container"]}}},"click_event": {"action": "show_dialog","dialog": "stardust:manual/page_33"}},
				"\"\"\"\"#U$",
				{"text": "$$虇","hover_event": {"action": "show_item","id": "command_block","components": {"custom_data": {"smithed": {"dict": {"ingot": {"darkium": true}},"ignore": {"functionality": true,"crafting": true}},"stardust": {"darkium_ingot": true}},"item_model": "stardust:darkium_ingot","item_name": {"translate": "stardust.darkium_ingot"},"lore": [["",{"text": "I","color": "white","italic": false,"font": "stardust:icons"},{"translate": "stardustfragment","italic": true,"color": "blue"}]]}}},
				"#$\n\"",
				{"text": "U$","hover_event": {"action": "show_item","id": "furnace","components": {"custom_data": {"smithed": {"dict": {"block": {"darkium": true}},"ignore": {"functionality": true,"crafting": true}},"stardust": {"darkium_block": true}},"item_model": "stardust:darkium_block","item_name": {"translate": "stardust.darkium_block"},"lore": [["",{"text": "I","color": "white","italic": false,"font": "stardust:icons"},{"translate": "stardustfragment","italic": true,"color": "blue"}]],"container": [{"slot": 0,"item": {"id": "minecraft:stone","count": 1,"components": {"minecraft:custom_data": {"smithed": {"block": {"id": "stardust:darkium_block","from": "stardust"}}}}}}],"tooltip_display": {"hidden_components": ["minecraft:container"]}}},"click_event": {"action": "show_dialog","dialog": "stardust:manual/page_33"}},
				"\"\"\"\"#U$",
				{"text": "U$","hover_event": {"action": "show_item","id": "command_block","components": {"custom_data": {"smithed": {"dict": {"ingot": {"darkium": true}},"ignore": {"functionality": true,"crafting": true}},"stardust": {"darkium_ingot": true}},"item_model": "stardust:darkium_ingot","item_name": {"translate": "stardust.darkium_ingot"},"lore": [["",{"text": "I","color": "white","italic": false,"font": "stardust:icons"},{"translate": "stardustfragment","italic": true,"color": "blue"}]]}}},
				"#$\n\n\n",
				{"text": "1##","hover_event": {"action": "show_text","value": [{"translate": "stardust.refined_darkium_material_with_darkness_power","color": "yellow"},{"translate": "stardust.extremely_rare_and_valuable","color": "gray"},{"translate": "stardust.used_for_darkium_tier_equipment","color": "gray"}]}},
				{"text": "2##","hover_event": {"action": "show_text","value": [{"text": ""},[{"text": "","font": "stardust:manual","color": "white"},"\"F\n","\"",{"text": "$聇"},{"text": "$聇"},{"text": "$聇"},"\n","\"",{"text": "U$"},{"text": "U$"},{"text": "U$"},"\n","\"",{"text": "$聇"},{"text": "$耣"},{"text": "$聇"},"\"\"",{"text": "$$聉"},"\n","\"",{"text": "U$"},{"text": "U$"},{"text": "U$"},"\"\"",{"text": "U$"},"\n","\"",{"text": "$聇"},{"text": "$聇"},{"text": "$聇"},"\n","\"",{"text": "U$"},{"text": "U$"},{"text": "U$"},"\n"],{"text": "\n- x1 ","color": "gray"},{"translate": "stardust_ingot","color": "gray"},{"text": "\n- x8 ","color": "gray"},{"translate": "stardust.darkium_fragment","color": "gray"}]}},
				{"text": "2##","hover_event": {"action": "show_text","value": [{"text": ""},[{"text": "","font": "stardust:manual","color": "white"},"\"I\n","\n\n","\"",{"text": "$聋"},"\"\"\"\"#U$",{"text": "$$虇"},"\n","\"",{"text": "U$"},"\"\"\"\"#U$",{"text": "U$"},"\n","\n"],{"translate": "stardust.simplenergy_pulverizing","color": "yellow"},{"text": "\n- x1 ","color": "gray"},{"translate": "stardust.darkium_block","color": "gray"}]},"click_event": {"action": "show_dialog","dialog": "stardust:manual/page_33"}},
				{"text": "虐##","hover_event": {"action": "show_text","value": [{"text": ""},[{"text": "","font": "stardust:manual","color": "white"},"\"I\n","\n\n","\"",{"text": "$聉"},"\"\"\"\"#U$",{"text": "$$蘿"},"\n","\"",{"text": "U$"},"\"\"\"\"#U$",{"text": "U$"},"\n","\n"],{"translate": "stardust.simplenergy_pulverizing","color": "yellow"},{"text": "\n- x1 ","color": "gray"},{"translate": "stardust.darkium_ingot","color": "gray"}]},"click_event": {"action": "show_dialog","dialog": "stardust:manual/page_31"}},
				{"text": "虔##","hover_event": {"action": "show_text","value": [{"text": ""},[{"text": "","font": "stardust:manual","color": "white"},"\"F\n","\"",{"text": "$聉"},{"text": "$聉"},{"text": "$聉"},"\n","\"",{"text": "U$"},{"text": "U$"},{"text": "U$"},"\n","\"",{"text": "$聉"},{"text": "$耫"},{"text": "$聉"},"\"\"",{"text": "$$聋"},"\n","\"",{"text": "U$"},{"text": "U$"},{"text": "U$"},"\"\"",{"text": "U$"},"\n","\"",{"text": "$聉"},{"text": "$聉"},{"text": "$聉"},"\n","\"",{"text": "U$"},{"text": "U$"},{"text": "U$"},"\n"],{"text": "\n- x1 ","color": "gray"},{"translate": "stardust_block","color": "gray"},{"text": "\n- x8 ","color": "gray"},{"translate": "stardust.darkium_ingot","color": "gray"}]},"click_event": {"action": "show_dialog","dialog": "stardust:manual/page_33"}},
				{"text": "虘\n","hover_event": {"action": "show_text","value": [{"text": ""},[{"text": "","font": "stardust:manual","color": "white"},"\"F\n","\"",{"text": "$聉"},{"text": "$聉"},{"text": "$聉"},"\n","\"",{"text": "U$"},{"text": "U$"},{"text": "U$"},"\n","\"",{"text": "$聯"},{"text": "$聯"},{"text": "$聯"},"\"\"",{"text": "$$聵"},"\n","\"",{"text": "U$"},{"text": "U$"},{"text": "U$"},"\"\"",{"text": "U$"},"\n","\"",{"text": "$聉"},{"text": "$聉"},{"text": "$聉"},"\n","\"",{"text": "U$"},{"text": "U$"},{"text": "U$"},"\n"],{"text": "\n- x6 ","color": "gray"},{"translate": "stardust.darkium_ingot","color": "gray"},{"text": "\n- x3 ","color": "gray"},{"translate": "stardust.awakened_stardust_photovoltaic_cell","color": "gray"}]},"click_event": {"action": "show_dialog","dialog": "stardust:manual/page_54"}},
				{"text": "0##","hover_event": {"action": "show_text","value": [{"translate": "stardust.refined_darkium_material_with_darkness_power","color": "yellow"},{"translate": "stardust.extremely_rare_and_valuable","color": "gray"},{"translate": "stardust.used_for_darkium_tier_equipment","color": "gray"}]}},
				{"text": "0##","hover_event": {"action": "show_text","value": [{"text": ""},[{"text": "","font": "stardust:manual","color": "white"},"\"F\n","\"",{"text": "$聇"},{"text": "$聇"},{"text": "$聇"},"\n","\"",{"text": "U$"},{"text": "U$"},{"text": "U$"},"\n","\"",{"text": "$聇"},{"text": "$耣"},{"text": "$聇"},"\"\"",{"text": "$$聉"},"\n","\"",{"text": "U$"},{"text": "U$"},{"text": "U$"},"\"\"",{"text": "U$"},"\n","\"",{"text": "$聇"},{"text": "$聇"},{"text": "$聇"},"\n","\"",{"text": "U$"},{"text": "U$"},{"text": "U$"},"\n"],{"text": "\n- x1 ","color": "gray"},{"translate": "stardust_ingot","color": "gray"},{"text": "\n- x8 ","color": "gray"},{"translate": "stardust.darkium_fragment","color": "gray"}]}},
				{"text": "0##","hover_event": {"action": "show_text","value": [{"text": ""},[{"text": "","font": "stardust:manual","color": "white"},"\"I\n","\n\n","\"",{"text": "$聋"},"\"\"\"\"#U$",{"text": "$$虇"},"\n","\"",{"text": "U$"},"\"\"\"\"#U$",{"text": "U$"},"\n","\n"],{"translate": "stardust.simplenergy_pulverizing","color": "yellow"},{"text": "\n- x1 ","color": "gray"},{"translate": "stardust.darkium_block","color": "gray"}]},"click_event": {"action": "show_dialog","dialog": "stardust:manual/page_33"}},
				{"text": "0##","hover_event": {"action": "show_text","value": [{"text": ""},[{"text": "","font": "stardust:manual","color": "white"},"\"I\n","\n\n","\"",{"text": "$聉"},"\"\"\"\"#U$",{"text": "$$蘿"},"\n","\"",{"text": "U$"},"\"\"\"\"#U$",{"text": "U$"},"\n","\n"],{"translate": "stardust.simplenergy_pulverizing","color": "yellow"},{"text": "\n- x1 ","color": "gray"},{"translate": "stardust.darkium_ingot","color": "gray"}]},"click_event": {"action": "show_dialog","dialog": "stardust:manual/page_31"}},
				{"text": "0##","hover_event": {"action": "show_text","value": [{"text": ""},[{"text": "","font": "stardust:manual","color": "white"},"\"F\n","\"",{"text": "$聉"},{"text": "$聉"},{"text": "$聉"},"\n","\"",{"text": "U$"},{"text": "U$"},{"text": "U$"},"\n","\"",{"text": "$聉"},{"text": "$耫"},{"text": "$聉"},"\"\"",{"text": "$$聋"},"\n","\"",{"text": "U$"},{"text": "U$"},{"text": "U$"},"\"\"",{"text": "U$"},"\n","\"",{"text": "$聉"},{"text": "$聉"},{"text": "$聉"},"\n","\"",{"text": "U$"},{"text": "U$"},{"text": "U$"},"\n"],{"text": "\n- x1 ","color": "gray"},{"translate": "stardust_block","color": "gray"},{"text": "\n- x8 ","color": "gray"},{"translate": "stardust.darkium_ingot","color": "gray"}]},"click_event": {"action": "show_dialog","dialog": "stardust:manual/page_33"}},
				{"text": "0\n","hover_event": {"action": "show_text","value": [{"text": ""},[{"text": "","font": "stardust:manual","color": "white"},"\"F\n","\"",{"text": "$聉"},{"text": "$聉"},{"text": "$聉"},"\n","\"",{"text": "U$"},{"text": "U$"},{"text": "U$"},"\n","\"",{"text": "$聯"},{"text": "$聯"},{"text": "$聯"},"\"\"",{"text": "$$聵"},"\n","\"",{"text": "U$"},{"text": "U$"},{"text": "U$"},"\"\"",{"text": "U$"},"\n","\"",{"text": "$聉"},{"text": "$聉"},{"text": "$聉"},"\n","\"",{"text": "U$"},{"text": "U$"},{"text": "U$"},"\n"],{"text": "\n- x6 ","color": "gray"},{"translate": "stardust.darkium_ingot","color": "gray"},{"text": "\n- x3 ","color": "gray"},{"translate": "stardust.awakened_stardust_photovoltaic_cell","color": "gray"}]},"click_event": {"action": "show_dialog","dialog": "stardust:manual/page_54"}},
				{"text": "虠##","hover_event": {"action": "show_text","value": [{"text": ""},[{"text": "","font": "stardust:manual","color": "white"},"\"F\n","\"",{"text": "$耩"},{"text": "$耽"},{"text": "$耩"},"\n","\"",{"text": "U$"},{"text": "U$"},{"text": "U$"},"\n","\"",{"text": "$聃"},{"text": "$聽"},{"text": "$聉"},"\"\"",{"text": "$$聿"},"\n","\"",{"text": "U$"},{"text": "U$"},{"text": "U$"},"\"\"",{"text": "U$"},"\n","\"",{"text": "$耩"},{"text": "$耧"},{"text": "$耩"},"\n","\"",{"text": "U$"},{"text": "U$"},{"text": "U$"},"\n"],{"text": "\n- x4 ","color": "gray"},{"translate": "stardust.compacted_stardust_shard","color": "gray"},{"text": "\n- x1 ","color": "gray"},{"translate": "stardust.legendarium_ingot","color": "gray"},{"text": "\n- x1 ","color": "gray"},{"translate": "stardust.solarium_ingot","color": "gray"},{"text": "\n- x1 ","color": "gray"},{"translate": "stardust.awakened_stardust_cable","color": "gray"},{"text": "\n- x1 ","color": "gray"},{"translate": "stardust.darkium_ingot","color": "gray"},{"text": "\n- x1 ","color": "gray"},{"translate": "stardust_core","color": "gray"}]},"click_event": {"action": "show_dialog","dialog": "stardust:manual/page_59"}},
				{"text": "虦##","hover_event": {"action": "show_text","value": [{"text": ""},[{"text": "","font": "stardust:manual","color": "white"},"\"F\n","\"",{"text": "$聵"},{"text": "$聵"},{"text": "$聵"},"\n","\"",{"text": "U$"},{"text": "U$"},{"text": "U$"},"\n","\"",{"text": "$聉"},{"text": "$肉"},{"text": "$聉"},"\"\"",{"text": "$$肏"},"\n","\"",{"text": "U$"},{"text": "U$"},{"text": "U$"},"\"\"",{"text": "U$"},"\n","\"",{"text": "$虥"},{"text": "$虥"},{"text": "$虥"},"\n","\"",{"text": "U$"},{"text": "U$"},{"text": "U$"},"\n"],{"text": "\n- x3 ","color": "gray"},{"translate": "stardust.darkium_photovoltaic_cell","color": "gray"},{"text": "\n- x2 ","color": "gray"},{"translate": "stardust.darkium_ingot","color": "gray"},{"text": "\n- x1 ","color": "gray"},{"translate": "stardust.awakened_stardust_solar_panel","color": "gray"},{"text": "\n- x3 ","color": "gray"},{"translate": "stardust.simplunium_block","color": "gray"}]},"click_event": {"action": "show_dialog","dialog": "stardust:manual/page_67"}},
				{"text": "虰##","hover_event": {"action": "show_text","value": [{"text": ""},[{"text": "","font": "stardust:manual","color": "white"},"\"Q\n","\n","\"",{"text": "$胃"},{"text": "$萧"},{"text": "$萨"},"\n","\"",{"text": "U$"},{"text": "U$"},{"text": "U$"},"\n","\"",{"text": "$萩"},{"text": "$莞"},{"text": "$莟"},"\"\"",{"text": "$$胭"},"\n","\"",{"text": "U$"},{"text": "U$"},{"text": "U$"},"\"\"",{"text": "U$"},"\n","\"",{"text": "$萬"},{"text": "$聟"},"\n","\"",{"text": "U$"},{"text": "U$"},"\n"],{"translate": "stardust_fragment_awakened_forge","color": "yellow"},{"text": "\n- x1 ","color": "gray"},{"translate": "stardust.original_stardust_helmet","color": "gray"},{"text": "\n- x4 ","color": "gray"},{"translate": "stardust.darkium_block","color": "gray"},{"translate": "stardust.x64","color": "gray"},{"translate": "stardust.respawn_anchor","color": "gray"},{"translate": "stardust.x96","color": "gray"},{"translate": "stardust.ink_sac","color": "gray"},{"text": "\n- x6 ","color": "gray"},{"translate": "stardust.ender_dragon_pearl","color": "gray"},{"text": "\n- x8 ","color": "gray"},{"translate": "stardust.awakened_stardust_block","color": "gray"},{"translate": "stardust.x12","color": "gray"},{"translate": "stardust.darkium_ingot","color": "gray"},{"text": "\n- x1 ","color": "gray"},{"translate": "stardust.sextuple_compressed_cobblestone","color": "gray"}]},"click_event": {"action": "show_dialog","dialog": "stardust:manual/page_114"}},
				{"text": "虺##","hover_event": {"action": "show_text","value": [{"text": ""},[{"text": "","font": "stardust:manual","color": "white"},"\"Q\n","\n","\"",{"text": "$胅"},{"text": "$萧"},{"text": "$萨"},"\n","\"",{"text": "U$"},{"text": "U$"},{"text": "U$"},"\n","\"",{"text": "$萩"},{"text": "$莞"},{"text": "$莟"},"\"\"",{"text": "$$胯"},"\n","\"",{"text": "U$"},{"text": "U$"},{"text": "U$"},"\"\"",{"text": "U$"},"\n","\"",{"text": "$萬"},{"text": "$聟"},"\n","\"",{"text": "U$"},{"text": "U$"},"\n"],{"translate": "stardust_fragment_awakened_forge","color": "yellow"},{"text": "\n- x1 ","color": "gray"},{"translate": "stardust.original_stardust_chestplate","color": "gray"},{"text": "\n- x4 ","color": "gray"},{"translate": "stardust.darkium_block","color": "gray"},{"translate": "stardust.x64","color": "gray"},{"translate": "stardust.respawn_anchor","color": "gray"},{"translate": "stardust.x96","color": "gray"},{"translate": "stardust.ink_sac","color": "gray"},{"text": "\n- x6 ","color": "gray"},{"translate": "stardust.ender_dragon_pearl","color": "gray"},{"text": "\n- x8 ","color": "gray"},{"translate": "stardust.awakened_stardust_block","color": "gray"},{"translate": "stardust.x12","color": "gray"},{"translate": "stardust.darkium_ingot","color": "gray"},{"text": "\n- x1 ","color": "gray"},{"translate": "stardust.sextuple_compressed_cobblestone","color": "gray"}]},"click_event": {"action": "show_dialog","dialog": "stardust:manual/page_115"}},
				{"text": "蚄##","hover_event": {"action": "show_text","value": [{"text": ""},[{"text": "","font": "stardust:manual","color": "white"},"\"Q\n","\n","\"",{"text": "$胇"},{"text": "$萧"},{"text": "$萨"},"\n","\"",{"text": "U$"},{"text": "U$"},{"text": "U$"},"\n","\"",{"text": "$萩"},{"text": "$莞"},{"text": "$莟"},"\"\"",{"text": "$$胱"},"\n","\"",{"text": "U$"},{"text": "U$"},{"text": "U$"},"\"\"",{"text": "U$"},"\n","\"",{"text": "$萬"},{"text": "$聟"},"\n","\"",{"text": "U$"},{"text": "U$"},"\n"],{"translate": "stardust_fragment_awakened_forge","color": "yellow"},{"text": "\n- x1 ","color": "gray"},{"translate": "stardust.original_stardust_leggings","color": "gray"},{"text": "\n- x4 ","color": "gray"},{"translate": "stardust.darkium_block","color": "gray"},{"translate": "stardust.x64","color": "gray"},{"translate": "stardust.respawn_anchor","color": "gray"},{"translate": "stardust.x96","color": "gray"},{"translate": "stardust.ink_sac","color": "gray"},{"text": "\n- x6 ","color": "gray"},{"translate": "stardust.ender_dragon_pearl","color": "gray"},{"text": "\n- x8 ","color": "gray"},{"translate": "stardust.awakened_stardust_block","color": "gray"},{"translate": "stardust.x12","color": "gray"},{"translate": "stardust.darkium_ingot","color": "gray"},{"text": "\n- x1 ","color": "gray"},{"translate": "stardust.sextuple_compressed_cobblestone","color": "gray"}]},"click_event": {"action": "show_dialog","dialog": "stardust:manual/page_116"}},
				{"text": "蚎\n","hover_event": {"action": "show_text","value": [{"text": ""},[{"text": "","font": "stardust:manual","color": "white"},"\"Q\n","\n","\"",{"text": "$胉"},{"text": "$萧"},{"text": "$萨"},"\n","\"",{"text": "U$"},{"text": "U$"},{"text": "U$"},"\n","\"",{"text": "$萩"},{"text": "$莞"},{"text": "$莟"},"\"\"",{"text": "$$胳"},"\n","\"",{"text": "U$"},{"text": "U$"},{"text": "U$"},"\"\"",{"text": "U$"},"\n","\"",{"text": "$萬"},{"text": "$聟"},"\n","\"",{"text": "U$"},{"text": "U$"},"\n"],{"translate": "stardust_fragment_awakened_forge","color": "yellow"},{"text": "\n- x1 ","color": "gray"},{"translate": "stardust.original_stardust_boots","color": "gray"},{"text": "\n- x4 ","color": "gray"},{"translate": "stardust.darkium_block","color": "gray"},{"translate": "stardust.x64","color": "gray"},{"translate": "stardust.respawn_anchor","color": "gray"},{"translate": "stardust.x96","color": "gray"},{"translate": "stardust.ink_sac","color": "gray"},{"text": "\n- x6 ","color": "gray"},{"translate": "stardust.ender_dragon_pearl","color": "gray"},{"text": "\n- x8 ","color": "gray"},{"translate": "stardust.awakened_stardust_block","color": "gray"},{"translate": "stardust.x12","color": "gray"},{"translate": "stardust.darkium_ingot","color": "gray"},{"text": "\n- x1 ","color": "gray"},{"translate": "stardust.sextuple_compressed_cobblestone","color": "gray"}]},"click_event": {"action": "show_dialog","dialog": "stardust:manual/page_117"}},
				{"text": "0##","hover_event": {"action": "show_text","value": [{"text": ""},[{"text": "","font": "stardust:manual","color": "white"},"\"F\n","\"",{"text": "$耩"},{"text": "$耽"},{"text": "$耩"},"\n","\"",{"text": "U$"},{"text": "U$"},{"text": "U$"},"\n","\"",{"text": "$聃"},{"text": "$聽"},{"text": "$聉"},"\"\"",{"text": "$$聿"},"\n","\"",{"text": "U$"},{"text": "U$"},{"text": "U$"},"\"\"",{"text": "U$"},"\n","\"",{"text": "$耩"},{"text": "$耧"},{"text": "$耩"},"\n","\"",{"text": "U$"},{"text": "U$"},{"text": "U$"},"\n"],{"text": "\n- x4 ","color": "gray"},{"translate": "stardust.compacted_stardust_shard","color": "gray"},{"text": "\n- x1 ","color": "gray"},{"translate": "stardust.legendarium_ingot","color": "gray"},{"text": "\n- x1 ","color": "gray"},{"translate": "stardust.solarium_ingot","color": "gray"},{"text": "\n- x1 ","color": "gray"},{"translate": "stardust.awakened_stardust_cable","color": "gray"},{"text": "\n- x1 ","color": "gray"},{"translate": "stardust.darkium_ingot","color": "gray"},{"text": "\n- x1 ","color": "gray"},{"translate": "stardust_core","color": "gray"}]},"click_event": {"action": "show_dialog","dialog": "stardust:manual/page_59"}},
				{"text": "0##","hover_event": {"action": "show_text","value": [{"text": ""},[{"text": "","font": "stardust:manual","color": "white"},"\"F\n","\"",{"text": "$聵"},{"text": "$聵"},{"text": "$聵"},"\n","\"",{"text": "U$"},{"text": "U$"},{"text": "U$"},"\n","\"",{"text": "$聉"},{"text": "$肉"},{"text": "$聉"},"\"\"",{"text": "$$肏"},"\n","\"",{"text": "U$"},{"text": "U$"},{"text": "U$"},"\"\"",{"text": "U$"},"\n","\"",{"text": "$虥"},{"text": "$虥"},{"text": "$虥"},"\n","\"",{"text": "U$"},{"text": "U$"},{"text": "U$"},"\n"],{"text": "\n- x3 ","color": "gray"},{"translate": "stardust.darkium_photovoltaic_cell","color": "gray"},{"text": "\n- x2 ","color": "gray"},{"translate": "stardust.darkium_ingot","color": "gray"},{"text": "\n- x1 ","color": "gray"},{"translate": "stardust.awakened_stardust_solar_panel","color": "gray"},{"text": "\n- x3 ","color": "gray"},{"translate": "stardust.simplunium_block","color": "gray"}]},"click_event": {"action": "show_dialog","dialog": "stardust:manual/page_67"}},
				{"text": "0##","hover_event": {"action": "show_text","value": [{"text": ""},[{"text": "","font": "stardust:manual","color": "white"},"\"Q\n","\n","\"",{"text": "$胃"},{"text": "$萧"},{"text": "$萨"},"\n","\"",{"text": "U$"},{"text": "U$"},{"text": "U$"},"\n","\"",{"text": "$萩"},{"text": "$莞"},{"text": "$莟"},"\"\"",{"text": "$$胭"},"\n","\"",{"text": "U$"},{"text": "U$"},{"text": "U$"},"\"\"",{"text": "U$"},"\n","\"",{"text": "$萬"},{"text": "$聟"},"\n","\"",{"text": "U$"},{"text": "U$"},"\n"],{"translate": "stardust_fragment_awakened_forge","color": "yellow"},{"text": "\n- x1 ","color": "gray"},{"translate": "stardust.original_stardust_helmet","color": "gray"},{"text": "\n- x4 ","color": "gray"},{"translate": "stardust.darkium_block","color": "gray"},{"translate": "stardust.x64","color": "gray"},{"translate": "stardust.respawn_anchor","color": "gray"},{"translate": "stardust.x96","color": "gray"},{"translate": "stardust.ink_sac","color": "gray"},{"text": "\n- x6 ","color": "gray"},{"translate": "stardust.ender_dragon_pearl","color": "gray"},{"text": "\n- x8 ","color": "gray"},{"translate": "stardust.awakened_stardust_block","color": "gray"},{"translate": "stardust.x12","color": "gray"},{"translate": "stardust.darkium_ingot","color": "gray"},{"text": "\n- x1 ","color": "gray"},{"translate": "stardust.sextuple_compressed_cobblestone","color": "gray"}]},"click_event": {"action": "show_dialog","dialog": "stardust:manual/page_114"}},
				{"text": "0##","hover_event": {"action": "show_text","value": [{"text": ""},[{"text": "","font": "stardust:manual","color": "white"},"\"Q\n","\n","\"",{"text": "$胅"},{"text": "$萧"},{"text": "$萨"},"\n","\"",{"text": "U$"},{"text": "U$"},{"text": "U$"},"\n","\"",{"text": "$萩"},{"text": "$莞"},{"text": "$莟"},"\"\"",{"text": "$$胯"},"\n","\"",{"text": "U$"},{"text": "U$"},{"text": "U$"},"\"\"",{"text": "U$"},"\n","\"",{"text": "$萬"},{"text": "$聟"},"\n","\"",{"text": "U$"},{"text": "U$"},"\n"],{"translate": "stardust_fragment_awakened_forge","color": "yellow"},{"text": "\n- x1 ","color": "gray"},{"translate": "stardust.original_stardust_chestplate","color": "gray"},{"text": "\n- x4 ","color": "gray"},{"translate": "stardust.darkium_block","color": "gray"},{"translate": "stardust.x64","color": "gray"},{"translate": "stardust.respawn_anchor","color": "gray"},{"translate": "stardust.x96","color": "gray"},{"translate": "stardust.ink_sac","color": "gray"},{"text": "\n- x6 ","color": "gray"},{"translate": "stardust.ender_dragon_pearl","color": "gray"},{"text": "\n- x8 ","color": "gray"},{"translate": "stardust.awakened_stardust_block","color": "gray"},{"translate": "stardust.x12","color": "gray"},{"translate": "stardust.darkium_ingot","color": "gray"},{"text": "\n- x1 ","color": "gray"},{"translate": "stardust.sextuple_compressed_cobblestone","color": "gray"}]},"click_event": {"action": "show_dialog","dialog": "stardust:manual/page_115"}},
				{"text": "0##","hover_event": {"action": "show_text","value": [{"text": ""},[{"text": "","font": "stardust:manual","color": "white"},"\"Q\n","\n","\"",{"text": "$胇"},{"text": "$萧"},{"text": "$萨"},"\n","\"",{"text": "U$"},{"text": "U$"},{"text": "U$"},"\n","\"",{"text": "$萩"},{"text": "$莞"},{"text": "$莟"},"\"\"",{"text": "$$胱"},"\n","\"",{"text": "U$"},{"text": "U$"},{"text": "U$"},"\"\"",{"text": "U$"},"\n","\"",{"text": "$萬"},{"text": "$聟"},"\n","\"",{"text": "U$"},{"text": "U$"},"\n"],{"translate": "stardust_fragment_awakened_forge","color": "yellow"},{"text": "\n- x1 ","color": "gray"},{"translate": "stardust.original_stardust_leggings","color": "gray"},{"text": "\n- x4 ","color": "gray"},{"translate": "stardust.darkium_block","color": "gray"},{"translate": "stardust.x64","color": "gray"},{"translate": "stardust.respawn_anchor","color": "gray"},{"translate": "stardust.x96","color": "gray"},{"translate": "stardust.ink_sac","color": "gray"},{"text": "\n- x6 ","color": "gray"},{"translate": "stardust.ender_dragon_pearl","color": "gray"},{"text": "\n- x8 ","color": "gray"},{"translate": "stardust.awakened_stardust_block","color": "gray"},{"translate": "stardust.x12","color": "gray"},{"translate": "stardust.darkium_ingot","color": "gray"},{"text": "\n- x1 ","color": "gray"},{"translate": "stardust.sextuple_compressed_cobblestone","color": "gray"}]},"click_event": {"action": "show_dialog","dialog": "stardust:manual/page_116"}},
				{"text": "0\n","hover_event": {"action": "show_text","value": [{"text": ""},[{"text": "","font": "stardust:manual","color": "white"},"\"Q\n","\n","\"",{"text": "$胉"},{"text": "$萧"},{"text": "$萨"},"\n","\"",{"text": "U$"},{"text": "U$"},{"text": "U$"},"\n","\"",{"text": "$萩"},{"text": "$莞"},{"text": "$莟"},"\"\"",{"text": "$$胳"},"\n","\"",{"text": "U$"},{"text": "U$"},{"text": "U$"},"\"\"",{"text": "U$"},"\n","\"",{"text": "$萬"},{"text": "$聟"},"\n","\"",{"text": "U$"},{"text": "U$"},"\n"],{"translate": "stardust_fragment_awakened_forge","color": "yellow"},{"text": "\n- x1 ","color": "gray"},{"translate": "stardust.original_stardust_boots","color": "gray"},{"text": "\n- x4 ","color": "gray"},{"translate": "stardust.darkium_block","color": "gray"},{"translate": "stardust.x64","color": "gray"},{"translate": "stardust.respawn_anchor","color": "gray"},{"translate": "stardust.x96","color": "gray"},{"translate": "stardust.ink_sac","color": "gray"},{"text": "\n- x6 ","color": "gray"},{"translate": "stardust.ender_dragon_pearl","color": "gray"},{"text": "\n- x8 ","color": "gray"},{"translate": "stardust.awakened_stardust_block","color": "gray"},{"translate": "stardust.x12","color": "gray"},{"translate": "stardust.darkium_ingot","color": "gray"},{"text": "\n- x1 ","color": "gray"},{"translate": "stardust.sextuple_compressed_cobblestone","color": "gray"}]},"click_event": {"action": "show_dialog","dialog": "stardust:manual/page_117"}},
				{"text": "蚘##","hover_event": {"action": "show_text","value": [{"text": ""},[{"text": "","font": "stardust:manual","color": "white"},"\"Q\n","\n","\"",{"text": "$胋"},{"text": "$萧"},{"text": "$萨"},"\n","\"",{"text": "U$"},{"text": "U$"},{"text": "U$"},"\n","\"",{"text": "$萩"},{"text": "$莞"},{"text": "$莟"},"\"\"",{"text": "$$胵"},"\n","\"",{"text": "U$"},{"text": "U$"},{"text": "U$"},"\"\"",{"text": "U$"},"\n","\"",{"text": "$萬"},{"text": "$聟"},"\n","\"",{"text": "U$"},{"text": "U$"},"\n"],{"translate": "stardust_fragment_awakened_forge","color": "yellow"},{"text": "\n- x1 ","color": "gray"},{"translate": "stardust.original_stardust_sword","color": "gray"},{"text": "\n- x4 ","color": "gray"},{"translate": "stardust.darkium_block","color": "gray"},{"translate": "stardust.x64","color": "gray"},{"translate": "stardust.respawn_anchor","color": "gray"},{"translate": "stardust.x96","color": "gray"},{"translate": "stardust.ink_sac","color": "gray"},{"text": "\n- x6 ","color": "gray"},{"translate": "stardust.ender_dragon_pearl","color": "gray"},{"text": "\n- x8 ","color": "gray"},{"translate": "stardust.awakened_stardust_block","color": "gray"},{"translate": "stardust.x12","color": "gray"},{"translate": "stardust.darkium_ingot","color": "gray"},{"text": "\n- x1 ","color": "gray"},{"translate": "stardust.sextuple_compressed_cobblestone","color": "gray"}]},"click_event": {"action": "show_dialog","dialog": "stardust:manual/page_118"}},
				{"text": "蚢##","hover_event": {"action": "show_text","value": [{"text": ""},[{"text": "","font": "stardust:manual","color": "white"},"\"Q\n","\n","\"",{"text": "$胍"},{"text": "$萧"},{"text": "$萨"},"\n","\"",{"text": "U$"},{"text": "U$"},{"text": "U$"},"\n","\"",{"text": "$萩"},{"text": "$莞"},{"text": "$莟"},"\"\"",{"text": "$$胷"},"\n","\"",{"text": "U$"},{"text": "U$"},{"text": "U$"},"\"\"",{"text": "U$"},"\n","\"",{"text": "$萬"},{"text": "$聟"},"\n","\"",{"text": "U$"},{"text": "U$"},"\n"],{"translate": "stardust_fragment_awakened_forge","color": "yellow"},{"text": "\n- x1 ","color": "gray"},{"translate": "stardust.original_stardust_pickaxe","color": "gray"},{"text": "\n- x4 ","color": "gray"},{"translate": "stardust.darkium_block","color": "gray"},{"translate": "stardust.x64","color": "gray"},{"translate": "stardust.respawn_anchor","color": "gray"},{"translate": "stardust.x96","color": "gray"},{"translate": "stardust.ink_sac","color": "gray"},{"text": "\n- x6 ","color": "gray"},{"translate": "stardust.ender_dragon_pearl","color": "gray"},{"text": "\n- x8 ","color": "gray"},{"translate": "stardust.awakened_stardust_block","color": "gray"},{"translate": "stardust.x12","color": "gray"},{"translate": "stardust.darkium_ingot","color": "gray"},{"text": "\n- x1 ","color": "gray"},{"translate": "stardust.sextuple_compressed_cobblestone","color": "gray"}]},"click_event": {"action": "show_dialog","dialog": "stardust:manual/page_119"}},
				{"text": "蚬\n","hover_event": {"action": "show_text","value": [{"text": ""},[{"text": "","font": "stardust:manual","color": "white"},"\"Q\n","\n","\"",{"text": "$胏"},{"text": "$萧"},{"text": "$萨"},"\n","\"",{"text": "U$"},{"text": "U$"},{"text": "U$"},"\n","\"",{"text": "$萩"},{"text": "$莞"},{"text": "$莟"},"\"\"",{"text": "$$胹"},"\n","\"",{"text": "U$"},{"text": "U$"},{"text": "U$"},"\"\"",{"text": "U$"},"\n","\"",{"text": "$萬"},{"text": "$聟"},"\n","\"",{"text": "U$"},{"text": "U$"},"\n"],{"translate": "stardust_fragment_awakened_forge","color": "yellow"},{"text": "\n- x1 ","color": "gray"},{"translate": "stardust.original_stardust_axe","color": "gray"},{"text": "\n- x4 ","color": "gray"},{"translate": "stardust.darkium_block","color": "gray"},{"translate": "stardust.x64","color": "gray"},{"translate": "stardust.respawn_anchor","color": "gray"},{"translate": "stardust.x96","color": "gray"},{"translate": "stardust.ink_sac","color": "gray"},{"text": "\n- x6 ","color": "gray"},{"translate": "stardust.ender_dragon_pearl","color": "gray"},{"text": "\n- x8 ","color": "gray"},{"translate": "stardust.awakened_stardust_block","color": "gray"},{"translate": "stardust.x12","color": "gray"},{"translate": "stardust.darkium_ingot","color": "gray"},{"text": "\n- x1 ","color": "gray"},{"translate": "stardust.sextuple_compressed_cobblestone","color": "gray"}]},"click_event": {"action": "show_dialog","dialog": "stardust:manual/page_120"}},
				{"text": "0##","hover_event": {"action": "show_text","value": [{"text": ""},[{"text": "","font": "stardust:manual","color": "white"},"\"Q\n","\n","\"",{"text": "$胋"},{"text": "$萧"},{"text": "$萨"},"\n","\"",{"text": "U$"},{"text": "U$"},{"text": "U$"},"\n","\"",{"text": "$萩"},{"text": "$莞"},{"text": "$莟"},"\"\"",{"text": "$$胵"},"\n","\"",{"text": "U$"},{"text": "U$"},{"text": "U$"},"\"\"",{"text": "U$"},"\n","\"",{"text": "$萬"},{"text": "$聟"},"\n","\"",{"text": "U$"},{"text": "U$"},"\n"],{"translate": "stardust_fragment_awakened_forge","color": "yellow"},{"text": "\n- x1 ","color": "gray"},{"translate": "stardust.original_stardust_sword","color": "gray"},{"text": "\n- x4 ","color": "gray"},{"translate": "stardust.darkium_block","color": "gray"},{"translate": "stardust.x64","color": "gray"},{"translate": "stardust.respawn_anchor","color": "gray"},{"translate": "stardust.x96","color": "gray"},{"translate": "stardust.ink_sac","color": "gray"},{"text": "\n- x6 ","color": "gray"},{"translate": "stardust.ender_dragon_pearl","color": "gray"},{"text": "\n- x8 ","color": "gray"},{"translate": "stardust.awakened_stardust_block","color": "gray"},{"translate": "stardust.x12","color": "gray"},{"translate": "stardust.darkium_ingot","color": "gray"},{"text": "\n- x1 ","color": "gray"},{"translate": "stardust.sextuple_compressed_cobblestone","color": "gray"}]},"click_event": {"action": "show_dialog","dialog": "stardust:manual/page_118"}},
				{"text": "0##","hover_event": {"action": "show_text","value": [{"text": ""},[{"text": "","font": "stardust:manual","color": "white"},"\"Q\n","\n","\"",{"text": "$胍"},{"text": "$萧"},{"text": "$萨"},"\n","\"",{"text": "U$"},{"text": "U$"},{"text": "U$"},"\n","\"",{"text": "$萩"},{"text": "$莞"},{"text": "$莟"},"\"\"",{"text": "$$胷"},"\n","\"",{"text": "U$"},{"text": "U$"},{"text": "U$"},"\"\"",{"text": "U$"},"\n","\"",{"text": "$萬"},{"text": "$聟"},"\n","\"",{"text": "U$"},{"text": "U$"},"\n"],{"translate": "stardust_fragment_awakened_forge","color": "yellow"},{"text": "\n- x1 ","color": "gray"},{"translate": "stardust.original_stardust_pickaxe","color": "gray"},{"text": "\n- x4 ","color": "gray"},{"translate": "stardust.darkium_block","color": "gray"},{"translate": "stardust.x64","color": "gray"},{"translate": "stardust.respawn_anchor","color": "gray"},{"translate": "stardust.x96","color": "gray"},{"translate": "stardust.ink_sac","color": "gray"},{"text": "\n- x6 ","color": "gray"},{"translate": "stardust.ender_dragon_pearl","color": "gray"},{"text": "\n- x8 ","color": "gray"},{"translate": "stardust.awakened_stardust_block","color": "gray"},{"translate": "stardust.x12","color": "gray"},{"translate": "stardust.darkium_ingot","color": "gray"},{"text": "\n- x1 ","color": "gray"},{"translate": "stardust.sextuple_compressed_cobblestone","color": "gray"}]},"click_event": {"action": "show_dialog","dialog": "stardust:manual/page_119"}},
				{"text": "0","hover_event": {"action": "show_text","value": [{"text": ""},[{"text": "","font": "stardust:manual","color": "white"},"\"Q\n","\n","\"",{"text": "$胏"},{"text": "$萧"},{"text": "$萨"},"\n","\"",{"text": "U$"},{"text": "U$"},{"text": "U$"},"\n","\"",{"text": "$萩"},{"text": "$莞"},{"text": "$莟"},"\"\"",{"text": "$$胹"},"\n","\"",{"text": "U$"},{"text": "U$"},{"text": "U$"},"\"\"",{"text": "U$"},"\n","\"",{"text": "$萬"},{"text": "$聟"},"\n","\"",{"text": "U$"},{"text": "U$"},"\n"],{"translate": "stardust_fragment_awakened_forge","color": "yellow"},{"text": "\n- x1 ","color": "gray"},{"translate": "stardust.original_stardust_axe","color": "gray"},{"text": "\n- x4 ","color": "gray"},{"translate": "stardust.darkium_block","color": "gray"},{"translate": "stardust.x64","color": "gray"},{"translate": "stardust.respawn_anchor","color": "gray"},{"translate": "stardust.x96","color": "gray"},{"translate": "stardust.ink_sac","color": "gray"},{"text": "\n- x6 ","color": "gray"},{"translate": "stardust.ender_dragon_pearl","color": "gray"},{"text": "\n- x8 ","color": "gray"},{"translate": "stardust.awakened_stardust_block","color": "gray"},{"translate": "stardust.x12","color": "gray"},{"translate": "stardust.darkium_ingot","color": "gray"},{"text": "\n- x1 ","color": "gray"},{"translate": "stardust.sextuple_compressed_cobblestone","color": "gray"}]},"click_event": {"action": "show_dialog","dialog": "stardust:manual/page_120"}},
				"\n\n\n\n\n\n\n\n\n\n\n\n\n"
			],
			"width": 140
		}
	]
}
