{
	"type": "minecraft:notice",
	"title": {
		"translate": "stardust.cobblestone_miner_lv4",
		"underlined": true
	},
	"body": [
		{
			"type": "minecraft:plain_message",
			"contents": [
				{"text": "V   ","font": "stardust:manual","color": "white"},
				{"text": "\n   ","click_event": {"action": "show_dialog","dialog": "stardust:manual/page_155"},"hover_event": {"action": "show_text","value": [{"translate": "stardust.go_to_previous_page"},{"translate": "stardust.155"}]}},
				" ",
				{"text": "   ","click_event": {"action": "show_dialog","dialog": "stardust:manual/page_157"},"hover_event": {"action": "show_text","value": [{"translate": "stardust.go_to_next_page"},{"translate": "stardust.157"}]}},
				{"text": "\n   ","click_event": {"action": "show_dialog","dialog": "stardust:manual/page_155"},"hover_event": {"action": "show_text","value": [{"translate": "stardust.go_to_previous_page"},{"translate": "stardust.155"}]}},
				" ",
				{"text": "   ","click_event": {"action": "show_dialog","dialog": "stardust:manual/page_157"},"hover_event": {"action": "show_text","value": [{"translate": "stardust.go_to_next_page"},{"translate": "stardust.157"}]}}
			],
			"width": 400
		},
		{
			"type": "minecraft:plain_message",
			"contents": [
				{"text": "","font": "stardust:manual","color": "white","shadow_color": [0,0,0,0]},
				"Ⴛ\n",
				{"text": "  \n  \n  \n  \n\n","hover_event": {"action": "show_item","id": "furnace","components": {"item_name": {"translate": "stardust.cobblestone_miner_lv_4"},"rarity": "rare","lore": [{"translate": "stardust.only_mines_cobblestone_directly_below","color": "white","italic": false},{"translate": "stardust.x1125_per_minute","color": "gray","italic": false},["",{"text": "I","color": "white","italic": false,"font": "stardust:icons"},{"translate": "stardustfragment","italic": true,"color": "blue"}]],"item_model": "stardust:cobblestone_miner_lv4","custom_data": {"stardust": {"cobblestone_miner_lv4": true},"smithed": {"ignore": {"functionality": true,"crafting": true}}},"container": [{"slot": 0,"item": {"id": "minecraft:stone","count": 1,"components": {"minecraft:custom_data": {"smithed": {"block": {"id": "stardust:cobblestone_miner_lv4","from": "stardust"}}}}}}],"tooltip_display": {"hidden_components": ["minecraft:container"]}}},"click_event": {"action": "show_dialog","dialog": "stardust:manual/page_156"}},
				{"text": "1\n0","hover_event": {"action": "show_text","value": [{"translate": "stardust.cobblestone_miner_lv_4","color": "yellow"},{"translate": "stardust.every_minute_it_will_break_the_cobblestone_directly_below_it","color": "gray"},{"translate": "stardust.production_rate_is_576_cobblestone_per_minute","color": "gray"},{"translate": "stardust.no_energy_required","color": "gray"}]}},
				"\n\n\n\n\n\n\n\n\n\n\n\n\n\n\n\n\n\n"
			],
			"width": 140
		}
	]
}
