{
  "type": "minecraft:notice",
  "title": [
    {
      "sprite": "stardust:item/darkium_leggings",
      "shadow_color": [
        0,
        0,
        0,
        0
      ],
      "atlas": "minecraft:items"
    },
    " ",
    {
      "translate": "stardust.darkium_leggings",
      "underlined": true
    },
    " ",
    {
      "sprite": "stardust:item/darkium_leggings",
      "shadow_color": [
        0,
        0,
        0,
        0
      ],
      "atlas": "minecraft:items"
    }
  ],
  "body": [
    {
      "type": "minecraft:plain_message",
      "contents": [
        {
          "text": "V   ",
          "font": "stardust:manual",
          "color": "white"
        },
        {
          "text": "\n   ",
          "click_event": {
            "action": "show_dialog",
            "dialog": "stardust:manual/page_115"
          },
          "hover_event": {
            "action": "show_text",
            "value": [
              {
                "translate": "stardust.go_to_previous_page"
              },
              " (115)"
            ]
          }
        },
        " ",
        {
          "text": "   ",
          "click_event": {
            "action": "show_dialog",
            "dialog": "stardust:manual/page_117"
          },
          "hover_event": {
            "action": "show_text",
            "value": [
              {
                "translate": "stardust.go_to_next_page"
              },
              " (117)"
            ]
          }
        },
        {
          "text": "\n   ",
          "click_event": {
            "action": "show_dialog",
            "dialog": "stardust:manual/page_115"
          },
          "hover_event": {
            "action": "show_text",
            "value": [
              {
                "translate": "stardust.go_to_previous_page"
              },
              " (115)"
            ]
          }
        },
        " ",
        {
          "text": "   ",
          "click_event": {
            "action": "show_dialog",
            "dialog": "stardust:manual/page_117"
          },
          "hover_event": {
            "action": "show_text",
            "value": [
              {
                "translate": "stardust.go_to_next_page"
              },
              " (117)"
            ]
          }
        }
      ],
      "width": 400
    },
    {
      "type": "minecraft:plain_message",
      "contents": [
        {
          "text": "",
          "font": "stardust:manual",
          "color": "white",
          "shadow_color": [
            0,
            0,
            0,
            0
          ]
        },
        "\"$A\n\n\"",
        {
          "text": "$\u80c7",
          "hover_event": {
            "action": "show_item",
            "id": "diamond_leggings",
            "components": {
              "custom_data": {
                "smithed": {
                  "dict": {
                    "armor": {
                      "original_stardust": true,
                      "leggings": true
                    }
                  },
                  "ignore": {
                    "functionality": true,
                    "crafting": true
                  }
                },
                "stardust": {
                  "original_stardust_leggings": true
                }
              },
              "max_damage": 1485,
              "attribute_modifiers": [
                {
                  "type": "armor",
                  "amount": 9.0,
                  "operation": "add_value",
                  "slot": "legs",
                  "id": "stardust:armor.legs"
                },
                {
                  "type": "armor_toughness",
                  "amount": 3.3,
                  "operation": "add_value",
                  "slot": "legs",
                  "id": "stardust:armor_toughness.legs"
                }
              ],
              "item_model": "stardust:original_stardust_leggings",
              "item_name": {
                "translate": "stardust.original_stardust_leggings"
              },
              "lore": [
                [
                  "",
                  {
                    "text": "I",
                    "color": "white",
                    "italic": false,
                    "font": "stardust:icons"
                  },
                  {
                    "translate": "stardustfragment",
                    "italic": true,
                    "color": "blue"
                  }
                ]
              ]
            }
          },
          "click_event": {
            "action": "show_dialog",
            "dialog": "stardust:manual/page_95"
          }
        },
        {
          "text": "$\u842b",
          "hover_event": {
            "action": "show_item",
            "id": "furnace",
            "components": {
              "custom_data": {
                "smithed": {
                  "dict": {
                    "block": {
                      "darkium": true
                    }
                  },
                  "ignore": {
                    "functionality": true,
                    "crafting": true
                  }
                },
                "stardust": {
                  "darkium_block": true
                }
              },
              "item_model": "stardust:darkium_block",
              "item_name": {
                "translate": "stardust.darkium_block"
              },
              "lore": [
                [
                  "",
                  {
                    "text": "I",
                    "color": "white",
                    "italic": false,
                    "font": "stardust:icons"
                  },
                  {
                    "translate": "stardustfragment",
                    "italic": true,
                    "color": "blue"
                  }
                ]
              ],
              "container": [
                {
                  "slot": 0,
                  "item": {
                    "id": "minecraft:stone",
                    "count": 1,
                    "components": {
                      "minecraft:custom_data": {
                        "smithed": {
                          "block": {
                            "id": "stardust:darkium_block",
                            "from": "stardust"
                          }
                        }
                      }
                    }
                  }
                }
              ],
              "tooltip_display": {
                "hidden_components": [
                  "minecraft:container"
                ]
              }
            }
          },
          "click_event": {
            "action": "show_dialog",
            "dialog": "stardust:manual/page_33"
          }
        },
        {
          "text": "$\u842c",
          "hover_event": {
            "action": "show_item",
            "id": "minecraft:respawn_anchor",
            "components": {}
          }
        },
        "  \n\"",
        {
          "text": "U$",
          "hover_event": {
            "action": "show_item",
            "id": "diamond_leggings",
            "components": {
              "custom_data": {
                "smithed": {
                  "dict": {
                    "armor": {
                      "original_stardust": true,
                      "leggings": true
                    }
                  },
                  "ignore": {
                    "functionality": true,
                    "crafting": true
                  }
                },
                "stardust": {
                  "original_stardust_leggings": true
                }
              },
              "max_damage": 1485,
              "attribute_modifiers": [
                {
                  "type": "armor",
                  "amount": 9.0,
                  "operation": "add_value",
                  "slot": "legs",
                  "id": "stardust:armor.legs"
                },
                {
                  "type": "armor_toughness",
                  "amount": 3.3,
                  "operation": "add_value",
                  "slot": "legs",
                  "id": "stardust:armor_toughness.legs"
                }
              ],
              "item_model": "stardust:original_stardust_leggings",
              "item_name": {
                "translate": "stardust.original_stardust_leggings"
              },
              "lore": [
                [
                  "",
                  {
                    "text": "I",
                    "color": "white",
                    "italic": false,
                    "font": "stardust:icons"
                  },
                  {
                    "translate": "stardustfragment",
                    "italic": true,
                    "color": "blue"
                  }
                ]
              ]
            }
          },
          "click_event": {
            "action": "show_dialog",
            "dialog": "stardust:manual/page_95"
          }
        },
        {
          "text": "U$",
          "hover_event": {
            "action": "show_item",
            "id": "furnace",
            "components": {
              "custom_data": {
                "smithed": {
                  "dict": {
                    "block": {
                      "darkium": true
                    }
                  },
                  "ignore": {
                    "functionality": true,
                    "crafting": true
                  }
                },
                "stardust": {
                  "darkium_block": true
                }
              },
              "item_model": "stardust:darkium_block",
              "item_name": {
                "translate": "stardust.darkium_block"
              },
              "lore": [
                [
                  "",
                  {
                    "text": "I",
                    "color": "white",
                    "italic": false,
                    "font": "stardust:icons"
                  },
                  {
                    "translate": "stardustfragment",
                    "italic": true,
                    "color": "blue"
                  }
                ]
              ],
              "container": [
                {
                  "slot": 0,
                  "item": {
                    "id": "minecraft:stone",
                    "count": 1,
                    "components": {
                      "minecraft:custom_data": {
                        "smithed": {
                          "block": {
                            "id": "stardust:darkium_block",
                            "from": "stardust"
                          }
                        }
                      }
                    }
                  }
                }
              ],
              "tooltip_display": {
                "hidden_components": [
                  "minecraft:container"
                ]
              }
            }
          },
          "click_event": {
            "action": "show_dialog",
            "dialog": "stardust:manual/page_33"
          }
        },
        {
          "text": "U$\n",
          "hover_event": {
            "action": "show_item",
            "id": "minecraft:respawn_anchor",
            "components": {}
          }
        },
        "\"",
        {
          "text": "$\u842d",
          "hover_event": {
            "action": "show_item",
            "id": "minecraft:ink_sac",
            "components": {}
          }
        },
        {
          "text": "$\u83a2",
          "hover_event": {
            "action": "show_item",
            "id": "ender_pearl",
            "components": {
              "item_name": [
                {
                  "translate": "stardust.ender",
                  "italic": false,
                  "color": "dark_aqua"
                },
                {
                  "translate": "stardust.dragon_pearl",
                  "italic": false,
                  "color": "dark_purple"
                }
              ],
              "use_cooldown": {
                "seconds": 0.25
              },
              "item_model": "stardust:ender_dragon_pearl",
              "lore": [
                [
                  "",
                  {
                    "text": "I",
                    "color": "white",
                    "italic": false,
                    "font": "stardust:icons"
                  },
                  {
                    "translate": "stardustfragment",
                    "italic": true,
                    "color": "blue"
                  }
                ]
              ],
              "custom_data": {
                "stardust": {
                  "ender_dragon_pearl": true
                },
                "smithed": {
                  "ignore": {
                    "functionality": true,
                    "crafting": true
                  }
                }
              }
            }
          },
          "click_event": {
            "action": "show_dialog",
            "dialog": "stardust:manual/page_35"
          }
        },
        {
          "text": "$\u83a3",
          "hover_event": {
            "action": "show_item",
            "id": "furnace",
            "components": {
              "custom_data": {
                "smithed": {
                  "dict": {
                    "block": {
                      "awakened_stardust": true
                    }
                  },
                  "ignore": {
                    "functionality": true,
                    "crafting": true
                  }
                },
                "stardust": {
                  "awakened_stardust_block": true
                }
              },
              "item_model": "stardust:awakened_stardust_block",
              "item_name": {
                "translate": "stardust.awakened_stardust_block"
              },
              "lore": [
                [
                  "",
                  {
                    "text": "I",
                    "color": "white",
                    "italic": false,
                    "font": "stardust:icons"
                  },
                  {
                    "translate": "stardustfragment",
                    "italic": true,
                    "color": "blue"
                  }
                ]
              ],
              "container": [
                {
                  "slot": 0,
                  "item": {
                    "id": "minecraft:stone",
                    "count": 1,
                    "components": {
                      "minecraft:custom_data": {
                        "smithed": {
                          "block": {
                            "id": "stardust:awakened_stardust_block",
                            "from": "stardust"
                          }
                        }
                      }
                    }
                  }
                }
              ],
              "tooltip_display": {
                "hidden_components": [
                  "minecraft:container"
                ]
              }
            }
          },
          "click_event": {
            "action": "show_dialog",
            "dialog": "stardust:manual/page_23"
          }
        },
        "\"\"",
        {
          "text": "$$\u80f1",
          "hover_event": {
            "action": "show_item",
            "id": "netherite_leggings",
            "components": {
              "custom_data": {
                "smithed": {
                  "dict": {
                    "armor": {
                      "darkium": true,
                      "leggings": true
                    }
                  },
                  "ignore": {
                    "functionality": true,
                    "crafting": true
                  }
                },
                "stardust": {
                  "darkium_leggings": true
                }
              },
              "max_damage": 2345,
              "attribute_modifiers": [
                {
                  "type": "armor",
                  "amount": 12.5,
                  "operation": "add_value",
                  "slot": "legs",
                  "id": "stardust:armor.legs"
                },
                {
                  "type": "armor_toughness",
                  "amount": 5.0,
                  "operation": "add_value",
                  "slot": "legs",
                  "id": "stardust:armor_toughness.legs"
                },
                {
                  "type": "knockback_resistance",
                  "amount": 0.1,
                  "operation": "add_value",
                  "slot": "legs",
                  "id": "stardust:knockback_resistance.legs"
                }
              ],
              "item_model": "stardust:darkium_leggings",
              "item_name": {
                "translate": "stardust.darkium_leggings"
              },
              "lore": [
                [
                  "",
                  {
                    "text": "I",
                    "color": "white",
                    "italic": false,
                    "font": "stardust:icons"
                  },
                  {
                    "translate": "stardustfragment",
                    "italic": true,
                    "color": "blue"
                  }
                ]
              ]
            }
          }
        },
        "#$\n\"",
        {
          "text": "U$",
          "hover_event": {
            "action": "show_item",
            "id": "minecraft:ink_sac",
            "components": {}
          }
        },
        {
          "text": "U$",
          "hover_event": {
            "action": "show_item",
            "id": "ender_pearl",
            "components": {
              "item_name": [
                {
                  "translate": "stardust.ender",
                  "italic": false,
                  "color": "dark_aqua"
                },
                {
                  "translate": "stardust.dragon_pearl",
                  "italic": false,
                  "color": "dark_purple"
                }
              ],
              "use_cooldown": {
                "seconds": 0.25
              },
              "item_model": "stardust:ender_dragon_pearl",
              "lore": [
                [
                  "",
                  {
                    "text": "I",
                    "color": "white",
                    "italic": false,
                    "font": "stardust:icons"
                  },
                  {
                    "translate": "stardustfragment",
                    "italic": true,
                    "color": "blue"
                  }
                ]
              ],
              "custom_data": {
                "stardust": {
                  "ender_dragon_pearl": true
                },
                "smithed": {
                  "ignore": {
                    "functionality": true,
                    "crafting": true
                  }
                }
              }
            }
          },
          "click_event": {
            "action": "show_dialog",
            "dialog": "stardust:manual/page_35"
          }
        },
        {
          "text": "U$",
          "hover_event": {
            "action": "show_item",
            "id": "furnace",
            "components": {
              "custom_data": {
                "smithed": {
                  "dict": {
                    "block": {
                      "awakened_stardust": true
                    }
                  },
                  "ignore": {
                    "functionality": true,
                    "crafting": true
                  }
                },
                "stardust": {
                  "awakened_stardust_block": true
                }
              },
              "item_model": "stardust:awakened_stardust_block",
              "item_name": {
                "translate": "stardust.awakened_stardust_block"
              },
              "lore": [
                [
                  "",
                  {
                    "text": "I",
                    "color": "white",
                    "italic": false,
                    "font": "stardust:icons"
                  },
                  {
                    "translate": "stardustfragment",
                    "italic": true,
                    "color": "blue"
                  }
                ]
              ],
              "container": [
                {
                  "slot": 0,
                  "item": {
                    "id": "minecraft:stone",
                    "count": 1,
                    "components": {
                      "minecraft:custom_data": {
                        "smithed": {
                          "block": {
                            "id": "stardust:awakened_stardust_block",
                            "from": "stardust"
                          }
                        }
                      }
                    }
                  }
                }
              ],
              "tooltip_display": {
                "hidden_components": [
                  "minecraft:container"
                ]
              }
            }
          },
          "click_event": {
            "action": "show_dialog",
            "dialog": "stardust:manual/page_23"
          }
        },
        "\"\"",
        {
          "text": "U$",
          "hover_event": {
            "action": "show_item",
            "id": "netherite_leggings",
            "components": {
              "custom_data": {
                "smithed": {
                  "dict": {
                    "armor": {
                      "darkium": true,
                      "leggings": true
                    }
                  },
                  "ignore": {
                    "functionality": true,
                    "crafting": true
                  }
                },
                "stardust": {
                  "darkium_leggings": true
                }
              },
              "max_damage": 2345,
              "attribute_modifiers": [
                {
                  "type": "armor",
                  "amount": 12.5,
                  "operation": "add_value",
                  "slot": "legs",
                  "id": "stardust:armor.legs"
                },
                {
                  "type": "armor_toughness",
                  "amount": 5.0,
                  "operation": "add_value",
                  "slot": "legs",
                  "id": "stardust:armor_toughness.legs"
                },
                {
                  "type": "knockback_resistance",
                  "amount": 0.1,
                  "operation": "add_value",
                  "slot": "legs",
                  "id": "stardust:knockback_resistance.legs"
                }
              ],
              "item_model": "stardust:darkium_leggings",
              "item_name": {
                "translate": "stardust.darkium_leggings"
              },
              "lore": [
                [
                  "",
                  {
                    "text": "I",
                    "color": "white",
                    "italic": false,
                    "font": "stardust:icons"
                  },
                  {
                    "translate": "stardustfragment",
                    "italic": true,
                    "color": "blue"
                  }
                ]
              ]
            }
          }
        },
        "#$\n\"",
        {
          "text": "$\u8430",
          "hover_event": {
            "action": "show_item",
            "id": "command_block",
            "components": {
              "custom_data": {
                "smithed": {
                  "dict": {
                    "ingot": {
                      "darkium": true
                    }
                  },
                  "ignore": {
                    "functionality": true,
                    "crafting": true
                  }
                },
                "stardust": {
                  "darkium_ingot": true
                }
              },
              "item_model": "stardust:darkium_ingot",
              "item_name": {
                "translate": "stardust.darkium_ingot"
              },
              "lore": [
                [
                  "",
                  {
                    "text": "I",
                    "color": "white",
                    "italic": false,
                    "font": "stardust:icons"
                  },
                  {
                    "translate": "stardustfragment",
                    "italic": true,
                    "color": "blue"
                  }
                ]
              ]
            }
          },
          "click_event": {
            "action": "show_dialog",
            "dialog": "stardust:manual/page_32"
          }
        },
        {
          "text": "$\u805f",
          "hover_event": {
            "action": "show_item",
            "id": "furnace",
            "components": {
              "lore": [
                {
                  "translate": "stardust.equivalent_to_531441_cobblestones",
                  "color": "gray",
                  "italic": false
                },
                [
                  "",
                  {
                    "text": "I",
                    "color": "white",
                    "italic": false,
                    "font": "stardust:icons"
                  },
                  {
                    "translate": "stardustfragment",
                    "italic": true,
                    "color": "blue"
                  }
                ]
              ],
              "item_model": "stardust:sextuple_compressed_cobblestone",
              "item_name": {
                "translate": "stardust.sextuple_compressed_cobblestone"
              },
              "custom_data": {
                "stardust": {
                  "sextuple_compressed_cobblestone": true
                },
                "smithed": {
                  "ignore": {
                    "functionality": true,
                    "crafting": true
                  }
                }
              },
              "container": [
                {
                  "slot": 0,
                  "item": {
                    "id": "minecraft:stone",
                    "count": 1,
                    "components": {
                      "minecraft:custom_data": {
                        "smithed": {
                          "block": {
                            "id": "stardust:sextuple_compressed_cobblestone",
                            "from": "stardust"
                          }
                        }
                      }
                    }
                  }
                }
              ],
              "tooltip_display": {
                "hidden_components": [
                  "minecraft:container"
                ]
              }
            }
          },
          "click_event": {
            "action": "show_dialog",
            "dialog": "stardust:manual/page_43"
          }
        },
        "U$  \n\"",
        {
          "text": "U$",
          "hover_event": {
            "action": "show_item",
            "id": "command_block",
            "components": {
              "custom_data": {
                "smithed": {
                  "dict": {
                    "ingot": {
                      "darkium": true
                    }
                  },
                  "ignore": {
                    "functionality": true,
                    "crafting": true
                  }
                },
                "stardust": {
                  "darkium_ingot": true
                }
              },
              "item_model": "stardust:darkium_ingot",
              "item_name": {
                "translate": "stardust.darkium_ingot"
              },
              "lore": [
                [
                  "",
                  {
                    "text": "I",
                    "color": "white",
                    "italic": false,
                    "font": "stardust:icons"
                  },
                  {
                    "translate": "stardustfragment",
                    "italic": true,
                    "color": "blue"
                  }
                ]
              ]
            }
          },
          "click_event": {
            "action": "show_dialog",
            "dialog": "stardust:manual/page_32"
          }
        },
        {
          "text": "U$\n\n",
          "hover_event": {
            "action": "show_item",
            "id": "furnace",
            "components": {
              "lore": [
                {
                  "translate": "stardust.equivalent_to_531441_cobblestones",
                  "color": "gray",
                  "italic": false
                },
                [
                  "",
                  {
                    "text": "I",
                    "color": "white",
                    "italic": false,
                    "font": "stardust:icons"
                  },
                  {
                    "translate": "stardustfragment",
                    "italic": true,
                    "color": "blue"
                  }
                ]
              ],
              "item_model": "stardust:sextuple_compressed_cobblestone",
              "item_name": {
                "translate": "stardust.sextuple_compressed_cobblestone"
              },
              "custom_data": {
                "stardust": {
                  "sextuple_compressed_cobblestone": true
                },
                "smithed": {
                  "ignore": {
                    "functionality": true,
                    "crafting": true
                  }
                }
              },
              "container": [
                {
                  "slot": 0,
                  "item": {
                    "id": "minecraft:stone",
                    "count": 1,
                    "components": {
                      "minecraft:custom_data": {
                        "smithed": {
                          "block": {
                            "id": "stardust:sextuple_compressed_cobblestone",
                            "from": "stardust"
                          }
                        }
                      }
                    }
                  }
                }
              ],
              "tooltip_display": {
                "hidden_components": [
                  "minecraft:container"
                ]
              }
            }
          },
          "click_event": {
            "action": "show_dialog",
            "dialog": "stardust:manual/page_43"
          }
        },
        {
          "text": "1##",
          "hover_event": {
            "action": "show_text",
            "value": [
              {
                "translate": "stardust.darkium_equipment",
                "color": "yellow"
              },
              {
                "translate": "stardust.compared_to_regular_netherite_equipment",
                "color": "gray"
              },
              {
                "translate": "stardust.durability_has_been_increased_by_x4_2",
                "color": "gray"
              },
              {
                "translate": "stardust.armor_points_has_been_increased_by_6_5",
                "color": "gray"
              },
              {
                "translate": "stardust.12_5_points",
                "color": "white"
              },
              {
                "translate": "stardust.armor_toughness_has_been_increased_by_2_0",
                "color": "gray"
              },
              {
                "translate": "stardust.5_0_points",
                "color": "white"
              }
            ]
          }
        },
        {
          "text": "2\n",
          "hover_event": {
            "action": "show_text",
            "value": [
              {
                "text": ""
              },
              [
                {
                  "text": "",
                  "font": "stardust:manual",
                  "color": "white"
                },
                "\"Q\n",
                "\n",
                "\"",
                {
                  "text": "$\u80c7"
                },
                {
                  "text": "$\u842b"
                },
                {
                  "text": "$\u842c"
                },
                "\n",
                "\"",
                {
                  "text": "U$"
                },
                {
                  "text": "U$"
                },
                {
                  "text": "U$"
                },
                "\n",
                "\"",
                {
                  "text": "$\u842d"
                },
                {
                  "text": "$\u83a2"
                },
                {
                  "text": "$\u83a3"
                },
                "\"\"",
                {
                  "text": "$$\u80f1"
                },
                "\n",
                "\"",
                {
                  "text": "U$"
                },
                {
                  "text": "U$"
                },
                {
                  "text": "U$"
                },
                "\"\"",
                {
                  "text": "U$"
                },
                "\n",
                "\"",
                {
                  "text": "$\u8430"
                },
                {
                  "text": "$\u805f"
                },
                "\n",
                "\"",
                {
                  "text": "U$"
                },
                {
                  "text": "U$"
                },
                "\n"
              ],
              {
                "translate": "stardust_fragment_awakened_forge",
                "color": "yellow"
              },
              {
                "text": "\n- x1 ",
                "color": "gray"
              },
              {
                "translate": "stardust.original_stardust_leggings",
                "color": "gray"
              },
              {
                "text": "\n- x4 ",
                "color": "gray"
              },
              {
                "translate": "stardust.darkium_block",
                "color": "gray"
              },
              {
                "translate": "stardust.x64",
                "color": "gray"
              },
              {
                "translate": "stardust.respawn_anchor",
                "color": "gray"
              },
              {
                "translate": "stardust.x96",
                "color": "gray"
              },
              {
                "translate": "stardust.ink_sac",
                "color": "gray"
              },
              {
                "text": "\n- x6 ",
                "color": "gray"
              },
              {
                "translate": "stardust.ender_dragon_pearl",
                "color": "gray"
              },
              {
                "text": "\n- x8 ",
                "color": "gray"
              },
              {
                "translate": "stardust.awakened_stardust_block",
                "color": "gray"
              },
              {
                "translate": "stardust.x12",
                "color": "gray"
              },
              {
                "translate": "stardust.darkium_ingot",
                "color": "gray"
              },
              {
                "text": "\n- x1 ",
                "color": "gray"
              },
              {
                "translate": "stardust.sextuple_compressed_cobblestone",
                "color": "gray"
              }
            ]
          }
        },
        {
          "text": "0##",
          "hover_event": {
            "action": "show_text",
            "value": [
              {
                "translate": "stardust.darkium_equipment",
                "color": "yellow"
              },
              {
                "translate": "stardust.compared_to_regular_netherite_equipment",
                "color": "gray"
              },
              {
                "translate": "stardust.durability_has_been_increased_by_x4_2",
                "color": "gray"
              },
              {
                "translate": "stardust.armor_points_has_been_increased_by_6_5",
                "color": "gray"
              },
              {
                "translate": "stardust.12_5_points",
                "color": "white"
              },
              {
                "translate": "stardust.armor_toughness_has_been_increased_by_2_0",
                "color": "gray"
              },
              {
                "translate": "stardust.5_0_points",
                "color": "white"
              }
            ]
          }
        },
        {
          "text": "0",
          "hover_event": {
            "action": "show_text",
            "value": [
              {
                "text": ""
              },
              [
                {
                  "text": "",
                  "font": "stardust:manual",
                  "color": "white"
                },
                "\"Q\n",
                "\n",
                "\"",
                {
                  "text": "$\u80c7"
                },
                {
                  "text": "$\u842b"
                },
                {
                  "text": "$\u842c"
                },
                "\n",
                "\"",
                {
                  "text": "U$"
                },
                {
                  "text": "U$"
                },
                {
                  "text": "U$"
                },
                "\n",
                "\"",
                {
                  "text": "$\u842d"
                },
                {
                  "text": "$\u83a2"
                },
                {
                  "text": "$\u83a3"
                },
                "\"\"",
                {
                  "text": "$$\u80f1"
                },
                "\n",
                "\"",
                {
                  "text": "U$"
                },
                {
                  "text": "U$"
                },
                {
                  "text": "U$"
                },
                "\"\"",
                {
                  "text": "U$"
                },
                "\n",
                "\"",
                {
                  "text": "$\u8430"
                },
                {
                  "text": "$\u805f"
                },
                "\n",
                "\"",
                {
                  "text": "U$"
                },
                {
                  "text": "U$"
                },
                "\n"
              ],
              {
                "translate": "stardust_fragment_awakened_forge",
                "color": "yellow"
              },
              {
                "text": "\n- x1 ",
                "color": "gray"
              },
              {
                "translate": "stardust.original_stardust_leggings",
                "color": "gray"
              },
              {
                "text": "\n- x4 ",
                "color": "gray"
              },
              {
                "translate": "stardust.darkium_block",
                "color": "gray"
              },
              {
                "translate": "stardust.x64",
                "color": "gray"
              },
              {
                "translate": "stardust.respawn_anchor",
                "color": "gray"
              },
              {
                "translate": "stardust.x96",
                "color": "gray"
              },
              {
                "translate": "stardust.ink_sac",
                "color": "gray"
              },
              {
                "text": "\n- x6 ",
                "color": "gray"
              },
              {
                "translate": "stardust.ender_dragon_pearl",
                "color": "gray"
              },
              {
                "text": "\n- x8 ",
                "color": "gray"
              },
              {
                "translate": "stardust.awakened_stardust_block",
                "color": "gray"
              },
              {
                "translate": "stardust.x12",
                "color": "gray"
              },
              {
                "translate": "stardust.darkium_ingot",
                "color": "gray"
              },
              {
                "text": "\n- x1 ",
                "color": "gray"
              },
              {
                "translate": "stardust.sextuple_compressed_cobblestone",
                "color": "gray"
              }
            ]
          }
        },
        "\n\n\n\n\n\n\n\n\n\n\n\n\n\n\n"
      ],
      "width": 140
    }
  ]
}
