{
  "type": "minecraft:notice",
  "title": [
    {
      "sprite": "stardust:item/cavern_portal",
      "shadow_color": [
        0,
        0,
        0,
        0
      ],
      "atlas": "minecraft:items"
    },
    " ",
    {
      "translate": "stardust.cavern_portal",
      "underlined": true
    },
    " ",
    {
      "sprite": "stardust:item/cavern_portal",
      "shadow_color": [
        0,
        0,
        0,
        0
      ],
      "atlas": "minecraft:items"
    }
  ],
  "body": [
    {
      "type": "minecraft:plain_message",
      "contents": [
        {
          "text": "V   ",
          "font": "stardust:manual",
          "color": "white"
        },
        {
          "text": "\n   ",
          "click_event": {
            "action": "show_dialog",
            "dialog": "stardust:manual/page_77"
          },
          "hover_event": {
            "action": "show_text",
            "value": [
              {
                "translate": "stardust.go_to_previous_page"
              },
              " (77)"
            ]
          }
        },
        " ",
        {
          "text": "   ",
          "click_event": {
            "action": "show_dialog",
            "dialog": "stardust:manual/page_79"
          },
          "hover_event": {
            "action": "show_text",
            "value": [
              {
                "translate": "stardust.go_to_next_page"
              },
              " (79)"
            ]
          }
        },
        {
          "text": "\n   ",
          "click_event": {
            "action": "show_dialog",
            "dialog": "stardust:manual/page_77"
          },
          "hover_event": {
            "action": "show_text",
            "value": [
              {
                "translate": "stardust.go_to_previous_page"
              },
              " (77)"
            ]
          }
        },
        " ",
        {
          "text": "   ",
          "click_event": {
            "action": "show_dialog",
            "dialog": "stardust:manual/page_79"
          },
          "hover_event": {
            "action": "show_text",
            "value": [
              {
                "translate": "stardust.go_to_next_page"
              },
              " (79)"
            ]
          }
        }
      ],
      "width": 400
    },
    {
      "type": "minecraft:plain_message",
      "contents": [
        {
          "text": "",
          "font": "stardust:manual",
          "color": "white",
          "shadow_color": [
            0,
            0,
            0,
            0
          ]
        },
        "\"$6\n\"",
        {
          "text": "$\u8055$\u8055$\u8055",
          "hover_event": {
            "action": "show_item",
            "id": "furnace",
            "components": {
              "lore": [
                {
                  "translate": "stardust.equivalent_to_9_cobblestones",
                  "color": "gray",
                  "italic": false
                },
                [
                  "",
                  {
                    "text": "I",
                    "color": "white",
                    "italic": false,
                    "font": "stardust:icons"
                  },
                  {
                    "translate": "stardustfragment",
                    "italic": true,
                    "color": "blue"
                  }
                ]
              ],
              "item_model": "stardust:compressed_cobblestone",
              "item_name": {
                "translate": "stardust.compressed_cobblestone"
              },
              "custom_data": {
                "stardust": {
                  "compressed_cobblestone": true
                },
                "smithed": {
                  "ignore": {
                    "functionality": true,
                    "crafting": true
                  }
                }
              },
              "container": [
                {
                  "slot": 0,
                  "item": {
                    "id": "minecraft:stone",
                    "count": 1,
                    "components": {
                      "minecraft:custom_data": {
                        "smithed": {
                          "block": {
                            "id": "stardust:compressed_cobblestone",
                            "from": "stardust"
                          }
                        }
                      }
                    }
                  }
                }
              ],
              "tooltip_display": {
                "hidden_components": [
                  "minecraft:container"
                ]
              }
            }
          },
          "click_event": {
            "action": "show_dialog",
            "dialog": "stardust:manual/page_38"
          }
        },
        "  \n\"",
        {
          "translate": "stardust.uuu",
          "hover_event": {
            "action": "show_item",
            "id": "furnace",
            "components": {
              "lore": [
                {
                  "translate": "stardust.equivalent_to_9_cobblestones",
                  "color": "gray",
                  "italic": false
                },
                [
                  "",
                  {
                    "text": "I",
                    "color": "white",
                    "italic": false,
                    "font": "stardust:icons"
                  },
                  {
                    "translate": "stardustfragment",
                    "italic": true,
                    "color": "blue"
                  }
                ]
              ],
              "item_model": "stardust:compressed_cobblestone",
              "item_name": {
                "translate": "stardust.compressed_cobblestone"
              },
              "custom_data": {
                "stardust": {
                  "compressed_cobblestone": true
                },
                "smithed": {
                  "ignore": {
                    "functionality": true,
                    "crafting": true
                  }
                }
              },
              "container": [
                {
                  "slot": 0,
                  "item": {
                    "id": "minecraft:stone",
                    "count": 1,
                    "components": {
                      "minecraft:custom_data": {
                        "smithed": {
                          "block": {
                            "id": "stardust:compressed_cobblestone",
                            "from": "stardust"
                          }
                        }
                      }
                    }
                  }
                }
              ],
              "tooltip_display": {
                "hidden_components": [
                  "minecraft:container"
                ]
              }
            }
          },
          "click_event": {
            "action": "show_dialog",
            "dialog": "stardust:manual/page_38"
          }
        },
        "  \n\"",
        {
          "text": "$\u8055",
          "hover_event": {
            "action": "show_item",
            "id": "furnace",
            "components": {
              "lore": [
                {
                  "translate": "stardust.equivalent_to_9_cobblestones",
                  "color": "gray",
                  "italic": false
                },
                [
                  "",
                  {
                    "text": "I",
                    "color": "white",
                    "italic": false,
                    "font": "stardust:icons"
                  },
                  {
                    "translate": "stardustfragment",
                    "italic": true,
                    "color": "blue"
                  }
                ]
              ],
              "item_model": "stardust:compressed_cobblestone",
              "item_name": {
                "translate": "stardust.compressed_cobblestone"
              },
              "custom_data": {
                "stardust": {
                  "compressed_cobblestone": true
                },
                "smithed": {
                  "ignore": {
                    "functionality": true,
                    "crafting": true
                  }
                }
              },
              "container": [
                {
                  "slot": 0,
                  "item": {
                    "id": "minecraft:stone",
                    "count": 1,
                    "components": {
                      "minecraft:custom_data": {
                        "smithed": {
                          "block": {
                            "id": "stardust:compressed_cobblestone",
                            "from": "stardust"
                          }
                        }
                      }
                    }
                  }
                }
              ],
              "tooltip_display": {
                "hidden_components": [
                  "minecraft:container"
                ]
              }
            }
          },
          "click_event": {
            "action": "show_dialog",
            "dialog": "stardust:manual/page_38"
          }
        },
        {
          "text": "$\u8021",
          "hover_event": {
            "action": "show_item",
            "id": "command_block",
            "components": {
              "item_model": "stardust:stardust_fragment",
              "item_name": {
                "translate": "stardust_fragment"
              },
              "lore": [
                [
                  "",
                  {
                    "text": "I",
                    "color": "white",
                    "italic": false,
                    "font": "stardust:icons"
                  },
                  {
                    "translate": "stardustfragment",
                    "italic": true,
                    "color": "blue"
                  }
                ]
              ],
              "custom_data": {
                "stardust": {
                  "stardust_fragment": true
                },
                "smithed": {
                  "ignore": {
                    "functionality": true,
                    "crafting": true
                  }
                }
              }
            }
          },
          "click_event": {
            "action": "show_dialog",
            "dialog": "stardust:manual/page_12"
          }
        },
        {
          "text": "$\u8055",
          "hover_event": {
            "action": "show_item",
            "id": "furnace",
            "components": {
              "lore": [
                {
                  "translate": "stardust.equivalent_to_9_cobblestones",
                  "color": "gray",
                  "italic": false
                },
                [
                  "",
                  {
                    "text": "I",
                    "color": "white",
                    "italic": false,
                    "font": "stardust:icons"
                  },
                  {
                    "translate": "stardustfragment",
                    "italic": true,
                    "color": "blue"
                  }
                ]
              ],
              "item_model": "stardust:compressed_cobblestone",
              "item_name": {
                "translate": "stardust.compressed_cobblestone"
              },
              "custom_data": {
                "stardust": {
                  "compressed_cobblestone": true
                },
                "smithed": {
                  "ignore": {
                    "functionality": true,
                    "crafting": true
                  }
                }
              },
              "container": [
                {
                  "slot": 0,
                  "item": {
                    "id": "minecraft:stone",
                    "count": 1,
                    "components": {
                      "minecraft:custom_data": {
                        "smithed": {
                          "block": {
                            "id": "stardust:compressed_cobblestone",
                            "from": "stardust"
                          }
                        }
                      }
                    }
                  }
                }
              ],
              "tooltip_display": {
                "hidden_components": [
                  "minecraft:container"
                ]
              }
            }
          },
          "click_event": {
            "action": "show_dialog",
            "dialog": "stardust:manual/page_38"
          }
        },
        "\"\"",
        {
          "text": "$$\u80a5",
          "hover_event": {
            "action": "show_item",
            "id": "furnace",
            "components": {
              "custom_data": {
                "energy": {
                  "usage": 20,
                  "max_storage": 800
                },
                "stardust": {
                  "cavern_portal": true
                },
                "smithed": {
                  "ignore": {
                    "functionality": true,
                    "crafting": true
                  }
                }
              },
              "item_name": {
                "translate": "stardust.cavern_portal",
                "italic": false,
                "color": "dark_gray"
              },
              "lore": [
                {
                  "translate": "stardust.this_portal_allows_access_to_a_world_full_of_caverns",
                  "italic": false,
                  "color": "white"
                },
                {
                  "translate": "stardust.power_usage_20_kw",
                  "italic": false,
                  "color": "gray"
                },
                {
                  "translate": "stardust.energy_buffer_800_kj",
                  "italic": false,
                  "color": "gray"
                },
                [
                  "",
                  {
                    "text": "I",
                    "color": "white",
                    "italic": false,
                    "font": "stardust:icons"
                  },
                  {
                    "translate": "stardustfragment",
                    "italic": true,
                    "color": "blue"
                  }
                ]
              ],
              "item_model": "stardust:cavern_portal",
              "container": [
                {
                  "slot": 0,
                  "item": {
                    "id": "minecraft:stone",
                    "count": 1,
                    "components": {
                      "minecraft:custom_data": {
                        "smithed": {
                          "block": {
                            "id": "stardust:cavern_portal",
                            "from": "stardust"
                          }
                        }
                      }
                    }
                  }
                }
              ],
              "tooltip_display": {
                "hidden_components": [
                  "minecraft:container"
                ]
              }
            }
          }
        },
        "#$\n\"",
        {
          "text": "U$",
          "hover_event": {
            "action": "show_item",
            "id": "furnace",
            "components": {
              "lore": [
                {
                  "translate": "stardust.equivalent_to_9_cobblestones",
                  "color": "gray",
                  "italic": false
                },
                [
                  "",
                  {
                    "text": "I",
                    "color": "white",
                    "italic": false,
                    "font": "stardust:icons"
                  },
                  {
                    "translate": "stardustfragment",
                    "italic": true,
                    "color": "blue"
                  }
                ]
              ],
              "item_model": "stardust:compressed_cobblestone",
              "item_name": {
                "translate": "stardust.compressed_cobblestone"
              },
              "custom_data": {
                "stardust": {
                  "compressed_cobblestone": true
                },
                "smithed": {
                  "ignore": {
                    "functionality": true,
                    "crafting": true
                  }
                }
              },
              "container": [
                {
                  "slot": 0,
                  "item": {
                    "id": "minecraft:stone",
                    "count": 1,
                    "components": {
                      "minecraft:custom_data": {
                        "smithed": {
                          "block": {
                            "id": "stardust:compressed_cobblestone",
                            "from": "stardust"
                          }
                        }
                      }
                    }
                  }
                }
              ],
              "tooltip_display": {
                "hidden_components": [
                  "minecraft:container"
                ]
              }
            }
          },
          "click_event": {
            "action": "show_dialog",
            "dialog": "stardust:manual/page_38"
          }
        },
        {
          "text": "U$",
          "hover_event": {
            "action": "show_item",
            "id": "command_block",
            "components": {
              "item_model": "stardust:stardust_fragment",
              "item_name": {
                "translate": "stardust_fragment"
              },
              "lore": [
                [
                  "",
                  {
                    "text": "I",
                    "color": "white",
                    "italic": false,
                    "font": "stardust:icons"
                  },
                  {
                    "translate": "stardustfragment",
                    "italic": true,
                    "color": "blue"
                  }
                ]
              ],
              "custom_data": {
                "stardust": {
                  "stardust_fragment": true
                },
                "smithed": {
                  "ignore": {
                    "functionality": true,
                    "crafting": true
                  }
                }
              }
            }
          },
          "click_event": {
            "action": "show_dialog",
            "dialog": "stardust:manual/page_12"
          }
        },
        {
          "text": "U$",
          "hover_event": {
            "action": "show_item",
            "id": "furnace",
            "components": {
              "lore": [
                {
                  "translate": "stardust.equivalent_to_9_cobblestones",
                  "color": "gray",
                  "italic": false
                },
                [
                  "",
                  {
                    "text": "I",
                    "color": "white",
                    "italic": false,
                    "font": "stardust:icons"
                  },
                  {
                    "translate": "stardustfragment",
                    "italic": true,
                    "color": "blue"
                  }
                ]
              ],
              "item_model": "stardust:compressed_cobblestone",
              "item_name": {
                "translate": "stardust.compressed_cobblestone"
              },
              "custom_data": {
                "stardust": {
                  "compressed_cobblestone": true
                },
                "smithed": {
                  "ignore": {
                    "functionality": true,
                    "crafting": true
                  }
                }
              },
              "container": [
                {
                  "slot": 0,
                  "item": {
                    "id": "minecraft:stone",
                    "count": 1,
                    "components": {
                      "minecraft:custom_data": {
                        "smithed": {
                          "block": {
                            "id": "stardust:compressed_cobblestone",
                            "from": "stardust"
                          }
                        }
                      }
                    }
                  }
                }
              ],
              "tooltip_display": {
                "hidden_components": [
                  "minecraft:container"
                ]
              }
            }
          },
          "click_event": {
            "action": "show_dialog",
            "dialog": "stardust:manual/page_38"
          }
        },
        "\"\"",
        {
          "text": "U$",
          "hover_event": {
            "action": "show_item",
            "id": "furnace",
            "components": {
              "custom_data": {
                "energy": {
                  "usage": 20,
                  "max_storage": 800
                },
                "stardust": {
                  "cavern_portal": true
                },
                "smithed": {
                  "ignore": {
                    "functionality": true,
                    "crafting": true
                  }
                }
              },
              "item_name": {
                "translate": "stardust.cavern_portal",
                "italic": false,
                "color": "dark_gray"
              },
              "lore": [
                {
                  "translate": "stardust.this_portal_allows_access_to_a_world_full_of_caverns",
                  "italic": false,
                  "color": "white"
                },
                {
                  "translate": "stardust.power_usage_20_kw",
                  "italic": false,
                  "color": "gray"
                },
                {
                  "translate": "stardust.energy_buffer_800_kj",
                  "italic": false,
                  "color": "gray"
                },
                [
                  "",
                  {
                    "text": "I",
                    "color": "white",
                    "italic": false,
                    "font": "stardust:icons"
                  },
                  {
                    "translate": "stardustfragment",
                    "italic": true,
                    "color": "blue"
                  }
                ]
              ],
              "item_model": "stardust:cavern_portal",
              "container": [
                {
                  "slot": 0,
                  "item": {
                    "id": "minecraft:stone",
                    "count": 1,
                    "components": {
                      "minecraft:custom_data": {
                        "smithed": {
                          "block": {
                            "id": "stardust:cavern_portal",
                            "from": "stardust"
                          }
                        }
                      }
                    }
                  }
                }
              ],
              "tooltip_display": {
                "hidden_components": [
                  "minecraft:container"
                ]
              }
            }
          }
        },
        "#$\n\"",
        {
          "text": "$\u8055$\u8055$\u8055",
          "hover_event": {
            "action": "show_item",
            "id": "furnace",
            "components": {
              "lore": [
                {
                  "translate": "stardust.equivalent_to_9_cobblestones",
                  "color": "gray",
                  "italic": false
                },
                [
                  "",
                  {
                    "text": "I",
                    "color": "white",
                    "italic": false,
                    "font": "stardust:icons"
                  },
                  {
                    "translate": "stardustfragment",
                    "italic": true,
                    "color": "blue"
                  }
                ]
              ],
              "item_model": "stardust:compressed_cobblestone",
              "item_name": {
                "translate": "stardust.compressed_cobblestone"
              },
              "custom_data": {
                "stardust": {
                  "compressed_cobblestone": true
                },
                "smithed": {
                  "ignore": {
                    "functionality": true,
                    "crafting": true
                  }
                }
              },
              "container": [
                {
                  "slot": 0,
                  "item": {
                    "id": "minecraft:stone",
                    "count": 1,
                    "components": {
                      "minecraft:custom_data": {
                        "smithed": {
                          "block": {
                            "id": "stardust:compressed_cobblestone",
                            "from": "stardust"
                          }
                        }
                      }
                    }
                  }
                }
              ],
              "tooltip_display": {
                "hidden_components": [
                  "minecraft:container"
                ]
              }
            }
          },
          "click_event": {
            "action": "show_dialog",
            "dialog": "stardust:manual/page_38"
          }
        },
        "  \n\"",
        {
          "translate": "stardust.uuu",
          "hover_event": {
            "action": "show_item",
            "id": "furnace",
            "components": {
              "lore": [
                {
                  "translate": "stardust.equivalent_to_9_cobblestones",
                  "color": "gray",
                  "italic": false
                },
                [
                  "",
                  {
                    "text": "I",
                    "color": "white",
                    "italic": false,
                    "font": "stardust:icons"
                  },
                  {
                    "translate": "stardustfragment",
                    "italic": true,
                    "color": "blue"
                  }
                ]
              ],
              "item_model": "stardust:compressed_cobblestone",
              "item_name": {
                "translate": "stardust.compressed_cobblestone"
              },
              "custom_data": {
                "stardust": {
                  "compressed_cobblestone": true
                },
                "smithed": {
                  "ignore": {
                    "functionality": true,
                    "crafting": true
                  }
                }
              },
              "container": [
                {
                  "slot": 0,
                  "item": {
                    "id": "minecraft:stone",
                    "count": 1,
                    "components": {
                      "minecraft:custom_data": {
                        "smithed": {
                          "block": {
                            "id": "stardust:compressed_cobblestone",
                            "from": "stardust"
                          }
                        }
                      }
                    }
                  }
                }
              ],
              "tooltip_display": {
                "hidden_components": [
                  "minecraft:container"
                ]
              }
            }
          },
          "click_event": {
            "action": "show_dialog",
            "dialog": "stardust:manual/page_38"
          }
        },
        "  \n\n",
        {
          "text": "1##",
          "hover_event": {
            "action": "show_text",
            "value": [
              {
                "translate": "stardust.portal_to_the_cavern_dimension",
                "color": "yellow"
              },
              {
                "text": "\nThis portal allows access to a world full of caverns!",
                "color": "gray"
              },
              {
                "translate": "stardust.consumes_20_kw_of_power",
                "color": "gray"
              },
              {
                "translate": "stardust.energy_buffer_of_800_kj",
                "color": "gray"
              }
            ]
          }
        },
        {
          "text": "2\n",
          "hover_event": {
            "action": "show_text",
            "value": [
              {
                "text": ""
              },
              [
                {
                  "text": "",
                  "font": "stardust:manual",
                  "color": "white"
                },
                "\"F\n",
                "\"",
                {
                  "text": "$\u8055"
                },
                {
                  "text": "$\u8055"
                },
                {
                  "text": "$\u8055"
                },
                "\n",
                "\"",
                {
                  "text": "U$"
                },
                {
                  "text": "U$"
                },
                {
                  "text": "U$"
                },
                "\n",
                "\"",
                {
                  "text": "$\u8055"
                },
                {
                  "text": "$\u8021"
                },
                {
                  "text": "$\u8055"
                },
                "\"\"",
                {
                  "text": "$$\u80a5"
                },
                "\n",
                "\"",
                {
                  "text": "U$"
                },
                {
                  "text": "U$"
                },
                {
                  "text": "U$"
                },
                "\"\"",
                {
                  "text": "U$"
                },
                "\n",
                "\"",
                {
                  "text": "$\u8055"
                },
                {
                  "text": "$\u8055"
                },
                {
                  "text": "$\u8055"
                },
                "\n",
                "\"",
                {
                  "text": "U$"
                },
                {
                  "text": "U$"
                },
                {
                  "text": "U$"
                },
                "\n"
              ],
              {
                "text": "\n- x8 ",
                "color": "gray"
              },
              {
                "translate": "stardust.compressed_cobblestone",
                "color": "gray"
              },
              {
                "text": "\n- x1 ",
                "color": "gray"
              },
              {
                "translate": "stardust_fragment",
                "color": "gray"
              }
            ]
          }
        },
        {
          "text": "0##",
          "hover_event": {
            "action": "show_text",
            "value": [
              {
                "translate": "stardust.portal_to_the_cavern_dimension",
                "color": "yellow"
              },
              {
                "text": "\nThis portal allows access to a world full of caverns!",
                "color": "gray"
              },
              {
                "translate": "stardust.consumes_20_kw_of_power",
                "color": "gray"
              },
              {
                "translate": "stardust.energy_buffer_of_800_kj",
                "color": "gray"
              }
            ]
          }
        },
        {
          "text": "0",
          "hover_event": {
            "action": "show_text",
            "value": [
              {
                "text": ""
              },
              [
                {
                  "text": "",
                  "font": "stardust:manual",
                  "color": "white"
                },
                "\"F\n",
                "\"",
                {
                  "text": "$\u8055"
                },
                {
                  "text": "$\u8055"
                },
                {
                  "text": "$\u8055"
                },
                "\n",
                "\"",
                {
                  "text": "U$"
                },
                {
                  "text": "U$"
                },
                {
                  "text": "U$"
                },
                "\n",
                "\"",
                {
                  "text": "$\u8055"
                },
                {
                  "text": "$\u8021"
                },
                {
                  "text": "$\u8055"
                },
                "\"\"",
                {
                  "text": "$$\u80a5"
                },
                "\n",
                "\"",
                {
                  "text": "U$"
                },
                {
                  "text": "U$"
                },
                {
                  "text": "U$"
                },
                "\"\"",
                {
                  "text": "U$"
                },
                "\n",
                "\"",
                {
                  "text": "$\u8055"
                },
                {
                  "text": "$\u8055"
                },
                {
                  "text": "$\u8055"
                },
                "\n",
                "\"",
                {
                  "text": "U$"
                },
                {
                  "text": "U$"
                },
                {
                  "text": "U$"
                },
                "\n"
              ],
              {
                "text": "\n- x8 ",
                "color": "gray"
              },
              {
                "translate": "stardust.compressed_cobblestone",
                "color": "gray"
              },
              {
                "text": "\n- x1 ",
                "color": "gray"
              },
              {
                "translate": "stardust_fragment",
                "color": "gray"
              }
            ]
          }
        },
        "\n\n\n\n\n\n\n\n\n\n\n\n\n\n\n\n"
      ],
      "width": 140
    }
  ]
}
