{
  "type": "minecraft:notice",
  "title": [
    {
      "sprite": "stardust:item/ender_stardust_ore",
      "shadow_color": [
        0,
        0,
        0,
        0
      ],
      "atlas": "minecraft:items"
    },
    " ",
    {
      "translate": "stardust.ender_stardust_ore",
      "underlined": true
    },
    " ",
    {
      "sprite": "stardust:item/ender_stardust_ore",
      "shadow_color": [
        0,
        0,
        0,
        0
      ],
      "atlas": "minecraft:items"
    }
  ],
  "body": [
    {
      "type": "minecraft:plain_message",
      "contents": [
        {
          "text": "V   ",
          "font": "stardust:manual",
          "color": "white"
        },
        {
          "text": "\n   ",
          "click_event": {
            "action": "show_dialog",
            "dialog": "stardust:manual/page_20"
          },
          "hover_event": {
            "action": "show_text",
            "value": [
              {
                "translate": "stardust.go_to_previous_page"
              },
              " (20)"
            ]
          }
        },
        " ",
        {
          "text": "   ",
          "click_event": {
            "action": "show_dialog",
            "dialog": "stardust:manual/page_22"
          },
          "hover_event": {
            "action": "show_text",
            "value": [
              {
                "translate": "stardust.go_to_next_page"
              },
              " (22)"
            ]
          }
        },
        {
          "text": "\n   ",
          "click_event": {
            "action": "show_dialog",
            "dialog": "stardust:manual/page_20"
          },
          "hover_event": {
            "action": "show_text",
            "value": [
              {
                "translate": "stardust.go_to_previous_page"
              },
              " (20)"
            ]
          }
        },
        " ",
        {
          "text": "   ",
          "click_event": {
            "action": "show_dialog",
            "dialog": "stardust:manual/page_22"
          },
          "hover_event": {
            "action": "show_text",
            "value": [
              {
                "translate": "stardust.go_to_next_page"
              },
              " (22)"
            ]
          }
        }
      ],
      "width": 400
    },
    {
      "type": "minecraft:plain_message",
      "contents": [
        {
          "text": "",
          "font": "stardust:manual",
          "color": "white",
          "shadow_color": [
            0,
            0,
            0,
            0
          ]
        },
        "\"$@\n\n\n\"",
        {
          "text": "$\u8033",
          "hover_event": {
            "action": "show_item",
            "id": "furnace",
            "components": {
              "item_model": "stardust:ender_stardust_ore",
              "item_name": {
                "translate": "stardust.ender_stardust_ore"
              },
              "lore": [
                [
                  "",
                  {
                    "text": "I",
                    "color": "white",
                    "italic": false,
                    "font": "stardust:icons"
                  },
                  {
                    "translate": "stardustfragment",
                    "italic": true,
                    "color": "blue"
                  }
                ]
              ],
              "custom_data": {
                "stardust": {
                  "ender_stardust_ore": true
                },
                "smithed": {
                  "ignore": {
                    "functionality": true,
                    "crafting": true
                  }
                }
              },
              "container": [
                {
                  "slot": 0,
                  "item": {
                    "id": "minecraft:stone",
                    "count": 1,
                    "components": {
                      "minecraft:custom_data": {
                        "smithed": {
                          "block": {
                            "id": "stardust:ender_stardust_ore",
                            "from": "stardust"
                          }
                        }
                      }
                    }
                  }
                }
              ],
              "tooltip_display": {
                "hidden_components": [
                  "minecraft:container"
                ]
              }
            }
          }
        },
        "\"\"\"\"#U$",
        {
          "text": "$$\u81d2",
          "hover_event": {
            "action": "show_item",
            "id": "command_block",
            "components": {
              "item_model": "stardust:stardust_essence",
              "item_name": {
                "translate": "stardust_essence"
              },
              "lore": [
                [
                  "",
                  {
                    "text": "I",
                    "color": "white",
                    "italic": false,
                    "font": "stardust:icons"
                  },
                  {
                    "translate": "stardustfragment",
                    "italic": true,
                    "color": "blue"
                  }
                ]
              ],
              "custom_data": {
                "stardust": {
                  "stardust_essence": true
                },
                "smithed": {
                  "ignore": {
                    "functionality": true,
                    "crafting": true
                  }
                }
              }
            }
          },
          "click_event": {
            "action": "show_dialog",
            "dialog": "stardust:manual/page_14"
          }
        },
        "#$\n\"",
        {
          "text": "U$",
          "hover_event": {
            "action": "show_item",
            "id": "furnace",
            "components": {
              "item_model": "stardust:ender_stardust_ore",
              "item_name": {
                "translate": "stardust.ender_stardust_ore"
              },
              "lore": [
                [
                  "",
                  {
                    "text": "I",
                    "color": "white",
                    "italic": false,
                    "font": "stardust:icons"
                  },
                  {
                    "translate": "stardustfragment",
                    "italic": true,
                    "color": "blue"
                  }
                ]
              ],
              "custom_data": {
                "stardust": {
                  "ender_stardust_ore": true
                },
                "smithed": {
                  "ignore": {
                    "functionality": true,
                    "crafting": true
                  }
                }
              },
              "container": [
                {
                  "slot": 0,
                  "item": {
                    "id": "minecraft:stone",
                    "count": 1,
                    "components": {
                      "minecraft:custom_data": {
                        "smithed": {
                          "block": {
                            "id": "stardust:ender_stardust_ore",
                            "from": "stardust"
                          }
                        }
                      }
                    }
                  }
                }
              ],
              "tooltip_display": {
                "hidden_components": [
                  "minecraft:container"
                ]
              }
            }
          }
        },
        "\"\"\"\"#U$",
        {
          "text": "U$",
          "hover_event": {
            "action": "show_item",
            "id": "command_block",
            "components": {
              "item_model": "stardust:stardust_essence",
              "item_name": {
                "translate": "stardust_essence"
              },
              "lore": [
                [
                  "",
                  {
                    "text": "I",
                    "color": "white",
                    "italic": false,
                    "font": "stardust:icons"
                  },
                  {
                    "translate": "stardustfragment",
                    "italic": true,
                    "color": "blue"
                  }
                ]
              ],
              "custom_data": {
                "stardust": {
                  "stardust_essence": true
                },
                "smithed": {
                  "ignore": {
                    "functionality": true,
                    "crafting": true
                  }
                }
              }
            }
          },
          "click_event": {
            "action": "show_dialog",
            "dialog": "stardust:manual/page_14"
          }
        },
        "#$\n\n\n",
        {
          "text": "1##",
          "hover_event": {
            "action": "show_text",
            "value": [
              {
                "translate": "stardust.end_dimension_stardust_ore",
                "color": "yellow"
              },
              {
                "translate": "stardust.found_in_the_end_dimension",
                "color": "gray"
              },
              {
                "translate": "stardust.drops_between_1_and_2_stardust_essences_when_mined",
                "color": "gray"
              }
            ]
          }
        },
        {
          "text": "\u834d##",
          "hover_event": {
            "action": "show_text",
            "value": [
              {
                "text": ""
              },
              [
                {
                  "text": "",
                  "font": "stardust:manual",
                  "color": "white"
                },
                "\"P\n",
                "\n\n",
                "\"",
                {
                  "text": "$\u8033"
                },
                "\"\"\"\"#U$",
                {
                  "text": "$$\u81d2"
                },
                "\n",
                "\"",
                {
                  "text": "U$"
                },
                "\"\"\"\"#U$",
                {
                  "text": "U$"
                },
                "\n",
                "\n"
              ],
              {
                "translate": "stardust.mining",
                "color": "yellow"
              },
              {
                "translate": "stardust.mine",
                "color": "gray"
              },
              {
                "translate": "stardust.ender_stardust_ore",
                "color": "gray"
              },
              {
                "translate": "stardust.drops_x1_2",
                "color": "gray"
              },
              {
                "translate": "stardust_essence",
                "color": "gray"
              }
            ]
          },
          "click_event": {
            "action": "show_dialog",
            "dialog": "stardust:manual/page_14"
          }
        },
        {
          "text": "\u8350\n",
          "hover_event": {
            "action": "show_text",
            "value": [
              {
                "text": ""
              },
              [
                {
                  "text": "",
                  "font": "stardust:manual",
                  "color": "white"
                },
                "\"G\n",
                "\"",
                {
                  "text": "$\u8033"
                },
                "\n",
                "\"",
                {
                  "text": "U$"
                },
                "\n",
                "\"\"\"\"U$U$",
                {
                  "text": "$$\u8025"
                },
                "\n",
                "\"\"\"\"U$U$",
                {
                  "text": "U$"
                },
                "\n",
                "\n\n"
              ],
              {
                "translate": "stardust.smelting",
                "color": "yellow"
              },
              {
                "text": "\n- x1 ",
                "color": "gray"
              },
              {
                "translate": "stardust.ender_stardust_ore",
                "color": "gray"
              }
            ]
          },
          "click_event": {
            "action": "show_dialog",
            "dialog": "stardust:manual/page_14"
          }
        },
        {
          "text": "0##",
          "hover_event": {
            "action": "show_text",
            "value": [
              {
                "translate": "stardust.end_dimension_stardust_ore",
                "color": "yellow"
              },
              {
                "translate": "stardust.found_in_the_end_dimension",
                "color": "gray"
              },
              {
                "translate": "stardust.drops_between_1_and_2_stardust_essences_when_mined",
                "color": "gray"
              }
            ]
          }
        },
        {
          "text": "0##",
          "hover_event": {
            "action": "show_text",
            "value": [
              {
                "text": ""
              },
              [
                {
                  "text": "",
                  "font": "stardust:manual",
                  "color": "white"
                },
                "\"P\n",
                "\n\n",
                "\"",
                {
                  "text": "$\u8033"
                },
                "\"\"\"\"#U$",
                {
                  "text": "$$\u81d2"
                },
                "\n",
                "\"",
                {
                  "text": "U$"
                },
                "\"\"\"\"#U$",
                {
                  "text": "U$"
                },
                "\n",
                "\n"
              ],
              {
                "translate": "stardust.mining",
                "color": "yellow"
              },
              {
                "translate": "stardust.mine",
                "color": "gray"
              },
              {
                "translate": "stardust.ender_stardust_ore",
                "color": "gray"
              },
              {
                "translate": "stardust.drops_x1_2",
                "color": "gray"
              },
              {
                "translate": "stardust_essence",
                "color": "gray"
              }
            ]
          },
          "click_event": {
            "action": "show_dialog",
            "dialog": "stardust:manual/page_14"
          }
        },
        {
          "text": "0",
          "hover_event": {
            "action": "show_text",
            "value": [
              {
                "text": ""
              },
              [
                {
                  "text": "",
                  "font": "stardust:manual",
                  "color": "white"
                },
                "\"G\n",
                "\"",
                {
                  "text": "$\u8033"
                },
                "\n",
                "\"",
                {
                  "text": "U$"
                },
                "\n",
                "\"\"\"\"U$U$",
                {
                  "text": "$$\u8025"
                },
                "\n",
                "\"\"\"\"U$U$",
                {
                  "text": "U$"
                },
                "\n",
                "\n\n"
              ],
              {
                "translate": "stardust.smelting",
                "color": "yellow"
              },
              {
                "text": "\n- x1 ",
                "color": "gray"
              },
              {
                "translate": "stardust.ender_stardust_ore",
                "color": "gray"
              }
            ]
          },
          "click_event": {
            "action": "show_dialog",
            "dialog": "stardust:manual/page_14"
          }
        },
        "\n\n\n\n\n\n\n\n\n\n\n\n\n\n\n\n\n"
      ],
      "width": 140
    }
  ]
}
