{
  "type": "minecraft:notice",
  "title": [
    {
      "sprite": "stardust:item/ultimate_photovoltaic_cell",
      "shadow_color": [
        0,
        0,
        0,
        0
      ],
      "atlas": "minecraft:items"
    },
    " ",
    {
      "translate": "stardust.ultimate_photovoltaic_cell",
      "underlined": true
    },
    " ",
    {
      "sprite": "stardust:item/ultimate_photovoltaic_cell",
      "shadow_color": [
        0,
        0,
        0,
        0
      ],
      "atlas": "minecraft:items"
    }
  ],
  "body": [
    {
      "type": "minecraft:plain_message",
      "contents": [
        {
          "text": "V   ",
          "font": "stardust:manual",
          "color": "white"
        },
        {
          "text": "\n   ",
          "click_event": {
            "action": "show_dialog",
            "dialog": "stardust:manual/page_54"
          },
          "hover_event": {
            "action": "show_text",
            "value": [
              {
                "translate": "stardust.go_to_previous_page"
              },
              " (54)"
            ]
          }
        },
        " ",
        {
          "text": "   ",
          "click_event": {
            "action": "show_dialog",
            "dialog": "stardust:manual/page_56"
          },
          "hover_event": {
            "action": "show_text",
            "value": [
              {
                "translate": "stardust.go_to_next_page"
              },
              " (56)"
            ]
          }
        },
        {
          "text": "\n   ",
          "click_event": {
            "action": "show_dialog",
            "dialog": "stardust:manual/page_54"
          },
          "hover_event": {
            "action": "show_text",
            "value": [
              {
                "translate": "stardust.go_to_previous_page"
              },
              " (54)"
            ]
          }
        },
        " ",
        {
          "text": "   ",
          "click_event": {
            "action": "show_dialog",
            "dialog": "stardust:manual/page_56"
          },
          "hover_event": {
            "action": "show_text",
            "value": [
              {
                "translate": "stardust.go_to_next_page"
              },
              " (56)"
            ]
          }
        }
      ],
      "width": 400
    },
    {
      "type": "minecraft:plain_message",
      "contents": [
        {
          "text": "",
          "font": "stardust:manual",
          "color": "white",
          "shadow_color": [
            0,
            0,
            0,
            0
          ]
        },
        "\"$6\n\"",
        {
          "text": "$\u8071",
          "hover_event": {
            "action": "show_item",
            "id": "command_block",
            "components": {
              "item_model": "stardust:legendarium_photovoltaic_cell",
              "item_name": {
                "translate": "stardust.legendarium_photovoltaic_cell"
              },
              "lore": [
                [
                  "",
                  {
                    "text": "I",
                    "color": "white",
                    "italic": false,
                    "font": "stardust:icons"
                  },
                  {
                    "translate": "stardustfragment",
                    "italic": true,
                    "color": "blue"
                  }
                ]
              ],
              "custom_data": {
                "stardust": {
                  "legendarium_photovoltaic_cell": true
                },
                "smithed": {
                  "ignore": {
                    "functionality": true,
                    "crafting": true
                  }
                }
              }
            }
          },
          "click_event": {
            "action": "show_dialog",
            "dialog": "stardust:manual/page_52"
          }
        },
        {
          "text": "$\u8073",
          "hover_event": {
            "action": "show_item",
            "id": "command_block",
            "components": {
              "item_model": "stardust:solarium_photovoltaic_cell",
              "item_name": {
                "translate": "stardust.solarium_photovoltaic_cell"
              },
              "lore": [
                [
                  "",
                  {
                    "text": "I",
                    "color": "white",
                    "italic": false,
                    "font": "stardust:icons"
                  },
                  {
                    "translate": "stardustfragment",
                    "italic": true,
                    "color": "blue"
                  }
                ]
              ],
              "custom_data": {
                "stardust": {
                  "solarium_photovoltaic_cell": true
                },
                "smithed": {
                  "ignore": {
                    "functionality": true,
                    "crafting": true
                  }
                }
              }
            }
          },
          "click_event": {
            "action": "show_dialog",
            "dialog": "stardust:manual/page_53"
          }
        },
        {
          "text": "$\u8075",
          "hover_event": {
            "action": "show_item",
            "id": "command_block",
            "components": {
              "item_model": "stardust:darkium_photovoltaic_cell",
              "item_name": {
                "translate": "stardust.darkium_photovoltaic_cell"
              },
              "lore": [
                [
                  "",
                  {
                    "text": "I",
                    "color": "white",
                    "italic": false,
                    "font": "stardust:icons"
                  },
                  {
                    "translate": "stardustfragment",
                    "italic": true,
                    "color": "blue"
                  }
                ]
              ],
              "custom_data": {
                "stardust": {
                  "darkium_photovoltaic_cell": true
                },
                "smithed": {
                  "ignore": {
                    "functionality": true,
                    "crafting": true
                  }
                }
              }
            }
          },
          "click_event": {
            "action": "show_dialog",
            "dialog": "stardust:manual/page_54"
          }
        },
        "  \n\"",
        {
          "text": "U$",
          "hover_event": {
            "action": "show_item",
            "id": "command_block",
            "components": {
              "item_model": "stardust:legendarium_photovoltaic_cell",
              "item_name": {
                "translate": "stardust.legendarium_photovoltaic_cell"
              },
              "lore": [
                [
                  "",
                  {
                    "text": "I",
                    "color": "white",
                    "italic": false,
                    "font": "stardust:icons"
                  },
                  {
                    "translate": "stardustfragment",
                    "italic": true,
                    "color": "blue"
                  }
                ]
              ],
              "custom_data": {
                "stardust": {
                  "legendarium_photovoltaic_cell": true
                },
                "smithed": {
                  "ignore": {
                    "functionality": true,
                    "crafting": true
                  }
                }
              }
            }
          },
          "click_event": {
            "action": "show_dialog",
            "dialog": "stardust:manual/page_52"
          }
        },
        {
          "text": "U$",
          "hover_event": {
            "action": "show_item",
            "id": "command_block",
            "components": {
              "item_model": "stardust:solarium_photovoltaic_cell",
              "item_name": {
                "translate": "stardust.solarium_photovoltaic_cell"
              },
              "lore": [
                [
                  "",
                  {
                    "text": "I",
                    "color": "white",
                    "italic": false,
                    "font": "stardust:icons"
                  },
                  {
                    "translate": "stardustfragment",
                    "italic": true,
                    "color": "blue"
                  }
                ]
              ],
              "custom_data": {
                "stardust": {
                  "solarium_photovoltaic_cell": true
                },
                "smithed": {
                  "ignore": {
                    "functionality": true,
                    "crafting": true
                  }
                }
              }
            }
          },
          "click_event": {
            "action": "show_dialog",
            "dialog": "stardust:manual/page_53"
          }
        },
        {
          "text": "U$",
          "hover_event": {
            "action": "show_item",
            "id": "command_block",
            "components": {
              "item_model": "stardust:darkium_photovoltaic_cell",
              "item_name": {
                "translate": "stardust.darkium_photovoltaic_cell"
              },
              "lore": [
                [
                  "",
                  {
                    "text": "I",
                    "color": "white",
                    "italic": false,
                    "font": "stardust:icons"
                  },
                  {
                    "translate": "stardustfragment",
                    "italic": true,
                    "color": "blue"
                  }
                ]
              ],
              "custom_data": {
                "stardust": {
                  "darkium_photovoltaic_cell": true
                },
                "smithed": {
                  "ignore": {
                    "functionality": true,
                    "crafting": true
                  }
                }
              }
            }
          },
          "click_event": {
            "action": "show_dialog",
            "dialog": "stardust:manual/page_54"
          }
        },
        "  \n\"U$",
        {
          "text": "$\u8051",
          "hover_event": {
            "action": "show_item",
            "id": "command_block",
            "components": {
              "item_name": [
                {
                  "text": "U",
                  "color": "#ff0000",
                  "italic": false
                },
                {
                  "text": "l",
                  "color": "#ff6d00"
                },
                {
                  "text": "t",
                  "color": "#ffda00"
                },
                {
                  "text": "i",
                  "color": "#b6ff00"
                },
                {
                  "text": "m",
                  "color": "#48ff00"
                },
                {
                  "text": "a",
                  "color": "#00ff24"
                },
                {
                  "text": "t",
                  "color": "#00ff91"
                },
                {
                  "text": "e",
                  "color": "#00ffff"
                },
                {
                  "text": " ",
                  "color": "#0091ff"
                },
                {
                  "text": "S",
                  "color": "#0024ff"
                },
                {
                  "text": "h",
                  "color": "#4800ff"
                },
                {
                  "text": "a",
                  "color": "#b600ff"
                },
                {
                  "text": "r",
                  "color": "#ff00da"
                },
                {
                  "text": "d",
                  "color": "#ff006d"
                }
              ],
              "item_model": "stardust:ultimate_shard",
              "lore": [
                [
                  "",
                  {
                    "text": "I",
                    "color": "white",
                    "italic": false,
                    "font": "stardust:icons"
                  },
                  {
                    "translate": "stardustfragment",
                    "italic": true,
                    "color": "blue"
                  }
                ]
              ],
              "custom_data": {
                "stardust": {
                  "ultimate_shard": true
                },
                "smithed": {
                  "ignore": {
                    "functionality": true,
                    "crafting": true
                  }
                }
              }
            }
          },
          "click_event": {
            "action": "show_dialog",
            "dialog": "stardust:manual/page_36"
          }
        },
        "U$\"\"",
        {
          "text": "$$\u8077",
          "hover_event": {
            "action": "show_item",
            "id": "command_block",
            "components": {
              "item_name": [
                {
                  "text": "U",
                  "color": "#ff0000",
                  "italic": false
                },
                {
                  "text": "l",
                  "color": "#ff3a00"
                },
                {
                  "text": "t",
                  "color": "#ff7500"
                },
                {
                  "text": "i",
                  "color": "#ffb000"
                },
                {
                  "text": "m",
                  "color": "#ffeb00"
                },
                {
                  "text": "a",
                  "color": "#d7ff00"
                },
                {
                  "text": "t",
                  "color": "#9cff00"
                },
                {
                  "text": "e",
                  "color": "#62ff00"
                },
                {
                  "text": " ",
                  "color": "#27ff00"
                },
                {
                  "text": "P",
                  "color": "#00ff13"
                },
                {
                  "text": "h",
                  "color": "#00ff4e"
                },
                {
                  "text": "o",
                  "color": "#00ff89"
                },
                {
                  "text": "t",
                  "color": "#00ffc4"
                },
                {
                  "text": "o",
                  "color": "#00ffff"
                },
                {
                  "text": "v",
                  "color": "#00c4ff"
                },
                {
                  "text": "o",
                  "color": "#0089ff"
                },
                {
                  "text": "l",
                  "color": "#004eff"
                },
                {
                  "text": "t",
                  "color": "#0013ff"
                },
                {
                  "text": "a",
                  "color": "#2700ff"
                },
                {
                  "text": "i",
                  "color": "#6200ff"
                },
                {
                  "text": "c",
                  "color": "#9c00ff"
                },
                {
                  "text": " ",
                  "color": "#d700ff"
                },
                {
                  "text": "C",
                  "color": "#ff00eb"
                },
                {
                  "text": "e",
                  "color": "#ff00b0"
                },
                {
                  "text": "l",
                  "color": "#ff0075"
                },
                {
                  "text": "l",
                  "color": "#ff003a"
                }
              ],
              "item_model": "stardust:ultimate_photovoltaic_cell",
              "lore": [
                [
                  "",
                  {
                    "text": "I",
                    "color": "white",
                    "italic": false,
                    "font": "stardust:icons"
                  },
                  {
                    "translate": "stardustfragment",
                    "italic": true,
                    "color": "blue"
                  }
                ]
              ],
              "custom_data": {
                "stardust": {
                  "ultimate_photovoltaic_cell": true
                },
                "smithed": {
                  "ignore": {
                    "functionality": true,
                    "crafting": true
                  }
                }
              }
            }
          }
        },
        "#$\n\"U$",
        {
          "text": "U$",
          "hover_event": {
            "action": "show_item",
            "id": "command_block",
            "components": {
              "item_name": [
                {
                  "text": "U",
                  "color": "#ff0000",
                  "italic": false
                },
                {
                  "text": "l",
                  "color": "#ff6d00"
                },
                {
                  "text": "t",
                  "color": "#ffda00"
                },
                {
                  "text": "i",
                  "color": "#b6ff00"
                },
                {
                  "text": "m",
                  "color": "#48ff00"
                },
                {
                  "text": "a",
                  "color": "#00ff24"
                },
                {
                  "text": "t",
                  "color": "#00ff91"
                },
                {
                  "text": "e",
                  "color": "#00ffff"
                },
                {
                  "text": " ",
                  "color": "#0091ff"
                },
                {
                  "text": "S",
                  "color": "#0024ff"
                },
                {
                  "text": "h",
                  "color": "#4800ff"
                },
                {
                  "text": "a",
                  "color": "#b600ff"
                },
                {
                  "text": "r",
                  "color": "#ff00da"
                },
                {
                  "text": "d",
                  "color": "#ff006d"
                }
              ],
              "item_model": "stardust:ultimate_shard",
              "lore": [
                [
                  "",
                  {
                    "text": "I",
                    "color": "white",
                    "italic": false,
                    "font": "stardust:icons"
                  },
                  {
                    "translate": "stardustfragment",
                    "italic": true,
                    "color": "blue"
                  }
                ]
              ],
              "custom_data": {
                "stardust": {
                  "ultimate_shard": true
                },
                "smithed": {
                  "ignore": {
                    "functionality": true,
                    "crafting": true
                  }
                }
              }
            }
          },
          "click_event": {
            "action": "show_dialog",
            "dialog": "stardust:manual/page_36"
          }
        },
        "U$\"\"",
        {
          "text": "U$",
          "hover_event": {
            "action": "show_item",
            "id": "command_block",
            "components": {
              "item_name": [
                {
                  "text": "U",
                  "color": "#ff0000",
                  "italic": false
                },
                {
                  "text": "l",
                  "color": "#ff3a00"
                },
                {
                  "text": "t",
                  "color": "#ff7500"
                },
                {
                  "text": "i",
                  "color": "#ffb000"
                },
                {
                  "text": "m",
                  "color": "#ffeb00"
                },
                {
                  "text": "a",
                  "color": "#d7ff00"
                },
                {
                  "text": "t",
                  "color": "#9cff00"
                },
                {
                  "text": "e",
                  "color": "#62ff00"
                },
                {
                  "text": " ",
                  "color": "#27ff00"
                },
                {
                  "text": "P",
                  "color": "#00ff13"
                },
                {
                  "text": "h",
                  "color": "#00ff4e"
                },
                {
                  "text": "o",
                  "color": "#00ff89"
                },
                {
                  "text": "t",
                  "color": "#00ffc4"
                },
                {
                  "text": "o",
                  "color": "#00ffff"
                },
                {
                  "text": "v",
                  "color": "#00c4ff"
                },
                {
                  "text": "o",
                  "color": "#0089ff"
                },
                {
                  "text": "l",
                  "color": "#004eff"
                },
                {
                  "text": "t",
                  "color": "#0013ff"
                },
                {
                  "text": "a",
                  "color": "#2700ff"
                },
                {
                  "text": "i",
                  "color": "#6200ff"
                },
                {
                  "text": "c",
                  "color": "#9c00ff"
                },
                {
                  "text": " ",
                  "color": "#d700ff"
                },
                {
                  "text": "C",
                  "color": "#ff00eb"
                },
                {
                  "text": "e",
                  "color": "#ff00b0"
                },
                {
                  "text": "l",
                  "color": "#ff0075"
                },
                {
                  "text": "l",
                  "color": "#ff003a"
                }
              ],
              "item_model": "stardust:ultimate_photovoltaic_cell",
              "lore": [
                [
                  "",
                  {
                    "text": "I",
                    "color": "white",
                    "italic": false,
                    "font": "stardust:icons"
                  },
                  {
                    "translate": "stardustfragment",
                    "italic": true,
                    "color": "blue"
                  }
                ]
              ],
              "custom_data": {
                "stardust": {
                  "ultimate_photovoltaic_cell": true
                },
                "smithed": {
                  "ignore": {
                    "functionality": true,
                    "crafting": true
                  }
                }
              }
            }
          }
        },
        "#$\n\n\n\n",
        {
          "text": "1##",
          "hover_event": {
            "action": "show_text",
            "value": [
              {
                "translate": "stardust.ultimate_photovoltaic_cell_made_from_stardust",
                "color": "yellow"
              },
              {
                "translate": "stardust.used_to_convert_sunlight_into_energy_with_ultimate_efficiency",
                "color": "gray"
              },
              {
                "translate": "stardust.crafted_from_ultimate_materials",
                "color": "gray"
              }
            ]
          }
        },
        {
          "text": "2##",
          "hover_event": {
            "action": "show_text",
            "value": [
              {
                "text": ""
              },
              [
                {
                  "text": "",
                  "font": "stardust:manual",
                  "color": "white"
                },
                "\"F\n",
                "\"",
                {
                  "text": "$\u8071"
                },
                {
                  "text": "$\u8073"
                },
                {
                  "text": "$\u8075"
                },
                "\n",
                "\"",
                {
                  "text": "U$"
                },
                {
                  "text": "U$"
                },
                {
                  "text": "U$"
                },
                "\n",
                "\"",
                "U$",
                {
                  "text": "$\u8051"
                },
                "U$",
                "\"\"",
                {
                  "text": "$$\u8077"
                },
                "\n",
                "\"",
                "U$",
                {
                  "text": "U$"
                },
                "U$",
                "\"\"",
                {
                  "text": "U$"
                },
                "\n",
                "\n\n"
              ],
              {
                "text": "\n- x1 ",
                "color": "gray"
              },
              {
                "translate": "stardust.legendarium_photovoltaic_cell",
                "color": "gray"
              },
              {
                "text": "\n- x1 ",
                "color": "gray"
              },
              {
                "translate": "stardust.solarium_photovoltaic_cell",
                "color": "gray"
              },
              {
                "text": "\n- x1 ",
                "color": "gray"
              },
              {
                "translate": "stardust.darkium_photovoltaic_cell",
                "color": "gray"
              },
              {
                "text": "\n- x1 ",
                "color": "gray"
              },
              {
                "translate": "stardust.ultimate_shard",
                "color": "gray"
              }
            ]
          }
        },
        {
          "text": "2##",
          "hover_event": {
            "action": "show_text",
            "value": [
              {
                "text": ""
              },
              [
                {
                  "text": "",
                  "font": "stardust:manual",
                  "color": "white"
                },
                "\"E\n",
                "\"",
                {
                  "text": "$\u8071"
                },
                {
                  "text": "$\u8073"
                },
                "\n",
                "\"",
                {
                  "text": "U$"
                },
                {
                  "text": "U$"
                },
                "U$",
                {
                  "text": "$$\u8077"
                },
                "\n",
                "\"",
                {
                  "text": "$\u8075"
                },
                {
                  "text": "$\u8051"
                },
                "U$",
                {
                  "text": "U$"
                },
                "\n",
                "\"",
                {
                  "text": "U$"
                },
                {
                  "text": "U$"
                },
                "\n"
              ],
              {
                "text": "\n- x1 ",
                "color": "gray"
              },
              {
                "translate": "stardust.legendarium_photovoltaic_cell",
                "color": "gray"
              },
              {
                "text": "\n- x1 ",
                "color": "gray"
              },
              {
                "translate": "stardust.solarium_photovoltaic_cell",
                "color": "gray"
              },
              {
                "text": "\n- x1 ",
                "color": "gray"
              },
              {
                "translate": "stardust.darkium_photovoltaic_cell",
                "color": "gray"
              },
              {
                "text": "\n- x1 ",
                "color": "gray"
              },
              {
                "translate": "stardust.ultimate_shard",
                "color": "gray"
              }
            ]
          }
        },
        {
          "text": "\u8b93\n",
          "hover_event": {
            "action": "show_text",
            "value": [
              {
                "text": ""
              },
              [
                {
                  "text": "",
                  "font": "stardust:manual",
                  "color": "white"
                },
                "\"F\n",
                "\"",
                {
                  "text": "$\u8077"
                },
                {
                  "text": "$\u8077"
                },
                {
                  "text": "$\u8077"
                },
                "\n",
                "\"",
                {
                  "text": "U$"
                },
                {
                  "text": "U$"
                },
                {
                  "text": "U$"
                },
                "\n",
                "\"",
                {
                  "text": "$\u8051"
                },
                {
                  "text": "$\u808b"
                },
                {
                  "text": "$\u8051"
                },
                "\"\"",
                {
                  "text": "$$\u8091"
                },
                "\n",
                "\"",
                {
                  "text": "U$"
                },
                {
                  "text": "U$"
                },
                {
                  "text": "U$"
                },
                "\"\"",
                {
                  "text": "U$"
                },
                "\n",
                "\"",
                {
                  "text": "$\u8045"
                },
                {
                  "text": "$\u8027"
                },
                {
                  "text": "$\u804b"
                },
                "\n",
                "\"",
                {
                  "text": "U$"
                },
                {
                  "text": "U$"
                },
                {
                  "text": "U$"
                },
                "\n"
              ],
              {
                "text": "\n- x3 ",
                "color": "gray"
              },
              {
                "translate": "stardust.ultimate_photovoltaic_cell",
                "color": "gray"
              },
              {
                "text": "\n- x2 ",
                "color": "gray"
              },
              {
                "translate": "stardust.ultimate_shard",
                "color": "gray"
              },
              {
                "text": "\n- x1 ",
                "color": "gray"
              },
              {
                "translate": "stardust.legendarium_solar_panel",
                "color": "gray"
              },
              {
                "text": "\n- x1 ",
                "color": "gray"
              },
              {
                "translate": "stardust.solarium_block",
                "color": "gray"
              },
              {
                "text": "\n- x1 ",
                "color": "gray"
              },
              {
                "translate": "stardust_core",
                "color": "gray"
              },
              {
                "text": "\n- x1 ",
                "color": "gray"
              },
              {
                "translate": "stardust.darkium_block",
                "color": "gray"
              }
            ]
          },
          "click_event": {
            "action": "show_dialog",
            "dialog": "stardust:manual/page_68"
          }
        },
        {
          "text": "0##",
          "hover_event": {
            "action": "show_text",
            "value": [
              {
                "translate": "stardust.ultimate_photovoltaic_cell_made_from_stardust",
                "color": "yellow"
              },
              {
                "translate": "stardust.used_to_convert_sunlight_into_energy_with_ultimate_efficiency",
                "color": "gray"
              },
              {
                "translate": "stardust.crafted_from_ultimate_materials",
                "color": "gray"
              }
            ]
          }
        },
        {
          "text": "0##",
          "hover_event": {
            "action": "show_text",
            "value": [
              {
                "text": ""
              },
              [
                {
                  "text": "",
                  "font": "stardust:manual",
                  "color": "white"
                },
                "\"F\n",
                "\"",
                {
                  "text": "$\u8071"
                },
                {
                  "text": "$\u8073"
                },
                {
                  "text": "$\u8075"
                },
                "\n",
                "\"",
                {
                  "text": "U$"
                },
                {
                  "text": "U$"
                },
                {
                  "text": "U$"
                },
                "\n",
                "\"",
                "U$",
                {
                  "text": "$\u8051"
                },
                "U$",
                "\"\"",
                {
                  "text": "$$\u8077"
                },
                "\n",
                "\"",
                "U$",
                {
                  "text": "U$"
                },
                "U$",
                "\"\"",
                {
                  "text": "U$"
                },
                "\n",
                "\n\n"
              ],
              {
                "text": "\n- x1 ",
                "color": "gray"
              },
              {
                "translate": "stardust.legendarium_photovoltaic_cell",
                "color": "gray"
              },
              {
                "text": "\n- x1 ",
                "color": "gray"
              },
              {
                "translate": "stardust.solarium_photovoltaic_cell",
                "color": "gray"
              },
              {
                "text": "\n- x1 ",
                "color": "gray"
              },
              {
                "translate": "stardust.darkium_photovoltaic_cell",
                "color": "gray"
              },
              {
                "text": "\n- x1 ",
                "color": "gray"
              },
              {
                "translate": "stardust.ultimate_shard",
                "color": "gray"
              }
            ]
          }
        },
        {
          "text": "0##",
          "hover_event": {
            "action": "show_text",
            "value": [
              {
                "text": ""
              },
              [
                {
                  "text": "",
                  "font": "stardust:manual",
                  "color": "white"
                },
                "\"E\n",
                "\"",
                {
                  "text": "$\u8071"
                },
                {
                  "text": "$\u8073"
                },
                "\n",
                "\"",
                {
                  "text": "U$"
                },
                {
                  "text": "U$"
                },
                "U$",
                {
                  "text": "$$\u8077"
                },
                "\n",
                "\"",
                {
                  "text": "$\u8075"
                },
                {
                  "text": "$\u8051"
                },
                "U$",
                {
                  "text": "U$"
                },
                "\n",
                "\"",
                {
                  "text": "U$"
                },
                {
                  "text": "U$"
                },
                "\n"
              ],
              {
                "text": "\n- x1 ",
                "color": "gray"
              },
              {
                "translate": "stardust.legendarium_photovoltaic_cell",
                "color": "gray"
              },
              {
                "text": "\n- x1 ",
                "color": "gray"
              },
              {
                "translate": "stardust.solarium_photovoltaic_cell",
                "color": "gray"
              },
              {
                "text": "\n- x1 ",
                "color": "gray"
              },
              {
                "translate": "stardust.darkium_photovoltaic_cell",
                "color": "gray"
              },
              {
                "text": "\n- x1 ",
                "color": "gray"
              },
              {
                "translate": "stardust.ultimate_shard",
                "color": "gray"
              }
            ]
          }
        },
        {
          "text": "0",
          "hover_event": {
            "action": "show_text",
            "value": [
              {
                "text": ""
              },
              [
                {
                  "text": "",
                  "font": "stardust:manual",
                  "color": "white"
                },
                "\"F\n",
                "\"",
                {
                  "text": "$\u8077"
                },
                {
                  "text": "$\u8077"
                },
                {
                  "text": "$\u8077"
                },
                "\n",
                "\"",
                {
                  "text": "U$"
                },
                {
                  "text": "U$"
                },
                {
                  "text": "U$"
                },
                "\n",
                "\"",
                {
                  "text": "$\u8051"
                },
                {
                  "text": "$\u808b"
                },
                {
                  "text": "$\u8051"
                },
                "\"\"",
                {
                  "text": "$$\u8091"
                },
                "\n",
                "\"",
                {
                  "text": "U$"
                },
                {
                  "text": "U$"
                },
                {
                  "text": "U$"
                },
                "\"\"",
                {
                  "text": "U$"
                },
                "\n",
                "\"",
                {
                  "text": "$\u8045"
                },
                {
                  "text": "$\u8027"
                },
                {
                  "text": "$\u804b"
                },
                "\n",
                "\"",
                {
                  "text": "U$"
                },
                {
                  "text": "U$"
                },
                {
                  "text": "U$"
                },
                "\n"
              ],
              {
                "text": "\n- x3 ",
                "color": "gray"
              },
              {
                "translate": "stardust.ultimate_photovoltaic_cell",
                "color": "gray"
              },
              {
                "text": "\n- x2 ",
                "color": "gray"
              },
              {
                "translate": "stardust.ultimate_shard",
                "color": "gray"
              },
              {
                "text": "\n- x1 ",
                "color": "gray"
              },
              {
                "translate": "stardust.legendarium_solar_panel",
                "color": "gray"
              },
              {
                "text": "\n- x1 ",
                "color": "gray"
              },
              {
                "translate": "stardust.solarium_block",
                "color": "gray"
              },
              {
                "text": "\n- x1 ",
                "color": "gray"
              },
              {
                "translate": "stardust_core",
                "color": "gray"
              },
              {
                "text": "\n- x1 ",
                "color": "gray"
              },
              {
                "translate": "stardust.darkium_block",
                "color": "gray"
              }
            ]
          },
          "click_event": {
            "action": "show_dialog",
            "dialog": "stardust:manual/page_68"
          }
        },
        "\n\n\n\n\n\n\n\n\n\n\n\n\n\n\n\n"
      ],
      "width": 140
    }
  ]
}
