{
  "type": "minecraft:notice",
  "title": {
    "translate": "stardust.heavy_workbench",
    "underlined": true
  },
  "body": [
    {
      "type": "minecraft:plain_message",
      "contents": [
        {
          "text": "V   ",
          "font": "stardust:manual",
          "color": "white"
        },
        {
          "text": "\n   ",
          "click_event": {
            "action": "show_dialog",
            "dialog": "stardust:manual/page_1"
          },
          "hover_event": {
            "action": "show_text",
            "value": [
              {
                "translate": "stardust.go_to_previous_page"
              },
              " (1)"
            ]
          }
        },
        " ",
        {
          "text": "   ",
          "click_event": {
            "action": "show_dialog",
            "dialog": "stardust:manual/page_3"
          },
          "hover_event": {
            "action": "show_text",
            "value": [
              {
                "translate": "stardust.go_to_next_page"
              },
              " (3)"
            ]
          }
        },
        {
          "text": "\n   ",
          "click_event": {
            "action": "show_dialog",
            "dialog": "stardust:manual/page_1"
          },
          "hover_event": {
            "action": "show_text",
            "value": [
              {
                "translate": "stardust.go_to_previous_page"
              },
              " (1)"
            ]
          }
        },
        " ",
        {
          "text": "   ",
          "click_event": {
            "action": "show_dialog",
            "dialog": "stardust:manual/page_3"
          },
          "hover_event": {
            "action": "show_text",
            "value": [
              {
                "translate": "stardust.go_to_next_page"
              },
              " (3)"
            ]
          }
        }
      ],
      "width": 400
    },
    {
      "type": "minecraft:plain_message",
      "contents": [
        {
          "text": "",
          "font": "stardust:manual",
          "color": "white",
          "shadow_color": [
            0,
            0,
            0,
            0
          ]
        },
        "\"$6\n\"",
        {
          "text": "$\u923a$\u923a$\u923a",
          "hover_event": {
            "action": "show_item",
            "id": "minecraft:oak_log",
            "components": {}
          }
        },
        "  \n\"",
        {
          "translate": "stardust.uuu",
          "hover_event": {
            "action": "show_item",
            "id": "minecraft:oak_log",
            "components": {}
          }
        },
        "  \n\"",
        {
          "text": "$\u923a",
          "hover_event": {
            "action": "show_item",
            "id": "minecraft:oak_log",
            "components": {}
          }
        },
        {
          "text": "$\u923b",
          "hover_event": {
            "action": "show_item",
            "id": "minecraft:crafting_table",
            "components": {}
          }
        },
        {
          "text": "$\u923a",
          "hover_event": {
            "action": "show_item",
            "id": "minecraft:oak_log",
            "components": {}
          }
        },
        "\"\"",
        {
          "text": "$$\u9239",
          "hover_event": {
            "action": "show_item",
            "id": "furnace",
            "components": {
              "item_name": "Heavy Workbench",
              "item_model": "stardust:heavy_workbench"
            }
          }
        },
        "#$\n\"",
        {
          "text": "U$",
          "hover_event": {
            "action": "show_item",
            "id": "minecraft:oak_log",
            "components": {}
          }
        },
        {
          "text": "U$",
          "hover_event": {
            "action": "show_item",
            "id": "minecraft:crafting_table",
            "components": {}
          }
        },
        {
          "text": "U$",
          "hover_event": {
            "action": "show_item",
            "id": "minecraft:oak_log",
            "components": {}
          }
        },
        "\"\"",
        {
          "text": "U$",
          "hover_event": {
            "action": "show_item",
            "id": "furnace",
            "components": {
              "item_name": "Heavy Workbench",
              "item_model": "stardust:heavy_workbench"
            }
          }
        },
        "#$\n\"",
        {
          "text": "$\u923c$\u923c$\u923c",
          "hover_event": {
            "action": "show_item",
            "id": "minecraft:smooth_stone",
            "components": {}
          }
        },
        "  \n\"",
        {
          "translate": "stardust.uuu",
          "hover_event": {
            "action": "show_item",
            "id": "minecraft:smooth_stone",
            "components": {}
          }
        },
        "  \n",
        [
          {
            "translate": "stardust.every_recipe_that_uses_custom_items",
            "font": "minecraft:default",
            "color": "black"
          },
          {
            "translate": "stardust.must",
            "color": "red",
            "underlined": true
          },
          " be crafted using the Heavy Workbench."
        ],
        "\n\n\n\n\n\n\n\n\n\n\n\n\n\n\n\n\n"
      ],
      "width": 140
    }
  ]
}
