{
  "type": "minecraft:notice",
  "title": [
    {
      "sprite": "stardust:item/legendarium_seed",
      "shadow_color": [
        0,
        0,
        0,
        0
      ],
      "atlas": "minecraft:items"
    },
    " ",
    {
      "translate": "stardust.legendarium_seed",
      "underlined": true
    },
    " ",
    {
      "sprite": "stardust:item/legendarium_seed",
      "shadow_color": [
        0,
        0,
        0,
        0
      ],
      "atlas": "minecraft:items"
    }
  ],
  "body": [
    {
      "type": "minecraft:plain_message",
      "contents": [
        {
          "text": "V   ",
          "font": "stardust:manual",
          "color": "white"
        },
        {
          "text": "\n   ",
          "click_event": {
            "action": "show_dialog",
            "dialog": "stardust:manual/page_151"
          },
          "hover_event": {
            "action": "show_text",
            "value": [
              {
                "translate": "stardust.go_to_previous_page"
              },
              " (151)"
            ]
          }
        },
        " ",
        {
          "text": "   ",
          "click_event": {
            "action": "show_dialog",
            "dialog": "stardust:manual/page_153"
          },
          "hover_event": {
            "action": "show_text",
            "value": [
              {
                "translate": "stardust.go_to_next_page"
              },
              " (153)"
            ]
          }
        },
        {
          "text": "\n   ",
          "click_event": {
            "action": "show_dialog",
            "dialog": "stardust:manual/page_151"
          },
          "hover_event": {
            "action": "show_text",
            "value": [
              {
                "translate": "stardust.go_to_previous_page"
              },
              " (151)"
            ]
          }
        },
        " ",
        {
          "text": "   ",
          "click_event": {
            "action": "show_dialog",
            "dialog": "stardust:manual/page_153"
          },
          "hover_event": {
            "action": "show_text",
            "value": [
              {
                "translate": "stardust.go_to_next_page"
              },
              " (153)"
            ]
          }
        }
      ],
      "width": 400
    },
    {
      "type": "minecraft:plain_message",
      "contents": [
        {
          "text": "",
          "font": "stardust:manual",
          "color": "white",
          "shadow_color": [
            0,
            0,
            0,
            0
          ]
        },
        "\"$6\n\"",
        {
          "text": "$\u8b25",
          "hover_event": {
            "action": "show_item",
            "id": "minecraft:emerald",
            "components": {}
          }
        },
        {
          "text": "$\u9168",
          "hover_event": {
            "action": "show_item",
            "id": "minecraft:feather",
            "components": {}
          }
        },
        {
          "text": "$\u8b25",
          "hover_event": {
            "action": "show_item",
            "id": "minecraft:emerald",
            "components": {}
          }
        },
        "  \n\"",
        {
          "text": "U$",
          "hover_event": {
            "action": "show_item",
            "id": "minecraft:emerald",
            "components": {}
          }
        },
        {
          "text": "U$",
          "hover_event": {
            "action": "show_item",
            "id": "minecraft:feather",
            "components": {}
          }
        },
        {
          "text": "U$",
          "hover_event": {
            "action": "show_item",
            "id": "minecraft:emerald",
            "components": {}
          }
        },
        "  \n\"",
        {
          "text": "$\u9168",
          "hover_event": {
            "action": "show_item",
            "id": "minecraft:feather",
            "components": {}
          }
        },
        {
          "text": "$\u8137",
          "hover_event": {
            "action": "show_item",
            "id": "item_frame",
            "components": {
              "lore": [
                {
                  "translate": "stardust.can_only_be_planted_on_diamond_block",
                  "italic": false,
                  "color": "gray"
                },
                [
                  "",
                  {
                    "text": "I",
                    "color": "white",
                    "italic": false,
                    "font": "stardust:icons"
                  },
                  {
                    "translate": "stardustfragment",
                    "italic": true,
                    "color": "blue"
                  }
                ]
              ],
              "item_model": "stardust:elite_stardust_seed",
              "item_name": {
                "translate": "stardust.elite_stardust_seed"
              },
              "custom_data": {
                "stardust": {
                  "elite_stardust_seed": true
                },
                "smithed": {
                  "ignore": {
                    "functionality": true,
                    "crafting": true
                  }
                }
              },
              "entity_data": {
                "id": "minecraft:item_frame",
                "Tags": [
                  "stardust.new",
                  "stardust.elite_stardust_seed"
                ],
                "Invisible": true,
                "Silent": true
              }
            }
          },
          "click_event": {
            "action": "show_dialog",
            "dialog": "stardust:manual/page_151"
          }
        },
        {
          "text": "$\u9168",
          "hover_event": {
            "action": "show_item",
            "id": "minecraft:feather",
            "components": {}
          }
        },
        "\"\"",
        {
          "text": "$$\u8139",
          "hover_event": {
            "action": "show_item",
            "id": "item_frame",
            "components": {
              "lore": [
                {
                  "translate": "stardust.can_only_be_planted_on_emerald_block",
                  "italic": false,
                  "color": "gray"
                },
                [
                  "",
                  {
                    "text": "I",
                    "color": "white",
                    "italic": false,
                    "font": "stardust:icons"
                  },
                  {
                    "translate": "stardustfragment",
                    "italic": true,
                    "color": "blue"
                  }
                ]
              ],
              "item_model": "stardust:legendarium_seed",
              "item_name": {
                "translate": "stardust.legendarium_seed"
              },
              "custom_data": {
                "stardust": {
                  "legendarium_seed": true
                },
                "smithed": {
                  "ignore": {
                    "functionality": true,
                    "crafting": true
                  }
                }
              },
              "entity_data": {
                "id": "minecraft:item_frame",
                "Tags": [
                  "stardust.new",
                  "stardust.legendarium_seed"
                ],
                "Invisible": true,
                "Silent": true
              }
            }
          }
        },
        "#$\n\"",
        {
          "text": "U$",
          "hover_event": {
            "action": "show_item",
            "id": "minecraft:feather",
            "components": {}
          }
        },
        {
          "text": "U$",
          "hover_event": {
            "action": "show_item",
            "id": "item_frame",
            "components": {
              "lore": [
                {
                  "translate": "stardust.can_only_be_planted_on_diamond_block",
                  "italic": false,
                  "color": "gray"
                },
                [
                  "",
                  {
                    "text": "I",
                    "color": "white",
                    "italic": false,
                    "font": "stardust:icons"
                  },
                  {
                    "translate": "stardustfragment",
                    "italic": true,
                    "color": "blue"
                  }
                ]
              ],
              "item_model": "stardust:elite_stardust_seed",
              "item_name": {
                "translate": "stardust.elite_stardust_seed"
              },
              "custom_data": {
                "stardust": {
                  "elite_stardust_seed": true
                },
                "smithed": {
                  "ignore": {
                    "functionality": true,
                    "crafting": true
                  }
                }
              },
              "entity_data": {
                "id": "minecraft:item_frame",
                "Tags": [
                  "stardust.new",
                  "stardust.elite_stardust_seed"
                ],
                "Invisible": true,
                "Silent": true
              }
            }
          },
          "click_event": {
            "action": "show_dialog",
            "dialog": "stardust:manual/page_151"
          }
        },
        {
          "text": "U$",
          "hover_event": {
            "action": "show_item",
            "id": "minecraft:feather",
            "components": {}
          }
        },
        "\"\"",
        {
          "text": "U$",
          "hover_event": {
            "action": "show_item",
            "id": "item_frame",
            "components": {
              "lore": [
                {
                  "translate": "stardust.can_only_be_planted_on_emerald_block",
                  "italic": false,
                  "color": "gray"
                },
                [
                  "",
                  {
                    "text": "I",
                    "color": "white",
                    "italic": false,
                    "font": "stardust:icons"
                  },
                  {
                    "translate": "stardustfragment",
                    "italic": true,
                    "color": "blue"
                  }
                ]
              ],
              "item_model": "stardust:legendarium_seed",
              "item_name": {
                "translate": "stardust.legendarium_seed"
              },
              "custom_data": {
                "stardust": {
                  "legendarium_seed": true
                },
                "smithed": {
                  "ignore": {
                    "functionality": true,
                    "crafting": true
                  }
                }
              },
              "entity_data": {
                "id": "minecraft:item_frame",
                "Tags": [
                  "stardust.new",
                  "stardust.legendarium_seed"
                ],
                "Invisible": true,
                "Silent": true
              }
            }
          }
        },
        "#$\n\"",
        {
          "text": "$\u8b25",
          "hover_event": {
            "action": "show_item",
            "id": "minecraft:emerald",
            "components": {}
          }
        },
        {
          "text": "$\u9168",
          "hover_event": {
            "action": "show_item",
            "id": "minecraft:feather",
            "components": {}
          }
        },
        {
          "text": "$\u8b25",
          "hover_event": {
            "action": "show_item",
            "id": "minecraft:emerald",
            "components": {}
          }
        },
        "  \n\"",
        {
          "text": "U$",
          "hover_event": {
            "action": "show_item",
            "id": "minecraft:emerald",
            "components": {}
          }
        },
        {
          "text": "U$",
          "hover_event": {
            "action": "show_item",
            "id": "minecraft:feather",
            "components": {}
          }
        },
        {
          "text": "U$",
          "hover_event": {
            "action": "show_item",
            "id": "minecraft:emerald",
            "components": {}
          }
        },
        "  \n\n",
        {
          "text": "1##",
          "hover_event": {
            "action": "show_text",
            "value": [
              {
                "translate": "stardust.magical_seed_that_grows_legendarium",
                "color": "yellow"
              },
              {
                "translate": "stardust.can_only_be_planted_on_emerald_blocks",
                "color": "gray"
              },
              {
                "translate": "stardust.grows_fully_after_64_minutes",
                "color": "gray"
              },
              {
                "translate": "stardust.yields_1_2_legendarium_fragments_when_harvested",
                "color": "gray"
              },
              {
                "translate": "stardust.fortune_effect_applies_10_per_level",
                "color": "gray"
              }
            ]
          }
        },
        {
          "text": "2\n",
          "hover_event": {
            "action": "show_text",
            "value": [
              {
                "text": ""
              },
              [
                {
                  "text": "",
                  "font": "stardust:manual",
                  "color": "white"
                },
                "\"F\n",
                "\"",
                {
                  "text": "$\u8b25"
                },
                {
                  "text": "$\u9168"
                },
                {
                  "text": "$\u8b25"
                },
                "\n",
                "\"",
                {
                  "text": "U$"
                },
                {
                  "text": "U$"
                },
                {
                  "text": "U$"
                },
                "\n",
                "\"",
                {
                  "text": "$\u9168"
                },
                {
                  "text": "$\u8137"
                },
                {
                  "text": "$\u9168"
                },
                "\"\"",
                {
                  "text": "$$\u8139"
                },
                "\n",
                "\"",
                {
                  "text": "U$"
                },
                {
                  "text": "U$"
                },
                {
                  "text": "U$"
                },
                "\"\"",
                {
                  "text": "U$"
                },
                "\n",
                "\"",
                {
                  "text": "$\u8b25"
                },
                {
                  "text": "$\u9168"
                },
                {
                  "text": "$\u8b25"
                },
                "\n",
                "\"",
                {
                  "text": "U$"
                },
                {
                  "text": "U$"
                },
                {
                  "text": "U$"
                },
                "\n"
              ],
              {
                "text": "\n- x4 ",
                "color": "gray"
              },
              {
                "translate": "stardust.emerald",
                "color": "gray"
              },
              {
                "text": "\n- x4 ",
                "color": "gray"
              },
              {
                "translate": "stardust.feather",
                "color": "gray"
              },
              {
                "text": "\n- x1 ",
                "color": "gray"
              },
              {
                "translate": "stardust.elite_stardust_seed",
                "color": "gray"
              }
            ]
          }
        },
        {
          "text": "0##",
          "hover_event": {
            "action": "show_text",
            "value": [
              {
                "translate": "stardust.magical_seed_that_grows_legendarium",
                "color": "yellow"
              },
              {
                "translate": "stardust.can_only_be_planted_on_emerald_blocks",
                "color": "gray"
              },
              {
                "translate": "stardust.grows_fully_after_64_minutes",
                "color": "gray"
              },
              {
                "translate": "stardust.yields_1_2_legendarium_fragments_when_harvested",
                "color": "gray"
              },
              {
                "translate": "stardust.fortune_effect_applies_10_per_level",
                "color": "gray"
              }
            ]
          }
        },
        {
          "text": "0",
          "hover_event": {
            "action": "show_text",
            "value": [
              {
                "text": ""
              },
              [
                {
                  "text": "",
                  "font": "stardust:manual",
                  "color": "white"
                },
                "\"F\n",
                "\"",
                {
                  "text": "$\u8b25"
                },
                {
                  "text": "$\u9168"
                },
                {
                  "text": "$\u8b25"
                },
                "\n",
                "\"",
                {
                  "text": "U$"
                },
                {
                  "text": "U$"
                },
                {
                  "text": "U$"
                },
                "\n",
                "\"",
                {
                  "text": "$\u9168"
                },
                {
                  "text": "$\u8137"
                },
                {
                  "text": "$\u9168"
                },
                "\"\"",
                {
                  "text": "$$\u8139"
                },
                "\n",
                "\"",
                {
                  "text": "U$"
                },
                {
                  "text": "U$"
                },
                {
                  "text": "U$"
                },
                "\"\"",
                {
                  "text": "U$"
                },
                "\n",
                "\"",
                {
                  "text": "$\u8b25"
                },
                {
                  "text": "$\u9168"
                },
                {
                  "text": "$\u8b25"
                },
                "\n",
                "\"",
                {
                  "text": "U$"
                },
                {
                  "text": "U$"
                },
                {
                  "text": "U$"
                },
                "\n"
              ],
              {
                "text": "\n- x4 ",
                "color": "gray"
              },
              {
                "translate": "stardust.emerald",
                "color": "gray"
              },
              {
                "text": "\n- x4 ",
                "color": "gray"
              },
              {
                "translate": "stardust.feather",
                "color": "gray"
              },
              {
                "text": "\n- x1 ",
                "color": "gray"
              },
              {
                "translate": "stardust.elite_stardust_seed",
                "color": "gray"
              }
            ]
          }
        },
        "\n\n\n\n\n\n\n\n\n\n\n\n\n\n\n\n"
      ],
      "width": 140
    }
  ]
}
