{
  "type": "minecraft:notice",
  "title": [
    {
      "sprite": "stardust:item/ultimate_elytra",
      "shadow_color": [
        0,
        0,
        0,
        0
      ],
      "atlas": "minecraft:items"
    },
    " ",
    {
      "translate": "stardust.ultimate_elytra",
      "underlined": true
    },
    " ",
    {
      "sprite": "stardust:item/ultimate_elytra",
      "shadow_color": [
        0,
        0,
        0,
        0
      ],
      "atlas": "minecraft:items"
    }
  ],
  "body": [
    {
      "type": "minecraft:plain_message",
      "contents": [
        {
          "text": "V   ",
          "font": "stardust:manual",
          "color": "white"
        },
        {
          "text": "\n   ",
          "click_event": {
            "action": "show_dialog",
            "dialog": "stardust:manual/page_123"
          },
          "hover_event": {
            "action": "show_text",
            "value": [
              {
                "translate": "stardust.go_to_previous_page"
              },
              " (123)"
            ]
          }
        },
        " ",
        {
          "text": "   ",
          "click_event": {
            "action": "show_dialog",
            "dialog": "stardust:manual/page_125"
          },
          "hover_event": {
            "action": "show_text",
            "value": [
              {
                "translate": "stardust.go_to_next_page"
              },
              " (125)"
            ]
          }
        },
        {
          "text": "\n   ",
          "click_event": {
            "action": "show_dialog",
            "dialog": "stardust:manual/page_123"
          },
          "hover_event": {
            "action": "show_text",
            "value": [
              {
                "translate": "stardust.go_to_previous_page"
              },
              " (123)"
            ]
          }
        },
        " ",
        {
          "text": "   ",
          "click_event": {
            "action": "show_dialog",
            "dialog": "stardust:manual/page_125"
          },
          "hover_event": {
            "action": "show_text",
            "value": [
              {
                "translate": "stardust.go_to_next_page"
              },
              " (125)"
            ]
          }
        }
      ],
      "width": 400
    },
    {
      "type": "minecraft:plain_message",
      "contents": [
        {
          "text": "",
          "font": "stardust:manual",
          "color": "white",
          "shadow_color": [
            0,
            0,
            0,
            0
          ]
        },
        "\u109a\n",
        {
          "text": "  \n  \n  \n  \n\n",
          "hover_event": {
            "action": "show_item",
            "id": "elytra",
            "components": {
              "item_name": [
                {
                  "text": "U",
                  "color": "#ff0000",
                  "italic": false
                },
                {
                  "text": "l",
                  "color": "#ff6600"
                },
                {
                  "text": "t",
                  "color": "#ffcc00"
                },
                {
                  "text": "i",
                  "color": "#ccff00"
                },
                {
                  "text": "m",
                  "color": "#65ff00"
                },
                {
                  "text": "a",
                  "color": "#00ff00"
                },
                {
                  "text": "t",
                  "color": "#00ff65"
                },
                {
                  "text": "e",
                  "color": "#00ffcb"
                },
                {
                  "text": " ",
                  "color": "#00cbff"
                },
                {
                  "text": "E",
                  "color": "#0065ff"
                },
                {
                  "text": "l",
                  "color": "#0000ff"
                },
                {
                  "text": "y",
                  "color": "#6600ff"
                },
                {
                  "text": "t",
                  "color": "#cb00ff"
                },
                {
                  "text": "r",
                  "color": "#ff00cb"
                },
                {
                  "text": "a",
                  "color": "#ff0066"
                }
              ],
              "max_damage": 3456,
              "attribute_modifiers": [
                {
                  "type": "armor",
                  "amount": 10,
                  "operation": "add_value",
                  "slot": "chest",
                  "id": "stardust:armor.chest"
                },
                {
                  "type": "armor_toughness",
                  "amount": 4,
                  "operation": "add_value",
                  "slot": "chest",
                  "id": "stardust:armor_toughness.chest"
                },
                {
                  "type": "knockback_resistance",
                  "amount": 0.1,
                  "operation": "add_value",
                  "slot": "chest",
                  "id": "stardust:knockback_resistance.chest"
                }
              ],
              "item_model": "stardust:ultimate_elytra",
              "lore": [
                [
                  "",
                  {
                    "text": "I",
                    "color": "white",
                    "italic": false,
                    "font": "stardust:icons"
                  },
                  {
                    "translate": "stardustfragment",
                    "italic": true,
                    "color": "blue"
                  }
                ]
              ],
              "custom_data": {
                "stardust": {
                  "ultimate_elytra": true
                },
                "smithed": {
                  "ignore": {
                    "functionality": true,
                    "crafting": true
                  }
                }
              }
            }
          },
          "click_event": {
            "action": "show_dialog",
            "dialog": "stardust:manual/page_124"
          }
        },
        {
          "text": "1\n0",
          "hover_event": {
            "action": "show_text",
            "value": [
              {
                "translate": "stardust.elytra_dropped_by_the_ultimate_boss",
                "color": "yellow"
              },
              {
                "translate": "stardust.higher_durability_x8_than_regular_elytra",
                "color": "gray"
              },
              {
                "translate": "stardust.when_on_chest",
                "color": "gray"
              },
              {
                "translate": "stardust.10_armor",
                "color": "blue"
              },
              {
                "translate": "stardust.4_armor_toughness",
                "color": "blue"
              },
              {
                "translate": "stardust.1_knockback_resistance",
                "color": "blue"
              }
            ]
          }
        },
        "\n\n\n\n\n\n\n\n\n\n\n\n\n\n\n\n\n\n"
      ],
      "width": 140
    }
  ]
}
