{
  "type": "minecraft:notice",
  "title": {
    "translate": "stardust.original_stardust_leggings",
    "underlined": true
  },
  "body": [
    {
      "type": "minecraft:plain_message",
      "contents": [
        {
          "text": "V   ",
          "font": "stardust:manual",
          "color": "white"
        },
        {
          "text": "\n   ",
          "click_event": {
            "action": "show_dialog",
            "dialog": "stardust:manual/page_92"
          },
          "hover_event": {
            "action": "show_text",
            "value": [
              {
                "translate": "stardust.go_to_previous_page"
              },
              " (92)"
            ]
          }
        },
        " ",
        {
          "text": "   ",
          "click_event": {
            "action": "show_dialog",
            "dialog": "stardust:manual/page_94"
          },
          "hover_event": {
            "action": "show_text",
            "value": [
              {
                "translate": "stardust.go_to_next_page"
              },
              " (94)"
            ]
          }
        },
        {
          "text": "\n   ",
          "click_event": {
            "action": "show_dialog",
            "dialog": "stardust:manual/page_92"
          },
          "hover_event": {
            "action": "show_text",
            "value": [
              {
                "translate": "stardust.go_to_previous_page"
              },
              " (92)"
            ]
          }
        },
        " ",
        {
          "text": "   ",
          "click_event": {
            "action": "show_dialog",
            "dialog": "stardust:manual/page_94"
          },
          "hover_event": {
            "action": "show_text",
            "value": [
              {
                "translate": "stardust.go_to_next_page"
              },
              " (94)"
            ]
          }
        }
      ],
      "width": 400
    },
    {
      "type": "minecraft:plain_message",
      "contents": [
        {
          "text": "",
          "font": "stardust:manual",
          "color": "white",
          "shadow_color": [
            0,
            0,
            0,
            0
          ]
        },
        "\"$6\n\"",
        {
          "text": "$\u8027",
          "hover_event": {
            "action": "show_item",
            "id": "furnace",
            "components": {
              "item_model": "stardust:stardust_core",
              "item_name": {
                "translate": "stardust_core"
              },
              "lore": [
                [
                  "",
                  {
                    "text": "I",
                    "color": "white",
                    "italic": false,
                    "font": "stardust:icons"
                  },
                  {
                    "translate": "stardustfragment",
                    "italic": true,
                    "color": "blue"
                  }
                ]
              ],
              "custom_data": {
                "stardust": {
                  "stardust_core": true
                },
                "smithed": {
                  "ignore": {
                    "functionality": true,
                    "crafting": true
                  }
                }
              },
              "container": [
                {
                  "slot": 0,
                  "item": {
                    "id": "minecraft:stone",
                    "count": 1,
                    "components": {
                      "minecraft:custom_data": {
                        "smithed": {
                          "block": {
                            "id": "stardust:stardust_core",
                            "from": "stardust"
                          }
                        }
                      }
                    }
                  }
                }
              ],
              "tooltip_display": {
                "hidden_components": [
                  "minecraft:container"
                ]
              }
            }
          },
          "click_event": {
            "action": "show_dialog",
            "dialog": "stardust:manual/page_13"
          }
        },
        {
          "text": "$\u8029",
          "hover_event": {
            "action": "show_item",
            "id": "command_block",
            "components": {
              "item_model": "stardust:compacted_stardust_shard",
              "item_name": {
                "translate": "stardust.compacted_stardust_shard"
              },
              "lore": [
                [
                  "",
                  {
                    "text": "I",
                    "color": "white",
                    "italic": false,
                    "font": "stardust:icons"
                  },
                  {
                    "translate": "stardustfragment",
                    "italic": true,
                    "color": "blue"
                  }
                ]
              ],
              "custom_data": {
                "stardust": {
                  "compacted_stardust_shard": true
                },
                "smithed": {
                  "ignore": {
                    "functionality": true,
                    "crafting": true
                  }
                }
              }
            }
          },
          "click_event": {
            "action": "show_dialog",
            "dialog": "stardust:manual/page_14"
          }
        },
        {
          "text": "$\u8027",
          "hover_event": {
            "action": "show_item",
            "id": "furnace",
            "components": {
              "item_model": "stardust:stardust_core",
              "item_name": {
                "translate": "stardust_core"
              },
              "lore": [
                [
                  "",
                  {
                    "text": "I",
                    "color": "white",
                    "italic": false,
                    "font": "stardust:icons"
                  },
                  {
                    "translate": "stardustfragment",
                    "italic": true,
                    "color": "blue"
                  }
                ]
              ],
              "custom_data": {
                "stardust": {
                  "stardust_core": true
                },
                "smithed": {
                  "ignore": {
                    "functionality": true,
                    "crafting": true
                  }
                }
              },
              "container": [
                {
                  "slot": 0,
                  "item": {
                    "id": "minecraft:stone",
                    "count": 1,
                    "components": {
                      "minecraft:custom_data": {
                        "smithed": {
                          "block": {
                            "id": "stardust:stardust_core",
                            "from": "stardust"
                          }
                        }
                      }
                    }
                  }
                }
              ],
              "tooltip_display": {
                "hidden_components": [
                  "minecraft:container"
                ]
              }
            }
          },
          "click_event": {
            "action": "show_dialog",
            "dialog": "stardust:manual/page_13"
          }
        },
        "  \n\"",
        {
          "text": "U$",
          "hover_event": {
            "action": "show_item",
            "id": "furnace",
            "components": {
              "item_model": "stardust:stardust_core",
              "item_name": {
                "translate": "stardust_core"
              },
              "lore": [
                [
                  "",
                  {
                    "text": "I",
                    "color": "white",
                    "italic": false,
                    "font": "stardust:icons"
                  },
                  {
                    "translate": "stardustfragment",
                    "italic": true,
                    "color": "blue"
                  }
                ]
              ],
              "custom_data": {
                "stardust": {
                  "stardust_core": true
                },
                "smithed": {
                  "ignore": {
                    "functionality": true,
                    "crafting": true
                  }
                }
              },
              "container": [
                {
                  "slot": 0,
                  "item": {
                    "id": "minecraft:stone",
                    "count": 1,
                    "components": {
                      "minecraft:custom_data": {
                        "smithed": {
                          "block": {
                            "id": "stardust:stardust_core",
                            "from": "stardust"
                          }
                        }
                      }
                    }
                  }
                }
              ],
              "tooltip_display": {
                "hidden_components": [
                  "minecraft:container"
                ]
              }
            }
          },
          "click_event": {
            "action": "show_dialog",
            "dialog": "stardust:manual/page_13"
          }
        },
        {
          "text": "U$",
          "hover_event": {
            "action": "show_item",
            "id": "command_block",
            "components": {
              "item_model": "stardust:compacted_stardust_shard",
              "item_name": {
                "translate": "stardust.compacted_stardust_shard"
              },
              "lore": [
                [
                  "",
                  {
                    "text": "I",
                    "color": "white",
                    "italic": false,
                    "font": "stardust:icons"
                  },
                  {
                    "translate": "stardustfragment",
                    "italic": true,
                    "color": "blue"
                  }
                ]
              ],
              "custom_data": {
                "stardust": {
                  "compacted_stardust_shard": true
                },
                "smithed": {
                  "ignore": {
                    "functionality": true,
                    "crafting": true
                  }
                }
              }
            }
          },
          "click_event": {
            "action": "show_dialog",
            "dialog": "stardust:manual/page_14"
          }
        },
        {
          "text": "U$",
          "hover_event": {
            "action": "show_item",
            "id": "furnace",
            "components": {
              "item_model": "stardust:stardust_core",
              "item_name": {
                "translate": "stardust_core"
              },
              "lore": [
                [
                  "",
                  {
                    "text": "I",
                    "color": "white",
                    "italic": false,
                    "font": "stardust:icons"
                  },
                  {
                    "translate": "stardustfragment",
                    "italic": true,
                    "color": "blue"
                  }
                ]
              ],
              "custom_data": {
                "stardust": {
                  "stardust_core": true
                },
                "smithed": {
                  "ignore": {
                    "functionality": true,
                    "crafting": true
                  }
                }
              },
              "container": [
                {
                  "slot": 0,
                  "item": {
                    "id": "minecraft:stone",
                    "count": 1,
                    "components": {
                      "minecraft:custom_data": {
                        "smithed": {
                          "block": {
                            "id": "stardust:stardust_core",
                            "from": "stardust"
                          }
                        }
                      }
                    }
                  }
                }
              ],
              "tooltip_display": {
                "hidden_components": [
                  "minecraft:container"
                ]
              }
            }
          },
          "click_event": {
            "action": "show_dialog",
            "dialog": "stardust:manual/page_13"
          }
        },
        "  \n\"",
        {
          "text": "$\u8029",
          "hover_event": {
            "action": "show_item",
            "id": "command_block",
            "components": {
              "item_model": "stardust:compacted_stardust_shard",
              "item_name": {
                "translate": "stardust.compacted_stardust_shard"
              },
              "lore": [
                [
                  "",
                  {
                    "text": "I",
                    "color": "white",
                    "italic": false,
                    "font": "stardust:icons"
                  },
                  {
                    "translate": "stardustfragment",
                    "italic": true,
                    "color": "blue"
                  }
                ]
              ],
              "custom_data": {
                "stardust": {
                  "compacted_stardust_shard": true
                },
                "smithed": {
                  "ignore": {
                    "functionality": true,
                    "crafting": true
                  }
                }
              }
            }
          },
          "click_event": {
            "action": "show_dialog",
            "dialog": "stardust:manual/page_14"
          }
        },
        {
          "text": "$\u80b9",
          "hover_event": {
            "action": "show_item",
            "id": "diamond_leggings",
            "components": {
              "custom_data": {
                "smithed": {
                  "dict": {
                    "armor": {
                      "damaged_stardust": true,
                      "leggings": true
                    }
                  },
                  "ignore": {
                    "functionality": true,
                    "crafting": true
                  }
                },
                "stardust": {
                  "damaged_stardust_leggings": true
                }
              },
              "max_damage": 742,
              "attribute_modifiers": [
                {
                  "type": "armor",
                  "amount": 7.0,
                  "operation": "add_value",
                  "slot": "legs",
                  "id": "stardust:armor.legs"
                },
                {
                  "type": "armor_toughness",
                  "amount": 3.0,
                  "operation": "add_value",
                  "slot": "legs",
                  "id": "stardust:armor_toughness.legs"
                }
              ],
              "item_model": "stardust:damaged_stardust_leggings",
              "item_name": {
                "translate": "stardust.damaged_stardust_leggings"
              },
              "lore": [
                [
                  "",
                  {
                    "text": "I",
                    "color": "white",
                    "italic": false,
                    "font": "stardust:icons"
                  },
                  {
                    "translate": "stardustfragment",
                    "italic": true,
                    "color": "blue"
                  }
                ]
              ]
            }
          },
          "click_event": {
            "action": "show_dialog",
            "dialog": "stardust:manual/page_86"
          }
        },
        {
          "text": "$\u8029",
          "hover_event": {
            "action": "show_item",
            "id": "command_block",
            "components": {
              "item_model": "stardust:compacted_stardust_shard",
              "item_name": {
                "translate": "stardust.compacted_stardust_shard"
              },
              "lore": [
                [
                  "",
                  {
                    "text": "I",
                    "color": "white",
                    "italic": false,
                    "font": "stardust:icons"
                  },
                  {
                    "translate": "stardustfragment",
                    "italic": true,
                    "color": "blue"
                  }
                ]
              ],
              "custom_data": {
                "stardust": {
                  "compacted_stardust_shard": true
                },
                "smithed": {
                  "ignore": {
                    "functionality": true,
                    "crafting": true
                  }
                }
              }
            }
          },
          "click_event": {
            "action": "show_dialog",
            "dialog": "stardust:manual/page_14"
          }
        },
        "\"\"",
        {
          "text": "$$\u80c7",
          "hover_event": {
            "action": "show_item",
            "id": "diamond_leggings",
            "components": {
              "custom_data": {
                "smithed": {
                  "dict": {
                    "armor": {
                      "original_stardust": true,
                      "leggings": true
                    }
                  },
                  "ignore": {
                    "functionality": true,
                    "crafting": true
                  }
                },
                "stardust": {
                  "original_stardust_leggings": true
                }
              },
              "max_damage": 1485,
              "attribute_modifiers": [
                {
                  "type": "armor",
                  "amount": 9.0,
                  "operation": "add_value",
                  "slot": "legs",
                  "id": "stardust:armor.legs"
                },
                {
                  "type": "armor_toughness",
                  "amount": 3.3,
                  "operation": "add_value",
                  "slot": "legs",
                  "id": "stardust:armor_toughness.legs"
                }
              ],
              "item_model": "stardust:original_stardust_leggings",
              "item_name": {
                "translate": "stardust.original_stardust_leggings"
              },
              "lore": [
                [
                  "",
                  {
                    "text": "I",
                    "color": "white",
                    "italic": false,
                    "font": "stardust:icons"
                  },
                  {
                    "translate": "stardustfragment",
                    "italic": true,
                    "color": "blue"
                  }
                ]
              ]
            }
          }
        },
        "#$\n\"",
        {
          "text": "U$",
          "hover_event": {
            "action": "show_item",
            "id": "command_block",
            "components": {
              "item_model": "stardust:compacted_stardust_shard",
              "item_name": {
                "translate": "stardust.compacted_stardust_shard"
              },
              "lore": [
                [
                  "",
                  {
                    "text": "I",
                    "color": "white",
                    "italic": false,
                    "font": "stardust:icons"
                  },
                  {
                    "translate": "stardustfragment",
                    "italic": true,
                    "color": "blue"
                  }
                ]
              ],
              "custom_data": {
                "stardust": {
                  "compacted_stardust_shard": true
                },
                "smithed": {
                  "ignore": {
                    "functionality": true,
                    "crafting": true
                  }
                }
              }
            }
          },
          "click_event": {
            "action": "show_dialog",
            "dialog": "stardust:manual/page_14"
          }
        },
        {
          "text": "U$",
          "hover_event": {
            "action": "show_item",
            "id": "diamond_leggings",
            "components": {
              "custom_data": {
                "smithed": {
                  "dict": {
                    "armor": {
                      "damaged_stardust": true,
                      "leggings": true
                    }
                  },
                  "ignore": {
                    "functionality": true,
                    "crafting": true
                  }
                },
                "stardust": {
                  "damaged_stardust_leggings": true
                }
              },
              "max_damage": 742,
              "attribute_modifiers": [
                {
                  "type": "armor",
                  "amount": 7.0,
                  "operation": "add_value",
                  "slot": "legs",
                  "id": "stardust:armor.legs"
                },
                {
                  "type": "armor_toughness",
                  "amount": 3.0,
                  "operation": "add_value",
                  "slot": "legs",
                  "id": "stardust:armor_toughness.legs"
                }
              ],
              "item_model": "stardust:damaged_stardust_leggings",
              "item_name": {
                "translate": "stardust.damaged_stardust_leggings"
              },
              "lore": [
                [
                  "",
                  {
                    "text": "I",
                    "color": "white",
                    "italic": false,
                    "font": "stardust:icons"
                  },
                  {
                    "translate": "stardustfragment",
                    "italic": true,
                    "color": "blue"
                  }
                ]
              ]
            }
          },
          "click_event": {
            "action": "show_dialog",
            "dialog": "stardust:manual/page_86"
          }
        },
        {
          "text": "U$",
          "hover_event": {
            "action": "show_item",
            "id": "command_block",
            "components": {
              "item_model": "stardust:compacted_stardust_shard",
              "item_name": {
                "translate": "stardust.compacted_stardust_shard"
              },
              "lore": [
                [
                  "",
                  {
                    "text": "I",
                    "color": "white",
                    "italic": false,
                    "font": "stardust:icons"
                  },
                  {
                    "translate": "stardustfragment",
                    "italic": true,
                    "color": "blue"
                  }
                ]
              ],
              "custom_data": {
                "stardust": {
                  "compacted_stardust_shard": true
                },
                "smithed": {
                  "ignore": {
                    "functionality": true,
                    "crafting": true
                  }
                }
              }
            }
          },
          "click_event": {
            "action": "show_dialog",
            "dialog": "stardust:manual/page_14"
          }
        },
        "\"\"",
        {
          "text": "U$",
          "hover_event": {
            "action": "show_item",
            "id": "diamond_leggings",
            "components": {
              "custom_data": {
                "smithed": {
                  "dict": {
                    "armor": {
                      "original_stardust": true,
                      "leggings": true
                    }
                  },
                  "ignore": {
                    "functionality": true,
                    "crafting": true
                  }
                },
                "stardust": {
                  "original_stardust_leggings": true
                }
              },
              "max_damage": 1485,
              "attribute_modifiers": [
                {
                  "type": "armor",
                  "amount": 9.0,
                  "operation": "add_value",
                  "slot": "legs",
                  "id": "stardust:armor.legs"
                },
                {
                  "type": "armor_toughness",
                  "amount": 3.3,
                  "operation": "add_value",
                  "slot": "legs",
                  "id": "stardust:armor_toughness.legs"
                }
              ],
              "item_model": "stardust:original_stardust_leggings",
              "item_name": {
                "translate": "stardust.original_stardust_leggings"
              },
              "lore": [
                [
                  "",
                  {
                    "text": "I",
                    "color": "white",
                    "italic": false,
                    "font": "stardust:icons"
                  },
                  {
                    "translate": "stardustfragment",
                    "italic": true,
                    "color": "blue"
                  }
                ]
              ]
            }
          }
        },
        "#$\n\"",
        {
          "text": "$\u8027",
          "hover_event": {
            "action": "show_item",
            "id": "furnace",
            "components": {
              "item_model": "stardust:stardust_core",
              "item_name": {
                "translate": "stardust_core"
              },
              "lore": [
                [
                  "",
                  {
                    "text": "I",
                    "color": "white",
                    "italic": false,
                    "font": "stardust:icons"
                  },
                  {
                    "translate": "stardustfragment",
                    "italic": true,
                    "color": "blue"
                  }
                ]
              ],
              "custom_data": {
                "stardust": {
                  "stardust_core": true
                },
                "smithed": {
                  "ignore": {
                    "functionality": true,
                    "crafting": true
                  }
                }
              },
              "container": [
                {
                  "slot": 0,
                  "item": {
                    "id": "minecraft:stone",
                    "count": 1,
                    "components": {
                      "minecraft:custom_data": {
                        "smithed": {
                          "block": {
                            "id": "stardust:stardust_core",
                            "from": "stardust"
                          }
                        }
                      }
                    }
                  }
                }
              ],
              "tooltip_display": {
                "hidden_components": [
                  "minecraft:container"
                ]
              }
            }
          },
          "click_event": {
            "action": "show_dialog",
            "dialog": "stardust:manual/page_13"
          }
        },
        {
          "text": "$\u8029",
          "hover_event": {
            "action": "show_item",
            "id": "command_block",
            "components": {
              "item_model": "stardust:compacted_stardust_shard",
              "item_name": {
                "translate": "stardust.compacted_stardust_shard"
              },
              "lore": [
                [
                  "",
                  {
                    "text": "I",
                    "color": "white",
                    "italic": false,
                    "font": "stardust:icons"
                  },
                  {
                    "translate": "stardustfragment",
                    "italic": true,
                    "color": "blue"
                  }
                ]
              ],
              "custom_data": {
                "stardust": {
                  "compacted_stardust_shard": true
                },
                "smithed": {
                  "ignore": {
                    "functionality": true,
                    "crafting": true
                  }
                }
              }
            }
          },
          "click_event": {
            "action": "show_dialog",
            "dialog": "stardust:manual/page_14"
          }
        },
        {
          "text": "$\u8027",
          "hover_event": {
            "action": "show_item",
            "id": "furnace",
            "components": {
              "item_model": "stardust:stardust_core",
              "item_name": {
                "translate": "stardust_core"
              },
              "lore": [
                [
                  "",
                  {
                    "text": "I",
                    "color": "white",
                    "italic": false,
                    "font": "stardust:icons"
                  },
                  {
                    "translate": "stardustfragment",
                    "italic": true,
                    "color": "blue"
                  }
                ]
              ],
              "custom_data": {
                "stardust": {
                  "stardust_core": true
                },
                "smithed": {
                  "ignore": {
                    "functionality": true,
                    "crafting": true
                  }
                }
              },
              "container": [
                {
                  "slot": 0,
                  "item": {
                    "id": "minecraft:stone",
                    "count": 1,
                    "components": {
                      "minecraft:custom_data": {
                        "smithed": {
                          "block": {
                            "id": "stardust:stardust_core",
                            "from": "stardust"
                          }
                        }
                      }
                    }
                  }
                }
              ],
              "tooltip_display": {
                "hidden_components": [
                  "minecraft:container"
                ]
              }
            }
          },
          "click_event": {
            "action": "show_dialog",
            "dialog": "stardust:manual/page_13"
          }
        },
        "  \n\"",
        {
          "text": "U$",
          "hover_event": {
            "action": "show_item",
            "id": "furnace",
            "components": {
              "item_model": "stardust:stardust_core",
              "item_name": {
                "translate": "stardust_core"
              },
              "lore": [
                [
                  "",
                  {
                    "text": "I",
                    "color": "white",
                    "italic": false,
                    "font": "stardust:icons"
                  },
                  {
                    "translate": "stardustfragment",
                    "italic": true,
                    "color": "blue"
                  }
                ]
              ],
              "custom_data": {
                "stardust": {
                  "stardust_core": true
                },
                "smithed": {
                  "ignore": {
                    "functionality": true,
                    "crafting": true
                  }
                }
              },
              "container": [
                {
                  "slot": 0,
                  "item": {
                    "id": "minecraft:stone",
                    "count": 1,
                    "components": {
                      "minecraft:custom_data": {
                        "smithed": {
                          "block": {
                            "id": "stardust:stardust_core",
                            "from": "stardust"
                          }
                        }
                      }
                    }
                  }
                }
              ],
              "tooltip_display": {
                "hidden_components": [
                  "minecraft:container"
                ]
              }
            }
          },
          "click_event": {
            "action": "show_dialog",
            "dialog": "stardust:manual/page_13"
          }
        },
        {
          "text": "U$",
          "hover_event": {
            "action": "show_item",
            "id": "command_block",
            "components": {
              "item_model": "stardust:compacted_stardust_shard",
              "item_name": {
                "translate": "stardust.compacted_stardust_shard"
              },
              "lore": [
                [
                  "",
                  {
                    "text": "I",
                    "color": "white",
                    "italic": false,
                    "font": "stardust:icons"
                  },
                  {
                    "translate": "stardustfragment",
                    "italic": true,
                    "color": "blue"
                  }
                ]
              ],
              "custom_data": {
                "stardust": {
                  "compacted_stardust_shard": true
                },
                "smithed": {
                  "ignore": {
                    "functionality": true,
                    "crafting": true
                  }
                }
              }
            }
          },
          "click_event": {
            "action": "show_dialog",
            "dialog": "stardust:manual/page_14"
          }
        },
        {
          "text": "U$",
          "hover_event": {
            "action": "show_item",
            "id": "furnace",
            "components": {
              "item_model": "stardust:stardust_core",
              "item_name": {
                "translate": "stardust_core"
              },
              "lore": [
                [
                  "",
                  {
                    "text": "I",
                    "color": "white",
                    "italic": false,
                    "font": "stardust:icons"
                  },
                  {
                    "translate": "stardustfragment",
                    "italic": true,
                    "color": "blue"
                  }
                ]
              ],
              "custom_data": {
                "stardust": {
                  "stardust_core": true
                },
                "smithed": {
                  "ignore": {
                    "functionality": true,
                    "crafting": true
                  }
                }
              },
              "container": [
                {
                  "slot": 0,
                  "item": {
                    "id": "minecraft:stone",
                    "count": 1,
                    "components": {
                      "minecraft:custom_data": {
                        "smithed": {
                          "block": {
                            "id": "stardust:stardust_core",
                            "from": "stardust"
                          }
                        }
                      }
                    }
                  }
                }
              ],
              "tooltip_display": {
                "hidden_components": [
                  "minecraft:container"
                ]
              }
            }
          },
          "click_event": {
            "action": "show_dialog",
            "dialog": "stardust:manual/page_13"
          }
        },
        "  \n\n",
        {
          "text": "1##",
          "hover_event": {
            "action": "show_text",
            "value": [
              {
                "translate": "stardust.original_stardust_equipment",
                "color": "yellow"
              },
              {
                "translate": "stardust.compared_to_regular_diamond_equipment",
                "color": "gray"
              },
              {
                "translate": "stardust.durability_has_been_increased_by_x3_0",
                "color": "gray"
              },
              {
                "translate": "stardust.armor_points_has_been_increased_by_3_0",
                "color": "gray"
              },
              {
                "translate": "stardust.9_0_points",
                "color": "white"
              },
              {
                "translate": "stardust.armor_toughness_has_been_increased_by_1_3",
                "color": "gray"
              },
              {
                "translate": "stardust.3_3_points",
                "color": "white"
              }
            ]
          }
        },
        {
          "text": "2##",
          "hover_event": {
            "action": "show_text",
            "value": [
              {
                "text": ""
              },
              [
                {
                  "text": "",
                  "font": "stardust:manual",
                  "color": "white"
                },
                "\"F\n",
                "\"",
                {
                  "text": "$\u8027"
                },
                {
                  "text": "$\u8029"
                },
                {
                  "text": "$\u8027"
                },
                "\n",
                "\"",
                {
                  "text": "U$"
                },
                {
                  "text": "U$"
                },
                {
                  "text": "U$"
                },
                "\n",
                "\"",
                {
                  "text": "$\u8029"
                },
                {
                  "text": "$\u80b9"
                },
                {
                  "text": "$\u8029"
                },
                "\"\"",
                {
                  "text": "$$\u80c7"
                },
                "\n",
                "\"",
                {
                  "text": "U$"
                },
                {
                  "text": "U$"
                },
                {
                  "text": "U$"
                },
                "\"\"",
                {
                  "text": "U$"
                },
                "\n",
                "\"",
                {
                  "text": "$\u8027"
                },
                {
                  "text": "$\u8029"
                },
                {
                  "text": "$\u8027"
                },
                "\n",
                "\"",
                {
                  "text": "U$"
                },
                {
                  "text": "U$"
                },
                {
                  "text": "U$"
                },
                "\n"
              ],
              {
                "text": "\n- x4 ",
                "color": "gray"
              },
              {
                "translate": "stardust_core",
                "color": "gray"
              },
              {
                "text": "\n- x4 ",
                "color": "gray"
              },
              {
                "translate": "stardust.compacted_stardust_shard",
                "color": "gray"
              },
              {
                "text": "\n- x1 ",
                "color": "gray"
              },
              {
                "translate": "stardust.damaged_stardust_leggings",
                "color": "gray"
              }
            ]
          }
        },
        {
          "text": "\u8db4##",
          "hover_event": {
            "action": "show_text",
            "value": [
              {
                "text": ""
              },
              [
                {
                  "text": "",
                  "font": "stardust:manual",
                  "color": "white"
                },
                "\"Q\n",
                "\n",
                "\"",
                {
                  "text": "$\u80c7"
                },
                {
                  "text": "$\u837d"
                },
                {
                  "text": "$\u837e"
                },
                "\n",
                "\"",
                {
                  "text": "U$"
                },
                {
                  "text": "U$"
                },
                {
                  "text": "U$"
                },
                "\n",
                "\"",
                {
                  "text": "$\u837f"
                },
                {
                  "text": "$\u8380"
                },
                {
                  "text": "$\u8381"
                },
                "\"\"",
                {
                  "text": "$$\u80d5"
                },
                "\n",
                "\"",
                {
                  "text": "U$"
                },
                {
                  "text": "U$"
                },
                {
                  "text": "U$"
                },
                "\"\"",
                {
                  "text": "U$"
                },
                "\n",
                "\"",
                {
                  "text": "$\u8382"
                },
                {
                  "text": "$\u805f"
                },
                "\n",
                "\"",
                {
                  "text": "U$"
                },
                {
                  "text": "U$"
                },
                "\n"
              ],
              {
                "translate": "stardust_fragment_awakened_forge",
                "color": "yellow"
              },
              {
                "text": "\n- x1 ",
                "color": "gray"
              },
              {
                "translate": "stardust.original_stardust_leggings",
                "color": "gray"
              },
              {
                "text": "\n- x4 ",
                "color": "gray"
              },
              {
                "translate": "stardust.legendarium_block",
                "color": "gray"
              },
              {
                "translate": "stardust.x64",
                "color": "gray"
              },
              {
                "translate": "stardust.wind_charge",
                "color": "gray"
              },
              {
                "translate": "stardust.x128",
                "color": "gray"
              },
              {
                "translate": "stardust.feather",
                "color": "gray"
              },
              {
                "text": "\n- x6 ",
                "color": "gray"
              },
              {
                "translate": "stardust.ender_dragon_pearl",
                "color": "gray"
              },
              {
                "text": "\n- x8 ",
                "color": "gray"
              },
              {
                "translate": "stardust.awakened_stardust_block",
                "color": "gray"
              },
              {
                "translate": "stardust.x12",
                "color": "gray"
              },
              {
                "translate": "stardust.legendarium_ingot",
                "color": "gray"
              },
              {
                "text": "\n- x1 ",
                "color": "gray"
              },
              {
                "translate": "stardust.sextuple_compressed_cobblestone",
                "color": "gray"
              }
            ]
          },
          "click_event": {
            "action": "show_dialog",
            "dialog": "stardust:manual/page_100"
          }
        },
        {
          "text": "\u8dbe##",
          "hover_event": {
            "action": "show_text",
            "value": [
              {
                "text": ""
              },
              [
                {
                  "text": "",
                  "font": "stardust:manual",
                  "color": "white"
                },
                "\"Q\n",
                "\n",
                "\"",
                {
                  "text": "$\u80c7"
                },
                {
                  "text": "$\u83c3"
                },
                {
                  "text": "$\u83c4"
                },
                "\n",
                "\"",
                {
                  "text": "U$"
                },
                {
                  "text": "U$"
                },
                {
                  "text": "U$"
                },
                "\n",
                "\"",
                {
                  "text": "$\u83c5"
                },
                {
                  "text": "$\u8380"
                },
                {
                  "text": "$\u8381"
                },
                "\"\"",
                {
                  "text": "$$\u80e3"
                },
                "\n",
                "\"",
                {
                  "text": "U$"
                },
                {
                  "text": "U$"
                },
                {
                  "text": "U$"
                },
                "\"\"",
                {
                  "text": "U$"
                },
                "\n",
                "\"",
                {
                  "text": "$\u83c8"
                },
                {
                  "text": "$\u805f"
                },
                "\n",
                "\"",
                {
                  "text": "U$"
                },
                {
                  "text": "U$"
                },
                "\n"
              ],
              {
                "translate": "stardust_fragment_awakened_forge",
                "color": "yellow"
              },
              {
                "text": "\n- x1 ",
                "color": "gray"
              },
              {
                "translate": "stardust.original_stardust_leggings",
                "color": "gray"
              },
              {
                "text": "\n- x4 ",
                "color": "gray"
              },
              {
                "translate": "stardust.solarium_block",
                "color": "gray"
              },
              {
                "translate": "stardust.x64",
                "color": "gray"
              },
              {
                "translate": "stardust.orange_candle",
                "color": "gray"
              },
              {
                "translate": "stardust.x128",
                "color": "gray"
              },
              {
                "translate": "stardust.blaze_powder",
                "color": "gray"
              },
              {
                "text": "\n- x6 ",
                "color": "gray"
              },
              {
                "translate": "stardust.ender_dragon_pearl",
                "color": "gray"
              },
              {
                "text": "\n- x8 ",
                "color": "gray"
              },
              {
                "translate": "stardust.awakened_stardust_block",
                "color": "gray"
              },
              {
                "translate": "stardust.x12",
                "color": "gray"
              },
              {
                "translate": "stardust.solarium_ingot",
                "color": "gray"
              },
              {
                "text": "\n- x1 ",
                "color": "gray"
              },
              {
                "translate": "stardust.sextuple_compressed_cobblestone",
                "color": "gray"
              }
            ]
          },
          "click_event": {
            "action": "show_dialog",
            "dialog": "stardust:manual/page_107"
          }
        },
        {
          "text": "\u8dc8\n",
          "hover_event": {
            "action": "show_text",
            "value": [
              {
                "text": ""
              },
              [
                {
                  "text": "",
                  "font": "stardust:manual",
                  "color": "white"
                },
                "\"Q\n",
                "\n",
                "\"",
                {
                  "text": "$\u80c7"
                },
                {
                  "text": "$\u8409"
                },
                {
                  "text": "$\u840a"
                },
                "\n",
                "\"",
                {
                  "text": "U$"
                },
                {
                  "text": "U$"
                },
                {
                  "text": "U$"
                },
                "\n",
                "\"",
                {
                  "text": "$\u840b"
                },
                {
                  "text": "$\u8380"
                },
                {
                  "text": "$\u8381"
                },
                "\"\"",
                {
                  "text": "$$\u80f1"
                },
                "\n",
                "\"",
                {
                  "text": "U$"
                },
                {
                  "text": "U$"
                },
                {
                  "text": "U$"
                },
                "\"\"",
                {
                  "text": "U$"
                },
                "\n",
                "\"",
                {
                  "text": "$\u840e"
                },
                {
                  "text": "$\u805f"
                },
                "\n",
                "\"",
                {
                  "text": "U$"
                },
                {
                  "text": "U$"
                },
                "\n"
              ],
              {
                "translate": "stardust_fragment_awakened_forge",
                "color": "yellow"
              },
              {
                "text": "\n- x1 ",
                "color": "gray"
              },
              {
                "translate": "stardust.original_stardust_leggings",
                "color": "gray"
              },
              {
                "text": "\n- x4 ",
                "color": "gray"
              },
              {
                "translate": "stardust.darkium_block",
                "color": "gray"
              },
              {
                "translate": "stardust.x64",
                "color": "gray"
              },
              {
                "translate": "stardust.respawn_anchor",
                "color": "gray"
              },
              {
                "translate": "stardust.x128",
                "color": "gray"
              },
              {
                "translate": "stardust.ink_sac",
                "color": "gray"
              },
              {
                "text": "\n- x6 ",
                "color": "gray"
              },
              {
                "translate": "stardust.ender_dragon_pearl",
                "color": "gray"
              },
              {
                "text": "\n- x8 ",
                "color": "gray"
              },
              {
                "translate": "stardust.awakened_stardust_block",
                "color": "gray"
              },
              {
                "translate": "stardust.x12",
                "color": "gray"
              },
              {
                "translate": "stardust.darkium_ingot",
                "color": "gray"
              },
              {
                "text": "\n- x1 ",
                "color": "gray"
              },
              {
                "translate": "stardust.sextuple_compressed_cobblestone",
                "color": "gray"
              }
            ]
          },
          "click_event": {
            "action": "show_dialog",
            "dialog": "stardust:manual/page_114"
          }
        },
        {
          "text": "0##",
          "hover_event": {
            "action": "show_text",
            "value": [
              {
                "translate": "stardust.original_stardust_equipment",
                "color": "yellow"
              },
              {
                "translate": "stardust.compared_to_regular_diamond_equipment",
                "color": "gray"
              },
              {
                "translate": "stardust.durability_has_been_increased_by_x3_0",
                "color": "gray"
              },
              {
                "translate": "stardust.armor_points_has_been_increased_by_3_0",
                "color": "gray"
              },
              {
                "translate": "stardust.9_0_points",
                "color": "white"
              },
              {
                "translate": "stardust.armor_toughness_has_been_increased_by_1_3",
                "color": "gray"
              },
              {
                "translate": "stardust.3_3_points",
                "color": "white"
              }
            ]
          }
        },
        {
          "text": "0##",
          "hover_event": {
            "action": "show_text",
            "value": [
              {
                "text": ""
              },
              [
                {
                  "text": "",
                  "font": "stardust:manual",
                  "color": "white"
                },
                "\"F\n",
                "\"",
                {
                  "text": "$\u8027"
                },
                {
                  "text": "$\u8029"
                },
                {
                  "text": "$\u8027"
                },
                "\n",
                "\"",
                {
                  "text": "U$"
                },
                {
                  "text": "U$"
                },
                {
                  "text": "U$"
                },
                "\n",
                "\"",
                {
                  "text": "$\u8029"
                },
                {
                  "text": "$\u80b9"
                },
                {
                  "text": "$\u8029"
                },
                "\"\"",
                {
                  "text": "$$\u80c7"
                },
                "\n",
                "\"",
                {
                  "text": "U$"
                },
                {
                  "text": "U$"
                },
                {
                  "text": "U$"
                },
                "\"\"",
                {
                  "text": "U$"
                },
                "\n",
                "\"",
                {
                  "text": "$\u8027"
                },
                {
                  "text": "$\u8029"
                },
                {
                  "text": "$\u8027"
                },
                "\n",
                "\"",
                {
                  "text": "U$"
                },
                {
                  "text": "U$"
                },
                {
                  "text": "U$"
                },
                "\n"
              ],
              {
                "text": "\n- x4 ",
                "color": "gray"
              },
              {
                "translate": "stardust_core",
                "color": "gray"
              },
              {
                "text": "\n- x4 ",
                "color": "gray"
              },
              {
                "translate": "stardust.compacted_stardust_shard",
                "color": "gray"
              },
              {
                "text": "\n- x1 ",
                "color": "gray"
              },
              {
                "translate": "stardust.damaged_stardust_leggings",
                "color": "gray"
              }
            ]
          }
        },
        {
          "text": "0##",
          "hover_event": {
            "action": "show_text",
            "value": [
              {
                "text": ""
              },
              [
                {
                  "text": "",
                  "font": "stardust:manual",
                  "color": "white"
                },
                "\"Q\n",
                "\n",
                "\"",
                {
                  "text": "$\u80c7"
                },
                {
                  "text": "$\u837d"
                },
                {
                  "text": "$\u837e"
                },
                "\n",
                "\"",
                {
                  "text": "U$"
                },
                {
                  "text": "U$"
                },
                {
                  "text": "U$"
                },
                "\n",
                "\"",
                {
                  "text": "$\u837f"
                },
                {
                  "text": "$\u8380"
                },
                {
                  "text": "$\u8381"
                },
                "\"\"",
                {
                  "text": "$$\u80d5"
                },
                "\n",
                "\"",
                {
                  "text": "U$"
                },
                {
                  "text": "U$"
                },
                {
                  "text": "U$"
                },
                "\"\"",
                {
                  "text": "U$"
                },
                "\n",
                "\"",
                {
                  "text": "$\u8382"
                },
                {
                  "text": "$\u805f"
                },
                "\n",
                "\"",
                {
                  "text": "U$"
                },
                {
                  "text": "U$"
                },
                "\n"
              ],
              {
                "translate": "stardust_fragment_awakened_forge",
                "color": "yellow"
              },
              {
                "text": "\n- x1 ",
                "color": "gray"
              },
              {
                "translate": "stardust.original_stardust_leggings",
                "color": "gray"
              },
              {
                "text": "\n- x4 ",
                "color": "gray"
              },
              {
                "translate": "stardust.legendarium_block",
                "color": "gray"
              },
              {
                "translate": "stardust.x64",
                "color": "gray"
              },
              {
                "translate": "stardust.wind_charge",
                "color": "gray"
              },
              {
                "translate": "stardust.x128",
                "color": "gray"
              },
              {
                "translate": "stardust.feather",
                "color": "gray"
              },
              {
                "text": "\n- x6 ",
                "color": "gray"
              },
              {
                "translate": "stardust.ender_dragon_pearl",
                "color": "gray"
              },
              {
                "text": "\n- x8 ",
                "color": "gray"
              },
              {
                "translate": "stardust.awakened_stardust_block",
                "color": "gray"
              },
              {
                "translate": "stardust.x12",
                "color": "gray"
              },
              {
                "translate": "stardust.legendarium_ingot",
                "color": "gray"
              },
              {
                "text": "\n- x1 ",
                "color": "gray"
              },
              {
                "translate": "stardust.sextuple_compressed_cobblestone",
                "color": "gray"
              }
            ]
          },
          "click_event": {
            "action": "show_dialog",
            "dialog": "stardust:manual/page_100"
          }
        },
        {
          "text": "0##",
          "hover_event": {
            "action": "show_text",
            "value": [
              {
                "text": ""
              },
              [
                {
                  "text": "",
                  "font": "stardust:manual",
                  "color": "white"
                },
                "\"Q\n",
                "\n",
                "\"",
                {
                  "text": "$\u80c7"
                },
                {
                  "text": "$\u83c3"
                },
                {
                  "text": "$\u83c4"
                },
                "\n",
                "\"",
                {
                  "text": "U$"
                },
                {
                  "text": "U$"
                },
                {
                  "text": "U$"
                },
                "\n",
                "\"",
                {
                  "text": "$\u83c5"
                },
                {
                  "text": "$\u8380"
                },
                {
                  "text": "$\u8381"
                },
                "\"\"",
                {
                  "text": "$$\u80e3"
                },
                "\n",
                "\"",
                {
                  "text": "U$"
                },
                {
                  "text": "U$"
                },
                {
                  "text": "U$"
                },
                "\"\"",
                {
                  "text": "U$"
                },
                "\n",
                "\"",
                {
                  "text": "$\u83c8"
                },
                {
                  "text": "$\u805f"
                },
                "\n",
                "\"",
                {
                  "text": "U$"
                },
                {
                  "text": "U$"
                },
                "\n"
              ],
              {
                "translate": "stardust_fragment_awakened_forge",
                "color": "yellow"
              },
              {
                "text": "\n- x1 ",
                "color": "gray"
              },
              {
                "translate": "stardust.original_stardust_leggings",
                "color": "gray"
              },
              {
                "text": "\n- x4 ",
                "color": "gray"
              },
              {
                "translate": "stardust.solarium_block",
                "color": "gray"
              },
              {
                "translate": "stardust.x64",
                "color": "gray"
              },
              {
                "translate": "stardust.orange_candle",
                "color": "gray"
              },
              {
                "translate": "stardust.x128",
                "color": "gray"
              },
              {
                "translate": "stardust.blaze_powder",
                "color": "gray"
              },
              {
                "text": "\n- x6 ",
                "color": "gray"
              },
              {
                "translate": "stardust.ender_dragon_pearl",
                "color": "gray"
              },
              {
                "text": "\n- x8 ",
                "color": "gray"
              },
              {
                "translate": "stardust.awakened_stardust_block",
                "color": "gray"
              },
              {
                "translate": "stardust.x12",
                "color": "gray"
              },
              {
                "translate": "stardust.solarium_ingot",
                "color": "gray"
              },
              {
                "text": "\n- x1 ",
                "color": "gray"
              },
              {
                "translate": "stardust.sextuple_compressed_cobblestone",
                "color": "gray"
              }
            ]
          },
          "click_event": {
            "action": "show_dialog",
            "dialog": "stardust:manual/page_107"
          }
        },
        {
          "text": "0",
          "hover_event": {
            "action": "show_text",
            "value": [
              {
                "text": ""
              },
              [
                {
                  "text": "",
                  "font": "stardust:manual",
                  "color": "white"
                },
                "\"Q\n",
                "\n",
                "\"",
                {
                  "text": "$\u80c7"
                },
                {
                  "text": "$\u8409"
                },
                {
                  "text": "$\u840a"
                },
                "\n",
                "\"",
                {
                  "text": "U$"
                },
                {
                  "text": "U$"
                },
                {
                  "text": "U$"
                },
                "\n",
                "\"",
                {
                  "text": "$\u840b"
                },
                {
                  "text": "$\u8380"
                },
                {
                  "text": "$\u8381"
                },
                "\"\"",
                {
                  "text": "$$\u80f1"
                },
                "\n",
                "\"",
                {
                  "text": "U$"
                },
                {
                  "text": "U$"
                },
                {
                  "text": "U$"
                },
                "\"\"",
                {
                  "text": "U$"
                },
                "\n",
                "\"",
                {
                  "text": "$\u840e"
                },
                {
                  "text": "$\u805f"
                },
                "\n",
                "\"",
                {
                  "text": "U$"
                },
                {
                  "text": "U$"
                },
                "\n"
              ],
              {
                "translate": "stardust_fragment_awakened_forge",
                "color": "yellow"
              },
              {
                "text": "\n- x1 ",
                "color": "gray"
              },
              {
                "translate": "stardust.original_stardust_leggings",
                "color": "gray"
              },
              {
                "text": "\n- x4 ",
                "color": "gray"
              },
              {
                "translate": "stardust.darkium_block",
                "color": "gray"
              },
              {
                "translate": "stardust.x64",
                "color": "gray"
              },
              {
                "translate": "stardust.respawn_anchor",
                "color": "gray"
              },
              {
                "translate": "stardust.x128",
                "color": "gray"
              },
              {
                "translate": "stardust.ink_sac",
                "color": "gray"
              },
              {
                "text": "\n- x6 ",
                "color": "gray"
              },
              {
                "translate": "stardust.ender_dragon_pearl",
                "color": "gray"
              },
              {
                "text": "\n- x8 ",
                "color": "gray"
              },
              {
                "translate": "stardust.awakened_stardust_block",
                "color": "gray"
              },
              {
                "translate": "stardust.x12",
                "color": "gray"
              },
              {
                "translate": "stardust.darkium_ingot",
                "color": "gray"
              },
              {
                "text": "\n- x1 ",
                "color": "gray"
              },
              {
                "translate": "stardust.sextuple_compressed_cobblestone",
                "color": "gray"
              }
            ]
          },
          "click_event": {
            "action": "show_dialog",
            "dialog": "stardust:manual/page_114"
          }
        },
        "\n\n\n\n\n\n\n\n\n\n\n\n\n\n\n\n"
      ],
      "width": 140
    }
  ]
}
