{
  "type": "minecraft:notice",
  "title": {
    "translate": "stardust_essence",
    "underlined": true
  },
  "body": [
    {
      "type": "minecraft:plain_message",
      "contents": [
        {
          "text": "V   ",
          "font": "stardust:manual",
          "color": "white"
        },
        {
          "text": "\n   ",
          "click_event": {
            "action": "show_dialog",
            "dialog": "stardust:manual/page_11"
          },
          "hover_event": {
            "action": "show_text",
            "value": [
              {
                "translate": "stardust.go_to_previous_page"
              },
              {
                "text": " (11)"
              }
            ]
          }
        },
        " ",
        {
          "text": "   ",
          "click_event": {
            "action": "show_dialog",
            "dialog": "stardust:manual/page_13"
          },
          "hover_event": {
            "action": "show_text",
            "value": [
              {
                "translate": "stardust.go_to_next_page"
              },
              {
                "text": " (13)"
              }
            ]
          }
        },
        {
          "text": "\n   ",
          "click_event": {
            "action": "show_dialog",
            "dialog": "stardust:manual/page_11"
          },
          "hover_event": {
            "action": "show_text",
            "value": [
              {
                "translate": "stardust.go_to_previous_page"
              },
              {
                "text": " (11)"
              }
            ]
          }
        },
        " ",
        {
          "text": "   ",
          "click_event": {
            "action": "show_dialog",
            "dialog": "stardust:manual/page_13"
          },
          "hover_event": {
            "action": "show_text",
            "value": [
              {
                "translate": "stardust.go_to_next_page"
              },
              {
                "text": " (13)"
              }
            ]
          }
        }
      ],
      "width": 400
    },
    {
      "type": "minecraft:plain_message",
      "contents": [
        {
          "text": "",
          "font": "stardust:manual",
          "color": "white",
          "shadow_color": [
            0,
            0,
            0,
            0
          ]
        },
        "\"$@\n\n\n\"",
        {
          "text": "$\u8033",
          "hover_event": {
            "action": "show_item",
            "id": "furnace",
            "components": {
              "item_model": "stardust:ender_stardust_ore",
              "item_name": {
                "translate": "stardust.ender_stardust_ore"
              },
              "lore": [
                [
                  "",
                  {
                    "text": "I",
                    "color": "white",
                    "italic": false,
                    "font": "stardust:icons"
                  },
                  {
                    "translate": "stardustfragment",
                    "italic": true,
                    "color": "blue"
                  }
                ]
              ],
              "custom_data": {
                "stardust": {
                  "ender_stardust_ore": true
                },
                "smithed": {
                  "ignore": {
                    "functionality": true,
                    "crafting": true
                  }
                }
              },
              "container": [
                {
                  "slot": 0,
                  "item": {
                    "id": "minecraft:stone",
                    "count": 1,
                    "components": {
                      "minecraft:custom_data": {
                        "smithed": {
                          "block": {
                            "id": "stardust:ender_stardust_ore",
                            "from": "stardust"
                          }
                        }
                      }
                    }
                  }
                }
              ],
              "tooltip_display": {
                "hidden_components": [
                  "minecraft:container"
                ]
              }
            }
          },
          "click_event": {
            "action": "show_dialog",
            "dialog": "stardust:manual/page_19"
          }
        },
        "\"\"\"\"#U$",
        {
          "text": "$$\u81b5",
          "hover_event": {
            "action": "show_item",
            "id": "command_block",
            "components": {
              "item_model": "stardust:stardust_essence",
              "item_name": {
                "translate": "stardust_essence"
              },
              "lore": [
                [
                  "",
                  {
                    "text": "I",
                    "color": "white",
                    "italic": false,
                    "font": "stardust:icons"
                  },
                  {
                    "translate": "stardustfragment",
                    "italic": true,
                    "color": "blue"
                  }
                ]
              ],
              "custom_data": {
                "stardust": {
                  "stardust_essence": true
                },
                "smithed": {
                  "ignore": {
                    "functionality": true,
                    "crafting": true
                  }
                }
              }
            }
          }
        },
        "#$\n\"",
        {
          "text": "U$",
          "hover_event": {
            "action": "show_item",
            "id": "furnace",
            "components": {
              "item_model": "stardust:ender_stardust_ore",
              "item_name": {
                "translate": "stardust.ender_stardust_ore"
              },
              "lore": [
                [
                  "",
                  {
                    "text": "I",
                    "color": "white",
                    "italic": false,
                    "font": "stardust:icons"
                  },
                  {
                    "translate": "stardustfragment",
                    "italic": true,
                    "color": "blue"
                  }
                ]
              ],
              "custom_data": {
                "stardust": {
                  "ender_stardust_ore": true
                },
                "smithed": {
                  "ignore": {
                    "functionality": true,
                    "crafting": true
                  }
                }
              },
              "container": [
                {
                  "slot": 0,
                  "item": {
                    "id": "minecraft:stone",
                    "count": 1,
                    "components": {
                      "minecraft:custom_data": {
                        "smithed": {
                          "block": {
                            "id": "stardust:ender_stardust_ore",
                            "from": "stardust"
                          }
                        }
                      }
                    }
                  }
                }
              ],
              "tooltip_display": {
                "hidden_components": [
                  "minecraft:container"
                ]
              }
            }
          },
          "click_event": {
            "action": "show_dialog",
            "dialog": "stardust:manual/page_19"
          }
        },
        "\"\"\"\"#U$",
        {
          "text": "U$",
          "hover_event": {
            "action": "show_item",
            "id": "command_block",
            "components": {
              "item_model": "stardust:stardust_essence",
              "item_name": {
                "translate": "stardust_essence"
              },
              "lore": [
                [
                  "",
                  {
                    "text": "I",
                    "color": "white",
                    "italic": false,
                    "font": "stardust:icons"
                  },
                  {
                    "translate": "stardustfragment",
                    "italic": true,
                    "color": "blue"
                  }
                ]
              ],
              "custom_data": {
                "stardust": {
                  "stardust_essence": true
                },
                "smithed": {
                  "ignore": {
                    "functionality": true,
                    "crafting": true
                  }
                }
              }
            }
          }
        },
        "#$\n\n\n",
        {
          "text": "1##",
          "hover_event": {
            "action": "show_text",
            "value": [
              {
                "translate": "stardust.concentrated_stardust_energy",
                "color": "yellow"
              },
              {
                "translate": "stardust.crafted_from_stardust_ingots",
                "color": "gray"
              },
              {
                "translate": "stardust.used_in_high_tier_crafting_recipes",
                "color": "gray"
              }
            ]
          }
        },
        {
          "text": "\u81b9##",
          "hover_event": {
            "action": "show_text",
            "value": [
              {
                "text": ""
              },
              [
                {
                  "text": "",
                  "font": "stardust:manual",
                  "color": "white"
                },
                "\"P\n",
                "\n\n",
                "\"",
                {
                  "text": "$\u8033"
                },
                "\"\"\"\"#U$",
                {
                  "text": "$$\u81b5"
                },
                "\n",
                "\"",
                {
                  "text": "U$"
                },
                "\"\"\"\"#U$",
                {
                  "text": "U$"
                },
                "\n",
                "\n"
              ],
              {
                "translate": "stardust.mining",
                "color": "yellow"
              },
              {
                "translate": "stardust.mine",
                "color": "gray"
              },
              {
                "translate": "stardust.ender_stardust_ore",
                "color": "gray"
              },
              {
                "translate": "stardust.drops_x1_2",
                "color": "gray"
              },
              {
                "translate": "stardust_essence",
                "color": "gray"
              }
            ]
          },
          "click_event": {
            "action": "show_dialog",
            "dialog": "stardust:manual/page_19"
          }
        },
        {
          "text": "2##",
          "hover_event": {
            "action": "show_text",
            "value": [
              {
                "text": ""
              },
              [
                {
                  "text": "",
                  "font": "stardust:manual",
                  "color": "white"
                },
                "\"G\n",
                "\"",
                {
                  "text": "$\u8033"
                },
                "\n",
                "\"",
                {
                  "text": "U$"
                },
                "\n",
                "\"\"\"\"U$U$",
                {
                  "text": "$$\u8025"
                },
                "\n",
                "\"\"\"\"U$U$",
                {
                  "text": "U$"
                },
                "\n",
                "\n\n"
              ],
              {
                "translate": "stardust.smelting",
                "color": "yellow"
              },
              {
                "text": "\n- x1 ",
                "color": "gray"
              },
              {
                "translate": "stardust.ender_stardust_ore",
                "color": "gray"
              }
            ]
          },
          "click_event": {
            "action": "show_dialog",
            "dialog": "stardust:manual/page_19"
          }
        },
        {
          "text": "2##",
          "hover_event": {
            "action": "show_text",
            "value": [
              {
                "text": ""
              },
              [
                {
                  "text": "",
                  "font": "stardust:manual",
                  "color": "white"
                },
                "\"F\n",
                "\"",
                {
                  "text": "$\u8023"
                },
                {
                  "text": "$\u8023"
                },
                {
                  "text": "$\u8023"
                },
                "\n",
                "\"",
                {
                  "text": "U$"
                },
                {
                  "text": "U$"
                },
                {
                  "text": "U$"
                },
                "\n",
                "\"",
                {
                  "text": "$\u8023"
                },
                {
                  "text": "$\u819d"
                },
                {
                  "text": "$\u8023"
                },
                "\"\"",
                {
                  "text": "$$\u8025"
                },
                "\n",
                "\"",
                {
                  "text": "U$"
                },
                {
                  "text": "U$"
                },
                {
                  "text": "U$"
                },
                "\"\"",
                {
                  "text": "U$"
                },
                "\n",
                "\"",
                {
                  "text": "$\u8023"
                },
                {
                  "text": "$\u8023"
                },
                {
                  "text": "$\u8023"
                },
                "\n",
                "\"",
                {
                  "text": "U$"
                },
                {
                  "text": "U$"
                },
                {
                  "text": "U$"
                },
                "\n"
              ],
              {
                "text": "\n- x1 ",
                "color": "gray"
              },
              {
                "translate": "stardust.blaze_powder",
                "color": "gray"
              },
              {
                "text": "\n- x8 ",
                "color": "gray"
              },
              {
                "translate": "stardust_ingot",
                "color": "gray"
              }
            ]
          }
        },
        {
          "text": "2##",
          "hover_event": {
            "action": "show_text",
            "value": [
              {
                "text": ""
              },
              [
                {
                  "text": "",
                  "font": "stardust:manual",
                  "color": "white"
                },
                "\"F\n",
                "\"",
                {
                  "text": "$\u8023"
                },
                {
                  "text": "$\u8023"
                },
                {
                  "text": "$\u8023"
                },
                "\n",
                "\"",
                {
                  "text": "U$"
                },
                {
                  "text": "U$"
                },
                {
                  "text": "U$"
                },
                "\n",
                "\"",
                {
                  "text": "$\u8023"
                },
                {
                  "text": "$\u81c0"
                },
                {
                  "text": "$\u8023"
                },
                "\"\"",
                {
                  "text": "$$\u8025"
                },
                "\n",
                "\"",
                {
                  "text": "U$"
                },
                {
                  "text": "U$"
                },
                {
                  "text": "U$"
                },
                "\"\"",
                {
                  "text": "U$"
                },
                "\n",
                "\"",
                {
                  "text": "$\u8023"
                },
                {
                  "text": "$\u8023"
                },
                {
                  "text": "$\u8023"
                },
                "\n",
                "\"",
                {
                  "text": "U$"
                },
                {
                  "text": "U$"
                },
                {
                  "text": "U$"
                },
                "\n"
              ],
              {
                "text": "\n- x1 ",
                "color": "gray"
              },
              {
                "translate": "stardust.wind_charge",
                "color": "gray"
              },
              {
                "text": "\n- x8 ",
                "color": "gray"
              },
              {
                "translate": "stardust_ingot",
                "color": "gray"
              }
            ]
          }
        },
        {
          "text": "2\n",
          "hover_event": {
            "action": "show_text",
            "value": [
              {
                "text": ""
              },
              [
                {
                  "text": "",
                  "font": "stardust:manual",
                  "color": "white"
                },
                "\"E\n",
                "\"",
                {
                  "text": "$\u8027"
                },
                "\n",
                "\"",
                {
                  "text": "U$"
                },
                "U$U$",
                {
                  "text": "$$\u81c2"
                },
                "\n\"",
                "U$U$U$",
                {
                  "text": "U$"
                },
                "\n",
                "\n"
              ],
              {
                "text": "\n- x1 ",
                "color": "gray"
              },
              {
                "translate": "stardust_core",
                "color": "gray"
              }
            ]
          },
          "click_event": {
            "action": "show_dialog",
            "dialog": "stardust:manual/page_13"
          }
        },
        {
          "text": "0##",
          "hover_event": {
            "action": "show_text",
            "value": [
              {
                "translate": "stardust.concentrated_stardust_energy",
                "color": "yellow"
              },
              {
                "translate": "stardust.crafted_from_stardust_ingots",
                "color": "gray"
              },
              {
                "translate": "stardust.used_in_high_tier_crafting_recipes",
                "color": "gray"
              }
            ]
          }
        },
        {
          "text": "0##",
          "hover_event": {
            "action": "show_text",
            "value": [
              {
                "text": ""
              },
              [
                {
                  "text": "",
                  "font": "stardust:manual",
                  "color": "white"
                },
                "\"P\n",
                "\n\n",
                "\"",
                {
                  "text": "$\u8033"
                },
                "\"\"\"\"#U$",
                {
                  "text": "$$\u81b5"
                },
                "\n",
                "\"",
                {
                  "text": "U$"
                },
                "\"\"\"\"#U$",
                {
                  "text": "U$"
                },
                "\n",
                "\n"
              ],
              {
                "translate": "stardust.mining",
                "color": "yellow"
              },
              {
                "translate": "stardust.mine",
                "color": "gray"
              },
              {
                "translate": "stardust.ender_stardust_ore",
                "color": "gray"
              },
              {
                "translate": "stardust.drops_x1_2",
                "color": "gray"
              },
              {
                "translate": "stardust_essence",
                "color": "gray"
              }
            ]
          },
          "click_event": {
            "action": "show_dialog",
            "dialog": "stardust:manual/page_19"
          }
        },
        {
          "text": "0##",
          "hover_event": {
            "action": "show_text",
            "value": [
              {
                "text": ""
              },
              [
                {
                  "text": "",
                  "font": "stardust:manual",
                  "color": "white"
                },
                "\"G\n",
                "\"",
                {
                  "text": "$\u8033"
                },
                "\n",
                "\"",
                {
                  "text": "U$"
                },
                "\n",
                "\"\"\"\"U$U$",
                {
                  "text": "$$\u8025"
                },
                "\n",
                "\"\"\"\"U$U$",
                {
                  "text": "U$"
                },
                "\n",
                "\n\n"
              ],
              {
                "translate": "stardust.smelting",
                "color": "yellow"
              },
              {
                "text": "\n- x1 ",
                "color": "gray"
              },
              {
                "translate": "stardust.ender_stardust_ore",
                "color": "gray"
              }
            ]
          },
          "click_event": {
            "action": "show_dialog",
            "dialog": "stardust:manual/page_19"
          }
        },
        {
          "text": "0##",
          "hover_event": {
            "action": "show_text",
            "value": [
              {
                "text": ""
              },
              [
                {
                  "text": "",
                  "font": "stardust:manual",
                  "color": "white"
                },
                "\"F\n",
                "\"",
                {
                  "text": "$\u8023"
                },
                {
                  "text": "$\u8023"
                },
                {
                  "text": "$\u8023"
                },
                "\n",
                "\"",
                {
                  "text": "U$"
                },
                {
                  "text": "U$"
                },
                {
                  "text": "U$"
                },
                "\n",
                "\"",
                {
                  "text": "$\u8023"
                },
                {
                  "text": "$\u819d"
                },
                {
                  "text": "$\u8023"
                },
                "\"\"",
                {
                  "text": "$$\u8025"
                },
                "\n",
                "\"",
                {
                  "text": "U$"
                },
                {
                  "text": "U$"
                },
                {
                  "text": "U$"
                },
                "\"\"",
                {
                  "text": "U$"
                },
                "\n",
                "\"",
                {
                  "text": "$\u8023"
                },
                {
                  "text": "$\u8023"
                },
                {
                  "text": "$\u8023"
                },
                "\n",
                "\"",
                {
                  "text": "U$"
                },
                {
                  "text": "U$"
                },
                {
                  "text": "U$"
                },
                "\n"
              ],
              {
                "text": "\n- x1 ",
                "color": "gray"
              },
              {
                "translate": "stardust.blaze_powder",
                "color": "gray"
              },
              {
                "text": "\n- x8 ",
                "color": "gray"
              },
              {
                "translate": "stardust_ingot",
                "color": "gray"
              }
            ]
          }
        },
        {
          "text": "0##",
          "hover_event": {
            "action": "show_text",
            "value": [
              {
                "text": ""
              },
              [
                {
                  "text": "",
                  "font": "stardust:manual",
                  "color": "white"
                },
                "\"F\n",
                "\"",
                {
                  "text": "$\u8023"
                },
                {
                  "text": "$\u8023"
                },
                {
                  "text": "$\u8023"
                },
                "\n",
                "\"",
                {
                  "text": "U$"
                },
                {
                  "text": "U$"
                },
                {
                  "text": "U$"
                },
                "\n",
                "\"",
                {
                  "text": "$\u8023"
                },
                {
                  "text": "$\u81c0"
                },
                {
                  "text": "$\u8023"
                },
                "\"\"",
                {
                  "text": "$$\u8025"
                },
                "\n",
                "\"",
                {
                  "text": "U$"
                },
                {
                  "text": "U$"
                },
                {
                  "text": "U$"
                },
                "\"\"",
                {
                  "text": "U$"
                },
                "\n",
                "\"",
                {
                  "text": "$\u8023"
                },
                {
                  "text": "$\u8023"
                },
                {
                  "text": "$\u8023"
                },
                "\n",
                "\"",
                {
                  "text": "U$"
                },
                {
                  "text": "U$"
                },
                {
                  "text": "U$"
                },
                "\n"
              ],
              {
                "text": "\n- x1 ",
                "color": "gray"
              },
              {
                "translate": "stardust.wind_charge",
                "color": "gray"
              },
              {
                "text": "\n- x8 ",
                "color": "gray"
              },
              {
                "translate": "stardust_ingot",
                "color": "gray"
              }
            ]
          }
        },
        {
          "text": "0\n",
          "hover_event": {
            "action": "show_text",
            "value": [
              {
                "text": ""
              },
              [
                {
                  "text": "",
                  "font": "stardust:manual",
                  "color": "white"
                },
                "\"E\n",
                "\"",
                {
                  "text": "$\u8027"
                },
                "\n",
                "\"",
                {
                  "text": "U$"
                },
                "U$U$",
                {
                  "text": "$$\u81c2"
                },
                "\n\"",
                "U$U$U$",
                {
                  "text": "U$"
                },
                "\n",
                "\n"
              ],
              {
                "text": "\n- x1 ",
                "color": "gray"
              },
              {
                "translate": "stardust_core",
                "color": "gray"
              }
            ]
          },
          "click_event": {
            "action": "show_dialog",
            "dialog": "stardust:manual/page_13"
          }
        },
        {
          "text": "\u81c6##",
          "hover_event": {
            "action": "show_text",
            "value": [
              {
                "text": ""
              },
              [
                {
                  "text": "",
                  "font": "stardust:manual",
                  "color": "white"
                },
                "\"E\n",
                "\"",
                {
                  "text": "$\u8025"
                },
                "\n",
                "\"",
                {
                  "text": "U$"
                },
                "U$U$",
                {
                  "text": "$$\u8195"
                },
                "\n\"",
                "U$U$U$",
                {
                  "text": "U$"
                },
                "\n",
                "\n"
              ],
              {
                "text": "\n- x1 ",
                "color": "gray"
              },
              {
                "translate": "stardust_essence",
                "color": "gray"
              }
            ]
          },
          "click_event": {
            "action": "show_dialog",
            "dialog": "stardust:manual/page_11"
          }
        },
        {
          "text": "\u81ca##",
          "hover_event": {
            "action": "show_text",
            "value": [
              {
                "text": ""
              },
              [
                {
                  "text": "",
                  "font": "stardust:manual",
                  "color": "white"
                },
                "\"F\n",
                "\"",
                {
                  "text": "$\u8025"
                },
                {
                  "text": "$\u8025"
                },
                {
                  "text": "$\u8025"
                },
                "\n",
                "\"",
                {
                  "text": "U$"
                },
                {
                  "text": "U$"
                },
                {
                  "text": "U$"
                },
                "\n",
                "\"",
                {
                  "text": "$\u8025"
                },
                {
                  "text": "$\u81c8"
                },
                {
                  "text": "$\u8025"
                },
                "\"\"",
                {
                  "text": "$$\u8027"
                },
                "\n",
                "\"",
                {
                  "text": "U$"
                },
                {
                  "text": "U$"
                },
                {
                  "text": "U$"
                },
                "\"\"",
                {
                  "text": "U$"
                },
                "\n",
                "\"",
                {
                  "text": "$\u8025"
                },
                {
                  "text": "$\u8025"
                },
                {
                  "text": "$\u8025"
                },
                "\n",
                "\"",
                {
                  "text": "U$"
                },
                {
                  "text": "U$"
                },
                {
                  "text": "U$"
                },
                "\n"
              ],
              {
                "text": "\n- x1 ",
                "color": "gray"
              },
              {
                "translate": "stardust.crafter",
                "color": "gray"
              },
              {
                "text": "\n- x8 ",
                "color": "gray"
              },
              {
                "translate": "stardust_essence",
                "color": "gray"
              }
            ]
          },
          "click_event": {
            "action": "show_dialog",
            "dialog": "stardust:manual/page_13"
          }
        },
        {
          "text": "\u81d0##",
          "hover_event": {
            "action": "show_text",
            "value": [
              {
                "text": ""
              },
              [
                {
                  "text": "",
                  "font": "stardust:manual",
                  "color": "white"
                },
                "\"F\n",
                "\"",
                {
                  "text": "$\u8025"
                },
                {
                  "text": "$\u8025"
                },
                {
                  "text": "$\u8025"
                },
                "\n",
                "\"",
                {
                  "text": "U$"
                },
                {
                  "text": "U$"
                },
                {
                  "text": "U$"
                },
                "\n",
                "\"",
                {
                  "text": "$\u8029"
                },
                {
                  "text": "$\u81ce"
                },
                {
                  "text": "$\u8029"
                },
                "\"\"",
                {
                  "text": "$$\u8081"
                },
                "\n",
                "\"",
                {
                  "text": "U$"
                },
                {
                  "text": "U$"
                },
                {
                  "text": "U$"
                },
                "\"\"",
                {
                  "text": "U$"
                },
                "\n",
                "\"",
                {
                  "text": "$\u802b"
                },
                {
                  "text": "$\u802b"
                },
                {
                  "text": "$\u802b"
                },
                "\n",
                "\"",
                {
                  "text": "U$"
                },
                {
                  "text": "U$"
                },
                {
                  "text": "U$"
                },
                "\n"
              ],
              {
                "text": "\n- x3 ",
                "color": "gray"
              },
              {
                "translate": "stardust_essence",
                "color": "gray"
              },
              {
                "text": "\n- x2 ",
                "color": "gray"
              },
              {
                "translate": "stardust.compacted_stardust_shard",
                "color": "gray"
              },
              {
                "text": "\n- x1 ",
                "color": "gray"
              },
              {
                "translate": "stardust.elite_battery",
                "color": "gray"
              },
              {
                "text": "\n- x3 ",
                "color": "gray"
              },
              {
                "translate": "stardust_block",
                "color": "gray"
              }
            ]
          },
          "click_event": {
            "action": "show_dialog",
            "dialog": "stardust:manual/page_58"
          }
        },
        {
          "text": "\u81d6##",
          "hover_event": {
            "action": "show_text",
            "value": [
              {
                "text": ""
              },
              [
                {
                  "text": "",
                  "font": "stardust:manual",
                  "color": "white"
                },
                "\"F\n",
                "\"",
                {
                  "text": "$\u806d"
                },
                {
                  "text": "$\u806d"
                },
                {
                  "text": "$\u806d"
                },
                "\n",
                "\"",
                {
                  "text": "U$"
                },
                {
                  "text": "U$"
                },
                {
                  "text": "U$"
                },
                "\n",
                "\"",
                {
                  "text": "$\u8025"
                },
                {
                  "text": "$\u81d4"
                },
                {
                  "text": "$\u8025"
                },
                "\"\"",
                {
                  "text": "$$\u8087"
                },
                "\n",
                "\"",
                {
                  "text": "U$"
                },
                {
                  "text": "U$"
                },
                {
                  "text": "U$"
                },
                "\"\"",
                {
                  "text": "U$"
                },
                "\n",
                "\"",
                {
                  "text": "$\u81d5"
                },
                {
                  "text": "$\u81d5"
                },
                {
                  "text": "$\u81d5"
                },
                "\n",
                "\"",
                {
                  "text": "U$"
                },
                {
                  "text": "U$"
                },
                {
                  "text": "U$"
                },
                "\n"
              ],
              {
                "text": "\n- x3 ",
                "color": "gray"
              },
              {
                "translate": "stardust_photovoltaic_cell",
                "color": "gray"
              },
              {
                "text": "\n- x2 ",
                "color": "gray"
              },
              {
                "translate": "stardust_essence",
                "color": "gray"
              },
              {
                "text": "\n- x1 ",
                "color": "gray"
              },
              {
                "translate": "stardust.solar_panel",
                "color": "gray"
              },
              {
                "text": "\n- x3 ",
                "color": "gray"
              },
              {
                "translate": "stardust.lapis_block",
                "color": "gray"
              }
            ]
          },
          "click_event": {
            "action": "show_dialog",
            "dialog": "stardust:manual/page_61"
          }
        },
        {
          "text": "\u81dc##",
          "hover_event": {
            "action": "show_text",
            "value": [
              {
                "text": ""
              },
              [
                {
                  "text": "",
                  "font": "stardust:manual",
                  "color": "white"
                },
                "\"F\n",
                "\"",
                {
                  "text": "$\u81d8"
                },
                {
                  "text": "$\u81d8"
                },
                {
                  "text": "$\u81d8"
                },
                "\n",
                "\"",
                {
                  "text": "U$"
                },
                {
                  "text": "U$"
                },
                {
                  "text": "U$"
                },
                "\n",
                "\"",
                {
                  "text": "$\u8025"
                },
                {
                  "text": "$\u8093"
                },
                {
                  "text": "$\u8025"
                },
                "\"\"",
                {
                  "text": "$$\u8095"
                },
                "\n",
                "\"",
                {
                  "text": "U$"
                },
                {
                  "text": "U$"
                },
                {
                  "text": "U$"
                },
                "\"\"",
                {
                  "text": "U$"
                },
                "\n",
                "\"",
                {
                  "text": "$\u8059"
                },
                {
                  "text": "$\u8059"
                },
                {
                  "text": "$\u8059"
                },
                "\n",
                "\"",
                {
                  "text": "U$"
                },
                {
                  "text": "U$"
                },
                {
                  "text": "U$"
                },
                "\n"
              ],
              {
                "text": "\n- x3 ",
                "color": "gray"
              },
              {
                "translate": "stardust.warped_fungus",
                "color": "gray"
              },
              {
                "text": "\n- x2 ",
                "color": "gray"
              },
              {
                "translate": "stardust_essence",
                "color": "gray"
              },
              {
                "text": "\n- x1 ",
                "color": "gray"
              },
              {
                "translate": "stardust.quarry_lv1",
                "color": "gray"
              },
              {
                "text": "\n- x3 ",
                "color": "gray"
              },
              {
                "translate": "stardust.triple_compressed_cobblestone",
                "color": "gray"
              }
            ]
          },
          "click_event": {
            "action": "show_dialog",
            "dialog": "stardust:manual/page_68"
          }
        },
        {
          "text": "\u81e2\n",
          "hover_event": {
            "action": "show_text",
            "value": [
              {
                "text": ""
              },
              [
                {
                  "text": "",
                  "font": "stardust:manual",
                  "color": "white"
                },
                "\"F\n",
                "\"",
                {
                  "text": "$\u8025"
                },
                {
                  "text": "$\u8025"
                },
                {
                  "text": "$\u8025"
                },
                "\n",
                "\"",
                {
                  "text": "U$"
                },
                {
                  "text": "U$"
                },
                {
                  "text": "U$"
                },
                "\n",
                "\"",
                {
                  "text": "$\u8053"
                },
                {
                  "text": "$\u812f"
                },
                {
                  "text": "$\u8053"
                },
                "\"\"",
                {
                  "text": "$$\u80a9"
                },
                "\n",
                "\"",
                {
                  "text": "U$"
                },
                {
                  "text": "U$"
                },
                {
                  "text": "U$"
                },
                "\"\"",
                {
                  "text": "U$"
                },
                "\n",
                "\"",
                {
                  "text": "$\u8065"
                },
                {
                  "text": "$\u8065"
                },
                {
                  "text": "$\u8065"
                },
                "\n",
                "\"",
                {
                  "text": "U$"
                },
                {
                  "text": "U$"
                },
                {
                  "text": "U$"
                },
                "\n"
              ],
              {
                "text": "\n- x3 ",
                "color": "gray"
              },
              {
                "translate": "stardust_essence",
                "color": "gray"
              },
              {
                "text": "\n- x2 ",
                "color": "gray"
              },
              {
                "translate": "stardust.dog_excrement",
                "color": "gray"
              },
              {
                "text": "\n- x1 ",
                "color": "gray"
              },
              {
                "translate": "stardust.diamond_seed",
                "color": "gray"
              },
              {
                "text": "\n- x3 ",
                "color": "gray"
              },
              {
                "translate": "stardust_frame",
                "color": "gray"
              }
            ]
          },
          "click_event": {
            "action": "show_dialog",
            "dialog": "stardust:manual/page_78"
          }
        },
        {
          "text": "0##",
          "hover_event": {
            "action": "show_text",
            "value": [
              {
                "text": ""
              },
              [
                {
                  "text": "",
                  "font": "stardust:manual",
                  "color": "white"
                },
                "\"E\n",
                "\"",
                {
                  "text": "$\u8025"
                },
                "\n",
                "\"",
                {
                  "text": "U$"
                },
                "U$U$",
                {
                  "text": "$$\u8195"
                },
                "\n\"",
                "U$U$U$",
                {
                  "text": "U$"
                },
                "\n",
                "\n"
              ],
              {
                "text": "\n- x1 ",
                "color": "gray"
              },
              {
                "translate": "stardust_essence",
                "color": "gray"
              }
            ]
          },
          "click_event": {
            "action": "show_dialog",
            "dialog": "stardust:manual/page_11"
          }
        },
        {
          "text": "0##",
          "hover_event": {
            "action": "show_text",
            "value": [
              {
                "text": ""
              },
              [
                {
                  "text": "",
                  "font": "stardust:manual",
                  "color": "white"
                },
                "\"F\n",
                "\"",
                {
                  "text": "$\u8025"
                },
                {
                  "text": "$\u8025"
                },
                {
                  "text": "$\u8025"
                },
                "\n",
                "\"",
                {
                  "text": "U$"
                },
                {
                  "text": "U$"
                },
                {
                  "text": "U$"
                },
                "\n",
                "\"",
                {
                  "text": "$\u8025"
                },
                {
                  "text": "$\u81c8"
                },
                {
                  "text": "$\u8025"
                },
                "\"\"",
                {
                  "text": "$$\u8027"
                },
                "\n",
                "\"",
                {
                  "text": "U$"
                },
                {
                  "text": "U$"
                },
                {
                  "text": "U$"
                },
                "\"\"",
                {
                  "text": "U$"
                },
                "\n",
                "\"",
                {
                  "text": "$\u8025"
                },
                {
                  "text": "$\u8025"
                },
                {
                  "text": "$\u8025"
                },
                "\n",
                "\"",
                {
                  "text": "U$"
                },
                {
                  "text": "U$"
                },
                {
                  "text": "U$"
                },
                "\n"
              ],
              {
                "text": "\n- x1 ",
                "color": "gray"
              },
              {
                "translate": "stardust.crafter",
                "color": "gray"
              },
              {
                "text": "\n- x8 ",
                "color": "gray"
              },
              {
                "translate": "stardust_essence",
                "color": "gray"
              }
            ]
          },
          "click_event": {
            "action": "show_dialog",
            "dialog": "stardust:manual/page_13"
          }
        },
        {
          "text": "0##",
          "hover_event": {
            "action": "show_text",
            "value": [
              {
                "text": ""
              },
              [
                {
                  "text": "",
                  "font": "stardust:manual",
                  "color": "white"
                },
                "\"F\n",
                "\"",
                {
                  "text": "$\u8025"
                },
                {
                  "text": "$\u8025"
                },
                {
                  "text": "$\u8025"
                },
                "\n",
                "\"",
                {
                  "text": "U$"
                },
                {
                  "text": "U$"
                },
                {
                  "text": "U$"
                },
                "\n",
                "\"",
                {
                  "text": "$\u8029"
                },
                {
                  "text": "$\u81ce"
                },
                {
                  "text": "$\u8029"
                },
                "\"\"",
                {
                  "text": "$$\u8081"
                },
                "\n",
                "\"",
                {
                  "text": "U$"
                },
                {
                  "text": "U$"
                },
                {
                  "text": "U$"
                },
                "\"\"",
                {
                  "text": "U$"
                },
                "\n",
                "\"",
                {
                  "text": "$\u802b"
                },
                {
                  "text": "$\u802b"
                },
                {
                  "text": "$\u802b"
                },
                "\n",
                "\"",
                {
                  "text": "U$"
                },
                {
                  "text": "U$"
                },
                {
                  "text": "U$"
                },
                "\n"
              ],
              {
                "text": "\n- x3 ",
                "color": "gray"
              },
              {
                "translate": "stardust_essence",
                "color": "gray"
              },
              {
                "text": "\n- x2 ",
                "color": "gray"
              },
              {
                "translate": "stardust.compacted_stardust_shard",
                "color": "gray"
              },
              {
                "text": "\n- x1 ",
                "color": "gray"
              },
              {
                "translate": "stardust.elite_battery",
                "color": "gray"
              },
              {
                "text": "\n- x3 ",
                "color": "gray"
              },
              {
                "translate": "stardust_block",
                "color": "gray"
              }
            ]
          },
          "click_event": {
            "action": "show_dialog",
            "dialog": "stardust:manual/page_58"
          }
        },
        {
          "text": "0##",
          "hover_event": {
            "action": "show_text",
            "value": [
              {
                "text": ""
              },
              [
                {
                  "text": "",
                  "font": "stardust:manual",
                  "color": "white"
                },
                "\"F\n",
                "\"",
                {
                  "text": "$\u806d"
                },
                {
                  "text": "$\u806d"
                },
                {
                  "text": "$\u806d"
                },
                "\n",
                "\"",
                {
                  "text": "U$"
                },
                {
                  "text": "U$"
                },
                {
                  "text": "U$"
                },
                "\n",
                "\"",
                {
                  "text": "$\u8025"
                },
                {
                  "text": "$\u81d4"
                },
                {
                  "text": "$\u8025"
                },
                "\"\"",
                {
                  "text": "$$\u8087"
                },
                "\n",
                "\"",
                {
                  "text": "U$"
                },
                {
                  "text": "U$"
                },
                {
                  "text": "U$"
                },
                "\"\"",
                {
                  "text": "U$"
                },
                "\n",
                "\"",
                {
                  "text": "$\u81d5"
                },
                {
                  "text": "$\u81d5"
                },
                {
                  "text": "$\u81d5"
                },
                "\n",
                "\"",
                {
                  "text": "U$"
                },
                {
                  "text": "U$"
                },
                {
                  "text": "U$"
                },
                "\n"
              ],
              {
                "text": "\n- x3 ",
                "color": "gray"
              },
              {
                "translate": "stardust_photovoltaic_cell",
                "color": "gray"
              },
              {
                "text": "\n- x2 ",
                "color": "gray"
              },
              {
                "translate": "stardust_essence",
                "color": "gray"
              },
              {
                "text": "\n- x1 ",
                "color": "gray"
              },
              {
                "translate": "stardust.solar_panel",
                "color": "gray"
              },
              {
                "text": "\n- x3 ",
                "color": "gray"
              },
              {
                "translate": "stardust.lapis_block",
                "color": "gray"
              }
            ]
          },
          "click_event": {
            "action": "show_dialog",
            "dialog": "stardust:manual/page_61"
          }
        },
        {
          "text": "0##",
          "hover_event": {
            "action": "show_text",
            "value": [
              {
                "text": ""
              },
              [
                {
                  "text": "",
                  "font": "stardust:manual",
                  "color": "white"
                },
                "\"F\n",
                "\"",
                {
                  "text": "$\u81d8"
                },
                {
                  "text": "$\u81d8"
                },
                {
                  "text": "$\u81d8"
                },
                "\n",
                "\"",
                {
                  "text": "U$"
                },
                {
                  "text": "U$"
                },
                {
                  "text": "U$"
                },
                "\n",
                "\"",
                {
                  "text": "$\u8025"
                },
                {
                  "text": "$\u8093"
                },
                {
                  "text": "$\u8025"
                },
                "\"\"",
                {
                  "text": "$$\u8095"
                },
                "\n",
                "\"",
                {
                  "text": "U$"
                },
                {
                  "text": "U$"
                },
                {
                  "text": "U$"
                },
                "\"\"",
                {
                  "text": "U$"
                },
                "\n",
                "\"",
                {
                  "text": "$\u8059"
                },
                {
                  "text": "$\u8059"
                },
                {
                  "text": "$\u8059"
                },
                "\n",
                "\"",
                {
                  "text": "U$"
                },
                {
                  "text": "U$"
                },
                {
                  "text": "U$"
                },
                "\n"
              ],
              {
                "text": "\n- x3 ",
                "color": "gray"
              },
              {
                "translate": "stardust.warped_fungus",
                "color": "gray"
              },
              {
                "text": "\n- x2 ",
                "color": "gray"
              },
              {
                "translate": "stardust_essence",
                "color": "gray"
              },
              {
                "text": "\n- x1 ",
                "color": "gray"
              },
              {
                "translate": "stardust.quarry_lv1",
                "color": "gray"
              },
              {
                "text": "\n- x3 ",
                "color": "gray"
              },
              {
                "translate": "stardust.triple_compressed_cobblestone",
                "color": "gray"
              }
            ]
          },
          "click_event": {
            "action": "show_dialog",
            "dialog": "stardust:manual/page_68"
          }
        },
        {
          "text": "0",
          "hover_event": {
            "action": "show_text",
            "value": [
              {
                "text": ""
              },
              [
                {
                  "text": "",
                  "font": "stardust:manual",
                  "color": "white"
                },
                "\"F\n",
                "\"",
                {
                  "text": "$\u8025"
                },
                {
                  "text": "$\u8025"
                },
                {
                  "text": "$\u8025"
                },
                "\n",
                "\"",
                {
                  "text": "U$"
                },
                {
                  "text": "U$"
                },
                {
                  "text": "U$"
                },
                "\n",
                "\"",
                {
                  "text": "$\u8053"
                },
                {
                  "text": "$\u812f"
                },
                {
                  "text": "$\u8053"
                },
                "\"\"",
                {
                  "text": "$$\u80a9"
                },
                "\n",
                "\"",
                {
                  "text": "U$"
                },
                {
                  "text": "U$"
                },
                {
                  "text": "U$"
                },
                "\"\"",
                {
                  "text": "U$"
                },
                "\n",
                "\"",
                {
                  "text": "$\u8065"
                },
                {
                  "text": "$\u8065"
                },
                {
                  "text": "$\u8065"
                },
                "\n",
                "\"",
                {
                  "text": "U$"
                },
                {
                  "text": "U$"
                },
                {
                  "text": "U$"
                },
                "\n"
              ],
              {
                "text": "\n- x3 ",
                "color": "gray"
              },
              {
                "translate": "stardust_essence",
                "color": "gray"
              },
              {
                "text": "\n- x2 ",
                "color": "gray"
              },
              {
                "translate": "stardust.dog_excrement",
                "color": "gray"
              },
              {
                "text": "\n- x1 ",
                "color": "gray"
              },
              {
                "translate": "stardust.diamond_seed",
                "color": "gray"
              },
              {
                "text": "\n- x3 ",
                "color": "gray"
              },
              {
                "translate": "stardust_frame",
                "color": "gray"
              }
            ]
          },
          "click_event": {
            "action": "show_dialog",
            "dialog": "stardust:manual/page_78"
          }
        },
        "\n\n\n\n\n\n\n\n\n\n\n\n\n\n\n"
      ],
      "width": 140
    }
  ]
}
