{
  "type": "minecraft:notice",
  "title": [
    {
      "sprite": "stardust:item/octuple_compressed_cobblestone",
      "shadow_color": [
        0,
        0,
        0,
        0
      ],
      "atlas": "minecraft:items"
    },
    " ",
    {
      "translate": "stardust.octuple_compressed_cobblestone",
      "underlined": true
    },
    " ",
    {
      "sprite": "stardust:item/octuple_compressed_cobblestone",
      "shadow_color": [
        0,
        0,
        0,
        0
      ],
      "atlas": "minecraft:items"
    }
  ],
  "body": [
    {
      "type": "minecraft:plain_message",
      "contents": [
        {
          "text": "V   ",
          "font": "stardust:manual",
          "color": "white"
        },
        {
          "text": "\n   ",
          "click_event": {
            "action": "show_dialog",
            "dialog": "stardust:manual/page_44"
          },
          "hover_event": {
            "action": "show_text",
            "value": [
              {
                "translate": "stardust.go_to_previous_page"
              },
              " (44)"
            ]
          }
        },
        " ",
        {
          "text": "   ",
          "click_event": {
            "action": "show_dialog",
            "dialog": "stardust:manual/page_46"
          },
          "hover_event": {
            "action": "show_text",
            "value": [
              {
                "translate": "stardust.go_to_next_page"
              },
              " (46)"
            ]
          }
        },
        {
          "text": "\n   ",
          "click_event": {
            "action": "show_dialog",
            "dialog": "stardust:manual/page_44"
          },
          "hover_event": {
            "action": "show_text",
            "value": [
              {
                "translate": "stardust.go_to_previous_page"
              },
              " (44)"
            ]
          }
        },
        " ",
        {
          "text": "   ",
          "click_event": {
            "action": "show_dialog",
            "dialog": "stardust:manual/page_46"
          },
          "hover_event": {
            "action": "show_text",
            "value": [
              {
                "translate": "stardust.go_to_next_page"
              },
              " (46)"
            ]
          }
        }
      ],
      "width": 400
    },
    {
      "type": "minecraft:plain_message",
      "contents": [
        {
          "text": "",
          "font": "stardust:manual",
          "color": "white",
          "shadow_color": [
            0,
            0,
            0,
            0
          ]
        },
        "\"$6\n\"",
        {
          "text": "$\u8061$\u8061$\u8061",
          "hover_event": {
            "action": "show_item",
            "id": "furnace",
            "components": {
              "lore": [
                {
                  "translate": "stardust.equivalent_to_4782969_cobblestones",
                  "color": "gray",
                  "italic": false
                },
                [
                  "",
                  {
                    "text": "I",
                    "color": "white",
                    "italic": false,
                    "font": "stardust:icons"
                  },
                  {
                    "translate": "stardustfragment",
                    "italic": true,
                    "color": "blue"
                  }
                ]
              ],
              "item_model": "stardust:septuple_compressed_cobblestone",
              "item_name": {
                "translate": "stardust.septuple_compressed_cobblestone"
              },
              "custom_data": {
                "stardust": {
                  "septuple_compressed_cobblestone": true
                },
                "smithed": {
                  "ignore": {
                    "functionality": true,
                    "crafting": true
                  }
                }
              },
              "container": [
                {
                  "slot": 0,
                  "item": {
                    "id": "minecraft:stone",
                    "count": 1,
                    "components": {
                      "minecraft:custom_data": {
                        "smithed": {
                          "block": {
                            "id": "stardust:septuple_compressed_cobblestone",
                            "from": "stardust"
                          }
                        }
                      }
                    }
                  }
                }
              ],
              "tooltip_display": {
                "hidden_components": [
                  "minecraft:container"
                ]
              }
            }
          },
          "click_event": {
            "action": "show_dialog",
            "dialog": "stardust:manual/page_44"
          }
        },
        "  \n\"",
        {
          "translate": "stardust.uuu",
          "hover_event": {
            "action": "show_item",
            "id": "furnace",
            "components": {
              "lore": [
                {
                  "translate": "stardust.equivalent_to_4782969_cobblestones",
                  "color": "gray",
                  "italic": false
                },
                [
                  "",
                  {
                    "text": "I",
                    "color": "white",
                    "italic": false,
                    "font": "stardust:icons"
                  },
                  {
                    "translate": "stardustfragment",
                    "italic": true,
                    "color": "blue"
                  }
                ]
              ],
              "item_model": "stardust:septuple_compressed_cobblestone",
              "item_name": {
                "translate": "stardust.septuple_compressed_cobblestone"
              },
              "custom_data": {
                "stardust": {
                  "septuple_compressed_cobblestone": true
                },
                "smithed": {
                  "ignore": {
                    "functionality": true,
                    "crafting": true
                  }
                }
              },
              "container": [
                {
                  "slot": 0,
                  "item": {
                    "id": "minecraft:stone",
                    "count": 1,
                    "components": {
                      "minecraft:custom_data": {
                        "smithed": {
                          "block": {
                            "id": "stardust:septuple_compressed_cobblestone",
                            "from": "stardust"
                          }
                        }
                      }
                    }
                  }
                }
              ],
              "tooltip_display": {
                "hidden_components": [
                  "minecraft:container"
                ]
              }
            }
          },
          "click_event": {
            "action": "show_dialog",
            "dialog": "stardust:manual/page_44"
          }
        },
        "  \n\"",
        {
          "text": "$\u8061$\u8061$\u8061",
          "hover_event": {
            "action": "show_item",
            "id": "furnace",
            "components": {
              "lore": [
                {
                  "translate": "stardust.equivalent_to_4782969_cobblestones",
                  "color": "gray",
                  "italic": false
                },
                [
                  "",
                  {
                    "text": "I",
                    "color": "white",
                    "italic": false,
                    "font": "stardust:icons"
                  },
                  {
                    "translate": "stardustfragment",
                    "italic": true,
                    "color": "blue"
                  }
                ]
              ],
              "item_model": "stardust:septuple_compressed_cobblestone",
              "item_name": {
                "translate": "stardust.septuple_compressed_cobblestone"
              },
              "custom_data": {
                "stardust": {
                  "septuple_compressed_cobblestone": true
                },
                "smithed": {
                  "ignore": {
                    "functionality": true,
                    "crafting": true
                  }
                }
              },
              "container": [
                {
                  "slot": 0,
                  "item": {
                    "id": "minecraft:stone",
                    "count": 1,
                    "components": {
                      "minecraft:custom_data": {
                        "smithed": {
                          "block": {
                            "id": "stardust:septuple_compressed_cobblestone",
                            "from": "stardust"
                          }
                        }
                      }
                    }
                  }
                }
              ],
              "tooltip_display": {
                "hidden_components": [
                  "minecraft:container"
                ]
              }
            }
          },
          "click_event": {
            "action": "show_dialog",
            "dialog": "stardust:manual/page_44"
          }
        },
        "\"\"",
        {
          "text": "$$\u8063",
          "hover_event": {
            "action": "show_item",
            "id": "furnace",
            "components": {
              "lore": [
                {
                  "translate": "stardust.equivalent_to_43046721_cobblestones",
                  "color": "gray",
                  "italic": false
                },
                [
                  "",
                  {
                    "text": "I",
                    "color": "white",
                    "italic": false,
                    "font": "stardust:icons"
                  },
                  {
                    "translate": "stardustfragment",
                    "italic": true,
                    "color": "blue"
                  }
                ]
              ],
              "item_model": "stardust:octuple_compressed_cobblestone",
              "item_name": {
                "translate": "stardust.octuple_compressed_cobblestone"
              },
              "custom_data": {
                "stardust": {
                  "octuple_compressed_cobblestone": true
                },
                "smithed": {
                  "ignore": {
                    "functionality": true,
                    "crafting": true
                  }
                }
              },
              "container": [
                {
                  "slot": 0,
                  "item": {
                    "id": "minecraft:stone",
                    "count": 1,
                    "components": {
                      "minecraft:custom_data": {
                        "smithed": {
                          "block": {
                            "id": "stardust:octuple_compressed_cobblestone",
                            "from": "stardust"
                          }
                        }
                      }
                    }
                  }
                }
              ],
              "tooltip_display": {
                "hidden_components": [
                  "minecraft:container"
                ]
              }
            }
          }
        },
        "#$\n\"",
        {
          "translate": "stardust.uuu",
          "hover_event": {
            "action": "show_item",
            "id": "furnace",
            "components": {
              "lore": [
                {
                  "translate": "stardust.equivalent_to_4782969_cobblestones",
                  "color": "gray",
                  "italic": false
                },
                [
                  "",
                  {
                    "text": "I",
                    "color": "white",
                    "italic": false,
                    "font": "stardust:icons"
                  },
                  {
                    "translate": "stardustfragment",
                    "italic": true,
                    "color": "blue"
                  }
                ]
              ],
              "item_model": "stardust:septuple_compressed_cobblestone",
              "item_name": {
                "translate": "stardust.septuple_compressed_cobblestone"
              },
              "custom_data": {
                "stardust": {
                  "septuple_compressed_cobblestone": true
                },
                "smithed": {
                  "ignore": {
                    "functionality": true,
                    "crafting": true
                  }
                }
              },
              "container": [
                {
                  "slot": 0,
                  "item": {
                    "id": "minecraft:stone",
                    "count": 1,
                    "components": {
                      "minecraft:custom_data": {
                        "smithed": {
                          "block": {
                            "id": "stardust:septuple_compressed_cobblestone",
                            "from": "stardust"
                          }
                        }
                      }
                    }
                  }
                }
              ],
              "tooltip_display": {
                "hidden_components": [
                  "minecraft:container"
                ]
              }
            }
          },
          "click_event": {
            "action": "show_dialog",
            "dialog": "stardust:manual/page_44"
          }
        },
        "\"\"",
        {
          "text": "U$",
          "hover_event": {
            "action": "show_item",
            "id": "furnace",
            "components": {
              "lore": [
                {
                  "translate": "stardust.equivalent_to_43046721_cobblestones",
                  "color": "gray",
                  "italic": false
                },
                [
                  "",
                  {
                    "text": "I",
                    "color": "white",
                    "italic": false,
                    "font": "stardust:icons"
                  },
                  {
                    "translate": "stardustfragment",
                    "italic": true,
                    "color": "blue"
                  }
                ]
              ],
              "item_model": "stardust:octuple_compressed_cobblestone",
              "item_name": {
                "translate": "stardust.octuple_compressed_cobblestone"
              },
              "custom_data": {
                "stardust": {
                  "octuple_compressed_cobblestone": true
                },
                "smithed": {
                  "ignore": {
                    "functionality": true,
                    "crafting": true
                  }
                }
              },
              "container": [
                {
                  "slot": 0,
                  "item": {
                    "id": "minecraft:stone",
                    "count": 1,
                    "components": {
                      "minecraft:custom_data": {
                        "smithed": {
                          "block": {
                            "id": "stardust:octuple_compressed_cobblestone",
                            "from": "stardust"
                          }
                        }
                      }
                    }
                  }
                }
              ],
              "tooltip_display": {
                "hidden_components": [
                  "minecraft:container"
                ]
              }
            }
          }
        },
        "#$\n\"",
        {
          "text": "$\u8061$\u8061$\u8061",
          "hover_event": {
            "action": "show_item",
            "id": "furnace",
            "components": {
              "lore": [
                {
                  "translate": "stardust.equivalent_to_4782969_cobblestones",
                  "color": "gray",
                  "italic": false
                },
                [
                  "",
                  {
                    "text": "I",
                    "color": "white",
                    "italic": false,
                    "font": "stardust:icons"
                  },
                  {
                    "translate": "stardustfragment",
                    "italic": true,
                    "color": "blue"
                  }
                ]
              ],
              "item_model": "stardust:septuple_compressed_cobblestone",
              "item_name": {
                "translate": "stardust.septuple_compressed_cobblestone"
              },
              "custom_data": {
                "stardust": {
                  "septuple_compressed_cobblestone": true
                },
                "smithed": {
                  "ignore": {
                    "functionality": true,
                    "crafting": true
                  }
                }
              },
              "container": [
                {
                  "slot": 0,
                  "item": {
                    "id": "minecraft:stone",
                    "count": 1,
                    "components": {
                      "minecraft:custom_data": {
                        "smithed": {
                          "block": {
                            "id": "stardust:septuple_compressed_cobblestone",
                            "from": "stardust"
                          }
                        }
                      }
                    }
                  }
                }
              ],
              "tooltip_display": {
                "hidden_components": [
                  "minecraft:container"
                ]
              }
            }
          },
          "click_event": {
            "action": "show_dialog",
            "dialog": "stardust:manual/page_44"
          }
        },
        "  \n\"",
        {
          "translate": "stardust.uuu",
          "hover_event": {
            "action": "show_item",
            "id": "furnace",
            "components": {
              "lore": [
                {
                  "translate": "stardust.equivalent_to_4782969_cobblestones",
                  "color": "gray",
                  "italic": false
                },
                [
                  "",
                  {
                    "text": "I",
                    "color": "white",
                    "italic": false,
                    "font": "stardust:icons"
                  },
                  {
                    "translate": "stardustfragment",
                    "italic": true,
                    "color": "blue"
                  }
                ]
              ],
              "item_model": "stardust:septuple_compressed_cobblestone",
              "item_name": {
                "translate": "stardust.septuple_compressed_cobblestone"
              },
              "custom_data": {
                "stardust": {
                  "septuple_compressed_cobblestone": true
                },
                "smithed": {
                  "ignore": {
                    "functionality": true,
                    "crafting": true
                  }
                }
              },
              "container": [
                {
                  "slot": 0,
                  "item": {
                    "id": "minecraft:stone",
                    "count": 1,
                    "components": {
                      "minecraft:custom_data": {
                        "smithed": {
                          "block": {
                            "id": "stardust:septuple_compressed_cobblestone",
                            "from": "stardust"
                          }
                        }
                      }
                    }
                  }
                }
              ],
              "tooltip_display": {
                "hidden_components": [
                  "minecraft:container"
                ]
              }
            }
          },
          "click_event": {
            "action": "show_dialog",
            "dialog": "stardust:manual/page_44"
          }
        },
        "  \n\n",
        {
          "text": "1##",
          "hover_event": {
            "action": "show_text",
            "value": [
              {
                "translate": "stardust.octuple_compressed_compressed_cobblestone",
                "color": "yellow"
              },
              {
                "translate": "stardust.equals_to_43046721_cobblestones",
                "color": "gray"
              }
            ]
          }
        },
        {
          "text": "2##",
          "hover_event": {
            "action": "show_text",
            "value": [
              {
                "text": ""
              },
              [
                {
                  "text": "",
                  "font": "stardust:manual",
                  "color": "white"
                },
                "\"F\n",
                "\"",
                {
                  "text": "$\u8061"
                },
                {
                  "text": "$\u8061"
                },
                {
                  "text": "$\u8061"
                },
                "\n",
                "\"",
                {
                  "text": "U$"
                },
                {
                  "text": "U$"
                },
                {
                  "text": "U$"
                },
                "\n",
                "\"",
                {
                  "text": "$\u8061"
                },
                {
                  "text": "$\u8061"
                },
                {
                  "text": "$\u8061"
                },
                "\"\"",
                {
                  "text": "$$\u8063"
                },
                "\n",
                "\"",
                {
                  "text": "U$"
                },
                {
                  "text": "U$"
                },
                {
                  "text": "U$"
                },
                "\"\"",
                {
                  "text": "U$"
                },
                "\n",
                "\"",
                {
                  "text": "$\u8061"
                },
                {
                  "text": "$\u8061"
                },
                {
                  "text": "$\u8061"
                },
                "\n",
                "\"",
                {
                  "text": "U$"
                },
                {
                  "text": "U$"
                },
                {
                  "text": "U$"
                },
                "\n"
              ],
              {
                "text": "\n- x9 ",
                "color": "gray"
              },
              {
                "translate": "stardust.septuple_compressed_cobblestone",
                "color": "gray"
              }
            ]
          },
          "click_event": {
            "action": "show_dialog",
            "dialog": "stardust:manual/page_44"
          }
        },
        {
          "text": "\u8a82\n",
          "hover_event": {
            "action": "show_text",
            "value": [
              {
                "text": ""
              },
              [
                {
                  "text": "",
                  "font": "stardust:manual",
                  "color": "white"
                },
                "\"E\n",
                "\"",
                {
                  "text": "$\u8063"
                },
                "\n",
                "\"",
                {
                  "text": "U$"
                },
                "U$U$",
                {
                  "text": "$$\u8a58"
                },
                "\n\"",
                "U$U$U$",
                {
                  "text": "U$"
                },
                "\n",
                "\n"
              ],
              {
                "text": "\n- x1 ",
                "color": "gray"
              },
              {
                "translate": "stardust.octuple_compressed_cobblestone",
                "color": "gray"
              }
            ]
          },
          "click_event": {
            "action": "show_dialog",
            "dialog": "stardust:manual/page_44"
          }
        },
        {
          "text": "0##",
          "hover_event": {
            "action": "show_text",
            "value": [
              {
                "translate": "stardust.octuple_compressed_compressed_cobblestone",
                "color": "yellow"
              },
              {
                "translate": "stardust.equals_to_43046721_cobblestones",
                "color": "gray"
              }
            ]
          }
        },
        {
          "text": "0##",
          "hover_event": {
            "action": "show_text",
            "value": [
              {
                "text": ""
              },
              [
                {
                  "text": "",
                  "font": "stardust:manual",
                  "color": "white"
                },
                "\"F\n",
                "\"",
                {
                  "text": "$\u8061"
                },
                {
                  "text": "$\u8061"
                },
                {
                  "text": "$\u8061"
                },
                "\n",
                "\"",
                {
                  "text": "U$"
                },
                {
                  "text": "U$"
                },
                {
                  "text": "U$"
                },
                "\n",
                "\"",
                {
                  "text": "$\u8061"
                },
                {
                  "text": "$\u8061"
                },
                {
                  "text": "$\u8061"
                },
                "\"\"",
                {
                  "text": "$$\u8063"
                },
                "\n",
                "\"",
                {
                  "text": "U$"
                },
                {
                  "text": "U$"
                },
                {
                  "text": "U$"
                },
                "\"\"",
                {
                  "text": "U$"
                },
                "\n",
                "\"",
                {
                  "text": "$\u8061"
                },
                {
                  "text": "$\u8061"
                },
                {
                  "text": "$\u8061"
                },
                "\n",
                "\"",
                {
                  "text": "U$"
                },
                {
                  "text": "U$"
                },
                {
                  "text": "U$"
                },
                "\n"
              ],
              {
                "text": "\n- x9 ",
                "color": "gray"
              },
              {
                "translate": "stardust.septuple_compressed_cobblestone",
                "color": "gray"
              }
            ]
          },
          "click_event": {
            "action": "show_dialog",
            "dialog": "stardust:manual/page_44"
          }
        },
        {
          "text": "0",
          "hover_event": {
            "action": "show_text",
            "value": [
              {
                "text": ""
              },
              [
                {
                  "text": "",
                  "font": "stardust:manual",
                  "color": "white"
                },
                "\"E\n",
                "\"",
                {
                  "text": "$\u8063"
                },
                "\n",
                "\"",
                {
                  "text": "U$"
                },
                "U$U$",
                {
                  "text": "$$\u8a58"
                },
                "\n\"",
                "U$U$U$",
                {
                  "text": "U$"
                },
                "\n",
                "\n"
              ],
              {
                "text": "\n- x1 ",
                "color": "gray"
              },
              {
                "translate": "stardust.octuple_compressed_cobblestone",
                "color": "gray"
              }
            ]
          },
          "click_event": {
            "action": "show_dialog",
            "dialog": "stardust:manual/page_44"
          }
        },
        "\n\n\n\n\n\n\n\n\n\n\n\n\n\n\n\n"
      ],
      "width": 140
    }
  ]
}
