{
  "type": "minecraft:notice",
  "title": [
    {
      "sprite": "stardust:item/health_artifact_lv3",
      "shadow_color": [
        0,
        0,
        0,
        0
      ],
      "atlas": "minecraft:items"
    },
    " ",
    {
      "translate": "stardust.health_artifact_lv3",
      "underlined": true
    },
    " ",
    {
      "sprite": "stardust:item/health_artifact_lv3",
      "shadow_color": [
        0,
        0,
        0,
        0
      ],
      "atlas": "minecraft:items"
    }
  ],
  "body": [
    {
      "type": "minecraft:plain_message",
      "contents": [
        {
          "text": "V   ",
          "font": "stardust:manual",
          "color": "white"
        },
        {
          "text": "\n   ",
          "click_event": {
            "action": "show_dialog",
            "dialog": "stardust:manual/page_129"
          },
          "hover_event": {
            "action": "show_text",
            "value": [
              {
                "translate": "stardust.go_to_previous_page"
              },
              " (129)"
            ]
          }
        },
        " ",
        {
          "text": "   ",
          "click_event": {
            "action": "show_dialog",
            "dialog": "stardust:manual/page_131"
          },
          "hover_event": {
            "action": "show_text",
            "value": [
              {
                "translate": "stardust.go_to_next_page"
              },
              " (131)"
            ]
          }
        },
        {
          "text": "\n   ",
          "click_event": {
            "action": "show_dialog",
            "dialog": "stardust:manual/page_129"
          },
          "hover_event": {
            "action": "show_text",
            "value": [
              {
                "translate": "stardust.go_to_previous_page"
              },
              " (129)"
            ]
          }
        },
        " ",
        {
          "text": "   ",
          "click_event": {
            "action": "show_dialog",
            "dialog": "stardust:manual/page_131"
          },
          "hover_event": {
            "action": "show_text",
            "value": [
              {
                "translate": "stardust.go_to_next_page"
              },
              " (131)"
            ]
          }
        }
      ],
      "width": 400
    },
    {
      "type": "minecraft:plain_message",
      "contents": [
        {
          "text": "",
          "font": "stardust:manual",
          "color": "white",
          "shadow_color": [
            0,
            0,
            0,
            0
          ]
        },
        "\"$5\n\"",
        {
          "text": "$\u810b$\u810b",
          "hover_event": {
            "action": "show_item",
            "id": "command_block",
            "components": {
              "item_name": {
                "translate": "stardust.health_artifact_lv_2"
              },
              "rarity": "rare",
              "lore": [
                {
                  "translate": "stardust.hold_in_any_hand_to_get_the_health_effect",
                  "color": "gray",
                  "italic": false
                },
                {
                  "translate": "stardust.20_health_points",
                  "color": "gray",
                  "italic": false
                },
                [
                  "",
                  {
                    "text": "I",
                    "color": "white",
                    "italic": false,
                    "font": "stardust:icons"
                  },
                  {
                    "translate": "stardustfragment",
                    "italic": true,
                    "color": "blue"
                  }
                ]
              ],
              "attribute_modifiers": [
                {
                  "type": "max_health",
                  "amount": 0.2,
                  "operation": "add_multiplied_total",
                  "slot": "hand",
                  "id": "stardust:base_max_health"
                }
              ],
              "item_model": "stardust:health_artifact_lv2",
              "custom_data": {
                "stardust": {
                  "health_artifact_lv2": true
                },
                "smithed": {
                  "ignore": {
                    "functionality": true,
                    "crafting": true
                  }
                }
              }
            }
          },
          "click_event": {
            "action": "show_dialog",
            "dialog": "stardust:manual/page_129"
          }
        },
        "  \n\"",
        {
          "text": "U$U$",
          "hover_event": {
            "action": "show_item",
            "id": "command_block",
            "components": {
              "item_name": {
                "translate": "stardust.health_artifact_lv_2"
              },
              "rarity": "rare",
              "lore": [
                {
                  "translate": "stardust.hold_in_any_hand_to_get_the_health_effect",
                  "color": "gray",
                  "italic": false
                },
                {
                  "translate": "stardust.20_health_points",
                  "color": "gray",
                  "italic": false
                },
                [
                  "",
                  {
                    "text": "I",
                    "color": "white",
                    "italic": false,
                    "font": "stardust:icons"
                  },
                  {
                    "translate": "stardustfragment",
                    "italic": true,
                    "color": "blue"
                  }
                ]
              ],
              "attribute_modifiers": [
                {
                  "type": "max_health",
                  "amount": 0.2,
                  "operation": "add_multiplied_total",
                  "slot": "hand",
                  "id": "stardust:base_max_health"
                }
              ],
              "item_model": "stardust:health_artifact_lv2",
              "custom_data": {
                "stardust": {
                  "health_artifact_lv2": true
                },
                "smithed": {
                  "ignore": {
                    "functionality": true,
                    "crafting": true
                  }
                }
              }
            }
          },
          "click_event": {
            "action": "show_dialog",
            "dialog": "stardust:manual/page_129"
          }
        },
        "U$",
        {
          "text": "$$\u810d",
          "hover_event": {
            "action": "show_item",
            "id": "command_block",
            "components": {
              "item_name": {
                "translate": "stardust.health_artifact_lv_3"
              },
              "rarity": "rare",
              "lore": [
                {
                  "translate": "stardust.hold_in_any_hand_to_get_the_health_effect",
                  "color": "gray",
                  "italic": false
                },
                {
                  "translate": "stardust.30_health_points",
                  "color": "gray",
                  "italic": false
                },
                [
                  "",
                  {
                    "text": "I",
                    "color": "white",
                    "italic": false,
                    "font": "stardust:icons"
                  },
                  {
                    "translate": "stardustfragment",
                    "italic": true,
                    "color": "blue"
                  }
                ]
              ],
              "attribute_modifiers": [
                {
                  "type": "max_health",
                  "amount": 0.3,
                  "operation": "add_multiplied_total",
                  "slot": "hand",
                  "id": "stardust:base_max_health"
                }
              ],
              "item_model": "stardust:health_artifact_lv3",
              "custom_data": {
                "stardust": {
                  "health_artifact_lv3": true
                },
                "smithed": {
                  "ignore": {
                    "functionality": true,
                    "crafting": true
                  }
                }
              }
            }
          }
        },
        "#$\n\"U$U$U$",
        {
          "text": "U$",
          "hover_event": {
            "action": "show_item",
            "id": "command_block",
            "components": {
              "item_name": {
                "translate": "stardust.health_artifact_lv_3"
              },
              "rarity": "rare",
              "lore": [
                {
                  "translate": "stardust.hold_in_any_hand_to_get_the_health_effect",
                  "color": "gray",
                  "italic": false
                },
                {
                  "translate": "stardust.30_health_points",
                  "color": "gray",
                  "italic": false
                },
                [
                  "",
                  {
                    "text": "I",
                    "color": "white",
                    "italic": false,
                    "font": "stardust:icons"
                  },
                  {
                    "translate": "stardustfragment",
                    "italic": true,
                    "color": "blue"
                  }
                ]
              ],
              "attribute_modifiers": [
                {
                  "type": "max_health",
                  "amount": 0.3,
                  "operation": "add_multiplied_total",
                  "slot": "hand",
                  "id": "stardust:base_max_health"
                }
              ],
              "item_model": "stardust:health_artifact_lv3",
              "custom_data": {
                "stardust": {
                  "health_artifact_lv3": true
                },
                "smithed": {
                  "ignore": {
                    "functionality": true,
                    "crafting": true
                  }
                }
              }
            }
          }
        },
        "#$\n\n\n",
        {
          "text": "1##",
          "hover_event": {
            "action": "show_text",
            "value": [
              {
                "translate": "stardust.lv_3_health_artifact",
                "color": "yellow"
              },
              {
                "text": "\nHold in any hand to get the health effect",
                "color": "gray"
              },
              {
                "text": "\n[+30% Health Points]",
                "color": "gray"
              }
            ]
          }
        },
        {
          "text": "2##",
          "hover_event": {
            "action": "show_text",
            "value": [
              {
                "text": ""
              },
              [
                {
                  "text": "",
                  "font": "stardust:manual",
                  "color": "white"
                },
                "\"E\n",
                "\"",
                {
                  "text": "$\u810b"
                },
                {
                  "text": "$\u810b"
                },
                "\n",
                "\"",
                {
                  "text": "U$"
                },
                {
                  "text": "U$"
                },
                "U$",
                {
                  "text": "$$\u810d"
                },
                "\n\"",
                "U$U$U$",
                {
                  "text": "U$"
                },
                "\n",
                "\n"
              ],
              {
                "text": "\n- x2 ",
                "color": "gray"
              },
              {
                "translate": "stardust.health_artifact_lv_2",
                "color": "gray"
              }
            ]
          },
          "click_event": {
            "action": "show_dialog",
            "dialog": "stardust:manual/page_129"
          }
        },
        {
          "text": "\u90c5\n",
          "hover_event": {
            "action": "show_text",
            "value": [
              {
                "text": ""
              },
              [
                {
                  "text": "",
                  "font": "stardust:manual",
                  "color": "white"
                },
                "\"E\n",
                "\"",
                {
                  "text": "$\u810d"
                },
                {
                  "text": "$\u810d"
                },
                "\n",
                "\"",
                {
                  "text": "U$"
                },
                {
                  "text": "U$"
                },
                "U$",
                {
                  "text": "$$\u810f"
                },
                "\n\"",
                "U$U$U$",
                {
                  "text": "U$"
                },
                "\n",
                "\n"
              ],
              {
                "text": "\n- x2 ",
                "color": "gray"
              },
              {
                "translate": "stardust.health_artifact_lv_3",
                "color": "gray"
              }
            ]
          },
          "click_event": {
            "action": "show_dialog",
            "dialog": "stardust:manual/page_131"
          }
        },
        {
          "text": "0##",
          "hover_event": {
            "action": "show_text",
            "value": [
              {
                "translate": "stardust.lv_3_health_artifact",
                "color": "yellow"
              },
              {
                "text": "\nHold in any hand to get the health effect",
                "color": "gray"
              },
              {
                "text": "\n[+30% Health Points]",
                "color": "gray"
              }
            ]
          }
        },
        {
          "text": "0##",
          "hover_event": {
            "action": "show_text",
            "value": [
              {
                "text": ""
              },
              [
                {
                  "text": "",
                  "font": "stardust:manual",
                  "color": "white"
                },
                "\"E\n",
                "\"",
                {
                  "text": "$\u810b"
                },
                {
                  "text": "$\u810b"
                },
                "\n",
                "\"",
                {
                  "text": "U$"
                },
                {
                  "text": "U$"
                },
                "U$",
                {
                  "text": "$$\u810d"
                },
                "\n\"",
                "U$U$U$",
                {
                  "text": "U$"
                },
                "\n",
                "\n"
              ],
              {
                "text": "\n- x2 ",
                "color": "gray"
              },
              {
                "translate": "stardust.health_artifact_lv_2",
                "color": "gray"
              }
            ]
          },
          "click_event": {
            "action": "show_dialog",
            "dialog": "stardust:manual/page_129"
          }
        },
        {
          "text": "0",
          "hover_event": {
            "action": "show_text",
            "value": [
              {
                "text": ""
              },
              [
                {
                  "text": "",
                  "font": "stardust:manual",
                  "color": "white"
                },
                "\"E\n",
                "\"",
                {
                  "text": "$\u810d"
                },
                {
                  "text": "$\u810d"
                },
                "\n",
                "\"",
                {
                  "text": "U$"
                },
                {
                  "text": "U$"
                },
                "U$",
                {
                  "text": "$$\u810f"
                },
                "\n\"",
                "U$U$U$",
                {
                  "text": "U$"
                },
                "\n",
                "\n"
              ],
              {
                "text": "\n- x2 ",
                "color": "gray"
              },
              {
                "translate": "stardust.health_artifact_lv_3",
                "color": "gray"
              }
            ]
          },
          "click_event": {
            "action": "show_dialog",
            "dialog": "stardust:manual/page_131"
          }
        },
        "\n\n\n\n\n\n\n\n\n\n\n\n\n\n\n\n\n\n"
      ],
      "width": 140
    }
  ]
}
