{
  "type": "minecraft:notice",
  "title": {
    "translate": "stardust.cobblestone_miner_lv_4",
    "underlined": true
  },
  "body": [
    {
      "type": "minecraft:plain_message",
      "contents": [
        {
          "text": "V   ",
          "font": "stardust:manual",
          "color": "white"
        },
        {
          "text": "\n   ",
          "click_event": {
            "action": "show_dialog",
            "dialog": "stardust:manual/page_157"
          },
          "hover_event": {
            "action": "show_text",
            "value": [
              {
                "translate": "stardust.go_to_previous_page"
              },
              " (157)"
            ]
          }
        },
        " ",
        {
          "text": "   ",
          "click_event": {
            "action": "show_dialog",
            "dialog": "stardust:manual/page_159"
          },
          "hover_event": {
            "action": "show_text",
            "value": [
              {
                "translate": "stardust.go_to_next_page"
              },
              " (159)"
            ]
          }
        },
        {
          "text": "\n   ",
          "click_event": {
            "action": "show_dialog",
            "dialog": "stardust:manual/page_157"
          },
          "hover_event": {
            "action": "show_text",
            "value": [
              {
                "translate": "stardust.go_to_previous_page"
              },
              " (157)"
            ]
          }
        },
        " ",
        {
          "text": "   ",
          "click_event": {
            "action": "show_dialog",
            "dialog": "stardust:manual/page_159"
          },
          "hover_event": {
            "action": "show_text",
            "value": [
              {
                "translate": "stardust.go_to_next_page"
              },
              " (159)"
            ]
          }
        }
      ],
      "width": 400
    },
    {
      "type": "minecraft:plain_message",
      "contents": [
        {
          "text": "",
          "font": "stardust:manual",
          "color": "white",
          "shadow_color": [
            0,
            0,
            0,
            0
          ]
        },
        "\"$6\n\"",
        {
          "text": "$\u8185$\u8185$\u8185",
          "hover_event": {
            "action": "show_item",
            "id": "minecraft:iron_block",
            "components": {}
          }
        },
        "  \n\"",
        {
          "translate": "stardust.uuu",
          "hover_event": {
            "action": "show_item",
            "id": "minecraft:iron_block",
            "components": {}
          }
        },
        "  \n\"",
        {
          "text": "$\u88f7",
          "hover_event": {
            "action": "show_item",
            "id": "minecraft:iron_pickaxe",
            "components": {}
          }
        },
        {
          "text": "$\u8143",
          "hover_event": {
            "action": "show_item",
            "id": "furnace",
            "components": {
              "item_name": {
                "translate": "stardust.cobblestone_miner_lv_3"
              },
              "rarity": "rare",
              "lore": [
                {
                  "translate": "stardust.only_mines_cobblestone_directly_below",
                  "color": "white",
                  "italic": false
                },
                {
                  "translate": "stardust.x144_per_minute",
                  "color": "gray",
                  "italic": false
                },
                [
                  "",
                  {
                    "text": "I",
                    "color": "white",
                    "italic": false,
                    "font": "stardust:icons"
                  },
                  {
                    "translate": "stardustfragment",
                    "italic": true,
                    "color": "blue"
                  }
                ]
              ],
              "item_model": "stardust:cobblestone_miner_lv3",
              "custom_data": {
                "stardust": {
                  "cobblestone_miner_lv3": true
                },
                "smithed": {
                  "ignore": {
                    "functionality": true,
                    "crafting": true
                  }
                }
              },
              "container": [
                {
                  "slot": 0,
                  "item": {
                    "id": "minecraft:stone",
                    "count": 1,
                    "components": {
                      "minecraft:custom_data": {
                        "smithed": {
                          "block": {
                            "id": "stardust:cobblestone_miner_lv3",
                            "from": "stardust"
                          }
                        }
                      }
                    }
                  }
                }
              ],
              "tooltip_display": {
                "hidden_components": [
                  "minecraft:container"
                ]
              }
            }
          },
          "click_event": {
            "action": "show_dialog",
            "dialog": "stardust:manual/page_157"
          }
        },
        {
          "text": "$\u88f7",
          "hover_event": {
            "action": "show_item",
            "id": "minecraft:iron_pickaxe",
            "components": {}
          }
        },
        "\"\"",
        {
          "text": "$$\u8145",
          "hover_event": {
            "action": "show_item",
            "id": "furnace",
            "components": {
              "item_name": {
                "translate": "stardust.cobblestone_miner_lv_4"
              },
              "rarity": "rare",
              "lore": [
                {
                  "translate": "stardust.only_mines_cobblestone_directly_below",
                  "color": "white",
                  "italic": false
                },
                {
                  "translate": "stardust.x576_per_minute",
                  "color": "gray",
                  "italic": false
                },
                [
                  "",
                  {
                    "text": "I",
                    "color": "white",
                    "italic": false,
                    "font": "stardust:icons"
                  },
                  {
                    "translate": "stardustfragment",
                    "italic": true,
                    "color": "blue"
                  }
                ]
              ],
              "item_model": "stardust:cobblestone_miner_lv4",
              "custom_data": {
                "stardust": {
                  "cobblestone_miner_lv4": true
                },
                "smithed": {
                  "ignore": {
                    "functionality": true,
                    "crafting": true
                  }
                }
              },
              "container": [
                {
                  "slot": 0,
                  "item": {
                    "id": "minecraft:stone",
                    "count": 1,
                    "components": {
                      "minecraft:custom_data": {
                        "smithed": {
                          "block": {
                            "id": "stardust:cobblestone_miner_lv4",
                            "from": "stardust"
                          }
                        }
                      }
                    }
                  }
                }
              ],
              "tooltip_display": {
                "hidden_components": [
                  "minecraft:container"
                ]
              }
            }
          }
        },
        "#$\n\"",
        {
          "text": "U$",
          "hover_event": {
            "action": "show_item",
            "id": "minecraft:iron_pickaxe",
            "components": {}
          }
        },
        {
          "text": "U$",
          "hover_event": {
            "action": "show_item",
            "id": "furnace",
            "components": {
              "item_name": {
                "translate": "stardust.cobblestone_miner_lv_3"
              },
              "rarity": "rare",
              "lore": [
                {
                  "translate": "stardust.only_mines_cobblestone_directly_below",
                  "color": "white",
                  "italic": false
                },
                {
                  "translate": "stardust.x144_per_minute",
                  "color": "gray",
                  "italic": false
                },
                [
                  "",
                  {
                    "text": "I",
                    "color": "white",
                    "italic": false,
                    "font": "stardust:icons"
                  },
                  {
                    "translate": "stardustfragment",
                    "italic": true,
                    "color": "blue"
                  }
                ]
              ],
              "item_model": "stardust:cobblestone_miner_lv3",
              "custom_data": {
                "stardust": {
                  "cobblestone_miner_lv3": true
                },
                "smithed": {
                  "ignore": {
                    "functionality": true,
                    "crafting": true
                  }
                }
              },
              "container": [
                {
                  "slot": 0,
                  "item": {
                    "id": "minecraft:stone",
                    "count": 1,
                    "components": {
                      "minecraft:custom_data": {
                        "smithed": {
                          "block": {
                            "id": "stardust:cobblestone_miner_lv3",
                            "from": "stardust"
                          }
                        }
                      }
                    }
                  }
                }
              ],
              "tooltip_display": {
                "hidden_components": [
                  "minecraft:container"
                ]
              }
            }
          },
          "click_event": {
            "action": "show_dialog",
            "dialog": "stardust:manual/page_157"
          }
        },
        {
          "text": "U$",
          "hover_event": {
            "action": "show_item",
            "id": "minecraft:iron_pickaxe",
            "components": {}
          }
        },
        "\"\"",
        {
          "text": "U$",
          "hover_event": {
            "action": "show_item",
            "id": "furnace",
            "components": {
              "item_name": {
                "translate": "stardust.cobblestone_miner_lv_4"
              },
              "rarity": "rare",
              "lore": [
                {
                  "translate": "stardust.only_mines_cobblestone_directly_below",
                  "color": "white",
                  "italic": false
                },
                {
                  "translate": "stardust.x576_per_minute",
                  "color": "gray",
                  "italic": false
                },
                [
                  "",
                  {
                    "text": "I",
                    "color": "white",
                    "italic": false,
                    "font": "stardust:icons"
                  },
                  {
                    "translate": "stardustfragment",
                    "italic": true,
                    "color": "blue"
                  }
                ]
              ],
              "item_model": "stardust:cobblestone_miner_lv4",
              "custom_data": {
                "stardust": {
                  "cobblestone_miner_lv4": true
                },
                "smithed": {
                  "ignore": {
                    "functionality": true,
                    "crafting": true
                  }
                }
              },
              "container": [
                {
                  "slot": 0,
                  "item": {
                    "id": "minecraft:stone",
                    "count": 1,
                    "components": {
                      "minecraft:custom_data": {
                        "smithed": {
                          "block": {
                            "id": "stardust:cobblestone_miner_lv4",
                            "from": "stardust"
                          }
                        }
                      }
                    }
                  }
                }
              ],
              "tooltip_display": {
                "hidden_components": [
                  "minecraft:container"
                ]
              }
            }
          }
        },
        "#$\n\"",
        {
          "text": "$\u8057$\u8057$\u8057",
          "hover_event": {
            "action": "show_item",
            "id": "furnace",
            "components": {
              "lore": [
                {
                  "translate": "stardust.equivalent_to_81_cobblestones",
                  "color": "gray",
                  "italic": false
                },
                [
                  "",
                  {
                    "text": "I",
                    "color": "white",
                    "italic": false,
                    "font": "stardust:icons"
                  },
                  {
                    "translate": "stardustfragment",
                    "italic": true,
                    "color": "blue"
                  }
                ]
              ],
              "item_model": "stardust:double_compressed_cobblestone",
              "item_name": {
                "translate": "stardust.double_compressed_cobblestone"
              },
              "custom_data": {
                "stardust": {
                  "double_compressed_cobblestone": true
                },
                "smithed": {
                  "ignore": {
                    "functionality": true,
                    "crafting": true
                  }
                }
              },
              "container": [
                {
                  "slot": 0,
                  "item": {
                    "id": "minecraft:stone",
                    "count": 1,
                    "components": {
                      "minecraft:custom_data": {
                        "smithed": {
                          "block": {
                            "id": "stardust:double_compressed_cobblestone",
                            "from": "stardust"
                          }
                        }
                      }
                    }
                  }
                }
              ],
              "tooltip_display": {
                "hidden_components": [
                  "minecraft:container"
                ]
              }
            }
          },
          "click_event": {
            "action": "show_dialog",
            "dialog": "stardust:manual/page_39"
          }
        },
        "  \n\"",
        {
          "translate": "stardust.uuu",
          "hover_event": {
            "action": "show_item",
            "id": "furnace",
            "components": {
              "lore": [
                {
                  "translate": "stardust.equivalent_to_81_cobblestones",
                  "color": "gray",
                  "italic": false
                },
                [
                  "",
                  {
                    "text": "I",
                    "color": "white",
                    "italic": false,
                    "font": "stardust:icons"
                  },
                  {
                    "translate": "stardustfragment",
                    "italic": true,
                    "color": "blue"
                  }
                ]
              ],
              "item_model": "stardust:double_compressed_cobblestone",
              "item_name": {
                "translate": "stardust.double_compressed_cobblestone"
              },
              "custom_data": {
                "stardust": {
                  "double_compressed_cobblestone": true
                },
                "smithed": {
                  "ignore": {
                    "functionality": true,
                    "crafting": true
                  }
                }
              },
              "container": [
                {
                  "slot": 0,
                  "item": {
                    "id": "minecraft:stone",
                    "count": 1,
                    "components": {
                      "minecraft:custom_data": {
                        "smithed": {
                          "block": {
                            "id": "stardust:double_compressed_cobblestone",
                            "from": "stardust"
                          }
                        }
                      }
                    }
                  }
                }
              ],
              "tooltip_display": {
                "hidden_components": [
                  "minecraft:container"
                ]
              }
            }
          },
          "click_event": {
            "action": "show_dialog",
            "dialog": "stardust:manual/page_39"
          }
        },
        "  \n\n",
        {
          "text": "1##",
          "hover_event": {
            "action": "show_text",
            "value": [
              {
                "translate": "stardust.cobblestone_miner_lv_4",
                "color": "yellow"
              },
              {
                "translate": "stardust.every_minute_it_will_break_the_cobblestone_directly_below_it",
                "color": "gray"
              },
              {
                "translate": "stardust.production_rate_is_576_cobblestone_per_minute",
                "color": "gray"
              },
              {
                "translate": "stardust.no_energy_required",
                "color": "gray"
              }
            ]
          }
        },
        {
          "text": "2##",
          "hover_event": {
            "action": "show_text",
            "value": [
              {
                "text": ""
              },
              [
                {
                  "text": "",
                  "font": "stardust:manual",
                  "color": "white"
                },
                "\"F\n",
                "\"",
                {
                  "text": "$\u8185"
                },
                {
                  "text": "$\u8185"
                },
                {
                  "text": "$\u8185"
                },
                "\n",
                "\"",
                {
                  "text": "U$"
                },
                {
                  "text": "U$"
                },
                {
                  "text": "U$"
                },
                "\n",
                "\"",
                {
                  "text": "$\u88f7"
                },
                {
                  "text": "$\u8143"
                },
                {
                  "text": "$\u88f7"
                },
                "\"\"",
                {
                  "text": "$$\u8145"
                },
                "\n",
                "\"",
                {
                  "text": "U$"
                },
                {
                  "text": "U$"
                },
                {
                  "text": "U$"
                },
                "\"\"",
                {
                  "text": "U$"
                },
                "\n",
                "\"",
                {
                  "text": "$\u8057"
                },
                {
                  "text": "$\u8057"
                },
                {
                  "text": "$\u8057"
                },
                "\n",
                "\"",
                {
                  "text": "U$"
                },
                {
                  "text": "U$"
                },
                {
                  "text": "U$"
                },
                "\n"
              ],
              {
                "text": "\n- x3 ",
                "color": "gray"
              },
              {
                "translate": "stardust.iron_block",
                "color": "gray"
              },
              {
                "text": "\n- x2 ",
                "color": "gray"
              },
              {
                "translate": "stardust.iron_pickaxe",
                "color": "gray"
              },
              {
                "text": "\n- x1 ",
                "color": "gray"
              },
              {
                "translate": "stardust.cobblestone_miner_lv_3",
                "color": "gray"
              },
              {
                "text": "\n- x3 ",
                "color": "gray"
              },
              {
                "translate": "stardust.double_compressed_cobblestone",
                "color": "gray"
              }
            ]
          }
        },
        {
          "text": "\u9252\n",
          "hover_event": {
            "action": "show_text",
            "value": [
              {
                "text": ""
              },
              [
                {
                  "text": "",
                  "font": "stardust:manual",
                  "color": "white"
                },
                "\"F\n",
                "\"",
                {
                  "text": "$\u82ef"
                },
                {
                  "text": "$\u82ef"
                },
                {
                  "text": "$\u82ef"
                },
                "\n",
                "\"",
                {
                  "text": "U$"
                },
                {
                  "text": "U$"
                },
                {
                  "text": "U$"
                },
                "\n",
                "\"",
                {
                  "text": "$\u8911"
                },
                {
                  "text": "$\u8145"
                },
                {
                  "text": "$\u8911"
                },
                "\"\"",
                {
                  "text": "$$\u8147"
                },
                "\n",
                "\"",
                {
                  "text": "U$"
                },
                {
                  "text": "U$"
                },
                {
                  "text": "U$"
                },
                "\"\"",
                {
                  "text": "U$"
                },
                "\n",
                "\"",
                {
                  "text": "$\u8059"
                },
                {
                  "text": "$\u8059"
                },
                {
                  "text": "$\u8059"
                },
                "\n",
                "\"",
                {
                  "text": "U$"
                },
                {
                  "text": "U$"
                },
                {
                  "text": "U$"
                },
                "\n"
              ],
              {
                "text": "\n- x3 ",
                "color": "gray"
              },
              {
                "translate": "stardust.gold_block",
                "color": "gray"
              },
              {
                "text": "\n- x2 ",
                "color": "gray"
              },
              {
                "translate": "stardust.golden_pickaxe",
                "color": "gray"
              },
              {
                "text": "\n- x1 ",
                "color": "gray"
              },
              {
                "translate": "stardust.cobblestone_miner_lv_4",
                "color": "gray"
              },
              {
                "text": "\n- x3 ",
                "color": "gray"
              },
              {
                "translate": "stardust.triple_compressed_cobblestone",
                "color": "gray"
              }
            ]
          },
          "click_event": {
            "action": "show_dialog",
            "dialog": "stardust:manual/page_159"
          }
        },
        {
          "text": "0##",
          "hover_event": {
            "action": "show_text",
            "value": [
              {
                "translate": "stardust.cobblestone_miner_lv_4",
                "color": "yellow"
              },
              {
                "translate": "stardust.every_minute_it_will_break_the_cobblestone_directly_below_it",
                "color": "gray"
              },
              {
                "translate": "stardust.production_rate_is_576_cobblestone_per_minute",
                "color": "gray"
              },
              {
                "translate": "stardust.no_energy_required",
                "color": "gray"
              }
            ]
          }
        },
        {
          "text": "0##",
          "hover_event": {
            "action": "show_text",
            "value": [
              {
                "text": ""
              },
              [
                {
                  "text": "",
                  "font": "stardust:manual",
                  "color": "white"
                },
                "\"F\n",
                "\"",
                {
                  "text": "$\u8185"
                },
                {
                  "text": "$\u8185"
                },
                {
                  "text": "$\u8185"
                },
                "\n",
                "\"",
                {
                  "text": "U$"
                },
                {
                  "text": "U$"
                },
                {
                  "text": "U$"
                },
                "\n",
                "\"",
                {
                  "text": "$\u88f7"
                },
                {
                  "text": "$\u8143"
                },
                {
                  "text": "$\u88f7"
                },
                "\"\"",
                {
                  "text": "$$\u8145"
                },
                "\n",
                "\"",
                {
                  "text": "U$"
                },
                {
                  "text": "U$"
                },
                {
                  "text": "U$"
                },
                "\"\"",
                {
                  "text": "U$"
                },
                "\n",
                "\"",
                {
                  "text": "$\u8057"
                },
                {
                  "text": "$\u8057"
                },
                {
                  "text": "$\u8057"
                },
                "\n",
                "\"",
                {
                  "text": "U$"
                },
                {
                  "text": "U$"
                },
                {
                  "text": "U$"
                },
                "\n"
              ],
              {
                "text": "\n- x3 ",
                "color": "gray"
              },
              {
                "translate": "stardust.iron_block",
                "color": "gray"
              },
              {
                "text": "\n- x2 ",
                "color": "gray"
              },
              {
                "translate": "stardust.iron_pickaxe",
                "color": "gray"
              },
              {
                "text": "\n- x1 ",
                "color": "gray"
              },
              {
                "translate": "stardust.cobblestone_miner_lv_3",
                "color": "gray"
              },
              {
                "text": "\n- x3 ",
                "color": "gray"
              },
              {
                "translate": "stardust.double_compressed_cobblestone",
                "color": "gray"
              }
            ]
          }
        },
        {
          "text": "0",
          "hover_event": {
            "action": "show_text",
            "value": [
              {
                "text": ""
              },
              [
                {
                  "text": "",
                  "font": "stardust:manual",
                  "color": "white"
                },
                "\"F\n",
                "\"",
                {
                  "text": "$\u82ef"
                },
                {
                  "text": "$\u82ef"
                },
                {
                  "text": "$\u82ef"
                },
                "\n",
                "\"",
                {
                  "text": "U$"
                },
                {
                  "text": "U$"
                },
                {
                  "text": "U$"
                },
                "\n",
                "\"",
                {
                  "text": "$\u8911"
                },
                {
                  "text": "$\u8145"
                },
                {
                  "text": "$\u8911"
                },
                "\"\"",
                {
                  "text": "$$\u8147"
                },
                "\n",
                "\"",
                {
                  "text": "U$"
                },
                {
                  "text": "U$"
                },
                {
                  "text": "U$"
                },
                "\"\"",
                {
                  "text": "U$"
                },
                "\n",
                "\"",
                {
                  "text": "$\u8059"
                },
                {
                  "text": "$\u8059"
                },
                {
                  "text": "$\u8059"
                },
                "\n",
                "\"",
                {
                  "text": "U$"
                },
                {
                  "text": "U$"
                },
                {
                  "text": "U$"
                },
                "\n"
              ],
              {
                "text": "\n- x3 ",
                "color": "gray"
              },
              {
                "translate": "stardust.gold_block",
                "color": "gray"
              },
              {
                "text": "\n- x2 ",
                "color": "gray"
              },
              {
                "translate": "stardust.golden_pickaxe",
                "color": "gray"
              },
              {
                "text": "\n- x1 ",
                "color": "gray"
              },
              {
                "translate": "stardust.cobblestone_miner_lv_4",
                "color": "gray"
              },
              {
                "text": "\n- x3 ",
                "color": "gray"
              },
              {
                "translate": "stardust.triple_compressed_cobblestone",
                "color": "gray"
              }
            ]
          },
          "click_event": {
            "action": "show_dialog",
            "dialog": "stardust:manual/page_159"
          }
        },
        "\n\n\n\n\n\n\n\n\n\n\n\n\n\n\n\n"
      ],
      "width": 140
    }
  ]
}
