{
  "type": "minecraft:notice",
  "title": {
    "translate": "stardust.legendarium_sword",
    "underlined": true
  },
  "body": [
    {
      "type": "minecraft:plain_message",
      "contents": [
        {
          "text": "V   ",
          "font": "stardust:manual",
          "color": "white"
        },
        {
          "text": "\n   ",
          "click_event": {
            "action": "show_dialog",
            "dialog": "stardust:manual/page_101"
          },
          "hover_event": {
            "action": "show_text",
            "value": [
              {
                "translate": "stardust.go_to_previous_page"
              },
              " (101)"
            ]
          }
        },
        " ",
        {
          "text": "   ",
          "click_event": {
            "action": "show_dialog",
            "dialog": "stardust:manual/page_103"
          },
          "hover_event": {
            "action": "show_text",
            "value": [
              {
                "translate": "stardust.go_to_next_page"
              },
              " (103)"
            ]
          }
        },
        {
          "text": "\n   ",
          "click_event": {
            "action": "show_dialog",
            "dialog": "stardust:manual/page_101"
          },
          "hover_event": {
            "action": "show_text",
            "value": [
              {
                "translate": "stardust.go_to_previous_page"
              },
              " (101)"
            ]
          }
        },
        " ",
        {
          "text": "   ",
          "click_event": {
            "action": "show_dialog",
            "dialog": "stardust:manual/page_103"
          },
          "hover_event": {
            "action": "show_text",
            "value": [
              {
                "translate": "stardust.go_to_next_page"
              },
              " (103)"
            ]
          }
        }
      ],
      "width": 400
    },
    {
      "type": "minecraft:plain_message",
      "contents": [
        {
          "text": "",
          "font": "stardust:manual",
          "color": "white",
          "shadow_color": [
            0,
            0,
            0,
            0
          ]
        },
        "\"$A\n\n\"",
        {
          "text": "$\u80cb",
          "hover_event": {
            "action": "show_item",
            "id": "diamond_sword",
            "components": {
              "custom_data": {
                "smithed": {
                  "dict": {
                    "tools": {
                      "original_stardust": true,
                      "sword": true
                    }
                  },
                  "ignore": {
                    "functionality": true,
                    "crafting": true
                  }
                },
                "stardust": {
                  "original_stardust_sword": true
                }
              },
              "max_damage": 4683,
              "attribute_modifiers": [
                {
                  "type": "attack_damage",
                  "amount": 14,
                  "operation": "add_value",
                  "slot": "mainhand",
                  "id": "minecraft:base_attack_damage"
                },
                {
                  "type": "attack_speed",
                  "amount": -2.4,
                  "operation": "add_value",
                  "slot": "mainhand",
                  "id": "minecraft:base_attack_speed"
                }
              ],
              "item_model": "stardust:original_stardust_sword",
              "item_name": {
                "translate": "stardust.original_stardust_sword"
              },
              "lore": [
                [
                  "",
                  {
                    "text": "I",
                    "color": "white",
                    "italic": false,
                    "font": "stardust:icons"
                  },
                  {
                    "translate": "stardustfragment",
                    "italic": true,
                    "color": "blue"
                  }
                ]
              ]
            }
          },
          "click_event": {
            "action": "show_dialog",
            "dialog": "stardust:manual/page_95"
          }
        },
        {
          "text": "$\u837d",
          "hover_event": {
            "action": "show_item",
            "id": "furnace",
            "components": {
              "custom_data": {
                "smithed": {
                  "dict": {
                    "block": {
                      "legendarium": true
                    }
                  },
                  "ignore": {
                    "functionality": true,
                    "crafting": true
                  }
                },
                "stardust": {
                  "legendarium_block": true
                }
              },
              "item_model": "stardust:legendarium_block",
              "item_name": {
                "translate": "stardust.legendarium_block"
              },
              "lore": [
                [
                  "",
                  {
                    "text": "I",
                    "color": "white",
                    "italic": false,
                    "font": "stardust:icons"
                  },
                  {
                    "translate": "stardustfragment",
                    "italic": true,
                    "color": "blue"
                  }
                ]
              ],
              "container": [
                {
                  "slot": 0,
                  "item": {
                    "id": "minecraft:stone",
                    "count": 1,
                    "components": {
                      "minecraft:custom_data": {
                        "smithed": {
                          "block": {
                            "id": "stardust:legendarium_block",
                            "from": "stardust"
                          }
                        }
                      }
                    }
                  }
                }
              ],
              "tooltip_display": {
                "hidden_components": [
                  "minecraft:container"
                ]
              }
            }
          },
          "click_event": {
            "action": "show_dialog",
            "dialog": "stardust:manual/page_25"
          }
        },
        {
          "text": "$\u837e",
          "hover_event": {
            "action": "show_item",
            "id": "minecraft:wind_charge",
            "components": {}
          }
        },
        "  \n\"",
        {
          "text": "U$",
          "hover_event": {
            "action": "show_item",
            "id": "diamond_sword",
            "components": {
              "custom_data": {
                "smithed": {
                  "dict": {
                    "tools": {
                      "original_stardust": true,
                      "sword": true
                    }
                  },
                  "ignore": {
                    "functionality": true,
                    "crafting": true
                  }
                },
                "stardust": {
                  "original_stardust_sword": true
                }
              },
              "max_damage": 4683,
              "attribute_modifiers": [
                {
                  "type": "attack_damage",
                  "amount": 14,
                  "operation": "add_value",
                  "slot": "mainhand",
                  "id": "minecraft:base_attack_damage"
                },
                {
                  "type": "attack_speed",
                  "amount": -2.4,
                  "operation": "add_value",
                  "slot": "mainhand",
                  "id": "minecraft:base_attack_speed"
                }
              ],
              "item_model": "stardust:original_stardust_sword",
              "item_name": {
                "translate": "stardust.original_stardust_sword"
              },
              "lore": [
                [
                  "",
                  {
                    "text": "I",
                    "color": "white",
                    "italic": false,
                    "font": "stardust:icons"
                  },
                  {
                    "translate": "stardustfragment",
                    "italic": true,
                    "color": "blue"
                  }
                ]
              ]
            }
          },
          "click_event": {
            "action": "show_dialog",
            "dialog": "stardust:manual/page_95"
          }
        },
        {
          "text": "U$",
          "hover_event": {
            "action": "show_item",
            "id": "furnace",
            "components": {
              "custom_data": {
                "smithed": {
                  "dict": {
                    "block": {
                      "legendarium": true
                    }
                  },
                  "ignore": {
                    "functionality": true,
                    "crafting": true
                  }
                },
                "stardust": {
                  "legendarium_block": true
                }
              },
              "item_model": "stardust:legendarium_block",
              "item_name": {
                "translate": "stardust.legendarium_block"
              },
              "lore": [
                [
                  "",
                  {
                    "text": "I",
                    "color": "white",
                    "italic": false,
                    "font": "stardust:icons"
                  },
                  {
                    "translate": "stardustfragment",
                    "italic": true,
                    "color": "blue"
                  }
                ]
              ],
              "container": [
                {
                  "slot": 0,
                  "item": {
                    "id": "minecraft:stone",
                    "count": 1,
                    "components": {
                      "minecraft:custom_data": {
                        "smithed": {
                          "block": {
                            "id": "stardust:legendarium_block",
                            "from": "stardust"
                          }
                        }
                      }
                    }
                  }
                }
              ],
              "tooltip_display": {
                "hidden_components": [
                  "minecraft:container"
                ]
              }
            }
          },
          "click_event": {
            "action": "show_dialog",
            "dialog": "stardust:manual/page_25"
          }
        },
        {
          "text": "U$\n",
          "hover_event": {
            "action": "show_item",
            "id": "minecraft:wind_charge",
            "components": {}
          }
        },
        "\"",
        {
          "text": "$\u837f",
          "hover_event": {
            "action": "show_item",
            "id": "minecraft:feather",
            "components": {}
          }
        },
        {
          "text": "$\u8380",
          "hover_event": {
            "action": "show_item",
            "id": "ender_pearl",
            "components": {
              "item_name": [
                {
                  "translate": "stardust.ender",
                  "italic": false,
                  "color": "dark_aqua"
                },
                {
                  "translate": "stardust.dragon_pearl",
                  "italic": false,
                  "color": "dark_purple"
                }
              ],
              "use_cooldown": {
                "seconds": 0.25
              },
              "item_model": "stardust:ender_dragon_pearl",
              "lore": [
                [
                  "",
                  {
                    "text": "I",
                    "color": "white",
                    "italic": false,
                    "font": "stardust:icons"
                  },
                  {
                    "translate": "stardustfragment",
                    "italic": true,
                    "color": "blue"
                  }
                ]
              ],
              "custom_data": {
                "stardust": {
                  "ender_dragon_pearl": true
                },
                "smithed": {
                  "ignore": {
                    "functionality": true,
                    "crafting": true
                  }
                }
              }
            }
          },
          "click_event": {
            "action": "show_dialog",
            "dialog": "stardust:manual/page_33"
          }
        },
        {
          "text": "$\u8381",
          "hover_event": {
            "action": "show_item",
            "id": "furnace",
            "components": {
              "custom_data": {
                "smithed": {
                  "dict": {
                    "block": {
                      "awakened_stardust": true
                    }
                  },
                  "ignore": {
                    "functionality": true,
                    "crafting": true
                  }
                },
                "stardust": {
                  "awakened_stardust_block": true
                }
              },
              "item_model": "stardust:awakened_stardust_block",
              "item_name": {
                "translate": "stardust.awakened_stardust_block"
              },
              "lore": [
                [
                  "",
                  {
                    "text": "I",
                    "color": "white",
                    "italic": false,
                    "font": "stardust:icons"
                  },
                  {
                    "translate": "stardustfragment",
                    "italic": true,
                    "color": "blue"
                  }
                ]
              ],
              "container": [
                {
                  "slot": 0,
                  "item": {
                    "id": "minecraft:stone",
                    "count": 1,
                    "components": {
                      "minecraft:custom_data": {
                        "smithed": {
                          "block": {
                            "id": "stardust:awakened_stardust_block",
                            "from": "stardust"
                          }
                        }
                      }
                    }
                  }
                }
              ],
              "tooltip_display": {
                "hidden_components": [
                  "minecraft:container"
                ]
              }
            }
          },
          "click_event": {
            "action": "show_dialog",
            "dialog": "stardust:manual/page_21"
          }
        },
        "\"\"",
        {
          "text": "$$\u80d9",
          "hover_event": {
            "action": "show_item",
            "id": "netherite_sword",
            "components": {
              "custom_data": {
                "smithed": {
                  "dict": {
                    "tools": {
                      "legendarium": true,
                      "sword": true
                    }
                  },
                  "ignore": {
                    "functionality": true,
                    "crafting": true
                  }
                },
                "stardust": {
                  "legendarium_sword": true
                }
              },
              "max_damage": 7024,
              "attribute_modifiers": [
                {
                  "type": "attack_damage",
                  "amount": 20,
                  "operation": "add_value",
                  "slot": "mainhand",
                  "id": "minecraft:base_attack_damage"
                },
                {
                  "type": "attack_speed",
                  "amount": -2.4,
                  "operation": "add_value",
                  "slot": "mainhand",
                  "id": "minecraft:base_attack_speed"
                }
              ],
              "item_model": "stardust:legendarium_sword",
              "item_name": {
                "translate": "stardust.legendarium_sword"
              },
              "lore": [
                [
                  "",
                  {
                    "text": "I",
                    "color": "white",
                    "italic": false,
                    "font": "stardust:icons"
                  },
                  {
                    "translate": "stardustfragment",
                    "italic": true,
                    "color": "blue"
                  }
                ]
              ]
            }
          }
        },
        "#$\n\"",
        {
          "text": "U$",
          "hover_event": {
            "action": "show_item",
            "id": "minecraft:feather",
            "components": {}
          }
        },
        {
          "text": "U$",
          "hover_event": {
            "action": "show_item",
            "id": "ender_pearl",
            "components": {
              "item_name": [
                {
                  "translate": "stardust.ender",
                  "italic": false,
                  "color": "dark_aqua"
                },
                {
                  "translate": "stardust.dragon_pearl",
                  "italic": false,
                  "color": "dark_purple"
                }
              ],
              "use_cooldown": {
                "seconds": 0.25
              },
              "item_model": "stardust:ender_dragon_pearl",
              "lore": [
                [
                  "",
                  {
                    "text": "I",
                    "color": "white",
                    "italic": false,
                    "font": "stardust:icons"
                  },
                  {
                    "translate": "stardustfragment",
                    "italic": true,
                    "color": "blue"
                  }
                ]
              ],
              "custom_data": {
                "stardust": {
                  "ender_dragon_pearl": true
                },
                "smithed": {
                  "ignore": {
                    "functionality": true,
                    "crafting": true
                  }
                }
              }
            }
          },
          "click_event": {
            "action": "show_dialog",
            "dialog": "stardust:manual/page_33"
          }
        },
        {
          "text": "U$",
          "hover_event": {
            "action": "show_item",
            "id": "furnace",
            "components": {
              "custom_data": {
                "smithed": {
                  "dict": {
                    "block": {
                      "awakened_stardust": true
                    }
                  },
                  "ignore": {
                    "functionality": true,
                    "crafting": true
                  }
                },
                "stardust": {
                  "awakened_stardust_block": true
                }
              },
              "item_model": "stardust:awakened_stardust_block",
              "item_name": {
                "translate": "stardust.awakened_stardust_block"
              },
              "lore": [
                [
                  "",
                  {
                    "text": "I",
                    "color": "white",
                    "italic": false,
                    "font": "stardust:icons"
                  },
                  {
                    "translate": "stardustfragment",
                    "italic": true,
                    "color": "blue"
                  }
                ]
              ],
              "container": [
                {
                  "slot": 0,
                  "item": {
                    "id": "minecraft:stone",
                    "count": 1,
                    "components": {
                      "minecraft:custom_data": {
                        "smithed": {
                          "block": {
                            "id": "stardust:awakened_stardust_block",
                            "from": "stardust"
                          }
                        }
                      }
                    }
                  }
                }
              ],
              "tooltip_display": {
                "hidden_components": [
                  "minecraft:container"
                ]
              }
            }
          },
          "click_event": {
            "action": "show_dialog",
            "dialog": "stardust:manual/page_21"
          }
        },
        "\"\"",
        {
          "text": "U$",
          "hover_event": {
            "action": "show_item",
            "id": "netherite_sword",
            "components": {
              "custom_data": {
                "smithed": {
                  "dict": {
                    "tools": {
                      "legendarium": true,
                      "sword": true
                    }
                  },
                  "ignore": {
                    "functionality": true,
                    "crafting": true
                  }
                },
                "stardust": {
                  "legendarium_sword": true
                }
              },
              "max_damage": 7024,
              "attribute_modifiers": [
                {
                  "type": "attack_damage",
                  "amount": 20,
                  "operation": "add_value",
                  "slot": "mainhand",
                  "id": "minecraft:base_attack_damage"
                },
                {
                  "type": "attack_speed",
                  "amount": -2.4,
                  "operation": "add_value",
                  "slot": "mainhand",
                  "id": "minecraft:base_attack_speed"
                }
              ],
              "item_model": "stardust:legendarium_sword",
              "item_name": {
                "translate": "stardust.legendarium_sword"
              },
              "lore": [
                [
                  "",
                  {
                    "text": "I",
                    "color": "white",
                    "italic": false,
                    "font": "stardust:icons"
                  },
                  {
                    "translate": "stardustfragment",
                    "italic": true,
                    "color": "blue"
                  }
                ]
              ]
            }
          }
        },
        "#$\n\"",
        {
          "text": "$\u8382",
          "hover_event": {
            "action": "show_item",
            "id": "command_block",
            "components": {
              "custom_data": {
                "smithed": {
                  "dict": {
                    "ingot": {
                      "legendarium": true
                    }
                  },
                  "ignore": {
                    "functionality": true,
                    "crafting": true
                  }
                },
                "stardust": {
                  "legendarium_ingot": true
                }
              },
              "item_model": "stardust:legendarium_ingot",
              "item_name": {
                "translate": "stardust.legendarium_ingot"
              },
              "lore": [
                [
                  "",
                  {
                    "text": "I",
                    "color": "white",
                    "italic": false,
                    "font": "stardust:icons"
                  },
                  {
                    "translate": "stardustfragment",
                    "italic": true,
                    "color": "blue"
                  }
                ]
              ]
            }
          },
          "click_event": {
            "action": "show_dialog",
            "dialog": "stardust:manual/page_24"
          }
        },
        {
          "text": "$\u805f",
          "hover_event": {
            "action": "show_item",
            "id": "furnace",
            "components": {
              "lore": [
                {
                  "translate": "stardust.equivalent_to_531441_cobblestones",
                  "color": "gray",
                  "italic": false
                },
                [
                  "",
                  {
                    "text": "I",
                    "color": "white",
                    "italic": false,
                    "font": "stardust:icons"
                  },
                  {
                    "translate": "stardustfragment",
                    "italic": true,
                    "color": "blue"
                  }
                ]
              ],
              "item_model": "stardust:sextuple_compressed_cobblestone",
              "item_name": {
                "translate": "stardust.sextuple_compressed_cobblestone"
              },
              "custom_data": {
                "stardust": {
                  "sextuple_compressed_cobblestone": true
                },
                "smithed": {
                  "ignore": {
                    "functionality": true,
                    "crafting": true
                  }
                }
              },
              "container": [
                {
                  "slot": 0,
                  "item": {
                    "id": "minecraft:stone",
                    "count": 1,
                    "components": {
                      "minecraft:custom_data": {
                        "smithed": {
                          "block": {
                            "id": "stardust:sextuple_compressed_cobblestone",
                            "from": "stardust"
                          }
                        }
                      }
                    }
                  }
                }
              ],
              "tooltip_display": {
                "hidden_components": [
                  "minecraft:container"
                ]
              }
            }
          },
          "click_event": {
            "action": "show_dialog",
            "dialog": "stardust:manual/page_41"
          }
        },
        "U$  \n\"",
        {
          "text": "U$",
          "hover_event": {
            "action": "show_item",
            "id": "command_block",
            "components": {
              "custom_data": {
                "smithed": {
                  "dict": {
                    "ingot": {
                      "legendarium": true
                    }
                  },
                  "ignore": {
                    "functionality": true,
                    "crafting": true
                  }
                },
                "stardust": {
                  "legendarium_ingot": true
                }
              },
              "item_model": "stardust:legendarium_ingot",
              "item_name": {
                "translate": "stardust.legendarium_ingot"
              },
              "lore": [
                [
                  "",
                  {
                    "text": "I",
                    "color": "white",
                    "italic": false,
                    "font": "stardust:icons"
                  },
                  {
                    "translate": "stardustfragment",
                    "italic": true,
                    "color": "blue"
                  }
                ]
              ]
            }
          },
          "click_event": {
            "action": "show_dialog",
            "dialog": "stardust:manual/page_24"
          }
        },
        {
          "text": "U$\n\n",
          "hover_event": {
            "action": "show_item",
            "id": "furnace",
            "components": {
              "lore": [
                {
                  "translate": "stardust.equivalent_to_531441_cobblestones",
                  "color": "gray",
                  "italic": false
                },
                [
                  "",
                  {
                    "text": "I",
                    "color": "white",
                    "italic": false,
                    "font": "stardust:icons"
                  },
                  {
                    "translate": "stardustfragment",
                    "italic": true,
                    "color": "blue"
                  }
                ]
              ],
              "item_model": "stardust:sextuple_compressed_cobblestone",
              "item_name": {
                "translate": "stardust.sextuple_compressed_cobblestone"
              },
              "custom_data": {
                "stardust": {
                  "sextuple_compressed_cobblestone": true
                },
                "smithed": {
                  "ignore": {
                    "functionality": true,
                    "crafting": true
                  }
                }
              },
              "container": [
                {
                  "slot": 0,
                  "item": {
                    "id": "minecraft:stone",
                    "count": 1,
                    "components": {
                      "minecraft:custom_data": {
                        "smithed": {
                          "block": {
                            "id": "stardust:sextuple_compressed_cobblestone",
                            "from": "stardust"
                          }
                        }
                      }
                    }
                  }
                }
              ],
              "tooltip_display": {
                "hidden_components": [
                  "minecraft:container"
                ]
              }
            }
          },
          "click_event": {
            "action": "show_dialog",
            "dialog": "stardust:manual/page_41"
          }
        },
        {
          "text": "1##",
          "hover_event": {
            "action": "show_text",
            "value": [
              {
                "translate": "stardust.legendarium_equipment",
                "color": "yellow"
              },
              {
                "translate": "stardust.compared_to_regular_netherite_equipment",
                "color": "gray"
              },
              {
                "translate": "stardust.durability_has_been_increased_by_x3_5",
                "color": "gray"
              },
              {
                "translate": "stardust.attack_damage_has_been_increased_by_14_0",
                "color": "gray"
              },
              {
                "translate": "stardust.20_0_points",
                "color": "white"
              }
            ]
          }
        },
        {
          "text": "2\n",
          "hover_event": {
            "action": "show_text",
            "value": [
              {
                "text": ""
              },
              [
                {
                  "text": "",
                  "font": "stardust:manual",
                  "color": "white"
                },
                "\"Q\n",
                "\n",
                "\"",
                {
                  "text": "$\u80cb"
                },
                {
                  "text": "$\u837d"
                },
                {
                  "text": "$\u837e"
                },
                "\n",
                "\"",
                {
                  "text": "U$"
                },
                {
                  "text": "U$"
                },
                {
                  "text": "U$"
                },
                "\n",
                "\"",
                {
                  "text": "$\u837f"
                },
                {
                  "text": "$\u8380"
                },
                {
                  "text": "$\u8381"
                },
                "\"\"",
                {
                  "text": "$$\u80d9"
                },
                "\n",
                "\"",
                {
                  "text": "U$"
                },
                {
                  "text": "U$"
                },
                {
                  "text": "U$"
                },
                "\"\"",
                {
                  "text": "U$"
                },
                "\n",
                "\"",
                {
                  "text": "$\u8382"
                },
                {
                  "text": "$\u805f"
                },
                "\n",
                "\"",
                {
                  "text": "U$"
                },
                {
                  "text": "U$"
                },
                "\n"
              ],
              {
                "translate": "stardust_fragment_awakened_forge",
                "color": "yellow"
              },
              {
                "text": "\n- x1 ",
                "color": "gray"
              },
              {
                "translate": "stardust.original_stardust_sword",
                "color": "gray"
              },
              {
                "text": "\n- x4 ",
                "color": "gray"
              },
              {
                "translate": "stardust.legendarium_block",
                "color": "gray"
              },
              {
                "translate": "stardust.x64",
                "color": "gray"
              },
              {
                "translate": "stardust.wind_charge",
                "color": "gray"
              },
              {
                "translate": "stardust.x128",
                "color": "gray"
              },
              {
                "translate": "stardust.feather",
                "color": "gray"
              },
              {
                "text": "\n- x6 ",
                "color": "gray"
              },
              {
                "translate": "stardust.ender_dragon_pearl",
                "color": "gray"
              },
              {
                "text": "\n- x8 ",
                "color": "gray"
              },
              {
                "translate": "stardust.awakened_stardust_block",
                "color": "gray"
              },
              {
                "translate": "stardust.x12",
                "color": "gray"
              },
              {
                "translate": "stardust.legendarium_ingot",
                "color": "gray"
              },
              {
                "text": "\n- x1 ",
                "color": "gray"
              },
              {
                "translate": "stardust.sextuple_compressed_cobblestone",
                "color": "gray"
              }
            ]
          }
        },
        {
          "text": "0##",
          "hover_event": {
            "action": "show_text",
            "value": [
              {
                "translate": "stardust.legendarium_equipment",
                "color": "yellow"
              },
              {
                "translate": "stardust.compared_to_regular_netherite_equipment",
                "color": "gray"
              },
              {
                "translate": "stardust.durability_has_been_increased_by_x3_5",
                "color": "gray"
              },
              {
                "translate": "stardust.attack_damage_has_been_increased_by_14_0",
                "color": "gray"
              },
              {
                "translate": "stardust.20_0_points",
                "color": "white"
              }
            ]
          }
        },
        {
          "text": "0",
          "hover_event": {
            "action": "show_text",
            "value": [
              {
                "text": ""
              },
              [
                {
                  "text": "",
                  "font": "stardust:manual",
                  "color": "white"
                },
                "\"Q\n",
                "\n",
                "\"",
                {
                  "text": "$\u80cb"
                },
                {
                  "text": "$\u837d"
                },
                {
                  "text": "$\u837e"
                },
                "\n",
                "\"",
                {
                  "text": "U$"
                },
                {
                  "text": "U$"
                },
                {
                  "text": "U$"
                },
                "\n",
                "\"",
                {
                  "text": "$\u837f"
                },
                {
                  "text": "$\u8380"
                },
                {
                  "text": "$\u8381"
                },
                "\"\"",
                {
                  "text": "$$\u80d9"
                },
                "\n",
                "\"",
                {
                  "text": "U$"
                },
                {
                  "text": "U$"
                },
                {
                  "text": "U$"
                },
                "\"\"",
                {
                  "text": "U$"
                },
                "\n",
                "\"",
                {
                  "text": "$\u8382"
                },
                {
                  "text": "$\u805f"
                },
                "\n",
                "\"",
                {
                  "text": "U$"
                },
                {
                  "text": "U$"
                },
                "\n"
              ],
              {
                "translate": "stardust_fragment_awakened_forge",
                "color": "yellow"
              },
              {
                "text": "\n- x1 ",
                "color": "gray"
              },
              {
                "translate": "stardust.original_stardust_sword",
                "color": "gray"
              },
              {
                "text": "\n- x4 ",
                "color": "gray"
              },
              {
                "translate": "stardust.legendarium_block",
                "color": "gray"
              },
              {
                "translate": "stardust.x64",
                "color": "gray"
              },
              {
                "translate": "stardust.wind_charge",
                "color": "gray"
              },
              {
                "translate": "stardust.x128",
                "color": "gray"
              },
              {
                "translate": "stardust.feather",
                "color": "gray"
              },
              {
                "text": "\n- x6 ",
                "color": "gray"
              },
              {
                "translate": "stardust.ender_dragon_pearl",
                "color": "gray"
              },
              {
                "text": "\n- x8 ",
                "color": "gray"
              },
              {
                "translate": "stardust.awakened_stardust_block",
                "color": "gray"
              },
              {
                "translate": "stardust.x12",
                "color": "gray"
              },
              {
                "translate": "stardust.legendarium_ingot",
                "color": "gray"
              },
              {
                "text": "\n- x1 ",
                "color": "gray"
              },
              {
                "translate": "stardust.sextuple_compressed_cobblestone",
                "color": "gray"
              }
            ]
          }
        },
        "\n\n\n\n\n\n\n\n\n\n\n\n\n\n\n"
      ],
      "width": 140
    }
  ]
}
