{
  "type": "minecraft:notice",
  "title": [
    {
      "sprite": "stardust:item/stardust_ingot",
      "shadow_color": [
        0,
        0,
        0,
        0
      ],
      "atlas": "minecraft:items"
    },
    " ",
    {
      "translate": "stardust_ingot",
      "underlined": true
    },
    " ",
    {
      "sprite": "stardust:item/stardust_ingot",
      "shadow_color": [
        0,
        0,
        0,
        0
      ],
      "atlas": "minecraft:items"
    }
  ],
  "body": [
    {
      "type": "minecraft:plain_message",
      "contents": [
        {
          "text": "V   ",
          "font": "stardust:manual",
          "color": "white"
        },
        {
          "text": "\n   ",
          "click_event": {
            "action": "show_dialog",
            "dialog": "stardust:manual/page_12"
          },
          "hover_event": {
            "action": "show_text",
            "value": [
              {
                "translate": "stardust.go_to_previous_page"
              },
              " (12)"
            ]
          }
        },
        " ",
        {
          "text": "   ",
          "click_event": {
            "action": "show_dialog",
            "dialog": "stardust:manual/page_14"
          },
          "hover_event": {
            "action": "show_text",
            "value": [
              {
                "translate": "stardust.go_to_next_page"
              },
              " (14)"
            ]
          }
        },
        {
          "text": "\n   ",
          "click_event": {
            "action": "show_dialog",
            "dialog": "stardust:manual/page_12"
          },
          "hover_event": {
            "action": "show_text",
            "value": [
              {
                "translate": "stardust.go_to_previous_page"
              },
              " (12)"
            ]
          }
        },
        " ",
        {
          "text": "   ",
          "click_event": {
            "action": "show_dialog",
            "dialog": "stardust:manual/page_14"
          },
          "hover_event": {
            "action": "show_text",
            "value": [
              {
                "translate": "stardust.go_to_next_page"
              },
              " (14)"
            ]
          }
        }
      ],
      "width": 400
    },
    {
      "type": "minecraft:plain_message",
      "contents": [
        {
          "text": "",
          "font": "stardust:manual",
          "color": "white",
          "shadow_color": [
            0,
            0,
            0,
            0
          ]
        },
        "\"$@\n\n\n\"",
        {
          "text": "$\u8031",
          "hover_event": {
            "action": "show_item",
            "id": "furnace",
            "components": {
              "item_model": "stardust:nether_stardust_ore",
              "item_name": {
                "translate": "stardust.nether_stardust_ore"
              },
              "lore": [
                [
                  "",
                  {
                    "text": "I",
                    "color": "white",
                    "italic": false,
                    "font": "stardust:icons"
                  },
                  {
                    "translate": "stardustfragment",
                    "italic": true,
                    "color": "blue"
                  }
                ]
              ],
              "custom_data": {
                "stardust": {
                  "nether_stardust_ore": true
                },
                "smithed": {
                  "ignore": {
                    "functionality": true,
                    "crafting": true
                  }
                }
              },
              "container": [
                {
                  "slot": 0,
                  "item": {
                    "id": "minecraft:stone",
                    "count": 1,
                    "components": {
                      "minecraft:custom_data": {
                        "smithed": {
                          "block": {
                            "id": "stardust:nether_stardust_ore",
                            "from": "stardust"
                          }
                        }
                      }
                    }
                  }
                }
              ],
              "tooltip_display": {
                "hidden_components": [
                  "minecraft:container"
                ]
              }
            }
          },
          "click_event": {
            "action": "show_dialog",
            "dialog": "stardust:manual/page_20"
          }
        },
        "\"\"\"\"#U$",
        {
          "text": "$$\u819a",
          "hover_event": {
            "action": "show_item",
            "id": "command_block",
            "components": {
              "item_model": "stardust:stardust_ingot",
              "item_name": {
                "translate": "stardust_ingot"
              },
              "lore": [
                [
                  "",
                  {
                    "text": "I",
                    "color": "white",
                    "italic": false,
                    "font": "stardust:icons"
                  },
                  {
                    "translate": "stardustfragment",
                    "italic": true,
                    "color": "blue"
                  }
                ]
              ],
              "custom_data": {
                "stardust": {
                  "stardust_ingot": true
                },
                "smithed": {
                  "ignore": {
                    "functionality": true,
                    "crafting": true
                  }
                }
              }
            }
          }
        },
        "#$\n\"",
        {
          "text": "U$",
          "hover_event": {
            "action": "show_item",
            "id": "furnace",
            "components": {
              "item_model": "stardust:nether_stardust_ore",
              "item_name": {
                "translate": "stardust.nether_stardust_ore"
              },
              "lore": [
                [
                  "",
                  {
                    "text": "I",
                    "color": "white",
                    "italic": false,
                    "font": "stardust:icons"
                  },
                  {
                    "translate": "stardustfragment",
                    "italic": true,
                    "color": "blue"
                  }
                ]
              ],
              "custom_data": {
                "stardust": {
                  "nether_stardust_ore": true
                },
                "smithed": {
                  "ignore": {
                    "functionality": true,
                    "crafting": true
                  }
                }
              },
              "container": [
                {
                  "slot": 0,
                  "item": {
                    "id": "minecraft:stone",
                    "count": 1,
                    "components": {
                      "minecraft:custom_data": {
                        "smithed": {
                          "block": {
                            "id": "stardust:nether_stardust_ore",
                            "from": "stardust"
                          }
                        }
                      }
                    }
                  }
                }
              ],
              "tooltip_display": {
                "hidden_components": [
                  "minecraft:container"
                ]
              }
            }
          },
          "click_event": {
            "action": "show_dialog",
            "dialog": "stardust:manual/page_20"
          }
        },
        "\"\"\"\"#U$",
        {
          "text": "U$",
          "hover_event": {
            "action": "show_item",
            "id": "command_block",
            "components": {
              "item_model": "stardust:stardust_ingot",
              "item_name": {
                "translate": "stardust_ingot"
              },
              "lore": [
                [
                  "",
                  {
                    "text": "I",
                    "color": "white",
                    "italic": false,
                    "font": "stardust:icons"
                  },
                  {
                    "translate": "stardustfragment",
                    "italic": true,
                    "color": "blue"
                  }
                ]
              ],
              "custom_data": {
                "stardust": {
                  "stardust_ingot": true
                },
                "smithed": {
                  "ignore": {
                    "functionality": true,
                    "crafting": true
                  }
                }
              }
            }
          }
        },
        "#$\n\n\n",
        {
          "text": "1##",
          "hover_event": {
            "action": "show_text",
            "value": [
              {
                "translate": "stardust.refined_stardust_material_for_advanced_crafting",
                "color": "yellow"
              },
              {
                "translate": "stardust.crafted_from_stardust_fragments",
                "color": "gray"
              },
              {
                "translate": "stardust.used_in_tool_armor_and_machine_construction",
                "color": "gray"
              }
            ]
          }
        },
        {
          "text": "\u819e##",
          "hover_event": {
            "action": "show_text",
            "value": [
              {
                "text": ""
              },
              [
                {
                  "text": "",
                  "font": "stardust:manual",
                  "color": "white"
                },
                "\"P\n",
                "\n\n",
                "\"",
                {
                  "text": "$\u8031"
                },
                "\"\"\"\"#U$",
                {
                  "text": "$$\u819a"
                },
                "\n",
                "\"",
                {
                  "text": "U$"
                },
                "\"\"\"\"#U$",
                {
                  "text": "U$"
                },
                "\n",
                "\n"
              ],
              {
                "translate": "stardust.mining",
                "color": "yellow"
              },
              {
                "translate": "stardust.mine",
                "color": "gray"
              },
              {
                "translate": "stardust.nether_stardust_ore",
                "color": "gray"
              },
              {
                "translate": "stardust.drops_x1_3",
                "color": "gray"
              },
              {
                "translate": "stardust_ingot",
                "color": "gray"
              }
            ]
          },
          "click_event": {
            "action": "show_dialog",
            "dialog": "stardust:manual/page_20"
          }
        },
        {
          "text": "2##",
          "hover_event": {
            "action": "show_text",
            "value": [
              {
                "text": ""
              },
              [
                {
                  "text": "",
                  "font": "stardust:manual",
                  "color": "white"
                },
                "\"G\n",
                "\"",
                {
                  "text": "$\u8031"
                },
                "\n",
                "\"",
                {
                  "text": "U$"
                },
                "\n",
                "\"\"\"\"U$U$",
                {
                  "text": "$$\u819f"
                },
                "\n",
                "\"\"\"\"U$U$",
                {
                  "text": "U$"
                },
                "\n",
                "\n\n"
              ],
              {
                "translate": "stardust.smelting",
                "color": "yellow"
              },
              {
                "text": "\n- x1 ",
                "color": "gray"
              },
              {
                "translate": "stardust.nether_stardust_ore",
                "color": "gray"
              }
            ]
          },
          "click_event": {
            "action": "show_dialog",
            "dialog": "stardust:manual/page_20"
          }
        },
        {
          "text": "2##",
          "hover_event": {
            "action": "show_text",
            "value": [
              {
                "text": ""
              },
              [
                {
                  "text": "",
                  "font": "stardust:manual",
                  "color": "white"
                },
                "\"F\n",
                "\"",
                {
                  "text": "$\u8021"
                },
                {
                  "text": "$\u8021"
                },
                {
                  "text": "$\u8021"
                },
                "\n",
                "\"",
                {
                  "text": "U$"
                },
                {
                  "text": "U$"
                },
                {
                  "text": "U$"
                },
                "\n",
                "\"",
                {
                  "text": "$\u8021"
                },
                {
                  "text": "$\u8174"
                },
                {
                  "text": "$\u8021"
                },
                "\"\"",
                {
                  "text": "$$\u8023"
                },
                "\n",
                "\"",
                {
                  "text": "U$"
                },
                {
                  "text": "U$"
                },
                {
                  "text": "U$"
                },
                "\"\"",
                {
                  "text": "U$"
                },
                "\n",
                "\"",
                {
                  "text": "$\u8021"
                },
                {
                  "text": "$\u8021"
                },
                {
                  "text": "$\u8021"
                },
                "\n",
                "\"",
                {
                  "text": "U$"
                },
                {
                  "text": "U$"
                },
                {
                  "text": "U$"
                },
                "\n"
              ],
              {
                "text": "\n- x1 ",
                "color": "gray"
              },
              {
                "translate": "stardust.iron_ingot",
                "color": "gray"
              },
              {
                "text": "\n- x8 ",
                "color": "gray"
              },
              {
                "translate": "stardust_fragment",
                "color": "gray"
              }
            ]
          }
        },
        {
          "text": "2##",
          "hover_event": {
            "action": "show_text",
            "value": [
              {
                "text": ""
              },
              [
                {
                  "text": "",
                  "font": "stardust:manual",
                  "color": "white"
                },
                "\"F\n",
                "\"",
                {
                  "text": "$\u8021"
                },
                {
                  "text": "$\u8021"
                },
                {
                  "text": "$\u8021"
                },
                "\n",
                "\"",
                {
                  "text": "U$"
                },
                {
                  "text": "U$"
                },
                {
                  "text": "U$"
                },
                "\n",
                "\"",
                {
                  "text": "$\u8021"
                },
                {
                  "text": "$\u81a5"
                },
                {
                  "text": "$\u8021"
                },
                "\"\"",
                {
                  "text": "$$\u8023"
                },
                "\n",
                "\"",
                {
                  "text": "U$"
                },
                {
                  "text": "U$"
                },
                {
                  "text": "U$"
                },
                "\"\"",
                {
                  "text": "U$"
                },
                "\n",
                "\"",
                {
                  "text": "$\u8021"
                },
                {
                  "text": "$\u8021"
                },
                {
                  "text": "$\u8021"
                },
                "\n",
                "\"",
                {
                  "text": "U$"
                },
                {
                  "text": "U$"
                },
                {
                  "text": "U$"
                },
                "\n"
              ],
              {
                "text": "\n- x1 ",
                "color": "gray"
              },
              {
                "translate": "stardust.copper_ingot",
                "color": "gray"
              },
              {
                "text": "\n- x8 ",
                "color": "gray"
              },
              {
                "translate": "stardust_fragment",
                "color": "gray"
              }
            ]
          }
        },
        {
          "text": "2\n",
          "hover_event": {
            "action": "show_text",
            "value": [
              {
                "text": ""
              },
              [
                {
                  "text": "",
                  "font": "stardust:manual",
                  "color": "white"
                },
                "\"F\n",
                "\"",
                {
                  "text": "$\u8021"
                },
                {
                  "text": "$\u8021"
                },
                {
                  "text": "$\u8021"
                },
                "\n",
                "\"",
                {
                  "text": "U$"
                },
                {
                  "text": "U$"
                },
                {
                  "text": "U$"
                },
                "\n",
                "\"",
                {
                  "text": "$\u8021"
                },
                {
                  "text": "$\u81a8"
                },
                {
                  "text": "$\u8021"
                },
                "\"\"",
                {
                  "text": "$$\u8023"
                },
                "\n",
                "\"",
                {
                  "text": "U$"
                },
                {
                  "text": "U$"
                },
                {
                  "text": "U$"
                },
                "\"\"",
                {
                  "text": "U$"
                },
                "\n",
                "\"",
                {
                  "text": "$\u8021"
                },
                {
                  "text": "$\u8021"
                },
                {
                  "text": "$\u8021"
                },
                "\n",
                "\"",
                {
                  "text": "U$"
                },
                {
                  "text": "U$"
                },
                {
                  "text": "U$"
                },
                "\n"
              ],
              {
                "text": "\n- x1 ",
                "color": "gray"
              },
              {
                "translate": "stardust.gold_ingot",
                "color": "gray"
              },
              {
                "text": "\n- x8 ",
                "color": "gray"
              },
              {
                "translate": "stardust_fragment",
                "color": "gray"
              }
            ]
          }
        },
        {
          "text": "0##",
          "hover_event": {
            "action": "show_text",
            "value": [
              {
                "translate": "stardust.refined_stardust_material_for_advanced_crafting",
                "color": "yellow"
              },
              {
                "translate": "stardust.crafted_from_stardust_fragments",
                "color": "gray"
              },
              {
                "translate": "stardust.used_in_tool_armor_and_machine_construction",
                "color": "gray"
              }
            ]
          }
        },
        {
          "text": "0##",
          "hover_event": {
            "action": "show_text",
            "value": [
              {
                "text": ""
              },
              [
                {
                  "text": "",
                  "font": "stardust:manual",
                  "color": "white"
                },
                "\"P\n",
                "\n\n",
                "\"",
                {
                  "text": "$\u8031"
                },
                "\"\"\"\"#U$",
                {
                  "text": "$$\u819a"
                },
                "\n",
                "\"",
                {
                  "text": "U$"
                },
                "\"\"\"\"#U$",
                {
                  "text": "U$"
                },
                "\n",
                "\n"
              ],
              {
                "translate": "stardust.mining",
                "color": "yellow"
              },
              {
                "translate": "stardust.mine",
                "color": "gray"
              },
              {
                "translate": "stardust.nether_stardust_ore",
                "color": "gray"
              },
              {
                "translate": "stardust.drops_x1_3",
                "color": "gray"
              },
              {
                "translate": "stardust_ingot",
                "color": "gray"
              }
            ]
          },
          "click_event": {
            "action": "show_dialog",
            "dialog": "stardust:manual/page_20"
          }
        },
        {
          "text": "0##",
          "hover_event": {
            "action": "show_text",
            "value": [
              {
                "text": ""
              },
              [
                {
                  "text": "",
                  "font": "stardust:manual",
                  "color": "white"
                },
                "\"G\n",
                "\"",
                {
                  "text": "$\u8031"
                },
                "\n",
                "\"",
                {
                  "text": "U$"
                },
                "\n",
                "\"\"\"\"U$U$",
                {
                  "text": "$$\u819f"
                },
                "\n",
                "\"\"\"\"U$U$",
                {
                  "text": "U$"
                },
                "\n",
                "\n\n"
              ],
              {
                "translate": "stardust.smelting",
                "color": "yellow"
              },
              {
                "text": "\n- x1 ",
                "color": "gray"
              },
              {
                "translate": "stardust.nether_stardust_ore",
                "color": "gray"
              }
            ]
          },
          "click_event": {
            "action": "show_dialog",
            "dialog": "stardust:manual/page_20"
          }
        },
        {
          "text": "0##",
          "hover_event": {
            "action": "show_text",
            "value": [
              {
                "text": ""
              },
              [
                {
                  "text": "",
                  "font": "stardust:manual",
                  "color": "white"
                },
                "\"F\n",
                "\"",
                {
                  "text": "$\u8021"
                },
                {
                  "text": "$\u8021"
                },
                {
                  "text": "$\u8021"
                },
                "\n",
                "\"",
                {
                  "text": "U$"
                },
                {
                  "text": "U$"
                },
                {
                  "text": "U$"
                },
                "\n",
                "\"",
                {
                  "text": "$\u8021"
                },
                {
                  "text": "$\u8174"
                },
                {
                  "text": "$\u8021"
                },
                "\"\"",
                {
                  "text": "$$\u8023"
                },
                "\n",
                "\"",
                {
                  "text": "U$"
                },
                {
                  "text": "U$"
                },
                {
                  "text": "U$"
                },
                "\"\"",
                {
                  "text": "U$"
                },
                "\n",
                "\"",
                {
                  "text": "$\u8021"
                },
                {
                  "text": "$\u8021"
                },
                {
                  "text": "$\u8021"
                },
                "\n",
                "\"",
                {
                  "text": "U$"
                },
                {
                  "text": "U$"
                },
                {
                  "text": "U$"
                },
                "\n"
              ],
              {
                "text": "\n- x1 ",
                "color": "gray"
              },
              {
                "translate": "stardust.iron_ingot",
                "color": "gray"
              },
              {
                "text": "\n- x8 ",
                "color": "gray"
              },
              {
                "translate": "stardust_fragment",
                "color": "gray"
              }
            ]
          }
        },
        {
          "text": "0##",
          "hover_event": {
            "action": "show_text",
            "value": [
              {
                "text": ""
              },
              [
                {
                  "text": "",
                  "font": "stardust:manual",
                  "color": "white"
                },
                "\"F\n",
                "\"",
                {
                  "text": "$\u8021"
                },
                {
                  "text": "$\u8021"
                },
                {
                  "text": "$\u8021"
                },
                "\n",
                "\"",
                {
                  "text": "U$"
                },
                {
                  "text": "U$"
                },
                {
                  "text": "U$"
                },
                "\n",
                "\"",
                {
                  "text": "$\u8021"
                },
                {
                  "text": "$\u81a5"
                },
                {
                  "text": "$\u8021"
                },
                "\"\"",
                {
                  "text": "$$\u8023"
                },
                "\n",
                "\"",
                {
                  "text": "U$"
                },
                {
                  "text": "U$"
                },
                {
                  "text": "U$"
                },
                "\"\"",
                {
                  "text": "U$"
                },
                "\n",
                "\"",
                {
                  "text": "$\u8021"
                },
                {
                  "text": "$\u8021"
                },
                {
                  "text": "$\u8021"
                },
                "\n",
                "\"",
                {
                  "text": "U$"
                },
                {
                  "text": "U$"
                },
                {
                  "text": "U$"
                },
                "\n"
              ],
              {
                "text": "\n- x1 ",
                "color": "gray"
              },
              {
                "translate": "stardust.copper_ingot",
                "color": "gray"
              },
              {
                "text": "\n- x8 ",
                "color": "gray"
              },
              {
                "translate": "stardust_fragment",
                "color": "gray"
              }
            ]
          }
        },
        {
          "text": "0\n",
          "hover_event": {
            "action": "show_text",
            "value": [
              {
                "text": ""
              },
              [
                {
                  "text": "",
                  "font": "stardust:manual",
                  "color": "white"
                },
                "\"F\n",
                "\"",
                {
                  "text": "$\u8021"
                },
                {
                  "text": "$\u8021"
                },
                {
                  "text": "$\u8021"
                },
                "\n",
                "\"",
                {
                  "text": "U$"
                },
                {
                  "text": "U$"
                },
                {
                  "text": "U$"
                },
                "\n",
                "\"",
                {
                  "text": "$\u8021"
                },
                {
                  "text": "$\u81a8"
                },
                {
                  "text": "$\u8021"
                },
                "\"\"",
                {
                  "text": "$$\u8023"
                },
                "\n",
                "\"",
                {
                  "text": "U$"
                },
                {
                  "text": "U$"
                },
                {
                  "text": "U$"
                },
                "\"\"",
                {
                  "text": "U$"
                },
                "\n",
                "\"",
                {
                  "text": "$\u8021"
                },
                {
                  "text": "$\u8021"
                },
                {
                  "text": "$\u8021"
                },
                "\n",
                "\"",
                {
                  "text": "U$"
                },
                {
                  "text": "U$"
                },
                {
                  "text": "U$"
                },
                "\n"
              ],
              {
                "text": "\n- x1 ",
                "color": "gray"
              },
              {
                "translate": "stardust.gold_ingot",
                "color": "gray"
              },
              {
                "text": "\n- x8 ",
                "color": "gray"
              },
              {
                "translate": "stardust_fragment",
                "color": "gray"
              }
            ]
          }
        },
        {
          "text": "2##",
          "hover_event": {
            "action": "show_text",
            "value": [
              {
                "text": ""
              },
              [
                {
                  "text": "",
                  "font": "stardust:manual",
                  "color": "white"
                },
                "\"E\n",
                "\"",
                {
                  "text": "$\u802b"
                },
                "\n",
                "\"",
                {
                  "text": "U$"
                },
                "U$U$",
                {
                  "text": "$$\u81aa"
                },
                "\n\"",
                "U$U$U$",
                {
                  "text": "U$"
                },
                "\n",
                "\n"
              ],
              {
                "text": "\n- x1 ",
                "color": "gray"
              },
              {
                "translate": "stardust_block",
                "color": "gray"
              }
            ]
          },
          "click_event": {
            "action": "show_dialog",
            "dialog": "stardust:manual/page_17"
          }
        },
        {
          "text": "2##",
          "hover_event": {
            "action": "show_text",
            "value": [
              {
                "text": ""
              },
              [
                {
                  "text": "",
                  "font": "stardust:manual",
                  "color": "white"
                },
                "\"I\n",
                "\n\n",
                "\"",
                {
                  "text": "$\u8025"
                },
                "\"\"\"\"#U$",
                {
                  "text": "$$\u81ac"
                },
                "\n",
                "\"",
                {
                  "text": "U$"
                },
                "\"\"\"\"#U$",
                {
                  "text": "U$"
                },
                "\n",
                "\n"
              ],
              {
                "translate": "stardust.simplenergy_pulverizing",
                "color": "yellow"
              },
              {
                "text": "\n- x1 ",
                "color": "gray"
              },
              {
                "translate": "stardust_essence",
                "color": "gray"
              }
            ]
          },
          "click_event": {
            "action": "show_dialog",
            "dialog": "stardust:manual/page_14"
          }
        },
        {
          "text": "\u81b0##",
          "hover_event": {
            "action": "show_text",
            "value": [
              {
                "text": ""
              },
              [
                {
                  "text": "",
                  "font": "stardust:manual",
                  "color": "white"
                },
                "\"I\n",
                "\n\n",
                "\"",
                {
                  "text": "$\u8023"
                },
                "\"\"\"\"#U$",
                {
                  "text": "$$\u8171"
                },
                "\n",
                "\"",
                {
                  "text": "U$"
                },
                "\"\"\"\"#U$",
                {
                  "text": "U$"
                },
                "\n",
                "\n"
              ],
              {
                "translate": "stardust.simplenergy_pulverizing",
                "color": "yellow"
              },
              {
                "text": "\n- x1 ",
                "color": "gray"
              },
              {
                "translate": "stardust_ingot",
                "color": "gray"
              }
            ]
          },
          "click_event": {
            "action": "show_dialog",
            "dialog": "stardust:manual/page_12"
          }
        },
        {
          "text": "\u81b4##",
          "hover_event": {
            "action": "show_text",
            "value": [
              {
                "text": ""
              },
              [
                {
                  "text": "",
                  "font": "stardust:manual",
                  "color": "white"
                },
                "\"F\n",
                "\"",
                {
                  "text": "$\u8023"
                },
                {
                  "text": "$\u8023"
                },
                {
                  "text": "$\u8023"
                },
                "\n",
                "\"",
                {
                  "text": "U$"
                },
                {
                  "text": "U$"
                },
                {
                  "text": "U$"
                },
                "\n",
                "\"",
                {
                  "text": "$\u8023"
                },
                {
                  "text": "$\u81b2"
                },
                {
                  "text": "$\u8023"
                },
                "\"\"",
                {
                  "text": "$$\u8025"
                },
                "\n",
                "\"",
                {
                  "text": "U$"
                },
                {
                  "text": "U$"
                },
                {
                  "text": "U$"
                },
                "\"\"",
                {
                  "text": "U$"
                },
                "\n",
                "\"",
                {
                  "text": "$\u8023"
                },
                {
                  "text": "$\u8023"
                },
                {
                  "text": "$\u8023"
                },
                "\n",
                "\"",
                {
                  "text": "U$"
                },
                {
                  "text": "U$"
                },
                {
                  "text": "U$"
                },
                "\n"
              ],
              {
                "text": "\n- x1 ",
                "color": "gray"
              },
              {
                "translate": "stardust.blaze_powder",
                "color": "gray"
              },
              {
                "text": "\n- x8 ",
                "color": "gray"
              },
              {
                "translate": "stardust_ingot",
                "color": "gray"
              }
            ]
          },
          "click_event": {
            "action": "show_dialog",
            "dialog": "stardust:manual/page_14"
          }
        },
        {
          "text": "\u81b8##",
          "hover_event": {
            "action": "show_text",
            "value": [
              {
                "text": ""
              },
              [
                {
                  "text": "",
                  "font": "stardust:manual",
                  "color": "white"
                },
                "\"F\n",
                "\"",
                {
                  "text": "$\u8023"
                },
                {
                  "text": "$\u8023"
                },
                {
                  "text": "$\u8023"
                },
                "\n",
                "\"",
                {
                  "text": "U$"
                },
                {
                  "text": "U$"
                },
                {
                  "text": "U$"
                },
                "\n",
                "\"",
                {
                  "text": "$\u8023"
                },
                {
                  "text": "$\u81b6"
                },
                {
                  "text": "$\u8023"
                },
                "\"\"",
                {
                  "text": "$$\u802b"
                },
                "\n",
                "\"",
                {
                  "text": "U$"
                },
                {
                  "text": "U$"
                },
                {
                  "text": "U$"
                },
                "\"\"",
                {
                  "text": "U$"
                },
                "\n",
                "\"",
                {
                  "text": "$\u8023"
                },
                {
                  "text": "$\u8023"
                },
                {
                  "text": "$\u8023"
                },
                "\n",
                "\"",
                {
                  "text": "U$"
                },
                {
                  "text": "U$"
                },
                {
                  "text": "U$"
                },
                "\n"
              ],
              {
                "text": "\n- x1 ",
                "color": "gray"
              },
              {
                "translate": "stardust.diamond_block",
                "color": "gray"
              },
              {
                "text": "\n- x8 ",
                "color": "gray"
              },
              {
                "translate": "stardust_ingot",
                "color": "gray"
              }
            ]
          },
          "click_event": {
            "action": "show_dialog",
            "dialog": "stardust:manual/page_17"
          }
        },
        {
          "text": "\u81bc\n",
          "hover_event": {
            "action": "show_text",
            "value": [
              {
                "text": ""
              },
              [
                {
                  "text": "",
                  "font": "stardust:manual",
                  "color": "white"
                },
                "\"F\n",
                "\"",
                {
                  "text": "$\u803b"
                },
                {
                  "text": "$\u803b"
                },
                {
                  "text": "$\u803b"
                },
                "\n",
                "\"",
                {
                  "text": "U$"
                },
                {
                  "text": "U$"
                },
                {
                  "text": "U$"
                },
                "\n",
                "\"",
                {
                  "text": "$\u803b"
                },
                {
                  "text": "$\u8023"
                },
                {
                  "text": "$\u803b"
                },
                "\"\"",
                {
                  "text": "$$\u803d"
                },
                "\n",
                "\"",
                {
                  "text": "U$"
                },
                {
                  "text": "U$"
                },
                {
                  "text": "U$"
                },
                "\"\"",
                {
                  "text": "U$"
                },
                "\n",
                "\"",
                {
                  "text": "$\u803b"
                },
                {
                  "text": "$\u803b"
                },
                {
                  "text": "$\u803b"
                },
                "\n",
                "\"",
                {
                  "text": "U$"
                },
                {
                  "text": "U$"
                },
                {
                  "text": "U$"
                },
                "\n"
              ],
              {
                "text": "\n- x1 ",
                "color": "gray"
              },
              {
                "translate": "stardust_ingot",
                "color": "gray"
              },
              {
                "text": "\n- x8 ",
                "color": "gray"
              },
              {
                "translate": "stardust.legendarium_fragment",
                "color": "gray"
              }
            ]
          },
          "click_event": {
            "action": "show_dialog",
            "dialog": "stardust:manual/page_26"
          }
        },
        {
          "text": "0##",
          "hover_event": {
            "action": "show_text",
            "value": [
              {
                "text": ""
              },
              [
                {
                  "text": "",
                  "font": "stardust:manual",
                  "color": "white"
                },
                "\"E\n",
                "\"",
                {
                  "text": "$\u802b"
                },
                "\n",
                "\"",
                {
                  "text": "U$"
                },
                "U$U$",
                {
                  "text": "$$\u81aa"
                },
                "\n\"",
                "U$U$U$",
                {
                  "text": "U$"
                },
                "\n",
                "\n"
              ],
              {
                "text": "\n- x1 ",
                "color": "gray"
              },
              {
                "translate": "stardust_block",
                "color": "gray"
              }
            ]
          },
          "click_event": {
            "action": "show_dialog",
            "dialog": "stardust:manual/page_17"
          }
        },
        {
          "text": "0##",
          "hover_event": {
            "action": "show_text",
            "value": [
              {
                "text": ""
              },
              [
                {
                  "text": "",
                  "font": "stardust:manual",
                  "color": "white"
                },
                "\"I\n",
                "\n\n",
                "\"",
                {
                  "text": "$\u8025"
                },
                "\"\"\"\"#U$",
                {
                  "text": "$$\u81ac"
                },
                "\n",
                "\"",
                {
                  "text": "U$"
                },
                "\"\"\"\"#U$",
                {
                  "text": "U$"
                },
                "\n",
                "\n"
              ],
              {
                "translate": "stardust.simplenergy_pulverizing",
                "color": "yellow"
              },
              {
                "text": "\n- x1 ",
                "color": "gray"
              },
              {
                "translate": "stardust_essence",
                "color": "gray"
              }
            ]
          },
          "click_event": {
            "action": "show_dialog",
            "dialog": "stardust:manual/page_14"
          }
        },
        {
          "text": "0##",
          "hover_event": {
            "action": "show_text",
            "value": [
              {
                "text": ""
              },
              [
                {
                  "text": "",
                  "font": "stardust:manual",
                  "color": "white"
                },
                "\"I\n",
                "\n\n",
                "\"",
                {
                  "text": "$\u8023"
                },
                "\"\"\"\"#U$",
                {
                  "text": "$$\u8171"
                },
                "\n",
                "\"",
                {
                  "text": "U$"
                },
                "\"\"\"\"#U$",
                {
                  "text": "U$"
                },
                "\n",
                "\n"
              ],
              {
                "translate": "stardust.simplenergy_pulverizing",
                "color": "yellow"
              },
              {
                "text": "\n- x1 ",
                "color": "gray"
              },
              {
                "translate": "stardust_ingot",
                "color": "gray"
              }
            ]
          },
          "click_event": {
            "action": "show_dialog",
            "dialog": "stardust:manual/page_12"
          }
        },
        {
          "text": "0##",
          "hover_event": {
            "action": "show_text",
            "value": [
              {
                "text": ""
              },
              [
                {
                  "text": "",
                  "font": "stardust:manual",
                  "color": "white"
                },
                "\"F\n",
                "\"",
                {
                  "text": "$\u8023"
                },
                {
                  "text": "$\u8023"
                },
                {
                  "text": "$\u8023"
                },
                "\n",
                "\"",
                {
                  "text": "U$"
                },
                {
                  "text": "U$"
                },
                {
                  "text": "U$"
                },
                "\n",
                "\"",
                {
                  "text": "$\u8023"
                },
                {
                  "text": "$\u81b2"
                },
                {
                  "text": "$\u8023"
                },
                "\"\"",
                {
                  "text": "$$\u8025"
                },
                "\n",
                "\"",
                {
                  "text": "U$"
                },
                {
                  "text": "U$"
                },
                {
                  "text": "U$"
                },
                "\"\"",
                {
                  "text": "U$"
                },
                "\n",
                "\"",
                {
                  "text": "$\u8023"
                },
                {
                  "text": "$\u8023"
                },
                {
                  "text": "$\u8023"
                },
                "\n",
                "\"",
                {
                  "text": "U$"
                },
                {
                  "text": "U$"
                },
                {
                  "text": "U$"
                },
                "\n"
              ],
              {
                "text": "\n- x1 ",
                "color": "gray"
              },
              {
                "translate": "stardust.blaze_powder",
                "color": "gray"
              },
              {
                "text": "\n- x8 ",
                "color": "gray"
              },
              {
                "translate": "stardust_ingot",
                "color": "gray"
              }
            ]
          },
          "click_event": {
            "action": "show_dialog",
            "dialog": "stardust:manual/page_14"
          }
        },
        {
          "text": "0##",
          "hover_event": {
            "action": "show_text",
            "value": [
              {
                "text": ""
              },
              [
                {
                  "text": "",
                  "font": "stardust:manual",
                  "color": "white"
                },
                "\"F\n",
                "\"",
                {
                  "text": "$\u8023"
                },
                {
                  "text": "$\u8023"
                },
                {
                  "text": "$\u8023"
                },
                "\n",
                "\"",
                {
                  "text": "U$"
                },
                {
                  "text": "U$"
                },
                {
                  "text": "U$"
                },
                "\n",
                "\"",
                {
                  "text": "$\u8023"
                },
                {
                  "text": "$\u81b6"
                },
                {
                  "text": "$\u8023"
                },
                "\"\"",
                {
                  "text": "$$\u802b"
                },
                "\n",
                "\"",
                {
                  "text": "U$"
                },
                {
                  "text": "U$"
                },
                {
                  "text": "U$"
                },
                "\"\"",
                {
                  "text": "U$"
                },
                "\n",
                "\"",
                {
                  "text": "$\u8023"
                },
                {
                  "text": "$\u8023"
                },
                {
                  "text": "$\u8023"
                },
                "\n",
                "\"",
                {
                  "text": "U$"
                },
                {
                  "text": "U$"
                },
                {
                  "text": "U$"
                },
                "\n"
              ],
              {
                "text": "\n- x1 ",
                "color": "gray"
              },
              {
                "translate": "stardust.diamond_block",
                "color": "gray"
              },
              {
                "text": "\n- x8 ",
                "color": "gray"
              },
              {
                "translate": "stardust_ingot",
                "color": "gray"
              }
            ]
          },
          "click_event": {
            "action": "show_dialog",
            "dialog": "stardust:manual/page_17"
          }
        },
        {
          "text": "0\n",
          "hover_event": {
            "action": "show_text",
            "value": [
              {
                "text": ""
              },
              [
                {
                  "text": "",
                  "font": "stardust:manual",
                  "color": "white"
                },
                "\"F\n",
                "\"",
                {
                  "text": "$\u803b"
                },
                {
                  "text": "$\u803b"
                },
                {
                  "text": "$\u803b"
                },
                "\n",
                "\"",
                {
                  "text": "U$"
                },
                {
                  "text": "U$"
                },
                {
                  "text": "U$"
                },
                "\n",
                "\"",
                {
                  "text": "$\u803b"
                },
                {
                  "text": "$\u8023"
                },
                {
                  "text": "$\u803b"
                },
                "\"\"",
                {
                  "text": "$$\u803d"
                },
                "\n",
                "\"",
                {
                  "text": "U$"
                },
                {
                  "text": "U$"
                },
                {
                  "text": "U$"
                },
                "\"\"",
                {
                  "text": "U$"
                },
                "\n",
                "\"",
                {
                  "text": "$\u803b"
                },
                {
                  "text": "$\u803b"
                },
                {
                  "text": "$\u803b"
                },
                "\n",
                "\"",
                {
                  "text": "U$"
                },
                {
                  "text": "U$"
                },
                {
                  "text": "U$"
                },
                "\n"
              ],
              {
                "text": "\n- x1 ",
                "color": "gray"
              },
              {
                "translate": "stardust_ingot",
                "color": "gray"
              },
              {
                "text": "\n- x8 ",
                "color": "gray"
              },
              {
                "translate": "stardust.legendarium_fragment",
                "color": "gray"
              }
            ]
          },
          "click_event": {
            "action": "show_dialog",
            "dialog": "stardust:manual/page_26"
          }
        },
        {
          "text": "\u81c0##",
          "hover_event": {
            "action": "show_text",
            "value": [
              {
                "text": ""
              },
              [
                {
                  "text": "",
                  "font": "stardust:manual",
                  "color": "white"
                },
                "\"F\n",
                "\"",
                {
                  "text": "$\u8041"
                },
                {
                  "text": "$\u8041"
                },
                {
                  "text": "$\u8041"
                },
                "\n",
                "\"",
                {
                  "text": "U$"
                },
                {
                  "text": "U$"
                },
                {
                  "text": "U$"
                },
                "\n",
                "\"",
                {
                  "text": "$\u8041"
                },
                {
                  "text": "$\u8023"
                },
                {
                  "text": "$\u8041"
                },
                "\"\"",
                {
                  "text": "$$\u8043"
                },
                "\n",
                "\"",
                {
                  "text": "U$"
                },
                {
                  "text": "U$"
                },
                {
                  "text": "U$"
                },
                "\"\"",
                {
                  "text": "U$"
                },
                "\n",
                "\"",
                {
                  "text": "$\u8041"
                },
                {
                  "text": "$\u8041"
                },
                {
                  "text": "$\u8041"
                },
                "\n",
                "\"",
                {
                  "text": "U$"
                },
                {
                  "text": "U$"
                },
                {
                  "text": "U$"
                },
                "\n"
              ],
              {
                "text": "\n- x1 ",
                "color": "gray"
              },
              {
                "translate": "stardust_ingot",
                "color": "gray"
              },
              {
                "text": "\n- x8 ",
                "color": "gray"
              },
              {
                "translate": "stardust.solarium_fragment",
                "color": "gray"
              }
            ]
          },
          "click_event": {
            "action": "show_dialog",
            "dialog": "stardust:manual/page_29"
          }
        },
        {
          "text": "\u81c4##",
          "hover_event": {
            "action": "show_text",
            "value": [
              {
                "text": ""
              },
              [
                {
                  "text": "",
                  "font": "stardust:manual",
                  "color": "white"
                },
                "\"F\n",
                "\"",
                {
                  "text": "$\u8047"
                },
                {
                  "text": "$\u8047"
                },
                {
                  "text": "$\u8047"
                },
                "\n",
                "\"",
                {
                  "text": "U$"
                },
                {
                  "text": "U$"
                },
                {
                  "text": "U$"
                },
                "\n",
                "\"",
                {
                  "text": "$\u8047"
                },
                {
                  "text": "$\u8023"
                },
                {
                  "text": "$\u8047"
                },
                "\"\"",
                {
                  "text": "$$\u8049"
                },
                "\n",
                "\"",
                {
                  "text": "U$"
                },
                {
                  "text": "U$"
                },
                {
                  "text": "U$"
                },
                "\"\"",
                {
                  "text": "U$"
                },
                "\n",
                "\"",
                {
                  "text": "$\u8047"
                },
                {
                  "text": "$\u8047"
                },
                {
                  "text": "$\u8047"
                },
                "\n",
                "\"",
                {
                  "text": "U$"
                },
                {
                  "text": "U$"
                },
                {
                  "text": "U$"
                },
                "\n"
              ],
              {
                "text": "\n- x1 ",
                "color": "gray"
              },
              {
                "translate": "stardust_ingot",
                "color": "gray"
              },
              {
                "text": "\n- x8 ",
                "color": "gray"
              },
              {
                "translate": "stardust.darkium_fragment",
                "color": "gray"
              }
            ]
          },
          "click_event": {
            "action": "show_dialog",
            "dialog": "stardust:manual/page_32"
          }
        },
        {
          "text": "\u81c9##",
          "hover_event": {
            "action": "show_text",
            "value": [
              {
                "text": ""
              },
              [
                {
                  "text": "",
                  "font": "stardust:manual",
                  "color": "white"
                },
                "\"F\n",
                "\"",
                {
                  "text": "$\u8021"
                },
                {
                  "text": "$\u8021"
                },
                {
                  "text": "$\u8021"
                },
                "\n",
                "\"",
                {
                  "text": "U$"
                },
                {
                  "text": "U$"
                },
                {
                  "text": "U$"
                },
                "\n",
                "\"",
                {
                  "text": "$\u806b"
                },
                {
                  "text": "$\u806b"
                },
                {
                  "text": "$\u806b"
                },
                "\"\"",
                {
                  "text": "$$\u806d"
                },
                "\n",
                "\"",
                {
                  "text": "U$"
                },
                {
                  "text": "U$"
                },
                {
                  "text": "U$"
                },
                "\"\"",
                {
                  "text": "U$"
                },
                "\n",
                "\"",
                "U$",
                {
                  "text": "$\u8023"
                },
                "U$",
                "\n",
                "\"",
                "U$",
                {
                  "text": "U$"
                },
                "U$",
                "\n"
              ],
              {
                "text": "\n- x3 ",
                "color": "gray"
              },
              {
                "translate": "stardust_fragment",
                "color": "gray"
              },
              {
                "text": "\n- x3 ",
                "color": "gray"
              },
              {
                "translate": "stardust.mirror",
                "color": "gray"
              },
              {
                "text": "\n- x1 ",
                "color": "gray"
              },
              {
                "translate": "stardust_ingot",
                "color": "gray"
              }
            ]
          },
          "click_event": {
            "action": "show_dialog",
            "dialog": "stardust:manual/page_50"
          }
        },
        {
          "text": "\u81cd\n",
          "hover_event": {
            "action": "show_text",
            "value": [
              {
                "text": ""
              },
              [
                {
                  "text": "",
                  "font": "stardust:manual",
                  "color": "white"
                },
                "\"F\n",
                "\"",
                "U$",
                {
                  "text": "$\u8023"
                },
                "U$",
                "\n",
                "\"",
                "U$",
                {
                  "text": "U$"
                },
                "U$",
                "\n",
                "\"",
                {
                  "text": "$\u8023"
                },
                {
                  "text": "$\u8135"
                },
                {
                  "text": "$\u8023"
                },
                "\"\"",
                {
                  "text": "$$\u8137"
                },
                "\n",
                "\"",
                {
                  "text": "U$"
                },
                {
                  "text": "U$"
                },
                {
                  "text": "U$"
                },
                "\"\"",
                {
                  "text": "U$"
                },
                "\n",
                "\"",
                "U$",
                {
                  "text": "$\u8023"
                },
                "U$",
                "\n",
                "\"",
                "U$",
                {
                  "text": "U$"
                },
                "U$",
                "\n"
              ],
              {
                "text": "\n- x4 ",
                "color": "gray"
              },
              {
                "translate": "stardust_ingot",
                "color": "gray"
              },
              {
                "text": "\n- x1 ",
                "color": "gray"
              },
              {
                "translate": "stardust.advanced_stardust_seed",
                "color": "gray"
              }
            ]
          },
          "click_event": {
            "action": "show_dialog",
            "dialog": "stardust:manual/page_151"
          }
        },
        {
          "text": "0##",
          "hover_event": {
            "action": "show_text",
            "value": [
              {
                "text": ""
              },
              [
                {
                  "text": "",
                  "font": "stardust:manual",
                  "color": "white"
                },
                "\"F\n",
                "\"",
                {
                  "text": "$\u8041"
                },
                {
                  "text": "$\u8041"
                },
                {
                  "text": "$\u8041"
                },
                "\n",
                "\"",
                {
                  "text": "U$"
                },
                {
                  "text": "U$"
                },
                {
                  "text": "U$"
                },
                "\n",
                "\"",
                {
                  "text": "$\u8041"
                },
                {
                  "text": "$\u8023"
                },
                {
                  "text": "$\u8041"
                },
                "\"\"",
                {
                  "text": "$$\u8043"
                },
                "\n",
                "\"",
                {
                  "text": "U$"
                },
                {
                  "text": "U$"
                },
                {
                  "text": "U$"
                },
                "\"\"",
                {
                  "text": "U$"
                },
                "\n",
                "\"",
                {
                  "text": "$\u8041"
                },
                {
                  "text": "$\u8041"
                },
                {
                  "text": "$\u8041"
                },
                "\n",
                "\"",
                {
                  "text": "U$"
                },
                {
                  "text": "U$"
                },
                {
                  "text": "U$"
                },
                "\n"
              ],
              {
                "text": "\n- x1 ",
                "color": "gray"
              },
              {
                "translate": "stardust_ingot",
                "color": "gray"
              },
              {
                "text": "\n- x8 ",
                "color": "gray"
              },
              {
                "translate": "stardust.solarium_fragment",
                "color": "gray"
              }
            ]
          },
          "click_event": {
            "action": "show_dialog",
            "dialog": "stardust:manual/page_29"
          }
        },
        {
          "text": "0##",
          "hover_event": {
            "action": "show_text",
            "value": [
              {
                "text": ""
              },
              [
                {
                  "text": "",
                  "font": "stardust:manual",
                  "color": "white"
                },
                "\"F\n",
                "\"",
                {
                  "text": "$\u8047"
                },
                {
                  "text": "$\u8047"
                },
                {
                  "text": "$\u8047"
                },
                "\n",
                "\"",
                {
                  "text": "U$"
                },
                {
                  "text": "U$"
                },
                {
                  "text": "U$"
                },
                "\n",
                "\"",
                {
                  "text": "$\u8047"
                },
                {
                  "text": "$\u8023"
                },
                {
                  "text": "$\u8047"
                },
                "\"\"",
                {
                  "text": "$$\u8049"
                },
                "\n",
                "\"",
                {
                  "text": "U$"
                },
                {
                  "text": "U$"
                },
                {
                  "text": "U$"
                },
                "\"\"",
                {
                  "text": "U$"
                },
                "\n",
                "\"",
                {
                  "text": "$\u8047"
                },
                {
                  "text": "$\u8047"
                },
                {
                  "text": "$\u8047"
                },
                "\n",
                "\"",
                {
                  "text": "U$"
                },
                {
                  "text": "U$"
                },
                {
                  "text": "U$"
                },
                "\n"
              ],
              {
                "text": "\n- x1 ",
                "color": "gray"
              },
              {
                "translate": "stardust_ingot",
                "color": "gray"
              },
              {
                "text": "\n- x8 ",
                "color": "gray"
              },
              {
                "translate": "stardust.darkium_fragment",
                "color": "gray"
              }
            ]
          },
          "click_event": {
            "action": "show_dialog",
            "dialog": "stardust:manual/page_32"
          }
        },
        {
          "text": "0##",
          "hover_event": {
            "action": "show_text",
            "value": [
              {
                "text": ""
              },
              [
                {
                  "text": "",
                  "font": "stardust:manual",
                  "color": "white"
                },
                "\"F\n",
                "\"",
                {
                  "text": "$\u8021"
                },
                {
                  "text": "$\u8021"
                },
                {
                  "text": "$\u8021"
                },
                "\n",
                "\"",
                {
                  "text": "U$"
                },
                {
                  "text": "U$"
                },
                {
                  "text": "U$"
                },
                "\n",
                "\"",
                {
                  "text": "$\u806b"
                },
                {
                  "text": "$\u806b"
                },
                {
                  "text": "$\u806b"
                },
                "\"\"",
                {
                  "text": "$$\u806d"
                },
                "\n",
                "\"",
                {
                  "text": "U$"
                },
                {
                  "text": "U$"
                },
                {
                  "text": "U$"
                },
                "\"\"",
                {
                  "text": "U$"
                },
                "\n",
                "\"",
                "U$",
                {
                  "text": "$\u8023"
                },
                "U$",
                "\n",
                "\"",
                "U$",
                {
                  "text": "U$"
                },
                "U$",
                "\n"
              ],
              {
                "text": "\n- x3 ",
                "color": "gray"
              },
              {
                "translate": "stardust_fragment",
                "color": "gray"
              },
              {
                "text": "\n- x3 ",
                "color": "gray"
              },
              {
                "translate": "stardust.mirror",
                "color": "gray"
              },
              {
                "text": "\n- x1 ",
                "color": "gray"
              },
              {
                "translate": "stardust_ingot",
                "color": "gray"
              }
            ]
          },
          "click_event": {
            "action": "show_dialog",
            "dialog": "stardust:manual/page_50"
          }
        },
        {
          "text": "0",
          "hover_event": {
            "action": "show_text",
            "value": [
              {
                "text": ""
              },
              [
                {
                  "text": "",
                  "font": "stardust:manual",
                  "color": "white"
                },
                "\"F\n",
                "\"",
                "U$",
                {
                  "text": "$\u8023"
                },
                "U$",
                "\n",
                "\"",
                "U$",
                {
                  "text": "U$"
                },
                "U$",
                "\n",
                "\"",
                {
                  "text": "$\u8023"
                },
                {
                  "text": "$\u8135"
                },
                {
                  "text": "$\u8023"
                },
                "\"\"",
                {
                  "text": "$$\u8137"
                },
                "\n",
                "\"",
                {
                  "text": "U$"
                },
                {
                  "text": "U$"
                },
                {
                  "text": "U$"
                },
                "\"\"",
                {
                  "text": "U$"
                },
                "\n",
                "\"",
                "U$",
                {
                  "text": "$\u8023"
                },
                "U$",
                "\n",
                "\"",
                "U$",
                {
                  "text": "U$"
                },
                "U$",
                "\n"
              ],
              {
                "text": "\n- x4 ",
                "color": "gray"
              },
              {
                "translate": "stardust_ingot",
                "color": "gray"
              },
              {
                "text": "\n- x1 ",
                "color": "gray"
              },
              {
                "translate": "stardust.advanced_stardust_seed",
                "color": "gray"
              }
            ]
          },
          "click_event": {
            "action": "show_dialog",
            "dialog": "stardust:manual/page_151"
          }
        },
        "\n\n\n\n\n\n\n\n\n\n\n\n\n"
      ],
      "width": 140
    }
  ]
}
