{
  "type": "minecraft:notice",
  "title": {
    "translate": "stardust.cobblestone_miner_lv7",
    "underlined": true
  },
  "body": [
    {
      "type": "minecraft:plain_message",
      "contents": [
        {
          "text": "V   ",
          "font": "stardust:manual",
          "color": "white"
        },
        {
          "text": "\n   ",
          "click_event": {
            "action": "show_dialog",
            "dialog": "stardust:manual/page_158"
          },
          "hover_event": {
            "action": "show_text",
            "value": [
              {
                "translate": "stardust.go_to_previous_page"
              },
              {
                "translate": "stardust.158"
              }
            ]
          }
        },
        " ",
        {
          "text": "   ",
          "click_event": {
            "action": "show_dialog",
            "dialog": "stardust:manual/page_160"
          },
          "hover_event": {
            "action": "show_text",
            "value": [
              {
                "translate": "stardust.go_to_next_page"
              },
              {
                "translate": "stardust.160"
              }
            ]
          }
        },
        {
          "text": "\n   ",
          "click_event": {
            "action": "show_dialog",
            "dialog": "stardust:manual/page_158"
          },
          "hover_event": {
            "action": "show_text",
            "value": [
              {
                "translate": "stardust.go_to_previous_page"
              },
              {
                "translate": "stardust.158"
              }
            ]
          }
        },
        " ",
        {
          "text": "   ",
          "click_event": {
            "action": "show_dialog",
            "dialog": "stardust:manual/page_160"
          },
          "hover_event": {
            "action": "show_text",
            "value": [
              {
                "translate": "stardust.go_to_next_page"
              },
              {
                "translate": "stardust.160"
              }
            ]
          }
        }
      ],
      "width": 400
    },
    {
      "type": "minecraft:plain_message",
      "contents": [
        {
          "text": "",
          "font": "stardust:manual",
          "color": "white",
          "shadow_color": [
            0,
            0,
            0,
            0
          ]
        },
        "\"$6\n\"",
        {
          "text": "$\u846a$\u846a$\u846a",
          "hover_event": {
            "action": "show_item",
            "id": "minecraft:netherite_block",
            "components": {}
          }
        },
        "  \n\"",
        {
          "translate": "stardust.uuu",
          "hover_event": {
            "action": "show_item",
            "id": "minecraft:netherite_block",
            "components": {}
          }
        },
        "  \n\"",
        {
          "text": "$\u84f3",
          "hover_event": {
            "action": "show_item",
            "id": "minecraft:netherite_pickaxe",
            "components": {}
          }
        },
        {
          "text": "$\u8149",
          "hover_event": {
            "action": "show_item",
            "id": "furnace",
            "components": {
              "item_name": {
                "translate": "stardust.cobblestone_miner_lv_6"
              },
              "rarity": "epic",
              "lore": [
                {
                  "translate": "stardust.only_mines_cobblestone_directly_below",
                  "color": "white",
                  "italic": false
                },
                {
                  "translate": "stardust.x28125_per_minute",
                  "color": "gray",
                  "italic": false
                },
                [
                  "",
                  {
                    "text": "I",
                    "color": "white",
                    "italic": false,
                    "font": "stardust:icons"
                  },
                  {
                    "translate": "stardustfragment",
                    "italic": true,
                    "color": "blue"
                  }
                ]
              ],
              "item_model": "stardust:cobblestone_miner_lv6",
              "custom_data": {
                "stardust": {
                  "cobblestone_miner_lv6": true
                },
                "smithed": {
                  "ignore": {
                    "functionality": true,
                    "crafting": true
                  }
                }
              },
              "container": [
                {
                  "slot": 0,
                  "item": {
                    "id": "minecraft:stone",
                    "count": 1,
                    "components": {
                      "minecraft:custom_data": {
                        "smithed": {
                          "block": {
                            "id": "stardust:cobblestone_miner_lv6",
                            "from": "stardust"
                          }
                        }
                      }
                    }
                  }
                }
              ],
              "tooltip_display": {
                "hidden_components": [
                  "minecraft:container"
                ]
              }
            }
          },
          "click_event": {
            "action": "show_dialog",
            "dialog": "stardust:manual/page_158"
          }
        },
        {
          "text": "$\u84f3",
          "hover_event": {
            "action": "show_item",
            "id": "minecraft:netherite_pickaxe",
            "components": {}
          }
        },
        "\"\"",
        {
          "text": "$$\u814b",
          "hover_event": {
            "action": "show_item",
            "id": "furnace",
            "components": {
              "item_name": {
                "translate": "stardust.cobblestone_miner_lv_7"
              },
              "rarity": "epic",
              "lore": [
                {
                  "translate": "stardust.only_mines_cobblestone_directly_below",
                  "color": "white",
                  "italic": false
                },
                {
                  "translate": "stardust.x140625_per_minute",
                  "color": "gray",
                  "italic": false
                },
                [
                  "",
                  {
                    "text": "I",
                    "color": "white",
                    "italic": false,
                    "font": "stardust:icons"
                  },
                  {
                    "translate": "stardustfragment",
                    "italic": true,
                    "color": "blue"
                  }
                ]
              ],
              "item_model": "stardust:cobblestone_miner_lv7",
              "custom_data": {
                "stardust": {
                  "cobblestone_miner_lv7": true
                },
                "smithed": {
                  "ignore": {
                    "functionality": true,
                    "crafting": true
                  }
                }
              },
              "container": [
                {
                  "slot": 0,
                  "item": {
                    "id": "minecraft:stone",
                    "count": 1,
                    "components": {
                      "minecraft:custom_data": {
                        "smithed": {
                          "block": {
                            "id": "stardust:cobblestone_miner_lv7",
                            "from": "stardust"
                          }
                        }
                      }
                    }
                  }
                }
              ],
              "tooltip_display": {
                "hidden_components": [
                  "minecraft:container"
                ]
              }
            }
          }
        },
        "#$\n\"",
        {
          "text": "U$",
          "hover_event": {
            "action": "show_item",
            "id": "minecraft:netherite_pickaxe",
            "components": {}
          }
        },
        {
          "text": "U$",
          "hover_event": {
            "action": "show_item",
            "id": "furnace",
            "components": {
              "item_name": {
                "translate": "stardust.cobblestone_miner_lv_6"
              },
              "rarity": "epic",
              "lore": [
                {
                  "translate": "stardust.only_mines_cobblestone_directly_below",
                  "color": "white",
                  "italic": false
                },
                {
                  "translate": "stardust.x28125_per_minute",
                  "color": "gray",
                  "italic": false
                },
                [
                  "",
                  {
                    "text": "I",
                    "color": "white",
                    "italic": false,
                    "font": "stardust:icons"
                  },
                  {
                    "translate": "stardustfragment",
                    "italic": true,
                    "color": "blue"
                  }
                ]
              ],
              "item_model": "stardust:cobblestone_miner_lv6",
              "custom_data": {
                "stardust": {
                  "cobblestone_miner_lv6": true
                },
                "smithed": {
                  "ignore": {
                    "functionality": true,
                    "crafting": true
                  }
                }
              },
              "container": [
                {
                  "slot": 0,
                  "item": {
                    "id": "minecraft:stone",
                    "count": 1,
                    "components": {
                      "minecraft:custom_data": {
                        "smithed": {
                          "block": {
                            "id": "stardust:cobblestone_miner_lv6",
                            "from": "stardust"
                          }
                        }
                      }
                    }
                  }
                }
              ],
              "tooltip_display": {
                "hidden_components": [
                  "minecraft:container"
                ]
              }
            }
          },
          "click_event": {
            "action": "show_dialog",
            "dialog": "stardust:manual/page_158"
          }
        },
        {
          "text": "U$",
          "hover_event": {
            "action": "show_item",
            "id": "minecraft:netherite_pickaxe",
            "components": {}
          }
        },
        "\"\"",
        {
          "text": "U$",
          "hover_event": {
            "action": "show_item",
            "id": "furnace",
            "components": {
              "item_name": {
                "translate": "stardust.cobblestone_miner_lv_7"
              },
              "rarity": "epic",
              "lore": [
                {
                  "translate": "stardust.only_mines_cobblestone_directly_below",
                  "color": "white",
                  "italic": false
                },
                {
                  "translate": "stardust.x140625_per_minute",
                  "color": "gray",
                  "italic": false
                },
                [
                  "",
                  {
                    "text": "I",
                    "color": "white",
                    "italic": false,
                    "font": "stardust:icons"
                  },
                  {
                    "translate": "stardustfragment",
                    "italic": true,
                    "color": "blue"
                  }
                ]
              ],
              "item_model": "stardust:cobblestone_miner_lv7",
              "custom_data": {
                "stardust": {
                  "cobblestone_miner_lv7": true
                },
                "smithed": {
                  "ignore": {
                    "functionality": true,
                    "crafting": true
                  }
                }
              },
              "container": [
                {
                  "slot": 0,
                  "item": {
                    "id": "minecraft:stone",
                    "count": 1,
                    "components": {
                      "minecraft:custom_data": {
                        "smithed": {
                          "block": {
                            "id": "stardust:cobblestone_miner_lv7",
                            "from": "stardust"
                          }
                        }
                      }
                    }
                  }
                }
              ],
              "tooltip_display": {
                "hidden_components": [
                  "minecraft:container"
                ]
              }
            }
          }
        },
        "#$\n\"",
        {
          "text": "$\u805b$\u805b$\u805b",
          "hover_event": {
            "action": "show_item",
            "id": "furnace",
            "components": {
              "lore": [
                {
                  "translate": "stardust.equivalent_to_6561_cobblestones",
                  "color": "gray",
                  "italic": false
                },
                [
                  "",
                  {
                    "text": "I",
                    "color": "white",
                    "italic": false,
                    "font": "stardust:icons"
                  },
                  {
                    "translate": "stardustfragment",
                    "italic": true,
                    "color": "blue"
                  }
                ]
              ],
              "item_model": "stardust:quadruple_compressed_cobblestone",
              "item_name": {
                "translate": "stardust.quadruple_compressed_cobblestone"
              },
              "custom_data": {
                "stardust": {
                  "quadruple_compressed_cobblestone": true
                },
                "smithed": {
                  "ignore": {
                    "functionality": true,
                    "crafting": true
                  }
                }
              },
              "container": [
                {
                  "slot": 0,
                  "item": {
                    "id": "minecraft:stone",
                    "count": 1,
                    "components": {
                      "minecraft:custom_data": {
                        "smithed": {
                          "block": {
                            "id": "stardust:quadruple_compressed_cobblestone",
                            "from": "stardust"
                          }
                        }
                      }
                    }
                  }
                }
              ],
              "tooltip_display": {
                "hidden_components": [
                  "minecraft:container"
                ]
              }
            }
          },
          "click_event": {
            "action": "show_dialog",
            "dialog": "stardust:manual/page_39"
          }
        },
        "  \n\"",
        {
          "translate": "stardust.uuu",
          "hover_event": {
            "action": "show_item",
            "id": "furnace",
            "components": {
              "lore": [
                {
                  "translate": "stardust.equivalent_to_6561_cobblestones",
                  "color": "gray",
                  "italic": false
                },
                [
                  "",
                  {
                    "text": "I",
                    "color": "white",
                    "italic": false,
                    "font": "stardust:icons"
                  },
                  {
                    "translate": "stardustfragment",
                    "italic": true,
                    "color": "blue"
                  }
                ]
              ],
              "item_model": "stardust:quadruple_compressed_cobblestone",
              "item_name": {
                "translate": "stardust.quadruple_compressed_cobblestone"
              },
              "custom_data": {
                "stardust": {
                  "quadruple_compressed_cobblestone": true
                },
                "smithed": {
                  "ignore": {
                    "functionality": true,
                    "crafting": true
                  }
                }
              },
              "container": [
                {
                  "slot": 0,
                  "item": {
                    "id": "minecraft:stone",
                    "count": 1,
                    "components": {
                      "minecraft:custom_data": {
                        "smithed": {
                          "block": {
                            "id": "stardust:quadruple_compressed_cobblestone",
                            "from": "stardust"
                          }
                        }
                      }
                    }
                  }
                }
              ],
              "tooltip_display": {
                "hidden_components": [
                  "minecraft:container"
                ]
              }
            }
          },
          "click_event": {
            "action": "show_dialog",
            "dialog": "stardust:manual/page_39"
          }
        },
        "  \n\n",
        {
          "text": "1##",
          "hover_event": {
            "action": "show_text",
            "value": [
              {
                "translate": "stardust.cobblestone_miner_lv_7",
                "color": "yellow"
              },
              {
                "translate": "stardust.every_minute_it_will_break_the_cobblestone_directly_below_it",
                "color": "gray"
              },
              {
                "translate": "stardust.production_rate_is_36864_cobblestone_per_minute",
                "color": "gray"
              },
              {
                "translate": "stardust.no_energy_required",
                "color": "gray"
              }
            ]
          }
        },
        {
          "text": "2##",
          "hover_event": {
            "action": "show_text",
            "value": [
              {
                "text": ""
              },
              [
                {
                  "text": "",
                  "font": "stardust:manual",
                  "color": "white"
                },
                "\"F\n",
                "\"",
                {
                  "text": "$\u846a"
                },
                {
                  "text": "$\u846a"
                },
                {
                  "text": "$\u846a"
                },
                "\n",
                "\"",
                {
                  "text": "U$"
                },
                {
                  "text": "U$"
                },
                {
                  "text": "U$"
                },
                "\n",
                "\"",
                {
                  "text": "$\u84f3"
                },
                {
                  "text": "$\u8149"
                },
                {
                  "text": "$\u84f3"
                },
                "\"\"",
                {
                  "text": "$$\u814b"
                },
                "\n",
                "\"",
                {
                  "text": "U$"
                },
                {
                  "text": "U$"
                },
                {
                  "text": "U$"
                },
                "\"\"",
                {
                  "text": "U$"
                },
                "\n",
                "\"",
                {
                  "text": "$\u805b"
                },
                {
                  "text": "$\u805b"
                },
                {
                  "text": "$\u805b"
                },
                "\n",
                "\"",
                {
                  "text": "U$"
                },
                {
                  "text": "U$"
                },
                {
                  "text": "U$"
                },
                "\n"
              ],
              {
                "text": "\n- x3 ",
                "color": "gray"
              },
              {
                "translate": "stardust.netherite_block",
                "color": "gray"
              },
              {
                "text": "\n- x2 ",
                "color": "gray"
              },
              {
                "translate": "stardust.netherite_pickaxe",
                "color": "gray"
              },
              {
                "text": "\n- x1 ",
                "color": "gray"
              },
              {
                "translate": "stardust.cobblestone_miner_lv6",
                "color": "gray"
              },
              {
                "text": "\n- x3 ",
                "color": "gray"
              },
              {
                "translate": "stardust.quadruple_compressed_cobblestone",
                "color": "gray"
              }
            ]
          }
        },
        {
          "text": "\u89ee\n",
          "hover_event": {
            "action": "show_text",
            "value": [
              {
                "text": ""
              },
              [
                {
                  "text": "",
                  "font": "stardust:manual",
                  "color": "white"
                },
                "\"F\n",
                "\"",
                {
                  "text": "$\u8027"
                },
                {
                  "text": "$\u8027"
                },
                {
                  "text": "$\u8027"
                },
                "\n",
                "\"",
                {
                  "text": "U$"
                },
                {
                  "text": "U$"
                },
                {
                  "text": "U$"
                },
                "\n",
                "\"",
                {
                  "text": "$\u80cd"
                },
                {
                  "text": "$\u814b"
                },
                {
                  "text": "$\u80cd"
                },
                "\"\"",
                {
                  "text": "$$\u814d"
                },
                "\n",
                "\"",
                {
                  "text": "U$"
                },
                {
                  "text": "U$"
                },
                {
                  "text": "U$"
                },
                "\"\"",
                {
                  "text": "U$"
                },
                "\n",
                "\"",
                {
                  "text": "$\u805b"
                },
                {
                  "text": "$\u805b"
                },
                {
                  "text": "$\u805b"
                },
                "\n",
                "\"",
                {
                  "text": "U$"
                },
                {
                  "text": "U$"
                },
                {
                  "text": "U$"
                },
                "\n"
              ],
              {
                "text": "\n- x3 ",
                "color": "gray"
              },
              {
                "translate": "stardust_core",
                "color": "gray"
              },
              {
                "text": "\n- x2 ",
                "color": "gray"
              },
              {
                "translate": "stardust.original_stardust_pickaxe",
                "color": "gray"
              },
              {
                "text": "\n- x1 ",
                "color": "gray"
              },
              {
                "translate": "stardust.cobblestone_miner_lv7",
                "color": "gray"
              },
              {
                "text": "\n- x3 ",
                "color": "gray"
              },
              {
                "translate": "stardust.quadruple_compressed_cobblestone",
                "color": "gray"
              }
            ]
          },
          "click_event": {
            "action": "show_dialog",
            "dialog": "stardust:manual/page_160"
          }
        },
        {
          "text": "0##",
          "hover_event": {
            "action": "show_text",
            "value": [
              {
                "translate": "stardust.cobblestone_miner_lv_7",
                "color": "yellow"
              },
              {
                "translate": "stardust.every_minute_it_will_break_the_cobblestone_directly_below_it",
                "color": "gray"
              },
              {
                "translate": "stardust.production_rate_is_36864_cobblestone_per_minute",
                "color": "gray"
              },
              {
                "translate": "stardust.no_energy_required",
                "color": "gray"
              }
            ]
          }
        },
        {
          "text": "0##",
          "hover_event": {
            "action": "show_text",
            "value": [
              {
                "text": ""
              },
              [
                {
                  "text": "",
                  "font": "stardust:manual",
                  "color": "white"
                },
                "\"F\n",
                "\"",
                {
                  "text": "$\u846a"
                },
                {
                  "text": "$\u846a"
                },
                {
                  "text": "$\u846a"
                },
                "\n",
                "\"",
                {
                  "text": "U$"
                },
                {
                  "text": "U$"
                },
                {
                  "text": "U$"
                },
                "\n",
                "\"",
                {
                  "text": "$\u84f3"
                },
                {
                  "text": "$\u8149"
                },
                {
                  "text": "$\u84f3"
                },
                "\"\"",
                {
                  "text": "$$\u814b"
                },
                "\n",
                "\"",
                {
                  "text": "U$"
                },
                {
                  "text": "U$"
                },
                {
                  "text": "U$"
                },
                "\"\"",
                {
                  "text": "U$"
                },
                "\n",
                "\"",
                {
                  "text": "$\u805b"
                },
                {
                  "text": "$\u805b"
                },
                {
                  "text": "$\u805b"
                },
                "\n",
                "\"",
                {
                  "text": "U$"
                },
                {
                  "text": "U$"
                },
                {
                  "text": "U$"
                },
                "\n"
              ],
              {
                "text": "\n- x3 ",
                "color": "gray"
              },
              {
                "translate": "stardust.netherite_block",
                "color": "gray"
              },
              {
                "text": "\n- x2 ",
                "color": "gray"
              },
              {
                "translate": "stardust.netherite_pickaxe",
                "color": "gray"
              },
              {
                "text": "\n- x1 ",
                "color": "gray"
              },
              {
                "translate": "stardust.cobblestone_miner_lv6",
                "color": "gray"
              },
              {
                "text": "\n- x3 ",
                "color": "gray"
              },
              {
                "translate": "stardust.quadruple_compressed_cobblestone",
                "color": "gray"
              }
            ]
          }
        },
        {
          "text": "0",
          "hover_event": {
            "action": "show_text",
            "value": [
              {
                "text": ""
              },
              [
                {
                  "text": "",
                  "font": "stardust:manual",
                  "color": "white"
                },
                "\"F\n",
                "\"",
                {
                  "text": "$\u8027"
                },
                {
                  "text": "$\u8027"
                },
                {
                  "text": "$\u8027"
                },
                "\n",
                "\"",
                {
                  "text": "U$"
                },
                {
                  "text": "U$"
                },
                {
                  "text": "U$"
                },
                "\n",
                "\"",
                {
                  "text": "$\u80cd"
                },
                {
                  "text": "$\u814b"
                },
                {
                  "text": "$\u80cd"
                },
                "\"\"",
                {
                  "text": "$$\u814d"
                },
                "\n",
                "\"",
                {
                  "text": "U$"
                },
                {
                  "text": "U$"
                },
                {
                  "text": "U$"
                },
                "\"\"",
                {
                  "text": "U$"
                },
                "\n",
                "\"",
                {
                  "text": "$\u805b"
                },
                {
                  "text": "$\u805b"
                },
                {
                  "text": "$\u805b"
                },
                "\n",
                "\"",
                {
                  "text": "U$"
                },
                {
                  "text": "U$"
                },
                {
                  "text": "U$"
                },
                "\n"
              ],
              {
                "text": "\n- x3 ",
                "color": "gray"
              },
              {
                "translate": "stardust_core",
                "color": "gray"
              },
              {
                "text": "\n- x2 ",
                "color": "gray"
              },
              {
                "translate": "stardust.original_stardust_pickaxe",
                "color": "gray"
              },
              {
                "text": "\n- x1 ",
                "color": "gray"
              },
              {
                "translate": "stardust.cobblestone_miner_lv7",
                "color": "gray"
              },
              {
                "text": "\n- x3 ",
                "color": "gray"
              },
              {
                "translate": "stardust.quadruple_compressed_cobblestone",
                "color": "gray"
              }
            ]
          },
          "click_event": {
            "action": "show_dialog",
            "dialog": "stardust:manual/page_160"
          }
        },
        "\n\n\n\n\n\n\n\n\n\n\n\n\n\n\n\n"
      ],
      "width": 140
    }
  ]
}
