{
  "model": {
    "type": "minecraft:composite",
    "models": [
      {
        "type": "minecraft:condition",
        "property": "minecraft:component",
        "predicate": "minecraft:container",
        "value": {
          "items": {
            "contains": [
              {
                "predicates": {
                  "minecraft:custom_data": {
                    "simpledrawer": {
                      "wood_type": "simpledrawer:mangrove"
                    }
                  }
                }
              }
            ]
          }
        },
        "on_true": {
          "type": "minecraft:condition",
          "property": "minecraft:component",
          "predicate": "minecraft:container",
          "value": {
            "items": {
              "contains": [
                {
                  "predicates": {
                    "minecraft:custom_data": {
                      "simpledrawer": {
                        "variant": "single"
                      }
                    }
                  }
                }
              ]
            }
          },
          "on_true": {
            "type": "minecraft:model",
            "model": "simpledrawer:item/new_drawer/mangrove_1"
          },
          "on_false": {
            "type": "minecraft:condition",
            "property": "minecraft:component",
            "predicate": "minecraft:container",
            "value": {
              "items": {
                "contains": [
                  {
                    "predicates": {
                      "minecraft:custom_data": {
                        "simpledrawer": {
                          "variant": "double"
                        }
                      }
                    }
                  }
                ]
              }
            },
            "on_true": {
              "type": "minecraft:model",
              "model": "simpledrawer:item/new_drawer/mangrove_2"
            },
            "on_false": {
              "type": "minecraft:condition",
              "property": "minecraft:component",
              "predicate": "minecraft:container",
              "value": {
                "items": {
                  "contains": [
                    {
                      "predicates": {
                        "minecraft:custom_data": {
                          "simpledrawer": {
                            "variant": "quadruple"
                          }
                        }
                      }
                    }
                  ]
                }
              },
              "on_true": {
                "type": "minecraft:model",
                "model": "simpledrawer:item/new_drawer/mangrove_4"
              },
              "on_false": {
                "type": "minecraft:empty"
              }
            }
          }
        },
        "on_false": {
          "type": "minecraft:condition",
          "property": "minecraft:component",
          "predicate": "minecraft:container",
          "value": {
            "items": {
              "contains": [
                {
                  "predicates": {
                    "minecraft:custom_data": {
                      "simpledrawer": {
                        "wood_type": "simpledrawer:dark_oak"
                      }
                    }
                  }
                }
              ]
            }
          },
          "on_true": {
            "type": "minecraft:condition",
            "property": "minecraft:component",
            "predicate": "minecraft:container",
            "value": {
              "items": {
                "contains": [
                  {
                    "predicates": {
                      "minecraft:custom_data": {
                        "simpledrawer": {
                          "variant": "single"
                        }
                      }
                    }
                  }
                ]
              }
            },
            "on_true": {
              "type": "minecraft:model",
              "model": "simpledrawer:item/new_drawer/dark_oak_1"
            },
            "on_false": {
              "type": "minecraft:condition",
              "property": "minecraft:component",
              "predicate": "minecraft:container",
              "value": {
                "items": {
                  "contains": [
                    {
                      "predicates": {
                        "minecraft:custom_data": {
                          "simpledrawer": {
                            "variant": "double"
                          }
                        }
                      }
                    }
                  ]
                }
              },
              "on_true": {
                "type": "minecraft:model",
                "model": "simpledrawer:item/new_drawer/dark_oak_2"
              },
              "on_false": {
                "type": "minecraft:condition",
                "property": "minecraft:component",
                "predicate": "minecraft:container",
                "value": {
                  "items": {
                    "contains": [
                      {
                        "predicates": {
                          "minecraft:custom_data": {
                            "simpledrawer": {
                              "variant": "quadruple"
                            }
                          }
                        }
                      }
                    ]
                  }
                },
                "on_true": {
                  "type": "minecraft:model",
                  "model": "simpledrawer:item/new_drawer/dark_oak_4"
                },
                "on_false": {
                  "type": "minecraft:empty"
                }
              }
            }
          },
          "on_false": {
            "type": "minecraft:condition",
            "property": "minecraft:component",
            "predicate": "minecraft:container",
            "value": {
              "items": {
                "contains": [
                  {
                    "predicates": {
                      "minecraft:custom_data": {
                        "simpledrawer": {
                          "wood_type": "simpledrawer:birch"
                        }
                      }
                    }
                  }
                ]
              }
            },
            "on_true": {
              "type": "minecraft:condition",
              "property": "minecraft:component",
              "predicate": "minecraft:container",
              "value": {
                "items": {
                  "contains": [
                    {
                      "predicates": {
                        "minecraft:custom_data": {
                          "simpledrawer": {
                            "variant": "single"
                          }
                        }
                      }
                    }
                  ]
                }
              },
              "on_true": {
                "type": "minecraft:model",
                "model": "simpledrawer:item/new_drawer/birch_1"
              },
              "on_false": {
                "type": "minecraft:condition",
                "property": "minecraft:component",
                "predicate": "minecraft:container",
                "value": {
                  "items": {
                    "contains": [
                      {
                        "predicates": {
                          "minecraft:custom_data": {
                            "simpledrawer": {
                              "variant": "double"
                            }
                          }
                        }
                      }
                    ]
                  }
                },
                "on_true": {
                  "type": "minecraft:model",
                  "model": "simpledrawer:item/new_drawer/birch_2"
                },
                "on_false": {
                  "type": "minecraft:condition",
                  "property": "minecraft:component",
                  "predicate": "minecraft:container",
                  "value": {
                    "items": {
                      "contains": [
                        {
                          "predicates": {
                            "minecraft:custom_data": {
                              "simpledrawer": {
                                "variant": "quadruple"
                              }
                            }
                          }
                        }
                      ]
                    }
                  },
                  "on_true": {
                    "type": "minecraft:model",
                    "model": "simpledrawer:item/new_drawer/birch_4"
                  },
                  "on_false": {
                    "type": "minecraft:empty"
                  }
                }
              }
            },
            "on_false": {
              "type": "minecraft:condition",
              "property": "minecraft:component",
              "predicate": "minecraft:container",
              "value": {
                "items": {
                  "contains": [
                    {
                      "predicates": {
                        "minecraft:custom_data": {
                          "simpledrawer": {
                            "wood_type": "simpledrawer:acacia"
                          }
                        }
                      }
                    }
                  ]
                }
              },
              "on_true": {
                "type": "minecraft:condition",
                "property": "minecraft:component",
                "predicate": "minecraft:container",
                "value": {
                  "items": {
                    "contains": [
                      {
                        "predicates": {
                          "minecraft:custom_data": {
                            "simpledrawer": {
                              "variant": "single"
                            }
                          }
                        }
                      }
                    ]
                  }
                },
                "on_true": {
                  "type": "minecraft:model",
                  "model": "simpledrawer:item/new_drawer/acacia_1"
                },
                "on_false": {
                  "type": "minecraft:condition",
                  "property": "minecraft:component",
                  "predicate": "minecraft:container",
                  "value": {
                    "items": {
                      "contains": [
                        {
                          "predicates": {
                            "minecraft:custom_data": {
                              "simpledrawer": {
                                "variant": "double"
                              }
                            }
                          }
                        }
                      ]
                    }
                  },
                  "on_true": {
                    "type": "minecraft:model",
                    "model": "simpledrawer:item/new_drawer/acacia_2"
                  },
                  "on_false": {
                    "type": "minecraft:condition",
                    "property": "minecraft:component",
                    "predicate": "minecraft:container",
                    "value": {
                      "items": {
                        "contains": [
                          {
                            "predicates": {
                              "minecraft:custom_data": {
                                "simpledrawer": {
                                  "variant": "quadruple"
                                }
                              }
                            }
                          }
                        ]
                      }
                    },
                    "on_true": {
                      "type": "minecraft:model",
                      "model": "simpledrawer:item/new_drawer/acacia_4"
                    },
                    "on_false": {
                      "type": "minecraft:empty"
                    }
                  }
                }
              },
              "on_false": {
                "type": "minecraft:condition",
                "property": "minecraft:component",
                "predicate": "minecraft:container",
                "value": {
                  "items": {
                    "contains": [
                      {
                        "predicates": {
                          "minecraft:custom_data": {
                            "simpledrawer": {
                              "wood_type": "simpledrawer:compacting"
                            }
                          }
                        }
                      }
                    ]
                  }
                },
                "on_true": {
                  "type": "minecraft:condition",
                  "property": "minecraft:component",
                  "predicate": "minecraft:container",
                  "value": {
                    "items": {
                      "contains": [
                        {
                          "predicates": {
                            "minecraft:custom_data": "{simpledrawer: {slot_count: 1b } }"
                          }
                        }
                      ]
                    }
                  },
                  "on_true": {
                    "type": "minecraft:model",
                    "model": "simpledrawer:item/new_drawer/comp_1"
                  },
                  "on_false": {
                    "type": "minecraft:condition",
                    "property": "minecraft:component",
                    "predicate": "minecraft:container",
                    "value": {
                      "items": {
                        "contains": [
                          {
                            "predicates": {
                              "minecraft:custom_data": "{simpledrawer: {slot_count: 2b } }"
                            }
                          }
                        ]
                      }
                    },
                    "on_true": {
                      "type": "minecraft:model",
                      "model": "simpledrawer:item/new_drawer/comp_2"
                    },
                    "on_false": {
                      "type": "minecraft:condition",
                      "property": "minecraft:component",
                      "predicate": "minecraft:container",
                      "value": {
                        "items": {
                          "contains": [
                            {
                              "predicates": {
                                "minecraft:custom_data": "{simpledrawer: {slot_count: 3b } }"
                              }
                            }
                          ]
                        }
                      },
                      "on_true": {
                        "type": "minecraft:model",
                        "model": "simpledrawer:item/new_drawer/comp_3"
                      },
                      "on_false": {
                        "type": "minecraft:empty"
                      }
                    }
                  }
                },
                "on_false": {
                  "type": "minecraft:condition",
                  "property": "minecraft:component",
                  "predicate": "minecraft:container",
                  "value": {
                    "items": {
                      "contains": [
                        {
                          "predicates": {
                            "minecraft:custom_data": {
                              "simpledrawer": {
                                "wood_type": "simpledrawer:cherry"
                              }
                            }
                          }
                        }
                      ]
                    }
                  },
                  "on_true": {
                    "type": "minecraft:condition",
                    "property": "minecraft:component",
                    "predicate": "minecraft:container",
                    "value": {
                      "items": {
                        "contains": [
                          {
                            "predicates": {
                              "minecraft:custom_data": {
                                "simpledrawer": {
                                  "variant": "single"
                                }
                              }
                            }
                          }
                        ]
                      }
                    },
                    "on_true": {
                      "type": "minecraft:model",
                      "model": "simpledrawer:item/new_drawer/cherry_1"
                    },
                    "on_false": {
                      "type": "minecraft:condition",
                      "property": "minecraft:component",
                      "predicate": "minecraft:container",
                      "value": {
                        "items": {
                          "contains": [
                            {
                              "predicates": {
                                "minecraft:custom_data": {
                                  "simpledrawer": {
                                    "variant": "double"
                                  }
                                }
                              }
                            }
                          ]
                        }
                      },
                      "on_true": {
                        "type": "minecraft:model",
                        "model": "simpledrawer:item/new_drawer/cherry_2"
                      },
                      "on_false": {
                        "type": "minecraft:condition",
                        "property": "minecraft:component",
                        "predicate": "minecraft:container",
                        "value": {
                          "items": {
                            "contains": [
                              {
                                "predicates": {
                                  "minecraft:custom_data": {
                                    "simpledrawer": {
                                      "variant": "quadruple"
                                    }
                                  }
                                }
                              }
                            ]
                          }
                        },
                        "on_true": {
                          "type": "minecraft:model",
                          "model": "simpledrawer:item/new_drawer/cherry_4"
                        },
                        "on_false": {
                          "type": "minecraft:empty"
                        }
                      }
                    }
                  },
                  "on_false": {
                    "type": "minecraft:condition",
                    "property": "minecraft:component",
                    "predicate": "minecraft:container",
                    "value": {
                      "items": {
                        "contains": [
                          {
                            "predicates": {
                              "minecraft:custom_data": {
                                "simpledrawer": {
                                  "wood_type": "simpledrawer:warped"
                                }
                              }
                            }
                          }
                        ]
                      }
                    },
                    "on_true": {
                      "type": "minecraft:condition",
                      "property": "minecraft:component",
                      "predicate": "minecraft:container",
                      "value": {
                        "items": {
                          "contains": [
                            {
                              "predicates": {
                                "minecraft:custom_data": {
                                  "simpledrawer": {
                                    "variant": "single"
                                  }
                                }
                              }
                            }
                          ]
                        }
                      },
                      "on_true": {
                        "type": "minecraft:model",
                        "model": "simpledrawer:item/new_drawer/warped_1"
                      },
                      "on_false": {
                        "type": "minecraft:condition",
                        "property": "minecraft:component",
                        "predicate": "minecraft:container",
                        "value": {
                          "items": {
                            "contains": [
                              {
                                "predicates": {
                                  "minecraft:custom_data": {
                                    "simpledrawer": {
                                      "variant": "double"
                                    }
                                  }
                                }
                              }
                            ]
                          }
                        },
                        "on_true": {
                          "type": "minecraft:model",
                          "model": "simpledrawer:item/new_drawer/warped_2"
                        },
                        "on_false": {
                          "type": "minecraft:condition",
                          "property": "minecraft:component",
                          "predicate": "minecraft:container",
                          "value": {
                            "items": {
                              "contains": [
                                {
                                  "predicates": {
                                    "minecraft:custom_data": {
                                      "simpledrawer": {
                                        "variant": "quadruple"
                                      }
                                    }
                                  }
                                }
                              ]
                            }
                          },
                          "on_true": {
                            "type": "minecraft:model",
                            "model": "simpledrawer:item/new_drawer/warped_4"
                          },
                          "on_false": {
                            "type": "minecraft:empty"
                          }
                        }
                      }
                    },
                    "on_false": {
                      "type": "minecraft:condition",
                      "property": "minecraft:component",
                      "predicate": "minecraft:container",
                      "value": {
                        "items": {
                          "contains": [
                            {
                              "predicates": {
                                "minecraft:custom_data": {
                                  "simpledrawer": {
                                    "wood_type": "simpledrawer:bamboo"
                                  }
                                }
                              }
                            }
                          ]
                        }
                      },
                      "on_true": {
                        "type": "minecraft:condition",
                        "property": "minecraft:component",
                        "predicate": "minecraft:container",
                        "value": {
                          "items": {
                            "contains": [
                              {
                                "predicates": {
                                  "minecraft:custom_data": {
                                    "simpledrawer": {
                                      "variant": "single"
                                    }
                                  }
                                }
                              }
                            ]
                          }
                        },
                        "on_true": {
                          "type": "minecraft:model",
                          "model": "simpledrawer:item/new_drawer/bamboo_1"
                        },
                        "on_false": {
                          "type": "minecraft:condition",
                          "property": "minecraft:component",
                          "predicate": "minecraft:container",
                          "value": {
                            "items": {
                              "contains": [
                                {
                                  "predicates": {
                                    "minecraft:custom_data": {
                                      "simpledrawer": {
                                        "variant": "double"
                                      }
                                    }
                                  }
                                }
                              ]
                            }
                          },
                          "on_true": {
                            "type": "minecraft:model",
                            "model": "simpledrawer:item/new_drawer/bamboo_2"
                          },
                          "on_false": {
                            "type": "minecraft:condition",
                            "property": "minecraft:component",
                            "predicate": "minecraft:container",
                            "value": {
                              "items": {
                                "contains": [
                                  {
                                    "predicates": {
                                      "minecraft:custom_data": {
                                        "simpledrawer": {
                                          "variant": "quadruple"
                                        }
                                      }
                                    }
                                  }
                                ]
                              }
                            },
                            "on_true": {
                              "type": "minecraft:model",
                              "model": "simpledrawer:item/new_drawer/bamboo_4"
                            },
                            "on_false": {
                              "type": "minecraft:empty"
                            }
                          }
                        }
                      },
                      "on_false": {
                        "type": "minecraft:condition",
                        "property": "minecraft:component",
                        "predicate": "minecraft:container",
                        "value": {
                          "items": {
                            "contains": [
                              {
                                "predicates": {
                                  "minecraft:custom_data": {
                                    "simpledrawer": {
                                      "wood_type": "simpledrawer:ice"
                                    }
                                  }
                                }
                              }
                            ]
                          }
                        },
                        "on_true": {
                          "type": "minecraft:condition",
                          "property": "minecraft:component",
                          "predicate": "minecraft:container",
                          "value": {
                            "items": {
                              "contains": [
                                {
                                  "predicates": {
                                    "minecraft:custom_data": {
                                      "simpledrawer": {
                                        "variant": "single"
                                      }
                                    }
                                  }
                                }
                              ]
                            }
                          },
                          "on_true": {
                            "type": "minecraft:model",
                            "model": "simpledrawer:item/new_drawer/ice_1"
                          },
                          "on_false": {
                            "type": "minecraft:condition",
                            "property": "minecraft:component",
                            "predicate": "minecraft:container",
                            "value": {
                              "items": {
                                "contains": [
                                  {
                                    "predicates": {
                                      "minecraft:custom_data": {
                                        "simpledrawer": {
                                          "variant": "double"
                                        }
                                      }
                                    }
                                  }
                                ]
                              }
                            },
                            "on_true": {
                              "type": "minecraft:model",
                              "model": "simpledrawer:item/new_drawer/ice_2"
                            },
                            "on_false": {
                              "type": "minecraft:condition",
                              "property": "minecraft:component",
                              "predicate": "minecraft:container",
                              "value": {
                                "items": {
                                  "contains": [
                                    {
                                      "predicates": {
                                        "minecraft:custom_data": {
                                          "simpledrawer": {
                                            "variant": "quadruple"
                                          }
                                        }
                                      }
                                    }
                                  ]
                                }
                              },
                              "on_true": {
                                "type": "minecraft:model",
                                "model": "simpledrawer:item/new_drawer/ice_4"
                              },
                              "on_false": {
                                "type": "minecraft:empty"
                              }
                            }
                          }
                        },
                        "on_false": {
                          "type": "minecraft:condition",
                          "property": "minecraft:component",
                          "predicate": "minecraft:container",
                          "value": {
                            "items": {
                              "contains": [
                                {
                                  "predicates": {
                                    "minecraft:custom_data": {
                                      "simpledrawer": {
                                        "wood_type": "simpledrawer:crimson"
                                      }
                                    }
                                  }
                                }
                              ]
                            }
                          },
                          "on_true": {
                            "type": "minecraft:condition",
                            "property": "minecraft:component",
                            "predicate": "minecraft:container",
                            "value": {
                              "items": {
                                "contains": [
                                  {
                                    "predicates": {
                                      "minecraft:custom_data": {
                                        "simpledrawer": {
                                          "variant": "single"
                                        }
                                      }
                                    }
                                  }
                                ]
                              }
                            },
                            "on_true": {
                              "type": "minecraft:model",
                              "model": "simpledrawer:item/new_drawer/crimson_1"
                            },
                            "on_false": {
                              "type": "minecraft:condition",
                              "property": "minecraft:component",
                              "predicate": "minecraft:container",
                              "value": {
                                "items": {
                                  "contains": [
                                    {
                                      "predicates": {
                                        "minecraft:custom_data": {
                                          "simpledrawer": {
                                            "variant": "double"
                                          }
                                        }
                                      }
                                    }
                                  ]
                                }
                              },
                              "on_true": {
                                "type": "minecraft:model",
                                "model": "simpledrawer:item/new_drawer/crimson_2"
                              },
                              "on_false": {
                                "type": "minecraft:condition",
                                "property": "minecraft:component",
                                "predicate": "minecraft:container",
                                "value": {
                                  "items": {
                                    "contains": [
                                      {
                                        "predicates": {
                                          "minecraft:custom_data": {
                                            "simpledrawer": {
                                              "variant": "quadruple"
                                            }
                                          }
                                        }
                                      }
                                    ]
                                  }
                                },
                                "on_true": {
                                  "type": "minecraft:model",
                                  "model": "simpledrawer:item/new_drawer/crimson_4"
                                },
                                "on_false": {
                                  "type": "minecraft:empty"
                                }
                              }
                            }
                          },
                          "on_false": {
                            "type": "minecraft:condition",
                            "property": "minecraft:component",
                            "predicate": "minecraft:container",
                            "value": {
                              "items": {
                                "contains": [
                                  {
                                    "predicates": {
                                      "minecraft:custom_data": {
                                        "simpledrawer": {
                                          "wood_type": "simpledrawer:pale_oak"
                                        }
                                      }
                                    }
                                  }
                                ]
                              }
                            },
                            "on_true": {
                              "type": "minecraft:condition",
                              "property": "minecraft:component",
                              "predicate": "minecraft:container",
                              "value": {
                                "items": {
                                  "contains": [
                                    {
                                      "predicates": {
                                        "minecraft:custom_data": {
                                          "simpledrawer": {
                                            "variant": "single"
                                          }
                                        }
                                      }
                                    }
                                  ]
                                }
                              },
                              "on_true": {
                                "type": "minecraft:model",
                                "model": "simpledrawer:item/new_drawer/pale_oak_1"
                              },
                              "on_false": {
                                "type": "minecraft:condition",
                                "property": "minecraft:component",
                                "predicate": "minecraft:container",
                                "value": {
                                  "items": {
                                    "contains": [
                                      {
                                        "predicates": {
                                          "minecraft:custom_data": {
                                            "simpledrawer": {
                                              "variant": "double"
                                            }
                                          }
                                        }
                                      }
                                    ]
                                  }
                                },
                                "on_true": {
                                  "type": "minecraft:model",
                                  "model": "simpledrawer:item/new_drawer/pale_oak_2"
                                },
                                "on_false": {
                                  "type": "minecraft:condition",
                                  "property": "minecraft:component",
                                  "predicate": "minecraft:container",
                                  "value": {
                                    "items": {
                                      "contains": [
                                        {
                                          "predicates": {
                                            "minecraft:custom_data": {
                                              "simpledrawer": {
                                                "variant": "quadruple"
                                              }
                                            }
                                          }
                                        }
                                      ]
                                    }
                                  },
                                  "on_true": {
                                    "type": "minecraft:model",
                                    "model": "simpledrawer:item/new_drawer/pale_oak_4"
                                  },
                                  "on_false": {
                                    "type": "minecraft:empty"
                                  }
                                }
                              }
                            },
                            "on_false": {
                              "type": "minecraft:condition",
                              "property": "minecraft:component",
                              "predicate": "minecraft:container",
                              "value": {
                                "items": {
                                  "contains": [
                                    {
                                      "predicates": {
                                        "minecraft:custom_data": {
                                          "simpledrawer": {
                                            "wood_type": "simpledrawer:oak"
                                          }
                                        }
                                      }
                                    }
                                  ]
                                }
                              },
                              "on_true": {
                                "type": "minecraft:condition",
                                "property": "minecraft:component",
                                "predicate": "minecraft:container",
                                "value": {
                                  "items": {
                                    "contains": [
                                      {
                                        "predicates": {
                                          "minecraft:custom_data": {
                                            "simpledrawer": {
                                              "variant": "single"
                                            }
                                          }
                                        }
                                      }
                                    ]
                                  }
                                },
                                "on_true": {
                                  "type": "minecraft:model",
                                  "model": "simpledrawer:item/new_drawer/oak_1"
                                },
                                "on_false": {
                                  "type": "minecraft:condition",
                                  "property": "minecraft:component",
                                  "predicate": "minecraft:container",
                                  "value": {
                                    "items": {
                                      "contains": [
                                        {
                                          "predicates": {
                                            "minecraft:custom_data": {
                                              "simpledrawer": {
                                                "variant": "double"
                                              }
                                            }
                                          }
                                        }
                                      ]
                                    }
                                  },
                                  "on_true": {
                                    "type": "minecraft:model",
                                    "model": "simpledrawer:item/new_drawer/oak_2"
                                  },
                                  "on_false": {
                                    "type": "minecraft:condition",
                                    "property": "minecraft:component",
                                    "predicate": "minecraft:container",
                                    "value": {
                                      "items": {
                                        "contains": [
                                          {
                                            "predicates": {
                                              "minecraft:custom_data": {
                                                "simpledrawer": {
                                                  "variant": "quadruple"
                                                }
                                              }
                                            }
                                          }
                                        ]
                                      }
                                    },
                                    "on_true": {
                                      "type": "minecraft:model",
                                      "model": "simpledrawer:item/new_drawer/oak_4"
                                    },
                                    "on_false": {
                                      "type": "minecraft:empty"
                                    }
                                  }
                                }
                              },
                              "on_false": {
                                "type": "minecraft:condition",
                                "property": "minecraft:component",
                                "predicate": "minecraft:container",
                                "value": {
                                  "items": {
                                    "contains": [
                                      {
                                        "predicates": {
                                          "minecraft:custom_data": {
                                            "simpledrawer": {
                                              "wood_type": "simpledrawer:jungle"
                                            }
                                          }
                                        }
                                      }
                                    ]
                                  }
                                },
                                "on_true": {
                                  "type": "minecraft:condition",
                                  "property": "minecraft:component",
                                  "predicate": "minecraft:container",
                                  "value": {
                                    "items": {
                                      "contains": [
                                        {
                                          "predicates": {
                                            "minecraft:custom_data": {
                                              "simpledrawer": {
                                                "variant": "single"
                                              }
                                            }
                                          }
                                        }
                                      ]
                                    }
                                  },
                                  "on_true": {
                                    "type": "minecraft:model",
                                    "model": "simpledrawer:item/new_drawer/jungle_1"
                                  },
                                  "on_false": {
                                    "type": "minecraft:condition",
                                    "property": "minecraft:component",
                                    "predicate": "minecraft:container",
                                    "value": {
                                      "items": {
                                        "contains": [
                                          {
                                            "predicates": {
                                              "minecraft:custom_data": {
                                                "simpledrawer": {
                                                  "variant": "double"
                                                }
                                              }
                                            }
                                          }
                                        ]
                                      }
                                    },
                                    "on_true": {
                                      "type": "minecraft:model",
                                      "model": "simpledrawer:item/new_drawer/jungle_2"
                                    },
                                    "on_false": {
                                      "type": "minecraft:condition",
                                      "property": "minecraft:component",
                                      "predicate": "minecraft:container",
                                      "value": {
                                        "items": {
                                          "contains": [
                                            {
                                              "predicates": {
                                                "minecraft:custom_data": {
                                                  "simpledrawer": {
                                                    "variant": "quadruple"
                                                  }
                                                }
                                              }
                                            }
                                          ]
                                        }
                                      },
                                      "on_true": {
                                        "type": "minecraft:model",
                                        "model": "simpledrawer:item/new_drawer/jungle_4"
                                      },
                                      "on_false": {
                                        "type": "minecraft:empty"
                                      }
                                    }
                                  }
                                },
                                "on_false": {
                                  "type": "minecraft:condition",
                                  "property": "minecraft:component",
                                  "predicate": "minecraft:container",
                                  "value": {
                                    "items": {
                                      "contains": [
                                        {
                                          "predicates": {
                                            "minecraft:custom_data": {
                                              "simpledrawer": {
                                                "wood_type": "simpledrawer:spruce"
                                              }
                                            }
                                          }
                                        }
                                      ]
                                    }
                                  },
                                  "on_true": {
                                    "type": "minecraft:condition",
                                    "property": "minecraft:component",
                                    "predicate": "minecraft:container",
                                    "value": {
                                      "items": {
                                        "contains": [
                                          {
                                            "predicates": {
                                              "minecraft:custom_data": {
                                                "simpledrawer": {
                                                  "variant": "single"
                                                }
                                              }
                                            }
                                          }
                                        ]
                                      }
                                    },
                                    "on_true": {
                                      "type": "minecraft:model",
                                      "model": "simpledrawer:item/new_drawer/spruce_1"
                                    },
                                    "on_false": {
                                      "type": "minecraft:condition",
                                      "property": "minecraft:component",
                                      "predicate": "minecraft:container",
                                      "value": {
                                        "items": {
                                          "contains": [
                                            {
                                              "predicates": {
                                                "minecraft:custom_data": {
                                                  "simpledrawer": {
                                                    "variant": "double"
                                                  }
                                                }
                                              }
                                            }
                                          ]
                                        }
                                      },
                                      "on_true": {
                                        "type": "minecraft:model",
                                        "model": "simpledrawer:item/new_drawer/spruce_2"
                                      },
                                      "on_false": {
                                        "type": "minecraft:condition",
                                        "property": "minecraft:component",
                                        "predicate": "minecraft:container",
                                        "value": {
                                          "items": {
                                            "contains": [
                                              {
                                                "predicates": {
                                                  "minecraft:custom_data": {
                                                    "simpledrawer": {
                                                      "variant": "quadruple"
                                                    }
                                                  }
                                                }
                                              }
                                            ]
                                          }
                                        },
                                        "on_true": {
                                          "type": "minecraft:model",
                                          "model": "simpledrawer:item/new_drawer/spruce_4"
                                        },
                                        "on_false": {
                                          "type": "minecraft:empty"
                                        }
                                      }
                                    }
                                  },
                                  "on_false": {
                                    "type": "minecraft:empty"
                                  }
                                }
                              }
                            }
                          }
                        }
                      }
                    }
                  }
                }
              }
            }
          }
        }
      },
      {
        "type": "minecraft:condition",
        "property": "minecraft:component",
        "predicate": "minecraft:container",
        "value": {
          "items": {
            "contains": [
              {
                "predicates": {
                  "minecraft:custom_data": "{simpledrawer: {items_counts: {0: 0, 1: 0, 2: 0, 3: 0, 4: 0, 5: 0, 6: 0, 7: 0, 8: 0, 9: 0, 10: 0, 11: 0, 12: 0, 13: 0, 14: 0, 15: 0, 16: 0, 17: 0, 18: 0, 19: 0, 20: 0, 21: 0, 22: 0, 23: 0, 24: 0, 25: 0, 26: 0}}}"
                }
              }
            ]
          }
        },
        "on_true": {
          "type": "minecraft:composite",
          "models": [
            {
              "type": "minecraft:condition",
              "property": "minecraft:component",
              "predicate": "minecraft:container",
              "value": {
                "items": {
                  "contains": [
                    {
                      "predicates": {
                        "minecraft:custom_data": {
                          "simpledrawer": {
                            "upgrade": "iron"
                          }
                        }
                      }
                    }
                  ]
                }
              },
              "on_true": {
                "type": "minecraft:select",
                "property": "minecraft:display_context",
                "cases": [
                  {
                    "when": "gui",
                    "model": {
                      "type": "minecraft:model",
                      "model": "simpledrawer:item/new_drawer/iron_upgrade_gui"
                    }
                  },
                  {
                    "when": "none",
                    "model": {
                      "type": "minecraft:model",
                      "model": "simpledrawer:item/new_drawer/iron_upgrade"
                    }
                  },
                  {
                    "when": "thirdperson_lefthand",
                    "model": {
                      "type": "minecraft:model",
                      "model": "simpledrawer:item/new_drawer/iron_upgrade"
                    }
                  },
                  {
                    "when": "thirdperson_righthand",
                    "model": {
                      "type": "minecraft:model",
                      "model": "simpledrawer:item/new_drawer/iron_upgrade"
                    }
                  },
                  {
                    "when": "firstperson_lefthand",
                    "model": {
                      "type": "minecraft:model",
                      "model": "simpledrawer:item/new_drawer/iron_upgrade"
                    }
                  },
                  {
                    "when": "firstperson_righthand",
                    "model": {
                      "type": "minecraft:model",
                      "model": "simpledrawer:item/new_drawer/iron_upgrade"
                    }
                  },
                  {
                    "when": "head",
                    "model": {
                      "type": "minecraft:model",
                      "model": "simpledrawer:item/new_drawer/iron_upgrade"
                    }
                  },
                  {
                    "when": "ground",
                    "model": {
                      "type": "minecraft:model",
                      "model": "simpledrawer:item/new_drawer/iron_upgrade"
                    }
                  },
                  {
                    "when": "fixed",
                    "model": {
                      "type": "minecraft:model",
                      "model": "simpledrawer:item/new_drawer/iron_upgrade"
                    }
                  },
                  {
                    "when": "on_shelf",
                    "model": {
                      "type": "minecraft:model",
                      "model": "simpledrawer:item/new_drawer/iron_upgrade"
                    }
                  }
                ]
              },
              "on_false": {
                "type": "minecraft:condition",
                "property": "minecraft:component",
                "predicate": "minecraft:container",
                "value": {
                  "items": {
                    "contains": [
                      {
                        "predicates": {
                          "minecraft:custom_data": {
                            "simpledrawer": {
                              "upgrade": "gold"
                            }
                          }
                        }
                      }
                    ]
                  }
                },
                "on_true": {
                  "type": "minecraft:select",
                  "property": "minecraft:display_context",
                  "cases": [
                    {
                      "when": "gui",
                      "model": {
                        "type": "minecraft:model",
                        "model": "simpledrawer:item/new_drawer/gold_upgrade_gui"
                      }
                    },
                    {
                      "when": "none",
                      "model": {
                        "type": "minecraft:model",
                        "model": "simpledrawer:item/new_drawer/gold_upgrade"
                      }
                    },
                    {
                      "when": "thirdperson_lefthand",
                      "model": {
                        "type": "minecraft:model",
                        "model": "simpledrawer:item/new_drawer/gold_upgrade"
                      }
                    },
                    {
                      "when": "thirdperson_righthand",
                      "model": {
                        "type": "minecraft:model",
                        "model": "simpledrawer:item/new_drawer/gold_upgrade"
                      }
                    },
                    {
                      "when": "firstperson_lefthand",
                      "model": {
                        "type": "minecraft:model",
                        "model": "simpledrawer:item/new_drawer/gold_upgrade"
                      }
                    },
                    {
                      "when": "firstperson_righthand",
                      "model": {
                        "type": "minecraft:model",
                        "model": "simpledrawer:item/new_drawer/gold_upgrade"
                      }
                    },
                    {
                      "when": "head",
                      "model": {
                        "type": "minecraft:model",
                        "model": "simpledrawer:item/new_drawer/gold_upgrade"
                      }
                    },
                    {
                      "when": "ground",
                      "model": {
                        "type": "minecraft:model",
                        "model": "simpledrawer:item/new_drawer/gold_upgrade"
                      }
                    },
                    {
                      "when": "fixed",
                      "model": {
                        "type": "minecraft:model",
                        "model": "simpledrawer:item/new_drawer/gold_upgrade"
                      }
                    },
                    {
                      "when": "on_shelf",
                      "model": {
                        "type": "minecraft:model",
                        "model": "simpledrawer:item/new_drawer/gold_upgrade"
                      }
                    }
                  ]
                },
                "on_false": {
                  "type": "minecraft:condition",
                  "property": "minecraft:component",
                  "predicate": "minecraft:container",
                  "value": {
                    "items": {
                      "contains": [
                        {
                          "predicates": {
                            "minecraft:custom_data": {
                              "simpledrawer": {
                                "upgrade": "diamond"
                              }
                            }
                          }
                        }
                      ]
                    }
                  },
                  "on_true": {
                    "type": "minecraft:select",
                    "property": "minecraft:display_context",
                    "cases": [
                      {
                        "when": "gui",
                        "model": {
                          "type": "minecraft:model",
                          "model": "simpledrawer:item/new_drawer/diamond_upgrade_gui"
                        }
                      },
                      {
                        "when": "none",
                        "model": {
                          "type": "minecraft:model",
                          "model": "simpledrawer:item/new_drawer/diamond_upgrade"
                        }
                      },
                      {
                        "when": "thirdperson_lefthand",
                        "model": {
                          "type": "minecraft:model",
                          "model": "simpledrawer:item/new_drawer/diamond_upgrade"
                        }
                      },
                      {
                        "when": "thirdperson_righthand",
                        "model": {
                          "type": "minecraft:model",
                          "model": "simpledrawer:item/new_drawer/diamond_upgrade"
                        }
                      },
                      {
                        "when": "firstperson_lefthand",
                        "model": {
                          "type": "minecraft:model",
                          "model": "simpledrawer:item/new_drawer/diamond_upgrade"
                        }
                      },
                      {
                        "when": "firstperson_righthand",
                        "model": {
                          "type": "minecraft:model",
                          "model": "simpledrawer:item/new_drawer/diamond_upgrade"
                        }
                      },
                      {
                        "when": "head",
                        "model": {
                          "type": "minecraft:model",
                          "model": "simpledrawer:item/new_drawer/diamond_upgrade"
                        }
                      },
                      {
                        "when": "ground",
                        "model": {
                          "type": "minecraft:model",
                          "model": "simpledrawer:item/new_drawer/diamond_upgrade"
                        }
                      },
                      {
                        "when": "fixed",
                        "model": {
                          "type": "minecraft:model",
                          "model": "simpledrawer:item/new_drawer/diamond_upgrade"
                        }
                      },
                      {
                        "when": "on_shelf",
                        "model": {
                          "type": "minecraft:model",
                          "model": "simpledrawer:item/new_drawer/diamond_upgrade"
                        }
                      }
                    ]
                  },
                  "on_false": {
                    "type": "minecraft:condition",
                    "property": "minecraft:component",
                    "predicate": "minecraft:container",
                    "value": {
                      "items": {
                        "contains": [
                          {
                            "predicates": {
                              "minecraft:custom_data": {
                                "simpledrawer": {
                                  "upgrade": "star"
                                }
                              }
                            }
                          }
                        ]
                      }
                    },
                    "on_true": {
                      "type": "minecraft:select",
                      "property": "minecraft:display_context",
                      "cases": [
                        {
                          "when": "gui",
                          "model": {
                            "type": "minecraft:model",
                            "model": "simpledrawer:item/new_drawer/star_upgrade_gui"
                          }
                        },
                        {
                          "when": "none",
                          "model": {
                            "type": "minecraft:model",
                            "model": "simpledrawer:item/new_drawer/star_upgrade"
                          }
                        },
                        {
                          "when": "thirdperson_lefthand",
                          "model": {
                            "type": "minecraft:model",
                            "model": "simpledrawer:item/new_drawer/star_upgrade"
                          }
                        },
                        {
                          "when": "thirdperson_righthand",
                          "model": {
                            "type": "minecraft:model",
                            "model": "simpledrawer:item/new_drawer/star_upgrade"
                          }
                        },
                        {
                          "when": "firstperson_lefthand",
                          "model": {
                            "type": "minecraft:model",
                            "model": "simpledrawer:item/new_drawer/star_upgrade"
                          }
                        },
                        {
                          "when": "firstperson_righthand",
                          "model": {
                            "type": "minecraft:model",
                            "model": "simpledrawer:item/new_drawer/star_upgrade"
                          }
                        },
                        {
                          "when": "head",
                          "model": {
                            "type": "minecraft:model",
                            "model": "simpledrawer:item/new_drawer/star_upgrade"
                          }
                        },
                        {
                          "when": "ground",
                          "model": {
                            "type": "minecraft:model",
                            "model": "simpledrawer:item/new_drawer/star_upgrade"
                          }
                        },
                        {
                          "when": "fixed",
                          "model": {
                            "type": "minecraft:model",
                            "model": "simpledrawer:item/new_drawer/star_upgrade"
                          }
                        },
                        {
                          "when": "on_shelf",
                          "model": {
                            "type": "minecraft:model",
                            "model": "simpledrawer:item/new_drawer/star_upgrade"
                          }
                        }
                      ]
                    },
                    "on_false": {
                      "type": "minecraft:condition",
                      "property": "minecraft:component",
                      "predicate": "minecraft:container",
                      "value": {
                        "items": {
                          "contains": [
                            {
                              "predicates": {
                                "minecraft:custom_data": {
                                  "simpledrawer": {
                                    "upgrade": "netherite"
                                  }
                                }
                              }
                            }
                          ]
                        }
                      },
                      "on_true": {
                        "type": "minecraft:select",
                        "property": "minecraft:display_context",
                        "cases": [
                          {
                            "when": "gui",
                            "model": {
                              "type": "minecraft:model",
                              "model": "simpledrawer:item/new_drawer/netherite_upgrade_gui"
                            }
                          },
                          {
                            "when": "none",
                            "model": {
                              "type": "minecraft:model",
                              "model": "simpledrawer:item/new_drawer/netherite_upgrade"
                            }
                          },
                          {
                            "when": "thirdperson_lefthand",
                            "model": {
                              "type": "minecraft:model",
                              "model": "simpledrawer:item/new_drawer/netherite_upgrade"
                            }
                          },
                          {
                            "when": "thirdperson_righthand",
                            "model": {
                              "type": "minecraft:model",
                              "model": "simpledrawer:item/new_drawer/netherite_upgrade"
                            }
                          },
                          {
                            "when": "firstperson_lefthand",
                            "model": {
                              "type": "minecraft:model",
                              "model": "simpledrawer:item/new_drawer/netherite_upgrade"
                            }
                          },
                          {
                            "when": "firstperson_righthand",
                            "model": {
                              "type": "minecraft:model",
                              "model": "simpledrawer:item/new_drawer/netherite_upgrade"
                            }
                          },
                          {
                            "when": "head",
                            "model": {
                              "type": "minecraft:model",
                              "model": "simpledrawer:item/new_drawer/netherite_upgrade"
                            }
                          },
                          {
                            "when": "ground",
                            "model": {
                              "type": "minecraft:model",
                              "model": "simpledrawer:item/new_drawer/netherite_upgrade"
                            }
                          },
                          {
                            "when": "fixed",
                            "model": {
                              "type": "minecraft:model",
                              "model": "simpledrawer:item/new_drawer/netherite_upgrade"
                            }
                          },
                          {
                            "when": "on_shelf",
                            "model": {
                              "type": "minecraft:model",
                              "model": "simpledrawer:item/new_drawer/netherite_upgrade"
                            }
                          }
                        ]
                      },
                      "on_false": {
                        "type": "minecraft:empty"
                      }
                    }
                  }
                }
              }
            },
            {
              "type": "minecraft:condition",
              "property": "minecraft:component",
              "predicate": "minecraft:container",
              "value": {
                "items": {
                  "contains": [
                    {
                      "predicates": {
                        "minecraft:custom_data": "{simpledrawer: {hopper: 1b}}"
                      }
                    }
                  ]
                }
              },
              "on_true": {
                "type": "minecraft:select",
                "property": "minecraft:display_context",
                "cases": [
                  {
                    "when": "gui",
                    "model": {
                      "type": "minecraft:model",
                      "model": "simpledrawer:item/new_drawer/hopper_upgrade_gui"
                    }
                  },
                  {
                    "when": "none",
                    "model": {
                      "type": "minecraft:model",
                      "model": "simpledrawer:item/new_drawer/hopper_upgrade"
                    }
                  },
                  {
                    "when": "thirdperson_lefthand",
                    "model": {
                      "type": "minecraft:model",
                      "model": "simpledrawer:item/new_drawer/hopper_upgrade"
                    }
                  },
                  {
                    "when": "thirdperson_righthand",
                    "model": {
                      "type": "minecraft:model",
                      "model": "simpledrawer:item/new_drawer/hopper_upgrade"
                    }
                  },
                  {
                    "when": "firstperson_lefthand",
                    "model": {
                      "type": "minecraft:model",
                      "model": "simpledrawer:item/new_drawer/hopper_upgrade"
                    }
                  },
                  {
                    "when": "firstperson_righthand",
                    "model": {
                      "type": "minecraft:model",
                      "model": "simpledrawer:item/new_drawer/hopper_upgrade"
                    }
                  },
                  {
                    "when": "head",
                    "model": {
                      "type": "minecraft:model",
                      "model": "simpledrawer:item/new_drawer/hopper_upgrade"
                    }
                  },
                  {
                    "when": "ground",
                    "model": {
                      "type": "minecraft:model",
                      "model": "simpledrawer:item/new_drawer/hopper_upgrade"
                    }
                  },
                  {
                    "when": "fixed",
                    "model": {
                      "type": "minecraft:model",
                      "model": "simpledrawer:item/new_drawer/hopper_upgrade"
                    }
                  },
                  {
                    "when": "on_shelf",
                    "model": {
                      "type": "minecraft:model",
                      "model": "simpledrawer:item/new_drawer/hopper_upgrade"
                    }
                  }
                ]
              },
              "on_false": {
                "type": "minecraft:empty"
              }
            }
          ]
        },
        "on_false": {
          "type": "minecraft:model",
          "model": "simpledrawer:item/new_drawer/tapped"
        }
      }
    ]
  },
  "oversized_in_gui": true
}
