{"providers": [
	{ "type": "bitmap", "file": "simplenergy:font/none.png",	"ascent": 8, "height": 19, "chars": ["\uec00"] },
	{ "type": "bitmap", "file": "simplenergy:font/none.png",	"ascent": 8, "height": 13, "chars": ["\uec01\uec01"] },
	{ "type": "bitmap", "file": "simplenergy:font/page_1.png",	"ascent": 12, "height": 139, "chars": ["\uec02"] },
	{ "type": "bitmap", "file": "simplenergy:font/page_2.png",	"ascent": 12, "height": 139, "chars": ["\uec03"] },
	{ "type": "bitmap", "file": "simplenergy:font/page_3.png",	"ascent": 12, "height": 139, "chars": ["\uec04"] },
	{ "type": "bitmap", "file": "simplenergy:font/page_4.png",	"ascent": 12, "height": 139, "chars": ["\uec05"] },
	{ "type": "bitmap", "file": "simplenergy:font/page_5.png",	"ascent": 12, "height": 139, "chars": ["\uec06"] },
	{ "type": "bitmap", "file": "simplenergy:font/page_6.png",	"ascent": 12, "height": 139, "chars": ["\uec07"] },
	{ "type": "bitmap", "file": "simplenergy:font/page_7.png",	"ascent": 12, "height": 139, "chars": ["\uec08"] },
	{ "type": "bitmap", "file": "simplenergy:font/page_8.png",	"ascent": 12, "height": 139, "chars": ["\uec09"] },
	{ "type": "bitmap", "file": "simplenergy:font/page_9.png",	"ascent": 12, "height": 139, "chars": ["\uec0A"] },
	{ "type": "bitmap", "file": "simplenergy:font/page_10.png",	"ascent": 12, "height": 139, "chars": ["\uec0B"] },
	{ "type": "bitmap", "file": "simplenergy:font/page_11.png",	"ascent": 12, "height": 139, "chars": ["\uec0C"] },
	{ "type": "bitmap", "file": "simplenergy:font/page_12.png",	"ascent": 12, "height": 139, "chars": ["\uec0D"] },
	{ "type": "bitmap", "file": "simplenergy:font/page_13.png",	"ascent": 12, "height": 139, "chars": ["\uec0E"] },
	{ "type": "bitmap", "file": "simplenergy:font/page_14.png",	"ascent": 12, "height": 139, "chars": ["\uec0F"] },
	{ "type": "bitmap", "file": "simplenergy:font/page_15.png",	"ascent": 12, "height": 139, "chars": ["\uec10"] },
	{ "type": "bitmap", "file": "simplenergy:font/page_16.png",	"ascent": 12, "height": 139, "chars": ["\uec11"] },
	{ "type": "bitmap", "file": "simplenergy:font/page_17.png",	"ascent": 12, "height": 139, "chars": ["\uec12"] },
	{ "type": "bitmap", "file": "simplenergy:font/page_18.png",	"ascent": 12, "height": 139, "chars": ["\uec13"] },
	{ "type": "bitmap", "file": "simplenergy:font/page_19.png",	"ascent": 12, "height": 139, "chars": ["\uec14"] }
]}
