{
    "parent": "item/handheld",
  	"textures": {
    	"layer0": "item/diamond_pickaxe"
  	},
    "overrides": [
		{ "predicate": { "custom_model_data": 2013119 }, "model": "stardust:equipments/original_stardust_pickaxe" },
		{ "predicate": { "custom_model_data": 2013126 }, "model": "stardust:equipments/legendary_pickaxe" },
		{ "predicate": { "custom_model_data": 2013133 }, "model": "stardust:equipments/solar_pickaxe" },
		{ "predicate": { "custom_model_data": 2013140 }, "model": "stardust:equipments/dark_pickaxe" }
	]
}
