{
	"parent": "block/barrel",
	"overrides": [
		{ "predicate": { "custom_model_data": 2012303 }, "model": "simplenergy:blocks/solar_panel" },

		{ "predicate": { "custom_model_data": 2013331 }, "model": "stardust:others/machines/stardust_solar_panel" },
		{ "predicate": { "custom_model_data": 2013332 }, "model": "stardust:others/machines/awakened_solar_panel" },
		{ "predicate": { "custom_model_data": 2013333 }, "model": "stardust:others/machines/legendarium_solar_panel" },
		{ "predicate": { "custom_model_data": 2013334 }, "model": "stardust:others/machines/solarium_solar_panel" },
		{ "predicate": { "custom_model_data": 2013335 }, "model": "stardust:others/machines/darkium_solar_panel" }
	]
}
