{
    "parent": "item/handheld_rod",
    "textures": {
        "layer0": "item/warped_fungus_on_a_stick"
    },
    "overrides": [
		{ "predicate": { "custom_model_data": 2012900 }, "model": "simplenergy:joulemeter" },
		
		{ "predicate": { "custom_model_data": 2013152 }, "model": "stardust:equipments/stardust_sniper" },
		{ "predicate": { "custom_model_data": 2013153 }, "model": "stardust:equipments/awakened_stardust_sniper" },
		{ "predicate": { "custom_model_data": 2013154 }, "model": "stardust:equipments/ultimate_sniper" },
		{ "predicate": { "custom_model_data": 2013170 }, "model": "stardust:equipments/travel_staff" },
		{ "predicate": { "custom_model_data": 2013171 }, "model": "stardust:equipments/wormhole_potion" },
		{ "predicate": { "custom_model_data": 2013224 }, "model": "stardust:others/wither_killer" },
		{ "predicate": { "custom_model_data": 2013228 }, "model": "stardust:others/stardust_pillar" },
		{ "predicate": { "custom_model_data": 2013230 }, "model": "stardust:others/quarry_configurator" },
		{ "predicate": { "custom_model_data": 2013256 }, "model": "stardust:others/lucky_artifact_bag" }
	]
}
