{
  "pools": [
    {
      "rolls": 1,
      "entries": [
        {
          "type": "minecraft:item",
          "name": "minecraft:player_head",
          "functions": [
            {
              "function": "minecraft:set_components",
              "components": {
                "minecraft:lore": [
                  {
                    "translate": "stardust.transfer_600_kw",
                    "italic": false,
                    "color": "gray"
                  },
                  [
                    "",
                    {
                      "text": "I",
                      "color": "white",
                      "italic": false,
                      "font": "stardust:icons"
                    },
                    {
                      "translate": "stardustfragment",
                      "italic": true,
                      "color": "blue"
                    }
                  ]
                ],
                "minecraft:profile": {
                  "id": [
                    -709098200,
                    1001541428,
                    -2043264882,
                    -430220135
                  ],
                  "properties": [
                    {
                      "name": "textures",
                      "value": "eyJ0ZXh0dXJlcyI6eyJTS0lOIjp7InVybCI6Imh0dHA6Ly90ZXh0dXJlcy5taW5lY3JhZnQubmV0L3RleHR1cmUvM2Y4NDVlMzBlNmVjOGI0N2RmZWUxMzI5NmQzYjQ3NzY5YzVjMGE5Nzc3YzNkNTk2ZWJiNDA3ZmY3OTcwNDE1ZCJ9fX0="
                    }
                  ]
                },
                "minecraft:item_name": "Stardust Cable",
                "minecraft:custom_data": {
                  "stardust": {
                    "stardust_cable": true
                  },
                  "smithed": {
                    "ignore": {
                      "functionality": true,
                      "crafting": true
                    }
                  }
                }
              }
            }
          ]
        }
      ]
    }
  ]
}
