{
  "providers": [
    {
      "type": "bitmap",
      "file": "stardust:font/category/materials_1.png",
      "ascent": 0,
      "height": 130,
      "chars": [
        "\u1023"
      ]
    },
    {
      "type": "bitmap",
      "file": "stardust:font/high_res/awakened_stardust_block.png",
      "ascent": 7,
      "height": 16,
      "chars": [
        "\u8021"
      ]
    },
    {
      "type": "bitmap",
      "file": "stardust:font/high_res/awakened_stardust.png",
      "ascent": 7,
      "height": 16,
      "chars": [
        "\u8023"
      ]
    },
    {
      "type": "bitmap",
      "file": "stardust:font/high_res/legendarium_block.png",
      "ascent": 7,
      "height": 16,
      "chars": [
        "\u8025"
      ]
    },
    {
      "type": "bitmap",
      "file": "stardust:font/high_res/legendarium_ingot.png",
      "ascent": 7,
      "height": 16,
      "chars": [
        "\u8027"
      ]
    },
    {
      "type": "bitmap",
      "file": "stardust:font/high_res/legendarium_fragment.png",
      "ascent": 7,
      "height": 16,
      "chars": [
        "\u8029"
      ]
    },
    {
      "type": "bitmap",
      "file": "stardust:font/high_res/solarium_block.png",
      "ascent": 7,
      "height": 16,
      "chars": [
        "\u802b"
      ]
    },
    {
      "type": "bitmap",
      "file": "stardust:font/high_res/solarium_ingot.png",
      "ascent": 7,
      "height": 16,
      "chars": [
        "\u802d"
      ]
    },
    {
      "type": "bitmap",
      "file": "stardust:font/high_res/solarium_fragment.png",
      "ascent": 7,
      "height": 16,
      "chars": [
        "\u802f"
      ]
    },
    {
      "type": "bitmap",
      "file": "stardust:font/high_res/darkium_block.png",
      "ascent": 7,
      "height": 16,
      "chars": [
        "\u8031"
      ]
    },
    {
      "type": "bitmap",
      "file": "stardust:font/high_res/darkium_ingot.png",
      "ascent": 7,
      "height": 16,
      "chars": [
        "\u8033"
      ]
    },
    {
      "type": "bitmap",
      "file": "stardust:font/high_res/darkium_fragment.png",
      "ascent": 7,
      "height": 16,
      "chars": [
        "\u8035"
      ]
    },
    {
      "type": "bitmap",
      "file": "stardust:font/high_res/ultimate_ingot.png",
      "ascent": 7,
      "height": 16,
      "chars": [
        "\u8037"
      ]
    },
    {
      "type": "bitmap",
      "file": "stardust:font/high_res/ultimate_fragment.png",
      "ascent": 7,
      "height": 16,
      "chars": [
        "\u8039"
      ]
    },
    {
      "type": "bitmap",
      "file": "stardust:font/high_res/stardust_ore.png",
      "ascent": 7,
      "height": 16,
      "chars": [
        "\u803b"
      ]
    },
    {
      "type": "bitmap",
      "file": "stardust:font/high_res/deepslate_stardust_ore.png",
      "ascent": 7,
      "height": 16,
      "chars": [
        "\u803d"
      ]
    },
    {
      "type": "bitmap",
      "file": "stardust:font/high_res/nether_stardust_ore.png",
      "ascent": 7,
      "height": 16,
      "chars": [
        "\u803f"
      ]
    },
    {
      "type": "bitmap",
      "file": "stardust:font/high_res/ender_stardust_ore.png",
      "ascent": 7,
      "height": 16,
      "chars": [
        "\u8041"
      ]
    },
    {
      "type": "bitmap",
      "file": "stardust:font/high_res/stardust_fragment.png",
      "ascent": 7,
      "height": 16,
      "chars": [
        "\u8043"
      ]
    },
    {
      "type": "bitmap",
      "file": "stardust:font/high_res/stardust_ingot.png",
      "ascent": 7,
      "height": 16,
      "chars": [
        "\u8045"
      ]
    },
    {
      "type": "bitmap",
      "file": "stardust:font/high_res/stardust_block.png",
      "ascent": 7,
      "height": 16,
      "chars": [
        "\u8047"
      ]
    },
    {
      "type": "bitmap",
      "file": "stardust:font/high_res/stardust_essence.png",
      "ascent": 7,
      "height": 16,
      "chars": [
        "\u8049"
      ]
    },
    {
      "type": "bitmap",
      "file": "stardust:font/high_res/stardust_core.png",
      "ascent": 7,
      "height": 16,
      "chars": [
        "\u804b"
      ]
    },
    {
      "type": "bitmap",
      "file": "stardust:font/high_res/compacted_stardust.png",
      "ascent": 7,
      "height": 16,
      "chars": [
        "\u804d"
      ]
    },
    {
      "type": "bitmap",
      "file": "stardust:font/high_res/very_compacted_stardust.png",
      "ascent": 7,
      "height": 16,
      "chars": [
        "\u804f"
      ]
    },
    {
      "type": "bitmap",
      "file": "stardust:font/high_res/dragon_pearl.png",
      "ascent": 7,
      "height": 16,
      "chars": [
        "\u8051"
      ]
    },
    {
      "type": "bitmap",
      "file": "stardust:font/category/materials_2.png",
      "ascent": 0,
      "height": 130,
      "chars": [
        "\u1024"
      ]
    },
    {
      "type": "bitmap",
      "file": "stardust:font/high_res/ender_dragon_pearl.png",
      "ascent": 7,
      "height": 16,
      "chars": [
        "\u8053"
      ]
    },
    {
      "type": "bitmap",
      "file": "stardust:font/high_res/ultimate_core.png",
      "ascent": 7,
      "height": 16,
      "chars": [
        "\u8055"
      ]
    },
    {
      "type": "bitmap",
      "file": "stardust:font/high_res/compressed_cobblestone.png",
      "ascent": 7,
      "height": 16,
      "chars": [
        "\u8057"
      ]
    },
    {
      "type": "bitmap",
      "file": "stardust:font/high_res/double_compressed_cobblestone.png",
      "ascent": 7,
      "height": 16,
      "chars": [
        "\u8059"
      ]
    },
    {
      "type": "bitmap",
      "file": "stardust:font/high_res/triple_compressed_cobblestone.png",
      "ascent": 7,
      "height": 16,
      "chars": [
        "\u805b"
      ]
    },
    {
      "type": "bitmap",
      "file": "stardust:font/high_res/quadruple_compressed_cobblestone.png",
      "ascent": 7,
      "height": 16,
      "chars": [
        "\u805d"
      ]
    },
    {
      "type": "bitmap",
      "file": "stardust:font/high_res/quintuple_compressed_cobblestone.png",
      "ascent": 7,
      "height": 16,
      "chars": [
        "\u805f"
      ]
    },
    {
      "type": "bitmap",
      "file": "stardust:font/high_res/sextuple_compressed_cobblestone.png",
      "ascent": 7,
      "height": 16,
      "chars": [
        "\u8061"
      ]
    },
    {
      "type": "bitmap",
      "file": "stardust:font/high_res/septuple_compressed_cobblestone.png",
      "ascent": 7,
      "height": 16,
      "chars": [
        "\u8063"
      ]
    },
    {
      "type": "bitmap",
      "file": "stardust:font/high_res/octuple_compressed_cobblestone.png",
      "ascent": 7,
      "height": 16,
      "chars": [
        "\u8065"
      ]
    },
    {
      "type": "bitmap",
      "file": "stardust:font/high_res/stardust_frame.png",
      "ascent": 7,
      "height": 16,
      "chars": [
        "\u8067"
      ]
    },
    {
      "type": "bitmap",
      "file": "stardust:font/high_res/awakened_stardust_frame.png",
      "ascent": 7,
      "height": 16,
      "chars": [
        "\u8069"
      ]
    },
    {
      "type": "bitmap",
      "file": "stardust:font/high_res/ultimate_frame.png",
      "ascent": 7,
      "height": 16,
      "chars": [
        "\u806b"
      ]
    },
    {
      "type": "bitmap",
      "file": "stardust:font/high_res/mirror.png",
      "ascent": 7,
      "height": 16,
      "chars": [
        "\u806d"
      ]
    },
    {
      "type": "bitmap",
      "file": "stardust:font/high_res/stardust_photovoltaic_cell.png",
      "ascent": 7,
      "height": 16,
      "chars": [
        "\u806f"
      ]
    },
    {
      "type": "bitmap",
      "file": "stardust:font/high_res/awakened_photovoltaic_cell.png",
      "ascent": 7,
      "height": 16,
      "chars": [
        "\u8071"
      ]
    },
    {
      "type": "bitmap",
      "file": "stardust:font/high_res/legendarium_photovoltaic_cell.png",
      "ascent": 7,
      "height": 16,
      "chars": [
        "\u8073"
      ]
    },
    {
      "type": "bitmap",
      "file": "stardust:font/high_res/solarium_photovoltaic_cell.png",
      "ascent": 7,
      "height": 16,
      "chars": [
        "\u8075"
      ]
    },
    {
      "type": "bitmap",
      "file": "stardust:font/high_res/darkium_photovoltaic_cell.png",
      "ascent": 7,
      "height": 16,
      "chars": [
        "\u8077"
      ]
    },
    {
      "type": "bitmap",
      "file": "stardust:font/high_res/ultimate_photovoltaic_cell.png",
      "ascent": 7,
      "height": 16,
      "chars": [
        "\u8079"
      ]
    },
    {
      "type": "bitmap",
      "file": "stardust:font/high_res/empty_module.png",
      "ascent": 7,
      "height": 16,
      "chars": [
        "\u807b"
      ]
    },
    {
      "type": "bitmap",
      "file": "stardust:font/category/material.png",
      "ascent": 0,
      "height": 130,
      "chars": [
        "\u1025"
      ]
    },
    {
      "type": "bitmap",
      "file": "stardust:font/high_res/awakened_stardust_ore.png",
      "ascent": 7,
      "height": 16,
      "chars": [
        "\u807d"
      ]
    },
    {
      "type": "bitmap",
      "file": "stardust:font/category/equipment_1.png",
      "ascent": 0,
      "height": 130,
      "chars": [
        "\u1026"
      ]
    },
    {
      "type": "bitmap",
      "file": "stardust:font/high_res/damaged_stardust_helmet.png",
      "ascent": 7,
      "height": 16,
      "chars": [
        "\u807f"
      ]
    },
    {
      "type": "bitmap",
      "file": "stardust:font/high_res/damaged_stardust_chestplate.png",
      "ascent": 7,
      "height": 16,
      "chars": [
        "\u8081"
      ]
    },
    {
      "type": "bitmap",
      "file": "stardust:font/high_res/damaged_stardust_leggings.png",
      "ascent": 7,
      "height": 16,
      "chars": [
        "\u8083"
      ]
    },
    {
      "type": "bitmap",
      "file": "stardust:font/high_res/damaged_stardust_boots.png",
      "ascent": 7,
      "height": 16,
      "chars": [
        "\u8085"
      ]
    },
    {
      "type": "bitmap",
      "file": "stardust:font/high_res/damaged_stardust_pickaxe.png",
      "ascent": 7,
      "height": 16,
      "chars": [
        "\u8087"
      ]
    },
    {
      "type": "bitmap",
      "file": "stardust:font/high_res/damaged_stardust_axe.png",
      "ascent": 7,
      "height": 16,
      "chars": [
        "\u8089"
      ]
    },
    {
      "type": "bitmap",
      "file": "stardust:font/high_res/reinforced_stardust_helmet.png",
      "ascent": 7,
      "height": 16,
      "chars": [
        "\u808b"
      ]
    },
    {
      "type": "bitmap",
      "file": "stardust:font/high_res/reinforced_stardust_chestplate.png",
      "ascent": 7,
      "height": 16,
      "chars": [
        "\u808d"
      ]
    },
    {
      "type": "bitmap",
      "file": "stardust:font/high_res/reinforced_stardust_leggings.png",
      "ascent": 7,
      "height": 16,
      "chars": [
        "\u808f"
      ]
    },
    {
      "type": "bitmap",
      "file": "stardust:font/high_res/reinforced_stardust_boots.png",
      "ascent": 7,
      "height": 16,
      "chars": [
        "\u8091"
      ]
    },
    {
      "type": "bitmap",
      "file": "stardust:font/high_res/reinforced_stardust_sword.png",
      "ascent": 7,
      "height": 16,
      "chars": [
        "\u8093"
      ]
    },
    {
      "type": "bitmap",
      "file": "stardust:font/high_res/reinforced_stardust_pickaxe.png",
      "ascent": 7,
      "height": 16,
      "chars": [
        "\u8095"
      ]
    },
    {
      "type": "bitmap",
      "file": "stardust:font/high_res/reinforced_stardust_axe.png",
      "ascent": 7,
      "height": 16,
      "chars": [
        "\u8097"
      ]
    },
    {
      "type": "bitmap",
      "file": "stardust:font/high_res/original_stardust_helmet.png",
      "ascent": 7,
      "height": 16,
      "chars": [
        "\u8099"
      ]
    },
    {
      "type": "bitmap",
      "file": "stardust:font/high_res/original_stardust_chestplate.png",
      "ascent": 7,
      "height": 16,
      "chars": [
        "\u809b"
      ]
    },
    {
      "type": "bitmap",
      "file": "stardust:font/high_res/original_stardust_leggings.png",
      "ascent": 7,
      "height": 16,
      "chars": [
        "\u809d"
      ]
    },
    {
      "type": "bitmap",
      "file": "stardust:font/high_res/original_stardust_boots.png",
      "ascent": 7,
      "height": 16,
      "chars": [
        "\u809f"
      ]
    },
    {
      "type": "bitmap",
      "file": "stardust:font/high_res/original_stardust_pickaxe.png",
      "ascent": 7,
      "height": 16,
      "chars": [
        "\u80a1"
      ]
    },
    {
      "type": "bitmap",
      "file": "stardust:font/high_res/original_stardust_axe.png",
      "ascent": 7,
      "height": 16,
      "chars": [
        "\u80a3"
      ]
    },
    {
      "type": "bitmap",
      "file": "stardust:font/high_res/legendarium_helmet.png",
      "ascent": 7,
      "height": 16,
      "chars": [
        "\u80a5"
      ]
    },
    {
      "type": "bitmap",
      "file": "stardust:font/high_res/legendarium_chestplate.png",
      "ascent": 7,
      "height": 16,
      "chars": [
        "\u80a7"
      ]
    },
    {
      "type": "bitmap",
      "file": "stardust:font/high_res/legendarium_leggings.png",
      "ascent": 7,
      "height": 16,
      "chars": [
        "\u80a9"
      ]
    },
    {
      "type": "bitmap",
      "file": "stardust:font/high_res/legendarium_boots.png",
      "ascent": 7,
      "height": 16,
      "chars": [
        "\u80ab"
      ]
    },
    {
      "type": "bitmap",
      "file": "stardust:font/high_res/legendarium_sword.png",
      "ascent": 7,
      "height": 16,
      "chars": [
        "\u80ad"
      ]
    },
    {
      "type": "bitmap",
      "file": "stardust:font/high_res/legendarium_pickaxe.png",
      "ascent": 7,
      "height": 16,
      "chars": [
        "\u80af"
      ]
    },
    {
      "type": "bitmap",
      "file": "stardust:font/category/equipment_2.png",
      "ascent": 0,
      "height": 130,
      "chars": [
        "\u1027"
      ]
    },
    {
      "type": "bitmap",
      "file": "stardust:font/high_res/legendarium_axe.png",
      "ascent": 7,
      "height": 16,
      "chars": [
        "\u80b1"
      ]
    },
    {
      "type": "bitmap",
      "file": "stardust:font/high_res/solarium_helmet.png",
      "ascent": 7,
      "height": 16,
      "chars": [
        "\u80b3"
      ]
    },
    {
      "type": "bitmap",
      "file": "stardust:font/high_res/solarium_chestplate.png",
      "ascent": 7,
      "height": 16,
      "chars": [
        "\u80b5"
      ]
    },
    {
      "type": "bitmap",
      "file": "stardust:font/high_res/solarium_leggings.png",
      "ascent": 7,
      "height": 16,
      "chars": [
        "\u80b7"
      ]
    },
    {
      "type": "bitmap",
      "file": "stardust:font/high_res/solarium_boots.png",
      "ascent": 7,
      "height": 16,
      "chars": [
        "\u80b9"
      ]
    },
    {
      "type": "bitmap",
      "file": "stardust:font/high_res/solarium_sword.png",
      "ascent": 7,
      "height": 16,
      "chars": [
        "\u80bb"
      ]
    },
    {
      "type": "bitmap",
      "file": "stardust:font/high_res/solarium_pickaxe.png",
      "ascent": 7,
      "height": 16,
      "chars": [
        "\u80bd"
      ]
    },
    {
      "type": "bitmap",
      "file": "stardust:font/high_res/solarium_axe.png",
      "ascent": 7,
      "height": 16,
      "chars": [
        "\u80bf"
      ]
    },
    {
      "type": "bitmap",
      "file": "stardust:font/high_res/darkium_helmet.png",
      "ascent": 7,
      "height": 16,
      "chars": [
        "\u80c1"
      ]
    },
    {
      "type": "bitmap",
      "file": "stardust:font/high_res/darkium_chestplate.png",
      "ascent": 7,
      "height": 16,
      "chars": [
        "\u80c3"
      ]
    },
    {
      "type": "bitmap",
      "file": "stardust:font/high_res/darkium_leggings.png",
      "ascent": 7,
      "height": 16,
      "chars": [
        "\u80c5"
      ]
    },
    {
      "type": "bitmap",
      "file": "stardust:font/high_res/darkium_boots.png",
      "ascent": 7,
      "height": 16,
      "chars": [
        "\u80c7"
      ]
    },
    {
      "type": "bitmap",
      "file": "stardust:font/high_res/darkium_sword.png",
      "ascent": 7,
      "height": 16,
      "chars": [
        "\u80c9"
      ]
    },
    {
      "type": "bitmap",
      "file": "stardust:font/high_res/darkium_pickaxe.png",
      "ascent": 7,
      "height": 16,
      "chars": [
        "\u80cb"
      ]
    },
    {
      "type": "bitmap",
      "file": "stardust:font/high_res/darkium_axe.png",
      "ascent": 7,
      "height": 16,
      "chars": [
        "\u80cd"
      ]
    },
    {
      "type": "bitmap",
      "file": "stardust:font/category/tools.png",
      "ascent": 0,
      "height": 130,
      "chars": [
        "\u1028"
      ]
    },
    {
      "type": "bitmap",
      "file": "stardust:font/high_res/damaged_stardust_sword.png",
      "ascent": 7,
      "height": 16,
      "chars": [
        "\u80cf"
      ]
    },
    {
      "type": "bitmap",
      "file": "stardust:font/high_res/original_stardust_sword.png",
      "ascent": 7,
      "height": 16,
      "chars": [
        "\u80d1"
      ]
    },
    {
      "type": "bitmap",
      "file": "stardust:font/category/miscellaneous.png",
      "ascent": 0,
      "height": 130,
      "chars": [
        "\u1029"
      ]
    },
    {
      "type": "bitmap",
      "file": "stardust:font/high_res/dog_excrement.png",
      "ascent": 7,
      "height": 16,
      "chars": [
        "\u80d3"
      ]
    },
    {
      "type": "bitmap",
      "file": "stardust:font/high_res/manual.png",
      "ascent": 7,
      "height": 16,
      "chars": [
        "\u80d5"
      ]
    },
    {
      "type": "bitmap",
      "file": "stardust:font/category/energy.png",
      "ascent": 0,
      "height": 130,
      "chars": [
        "\u102a"
      ]
    },
    {
      "type": "bitmap",
      "file": "stardust:font/high_res/stardust_cable.png",
      "ascent": 7,
      "height": 16,
      "chars": [
        "\u80d7"
      ]
    },
    {
      "type": "bitmap",
      "file": "stardust:font/high_res/awakened_stardust_cable.png",
      "ascent": 7,
      "height": 16,
      "chars": [
        "\u80d9"
      ]
    },
    {
      "type": "bitmap",
      "file": "stardust:font/high_res/stardust_battery.png",
      "ascent": 7,
      "height": 16,
      "chars": [
        "\u80db"
      ]
    },
    {
      "type": "bitmap",
      "file": "stardust:font/high_res/awakened_stardust_battery.png",
      "ascent": 7,
      "height": 16,
      "chars": [
        "\u80dd"
      ]
    },
    {
      "type": "bitmap",
      "file": "stardust:font/high_res/stardust_solar_panel.png",
      "ascent": 7,
      "height": 16,
      "chars": [
        "\u80df"
      ]
    },
    {
      "type": "bitmap",
      "file": "stardust:font/high_res/awakened_solar_panel.png",
      "ascent": 7,
      "height": 16,
      "chars": [
        "\u80e1"
      ]
    },
    {
      "type": "bitmap",
      "file": "stardust:font/high_res/growth_accelerator.png",
      "ascent": 7,
      "height": 16,
      "chars": [
        "\u80e3"
      ]
    },
    {
      "type": "bitmap",
      "file": "stardust:font/page/awakened_stardust_block.png",
      "ascent": 0,
      "height": 40,
      "chars": [
        "\u102b"
      ]
    },
    {
      "type": "bitmap",
      "file": "stardust:font/page/awakened_stardust.png",
      "ascent": 0,
      "height": 40,
      "chars": [
        "\u102c"
      ]
    },
    {
      "type": "bitmap",
      "file": "stardust:font/page/legendarium_block.png",
      "ascent": 0,
      "height": 40,
      "chars": [
        "\u102d"
      ]
    },
    {
      "type": "bitmap",
      "file": "stardust:font/page/legendarium_ingot.png",
      "ascent": 0,
      "height": 40,
      "chars": [
        "\u102e"
      ]
    },
    {
      "type": "bitmap",
      "file": "stardust:font/page/legendarium_fragment.png",
      "ascent": 0,
      "height": 40,
      "chars": [
        "\u102f"
      ]
    },
    {
      "type": "bitmap",
      "file": "stardust:font/page/solarium_block.png",
      "ascent": 0,
      "height": 40,
      "chars": [
        "\u1030"
      ]
    },
    {
      "type": "bitmap",
      "file": "stardust:font/page/solarium_ingot.png",
      "ascent": 0,
      "height": 40,
      "chars": [
        "\u1031"
      ]
    },
    {
      "type": "bitmap",
      "file": "stardust:font/page/solarium_fragment.png",
      "ascent": 0,
      "height": 40,
      "chars": [
        "\u1032"
      ]
    },
    {
      "type": "bitmap",
      "file": "stardust:font/page/darkium_block.png",
      "ascent": 0,
      "height": 40,
      "chars": [
        "\u1033"
      ]
    },
    {
      "type": "bitmap",
      "file": "stardust:font/page/darkium_ingot.png",
      "ascent": 0,
      "height": 40,
      "chars": [
        "\u1034"
      ]
    },
    {
      "type": "bitmap",
      "file": "stardust:font/page/darkium_fragment.png",
      "ascent": 0,
      "height": 40,
      "chars": [
        "\u1035"
      ]
    },
    {
      "type": "bitmap",
      "file": "stardust:font/page/ultimate_ingot.png",
      "ascent": 0,
      "height": 40,
      "chars": [
        "\u1036"
      ]
    },
    {
      "type": "bitmap",
      "file": "stardust:font/page/ultimate_fragment.png",
      "ascent": 0,
      "height": 40,
      "chars": [
        "\u1037"
      ]
    },
    {
      "type": "bitmap",
      "file": "stardust:font/page/stardust_ore.png",
      "ascent": 0,
      "height": 40,
      "chars": [
        "\u1038"
      ]
    },
    {
      "type": "bitmap",
      "file": "stardust:font/page/deepslate_stardust_ore.png",
      "ascent": 0,
      "height": 40,
      "chars": [
        "\u1039"
      ]
    },
    {
      "type": "bitmap",
      "file": "stardust:font/page/nether_stardust_ore.png",
      "ascent": 0,
      "height": 40,
      "chars": [
        "\u103a"
      ]
    },
    {
      "type": "bitmap",
      "file": "stardust:font/page/ender_stardust_ore.png",
      "ascent": 0,
      "height": 40,
      "chars": [
        "\u103b"
      ]
    },
    {
      "type": "bitmap",
      "file": "stardust:font/page/stardust_fragment.png",
      "ascent": 0,
      "height": 40,
      "chars": [
        "\u103c"
      ]
    },
    {
      "type": "bitmap",
      "file": "stardust:font/page/stardust_ingot.png",
      "ascent": 0,
      "height": 40,
      "chars": [
        "\u103d"
      ]
    },
    {
      "type": "bitmap",
      "file": "stardust:font/page/stardust_block.png",
      "ascent": 0,
      "height": 40,
      "chars": [
        "\u103e"
      ]
    },
    {
      "type": "bitmap",
      "file": "stardust:font/page/stardust_essence.png",
      "ascent": 0,
      "height": 40,
      "chars": [
        "\u103f"
      ]
    },
    {
      "type": "bitmap",
      "file": "stardust:font/page/stardust_core.png",
      "ascent": 0,
      "height": 40,
      "chars": [
        "\u1040"
      ]
    },
    {
      "type": "bitmap",
      "file": "stardust:font/page/compacted_stardust.png",
      "ascent": 0,
      "height": 40,
      "chars": [
        "\u1041"
      ]
    },
    {
      "type": "bitmap",
      "file": "stardust:font/page/very_compacted_stardust.png",
      "ascent": 0,
      "height": 40,
      "chars": [
        "\u1042"
      ]
    },
    {
      "type": "bitmap",
      "file": "stardust:font/page/dragon_pearl.png",
      "ascent": 0,
      "height": 40,
      "chars": [
        "\u1043"
      ]
    },
    {
      "type": "bitmap",
      "file": "stardust:font/page/ender_dragon_pearl.png",
      "ascent": 0,
      "height": 40,
      "chars": [
        "\u1044"
      ]
    },
    {
      "type": "bitmap",
      "file": "stardust:font/page/ultimate_core.png",
      "ascent": 0,
      "height": 40,
      "chars": [
        "\u1045"
      ]
    },
    {
      "type": "bitmap",
      "file": "stardust:font/page/compressed_cobblestone.png",
      "ascent": 0,
      "height": 40,
      "chars": [
        "\u1046"
      ]
    },
    {
      "type": "bitmap",
      "file": "stardust:font/page/double_compressed_cobblestone.png",
      "ascent": 0,
      "height": 40,
      "chars": [
        "\u1047"
      ]
    },
    {
      "type": "bitmap",
      "file": "stardust:font/page/triple_compressed_cobblestone.png",
      "ascent": 0,
      "height": 40,
      "chars": [
        "\u1048"
      ]
    },
    {
      "type": "bitmap",
      "file": "stardust:font/page/quadruple_compressed_cobblestone.png",
      "ascent": 0,
      "height": 40,
      "chars": [
        "\u1049"
      ]
    },
    {
      "type": "bitmap",
      "file": "stardust:font/page/quintuple_compressed_cobblestone.png",
      "ascent": 0,
      "height": 40,
      "chars": [
        "\u104a"
      ]
    },
    {
      "type": "bitmap",
      "file": "stardust:font/page/sextuple_compressed_cobblestone.png",
      "ascent": 0,
      "height": 40,
      "chars": [
        "\u104b"
      ]
    },
    {
      "type": "bitmap",
      "file": "stardust:font/page/septuple_compressed_cobblestone.png",
      "ascent": 0,
      "height": 40,
      "chars": [
        "\u104c"
      ]
    },
    {
      "type": "bitmap",
      "file": "stardust:font/page/octuple_compressed_cobblestone.png",
      "ascent": 0,
      "height": 40,
      "chars": [
        "\u104d"
      ]
    },
    {
      "type": "bitmap",
      "file": "stardust:font/page/stardust_frame.png",
      "ascent": 0,
      "height": 40,
      "chars": [
        "\u104e"
      ]
    },
    {
      "type": "bitmap",
      "file": "stardust:font/page/awakened_stardust_frame.png",
      "ascent": 0,
      "height": 40,
      "chars": [
        "\u104f"
      ]
    },
    {
      "type": "bitmap",
      "file": "stardust:font/page/ultimate_frame.png",
      "ascent": 0,
      "height": 40,
      "chars": [
        "\u1050"
      ]
    },
    {
      "type": "bitmap",
      "file": "stardust:font/page/mirror.png",
      "ascent": 0,
      "height": 40,
      "chars": [
        "\u1051"
      ]
    },
    {
      "type": "bitmap",
      "file": "stardust:font/page/stardust_photovoltaic_cell.png",
      "ascent": 0,
      "height": 40,
      "chars": [
        "\u1052"
      ]
    },
    {
      "type": "bitmap",
      "file": "stardust:font/page/awakened_photovoltaic_cell.png",
      "ascent": 0,
      "height": 40,
      "chars": [
        "\u1053"
      ]
    },
    {
      "type": "bitmap",
      "file": "stardust:font/page/legendarium_photovoltaic_cell.png",
      "ascent": 0,
      "height": 40,
      "chars": [
        "\u1054"
      ]
    },
    {
      "type": "bitmap",
      "file": "stardust:font/page/solarium_photovoltaic_cell.png",
      "ascent": 0,
      "height": 40,
      "chars": [
        "\u1055"
      ]
    },
    {
      "type": "bitmap",
      "file": "stardust:font/page/darkium_photovoltaic_cell.png",
      "ascent": 0,
      "height": 40,
      "chars": [
        "\u1056"
      ]
    },
    {
      "type": "bitmap",
      "file": "stardust:font/page/ultimate_photovoltaic_cell.png",
      "ascent": 0,
      "height": 40,
      "chars": [
        "\u1057"
      ]
    },
    {
      "type": "bitmap",
      "file": "stardust:font/page/empty_module.png",
      "ascent": 0,
      "height": 40,
      "chars": [
        "\u1058"
      ]
    },
    {
      "type": "bitmap",
      "file": "stardust:font/page/awakened_stardust_ore.png",
      "ascent": 0,
      "height": 40,
      "chars": [
        "\u1059"
      ]
    },
    {
      "type": "bitmap",
      "file": "stardust:font/page/damaged_stardust_helmet.png",
      "ascent": 0,
      "height": 40,
      "chars": [
        "\u105a"
      ]
    },
    {
      "type": "bitmap",
      "file": "stardust:font/page/damaged_stardust_chestplate.png",
      "ascent": 0,
      "height": 40,
      "chars": [
        "\u105b"
      ]
    },
    {
      "type": "bitmap",
      "file": "stardust:font/page/damaged_stardust_leggings.png",
      "ascent": 0,
      "height": 40,
      "chars": [
        "\u105c"
      ]
    },
    {
      "type": "bitmap",
      "file": "stardust:font/page/damaged_stardust_boots.png",
      "ascent": 0,
      "height": 40,
      "chars": [
        "\u105d"
      ]
    },
    {
      "type": "bitmap",
      "file": "stardust:font/page/damaged_stardust_pickaxe.png",
      "ascent": 0,
      "height": 40,
      "chars": [
        "\u105e"
      ]
    },
    {
      "type": "bitmap",
      "file": "stardust:font/page/damaged_stardust_axe.png",
      "ascent": 0,
      "height": 40,
      "chars": [
        "\u105f"
      ]
    },
    {
      "type": "bitmap",
      "file": "stardust:font/page/reinforced_stardust_helmet.png",
      "ascent": 0,
      "height": 40,
      "chars": [
        "\u1060"
      ]
    },
    {
      "type": "bitmap",
      "file": "stardust:font/page/reinforced_stardust_chestplate.png",
      "ascent": 0,
      "height": 40,
      "chars": [
        "\u1061"
      ]
    },
    {
      "type": "bitmap",
      "file": "stardust:font/page/reinforced_stardust_leggings.png",
      "ascent": 0,
      "height": 40,
      "chars": [
        "\u1062"
      ]
    },
    {
      "type": "bitmap",
      "file": "stardust:font/page/reinforced_stardust_boots.png",
      "ascent": 0,
      "height": 40,
      "chars": [
        "\u1063"
      ]
    },
    {
      "type": "bitmap",
      "file": "stardust:font/page/reinforced_stardust_sword.png",
      "ascent": 0,
      "height": 40,
      "chars": [
        "\u1064"
      ]
    },
    {
      "type": "bitmap",
      "file": "stardust:font/page/reinforced_stardust_pickaxe.png",
      "ascent": 0,
      "height": 40,
      "chars": [
        "\u1065"
      ]
    },
    {
      "type": "bitmap",
      "file": "stardust:font/page/reinforced_stardust_axe.png",
      "ascent": 0,
      "height": 40,
      "chars": [
        "\u1066"
      ]
    },
    {
      "type": "bitmap",
      "file": "stardust:font/page/original_stardust_helmet.png",
      "ascent": 0,
      "height": 40,
      "chars": [
        "\u1067"
      ]
    },
    {
      "type": "bitmap",
      "file": "stardust:font/page/original_stardust_chestplate.png",
      "ascent": 0,
      "height": 40,
      "chars": [
        "\u1068"
      ]
    },
    {
      "type": "bitmap",
      "file": "stardust:font/page/original_stardust_leggings.png",
      "ascent": 0,
      "height": 40,
      "chars": [
        "\u1069"
      ]
    },
    {
      "type": "bitmap",
      "file": "stardust:font/page/original_stardust_boots.png",
      "ascent": 0,
      "height": 40,
      "chars": [
        "\u106a"
      ]
    },
    {
      "type": "bitmap",
      "file": "stardust:font/page/original_stardust_pickaxe.png",
      "ascent": 0,
      "height": 40,
      "chars": [
        "\u106b"
      ]
    },
    {
      "type": "bitmap",
      "file": "stardust:font/page/original_stardust_axe.png",
      "ascent": 0,
      "height": 40,
      "chars": [
        "\u106c"
      ]
    },
    {
      "type": "bitmap",
      "file": "stardust:font/page/legendarium_helmet.png",
      "ascent": 0,
      "height": 40,
      "chars": [
        "\u106d"
      ]
    },
    {
      "type": "bitmap",
      "file": "stardust:font/page/legendarium_chestplate.png",
      "ascent": 0,
      "height": 40,
      "chars": [
        "\u106e"
      ]
    },
    {
      "type": "bitmap",
      "file": "stardust:font/page/legendarium_leggings.png",
      "ascent": 0,
      "height": 40,
      "chars": [
        "\u106f"
      ]
    },
    {
      "type": "bitmap",
      "file": "stardust:font/page/legendarium_boots.png",
      "ascent": 0,
      "height": 40,
      "chars": [
        "\u1070"
      ]
    },
    {
      "type": "bitmap",
      "file": "stardust:font/page/legendarium_sword.png",
      "ascent": 0,
      "height": 40,
      "chars": [
        "\u1071"
      ]
    },
    {
      "type": "bitmap",
      "file": "stardust:font/page/legendarium_pickaxe.png",
      "ascent": 0,
      "height": 40,
      "chars": [
        "\u1072"
      ]
    },
    {
      "type": "bitmap",
      "file": "stardust:font/page/legendarium_axe.png",
      "ascent": 0,
      "height": 40,
      "chars": [
        "\u1073"
      ]
    },
    {
      "type": "bitmap",
      "file": "stardust:font/page/solarium_helmet.png",
      "ascent": 0,
      "height": 40,
      "chars": [
        "\u1074"
      ]
    },
    {
      "type": "bitmap",
      "file": "stardust:font/page/solarium_chestplate.png",
      "ascent": 0,
      "height": 40,
      "chars": [
        "\u1075"
      ]
    },
    {
      "type": "bitmap",
      "file": "stardust:font/page/solarium_leggings.png",
      "ascent": 0,
      "height": 40,
      "chars": [
        "\u1076"
      ]
    },
    {
      "type": "bitmap",
      "file": "stardust:font/page/solarium_boots.png",
      "ascent": 0,
      "height": 40,
      "chars": [
        "\u1077"
      ]
    },
    {
      "type": "bitmap",
      "file": "stardust:font/page/solarium_sword.png",
      "ascent": 0,
      "height": 40,
      "chars": [
        "\u1078"
      ]
    },
    {
      "type": "bitmap",
      "file": "stardust:font/page/solarium_pickaxe.png",
      "ascent": 0,
      "height": 40,
      "chars": [
        "\u1079"
      ]
    },
    {
      "type": "bitmap",
      "file": "stardust:font/page/solarium_axe.png",
      "ascent": 0,
      "height": 40,
      "chars": [
        "\u107a"
      ]
    },
    {
      "type": "bitmap",
      "file": "stardust:font/page/darkium_helmet.png",
      "ascent": 0,
      "height": 40,
      "chars": [
        "\u107b"
      ]
    },
    {
      "type": "bitmap",
      "file": "stardust:font/page/darkium_chestplate.png",
      "ascent": 0,
      "height": 40,
      "chars": [
        "\u107c"
      ]
    },
    {
      "type": "bitmap",
      "file": "stardust:font/page/darkium_leggings.png",
      "ascent": 0,
      "height": 40,
      "chars": [
        "\u107d"
      ]
    },
    {
      "type": "bitmap",
      "file": "stardust:font/page/darkium_boots.png",
      "ascent": 0,
      "height": 40,
      "chars": [
        "\u107e"
      ]
    },
    {
      "type": "bitmap",
      "file": "stardust:font/page/darkium_sword.png",
      "ascent": 0,
      "height": 40,
      "chars": [
        "\u107f"
      ]
    },
    {
      "type": "bitmap",
      "file": "stardust:font/page/darkium_pickaxe.png",
      "ascent": 0,
      "height": 40,
      "chars": [
        "\u1080"
      ]
    },
    {
      "type": "bitmap",
      "file": "stardust:font/page/darkium_axe.png",
      "ascent": 0,
      "height": 40,
      "chars": [
        "\u1081"
      ]
    },
    {
      "type": "bitmap",
      "file": "stardust:font/page/damaged_stardust_sword.png",
      "ascent": 0,
      "height": 40,
      "chars": [
        "\u1082"
      ]
    },
    {
      "type": "bitmap",
      "file": "stardust:font/page/original_stardust_sword.png",
      "ascent": 0,
      "height": 40,
      "chars": [
        "\u1083"
      ]
    },
    {
      "type": "bitmap",
      "file": "stardust:font/page/dog_excrement.png",
      "ascent": 0,
      "height": 40,
      "chars": [
        "\u1084"
      ]
    },
    {
      "type": "bitmap",
      "file": "stardust:font/page/manual.png",
      "ascent": 0,
      "height": 40,
      "chars": [
        "\u1085"
      ]
    },
    {
      "type": "bitmap",
      "file": "stardust:font/page/stardust_cable.png",
      "ascent": 0,
      "height": 40,
      "chars": [
        "\u1086"
      ]
    },
    {
      "type": "bitmap",
      "file": "stardust:font/page/awakened_stardust_cable.png",
      "ascent": 0,
      "height": 40,
      "chars": [
        "\u1087"
      ]
    },
    {
      "type": "bitmap",
      "file": "stardust:font/page/stardust_battery.png",
      "ascent": 0,
      "height": 40,
      "chars": [
        "\u1088"
      ]
    },
    {
      "type": "bitmap",
      "file": "stardust:font/page/awakened_stardust_battery.png",
      "ascent": 0,
      "height": 40,
      "chars": [
        "\u1089"
      ]
    },
    {
      "type": "bitmap",
      "file": "stardust:font/page/stardust_solar_panel.png",
      "ascent": 0,
      "height": 40,
      "chars": [
        "\u108a"
      ]
    },
    {
      "type": "bitmap",
      "file": "stardust:font/page/awakened_solar_panel.png",
      "ascent": 0,
      "height": 40,
      "chars": [
        "\u108b"
      ]
    },
    {
      "type": "bitmap",
      "file": "stardust:font/page/growth_accelerator.png",
      "ascent": 0,
      "height": 40,
      "chars": [
        "\u108c"
      ]
    },
    {
      "type": "bitmap",
      "file": "stardust:font/category/categories_page.png",
      "ascent": 0,
      "height": 130,
      "chars": [
        "\u1021"
      ]
    },
    {
      "type": "bitmap",
      "file": "stardust:font/page/_logo.png",
      "ascent": 0,
      "height": 40,
      "chars": [
        "\u1020"
      ]
    },
    {
      "type": "bitmap",
      "file": "stardust:font/none.png",
      "ascent": 8,
      "height": 20,
      "chars": [
        " "
      ]
    },
    {
      "type": "bitmap",
      "file": "stardust:font/none.png",
      "ascent": 8,
      "height": 18,
      "chars": [
        "!"
      ]
    },
    {
      "type": "bitmap",
      "file": "stardust:font/none.png",
      "ascent": 7,
      "height": 7,
      "chars": [
        "\""
      ]
    },
    {
      "type": "bitmap",
      "file": "stardust:font/none.png",
      "ascent": 0,
      "height": 2,
      "chars": [
        "#"
      ]
    },
    {
      "type": "bitmap",
      "file": "stardust:font/none.png",
      "ascent": 0,
      "height": 1,
      "chars": [
        "$"
      ]
    },
    {
      "type": "bitmap",
      "file": "stardust:font/none.png",
      "ascent": 7,
      "height": 16,
      "chars": [
        "%"
      ]
    },
    {
      "type": "bitmap",
      "file": "stardust:font/invisible_item.png",
      "ascent": 7,
      "height": 16,
      "chars": [
        "1"
      ]
    },
    {
      "type": "bitmap",
      "file": "stardust:font/wiki_information.png",
      "ascent": 8,
      "height": 16,
      "chars": [
        "&"
      ]
    },
    {
      "type": "bitmap",
      "file": "stardust:font/wiki_result_of_craft.png",
      "ascent": 8,
      "height": 16,
      "chars": [
        "'"
      ]
    },
    {
      "type": "bitmap",
      "file": "stardust:font/wiki_ingredient_of_craft.png",
      "ascent": 8,
      "height": 16,
      "chars": [
        "("
      ]
    },
    {
      "type": "bitmap",
      "file": "stardust:font/shaped_3x3.png",
      "ascent": 1,
      "height": 58,
      "chars": [
        "*"
      ]
    },
    {
      "type": "bitmap",
      "file": "stardust:font/shaped_2x2.png",
      "ascent": 1,
      "height": 58,
      "chars": [
        ")"
      ]
    },
    {
      "type": "bitmap",
      "file": "stardust:font/furnace.png",
      "ascent": 1,
      "height": 58,
      "chars": [
        "+"
      ]
    },
    {
      "type": "bitmap",
      "file": "stardust:font/pulverizing.png",
      "ascent": 4,
      "height": 58,
      "chars": [
        ","
      ]
    },
    {
      "type": "bitmap",
      "file": "stardust:font/shaped_3x3.png",
      "ascent": -4,
      "height": 58,
      "chars": [
        "."
      ]
    },
    {
      "type": "bitmap",
      "file": "stardust:font/shaped_2x2.png",
      "ascent": -2,
      "height": 58,
      "chars": [
        "-"
      ]
    },
    {
      "type": "bitmap",
      "file": "stardust:font/furnace.png",
      "ascent": -3,
      "height": 58,
      "chars": [
        "/"
      ]
    },
    {
      "type": "bitmap",
      "file": "stardust:font/pulverizing.png",
      "ascent": -3,
      "height": 58,
      "chars": [
        "0"
      ]
    }
  ]
}
