{
  "providers": [
    {
      "type": "bitmap",
      "file": "stardust:font/category/materials_1.png",
      "ascent": 1,
      "height": 131,
      "chars": [
        "\u1023"
      ]
    },
    {
      "type": "bitmap",
      "file": "stardust:font/high_res/stardust_fragment.png",
      "ascent": 7,
      "height": 16,
      "chars": [
        "\u8021"
      ]
    },
    {
      "type": "bitmap",
      "file": "stardust:font/high_res/stardust_ingot.png",
      "ascent": 7,
      "height": 16,
      "chars": [
        "\u8023"
      ]
    },
    {
      "type": "bitmap",
      "file": "stardust:font/high_res/stardust_essence.png",
      "ascent": 7,
      "height": 16,
      "chars": [
        "\u8025"
      ]
    },
    {
      "type": "bitmap",
      "file": "stardust:font/high_res/stardust_core.png",
      "ascent": 7,
      "height": 16,
      "chars": [
        "\u8027"
      ]
    },
    {
      "type": "bitmap",
      "file": "stardust:font/high_res/compacted_stardust_shard.png",
      "ascent": 7,
      "height": 16,
      "chars": [
        "\u8029"
      ]
    },
    {
      "type": "bitmap",
      "file": "stardust:font/high_res/stardust_block.png",
      "ascent": 7,
      "height": 16,
      "chars": [
        "\u802b"
      ]
    },
    {
      "type": "bitmap",
      "file": "stardust:font/high_res/stardust_ore.png",
      "ascent": 7,
      "height": 16,
      "chars": [
        "\u802d"
      ]
    },
    {
      "type": "bitmap",
      "file": "stardust:font/high_res/deepslate_stardust_ore.png",
      "ascent": 7,
      "height": 16,
      "chars": [
        "\u802f"
      ]
    },
    {
      "type": "bitmap",
      "file": "stardust:font/high_res/nether_stardust_ore.png",
      "ascent": 7,
      "height": 16,
      "chars": [
        "\u8031"
      ]
    },
    {
      "type": "bitmap",
      "file": "stardust:font/high_res/ender_stardust_ore.png",
      "ascent": 7,
      "height": 16,
      "chars": [
        "\u8033"
      ]
    },
    {
      "type": "bitmap",
      "file": "stardust:font/high_res/awakened_stardust_block.png",
      "ascent": 7,
      "height": 16,
      "chars": [
        "\u8035"
      ]
    },
    {
      "type": "bitmap",
      "file": "stardust:font/high_res/awakened_stardust_ore.png",
      "ascent": 7,
      "height": 16,
      "chars": [
        "\u8037"
      ]
    },
    {
      "type": "bitmap",
      "file": "stardust:font/high_res/awakened_stardust.png",
      "ascent": 7,
      "height": 16,
      "chars": [
        "\u8039"
      ]
    },
    {
      "type": "bitmap",
      "file": "stardust:font/high_res/legendarium_block.png",
      "ascent": 7,
      "height": 16,
      "chars": [
        "\u803b"
      ]
    },
    {
      "type": "bitmap",
      "file": "stardust:font/high_res/legendarium_ingot.png",
      "ascent": 7,
      "height": 16,
      "chars": [
        "\u803d"
      ]
    },
    {
      "type": "bitmap",
      "file": "stardust:font/high_res/legendarium_fragment.png",
      "ascent": 7,
      "height": 16,
      "chars": [
        "\u803f"
      ]
    },
    {
      "type": "bitmap",
      "file": "stardust:font/high_res/solarium_block.png",
      "ascent": 7,
      "height": 16,
      "chars": [
        "\u8041"
      ]
    },
    {
      "type": "bitmap",
      "file": "stardust:font/high_res/solarium_ingot.png",
      "ascent": 7,
      "height": 16,
      "chars": [
        "\u8043"
      ]
    },
    {
      "type": "bitmap",
      "file": "stardust:font/high_res/solarium_fragment.png",
      "ascent": 7,
      "height": 16,
      "chars": [
        "\u8045"
      ]
    },
    {
      "type": "bitmap",
      "file": "stardust:font/high_res/darkium_block.png",
      "ascent": 7,
      "height": 16,
      "chars": [
        "\u8047"
      ]
    },
    {
      "type": "bitmap",
      "file": "stardust:font/high_res/darkium_ingot.png",
      "ascent": 7,
      "height": 16,
      "chars": [
        "\u8049"
      ]
    },
    {
      "type": "bitmap",
      "file": "stardust:font/high_res/darkium_fragment.png",
      "ascent": 7,
      "height": 16,
      "chars": [
        "\u804b"
      ]
    },
    {
      "type": "bitmap",
      "file": "stardust:font/high_res/dragon_pearl.png",
      "ascent": 7,
      "height": 16,
      "chars": [
        "\u804d"
      ]
    },
    {
      "type": "bitmap",
      "file": "stardust:font/high_res/ender_dragon_pearl.png",
      "ascent": 7,
      "height": 16,
      "chars": [
        "\u804f"
      ]
    },
    {
      "type": "bitmap",
      "file": "stardust:font/high_res/ultimate_shard.png",
      "ascent": 7,
      "height": 16,
      "chars": [
        "\u8051"
      ]
    },
    {
      "type": "bitmap",
      "file": "stardust:font/category/materials_2.png",
      "ascent": 1,
      "height": 131,
      "chars": [
        "\u1024"
      ]
    },
    {
      "type": "bitmap",
      "file": "stardust:font/high_res/dog_excrement.png",
      "ascent": 7,
      "height": 16,
      "chars": [
        "\u8053"
      ]
    },
    {
      "type": "bitmap",
      "file": "stardust:font/high_res/compressed_cobblestone.png",
      "ascent": 7,
      "height": 16,
      "chars": [
        "\u8055"
      ]
    },
    {
      "type": "bitmap",
      "file": "stardust:font/high_res/double_compressed_cobblestone.png",
      "ascent": 7,
      "height": 16,
      "chars": [
        "\u8057"
      ]
    },
    {
      "type": "bitmap",
      "file": "stardust:font/high_res/triple_compressed_cobblestone.png",
      "ascent": 7,
      "height": 16,
      "chars": [
        "\u8059"
      ]
    },
    {
      "type": "bitmap",
      "file": "stardust:font/high_res/quadruple_compressed_cobblestone.png",
      "ascent": 7,
      "height": 16,
      "chars": [
        "\u805b"
      ]
    },
    {
      "type": "bitmap",
      "file": "stardust:font/high_res/quintuple_compressed_cobblestone.png",
      "ascent": 7,
      "height": 16,
      "chars": [
        "\u805d"
      ]
    },
    {
      "type": "bitmap",
      "file": "stardust:font/high_res/sextuple_compressed_cobblestone.png",
      "ascent": 7,
      "height": 16,
      "chars": [
        "\u805f"
      ]
    },
    {
      "type": "bitmap",
      "file": "stardust:font/high_res/septuple_compressed_cobblestone.png",
      "ascent": 7,
      "height": 16,
      "chars": [
        "\u8061"
      ]
    },
    {
      "type": "bitmap",
      "file": "stardust:font/high_res/octuple_compressed_cobblestone.png",
      "ascent": 7,
      "height": 16,
      "chars": [
        "\u8063"
      ]
    },
    {
      "type": "bitmap",
      "file": "stardust:font/high_res/stardust_frame.png",
      "ascent": 7,
      "height": 16,
      "chars": [
        "\u8065"
      ]
    },
    {
      "type": "bitmap",
      "file": "stardust:font/high_res/awakened_stardust_frame.png",
      "ascent": 7,
      "height": 16,
      "chars": [
        "\u8067"
      ]
    },
    {
      "type": "bitmap",
      "file": "stardust:font/high_res/ultimate_frame.png",
      "ascent": 7,
      "height": 16,
      "chars": [
        "\u8069"
      ]
    },
    {
      "type": "bitmap",
      "file": "stardust:font/high_res/mirror.png",
      "ascent": 7,
      "height": 16,
      "chars": [
        "\u806b"
      ]
    },
    {
      "type": "bitmap",
      "file": "stardust:font/high_res/stardust_photovoltaic_cell.png",
      "ascent": 7,
      "height": 16,
      "chars": [
        "\u806d"
      ]
    },
    {
      "type": "bitmap",
      "file": "stardust:font/high_res/awakened_photovoltaic_cell.png",
      "ascent": 7,
      "height": 16,
      "chars": [
        "\u806f"
      ]
    },
    {
      "type": "bitmap",
      "file": "stardust:font/high_res/legendarium_photovoltaic_cell.png",
      "ascent": 7,
      "height": 16,
      "chars": [
        "\u8071"
      ]
    },
    {
      "type": "bitmap",
      "file": "stardust:font/high_res/solarium_photovoltaic_cell.png",
      "ascent": 7,
      "height": 16,
      "chars": [
        "\u8073"
      ]
    },
    {
      "type": "bitmap",
      "file": "stardust:font/high_res/darkium_photovoltaic_cell.png",
      "ascent": 7,
      "height": 16,
      "chars": [
        "\u8075"
      ]
    },
    {
      "type": "bitmap",
      "file": "stardust:font/high_res/ultimate_photovoltaic_cell.png",
      "ascent": 7,
      "height": 16,
      "chars": [
        "\u8077"
      ]
    },
    {
      "type": "bitmap",
      "file": "stardust:font/high_res/empty_module.png",
      "ascent": 7,
      "height": 16,
      "chars": [
        "\u8079"
      ]
    },
    {
      "type": "bitmap",
      "file": "stardust:font/category/energy_1.png",
      "ascent": 1,
      "height": 131,
      "chars": [
        "\u1025"
      ]
    },
    {
      "type": "bitmap",
      "file": "stardust:font/high_res/stardust_cable.png",
      "ascent": 7,
      "height": 16,
      "chars": [
        "\u807b"
      ]
    },
    {
      "type": "bitmap",
      "file": "stardust:font/high_res/awakened_stardust_cable.png",
      "ascent": 7,
      "height": 16,
      "chars": [
        "\u807d"
      ]
    },
    {
      "type": "bitmap",
      "file": "stardust:font/high_res/ultimate_cable.png",
      "ascent": 7,
      "height": 16,
      "chars": [
        "\u807f"
      ]
    },
    {
      "type": "bitmap",
      "file": "stardust:font/high_res/stardust_battery.png",
      "ascent": 7,
      "height": 16,
      "chars": [
        "\u8081"
      ]
    },
    {
      "type": "bitmap",
      "file": "stardust:font/high_res/awakened_stardust_battery.png",
      "ascent": 7,
      "height": 16,
      "chars": [
        "\u8083"
      ]
    },
    {
      "type": "bitmap",
      "file": "stardust:font/high_res/ultimate_battery.png",
      "ascent": 7,
      "height": 16,
      "chars": [
        "\u8085"
      ]
    },
    {
      "type": "bitmap",
      "file": "stardust:font/high_res/stardust_solar_panel.png",
      "ascent": 7,
      "height": 16,
      "chars": [
        "\u8087"
      ]
    },
    {
      "type": "bitmap",
      "file": "stardust:font/high_res/awakened_solar_panel.png",
      "ascent": 7,
      "height": 16,
      "chars": [
        "\u8089"
      ]
    },
    {
      "type": "bitmap",
      "file": "stardust:font/high_res/legendarium_solar_panel.png",
      "ascent": 7,
      "height": 16,
      "chars": [
        "\u808b"
      ]
    },
    {
      "type": "bitmap",
      "file": "stardust:font/high_res/solarium_solar_panel.png",
      "ascent": 7,
      "height": 16,
      "chars": [
        "\u808d"
      ]
    },
    {
      "type": "bitmap",
      "file": "stardust:font/high_res/darkium_solar_panel.png",
      "ascent": 7,
      "height": 16,
      "chars": [
        "\u808f"
      ]
    },
    {
      "type": "bitmap",
      "file": "stardust:font/high_res/ultimate_solar_panel.png",
      "ascent": 7,
      "height": 16,
      "chars": [
        "\u8091"
      ]
    },
    {
      "type": "bitmap",
      "file": "stardust:font/high_res/quarry_lv1.png",
      "ascent": 7,
      "height": 16,
      "chars": [
        "\u8093"
      ]
    },
    {
      "type": "bitmap",
      "file": "stardust:font/high_res/quarry_lv2.png",
      "ascent": 7,
      "height": 16,
      "chars": [
        "\u8095"
      ]
    },
    {
      "type": "bitmap",
      "file": "stardust:font/high_res/quarry_lv3.png",
      "ascent": 7,
      "height": 16,
      "chars": [
        "\u8097"
      ]
    },
    {
      "type": "bitmap",
      "file": "stardust:font/high_res/quarry_lv4.png",
      "ascent": 7,
      "height": 16,
      "chars": [
        "\u8099"
      ]
    },
    {
      "type": "bitmap",
      "file": "stardust:font/high_res/quarry_lv5.png",
      "ascent": 7,
      "height": 16,
      "chars": [
        "\u809b"
      ]
    },
    {
      "type": "bitmap",
      "file": "stardust:font/high_res/quarry_creative.png",
      "ascent": 7,
      "height": 16,
      "chars": [
        "\u809d"
      ]
    },
    {
      "type": "bitmap",
      "file": "stardust:font/high_res/cavern_portal.png",
      "ascent": 7,
      "height": 16,
      "chars": [
        "\u809f"
      ]
    },
    {
      "type": "bitmap",
      "file": "stardust:font/high_res/celestial_portal.png",
      "ascent": 7,
      "height": 16,
      "chars": [
        "\u80a1"
      ]
    },
    {
      "type": "bitmap",
      "file": "stardust:font/high_res/stardust_portal.png",
      "ascent": 7,
      "height": 16,
      "chars": [
        "\u80a3"
      ]
    },
    {
      "type": "bitmap",
      "file": "stardust:font/high_res/stardust_dungeon_portal.png",
      "ascent": 7,
      "height": 16,
      "chars": [
        "\u80a5"
      ]
    },
    {
      "type": "bitmap",
      "file": "stardust:font/high_res/ultimate_portal.png",
      "ascent": 7,
      "height": 16,
      "chars": [
        "\u80a7"
      ]
    },
    {
      "type": "bitmap",
      "file": "stardust:font/high_res/growth_accelerator.png",
      "ascent": 7,
      "height": 16,
      "chars": [
        "\u80a9"
      ]
    },
    {
      "type": "bitmap",
      "file": "stardust:font/high_res/mob_grinder.png",
      "ascent": 7,
      "height": 16,
      "chars": [
        "\u80ab"
      ]
    },
    {
      "type": "bitmap",
      "file": "stardust:font/category/energy_2.png",
      "ascent": 1,
      "height": 131,
      "chars": [
        "\u1026"
      ]
    },
    {
      "type": "bitmap",
      "file": "stardust:font/high_res/nether_star_generator.png",
      "ascent": 7,
      "height": 16,
      "chars": [
        "\u80ad"
      ]
    },
    {
      "type": "bitmap",
      "file": "stardust:font/high_res/advanced_furnace_generator.png",
      "ascent": 7,
      "height": 16,
      "chars": [
        "\u80af"
      ]
    },
    {
      "type": "bitmap",
      "file": "stardust:font/high_res/stardust_furnace_generator.png",
      "ascent": 7,
      "height": 16,
      "chars": [
        "\u80b1"
      ]
    },
    {
      "type": "bitmap",
      "file": "stardust:font/high_res/awakened_furnace_generator.png",
      "ascent": 7,
      "height": 16,
      "chars": [
        "\u80b3"
      ]
    },
    {
      "type": "bitmap",
      "file": "stardust:font/category/equipment_1.png",
      "ascent": 1,
      "height": 131,
      "chars": [
        "\u1027"
      ]
    },
    {
      "type": "bitmap",
      "file": "stardust:font/high_res/damaged_stardust_helmet.png",
      "ascent": 7,
      "height": 16,
      "chars": [
        "\u80b5"
      ]
    },
    {
      "type": "bitmap",
      "file": "stardust:font/high_res/damaged_stardust_chestplate.png",
      "ascent": 7,
      "height": 16,
      "chars": [
        "\u80b7"
      ]
    },
    {
      "type": "bitmap",
      "file": "stardust:font/high_res/damaged_stardust_leggings.png",
      "ascent": 7,
      "height": 16,
      "chars": [
        "\u80b9"
      ]
    },
    {
      "type": "bitmap",
      "file": "stardust:font/high_res/damaged_stardust_boots.png",
      "ascent": 7,
      "height": 16,
      "chars": [
        "\u80bb"
      ]
    },
    {
      "type": "bitmap",
      "file": "stardust:font/high_res/damaged_stardust_sword.png",
      "ascent": 7,
      "height": 16,
      "chars": [
        "\u80bd"
      ]
    },
    {
      "type": "bitmap",
      "file": "stardust:font/high_res/damaged_stardust_pickaxe.png",
      "ascent": 7,
      "height": 16,
      "chars": [
        "\u80bf"
      ]
    },
    {
      "type": "bitmap",
      "file": "stardust:font/high_res/damaged_stardust_axe.png",
      "ascent": 7,
      "height": 16,
      "chars": [
        "\u80c1"
      ]
    },
    {
      "type": "bitmap",
      "file": "stardust:font/high_res/reinforced_stardust_helmet.png",
      "ascent": 7,
      "height": 16,
      "chars": [
        "\u80c3"
      ]
    },
    {
      "type": "bitmap",
      "file": "stardust:font/high_res/reinforced_stardust_chestplate.png",
      "ascent": 7,
      "height": 16,
      "chars": [
        "\u80c5"
      ]
    },
    {
      "type": "bitmap",
      "file": "stardust:font/high_res/reinforced_stardust_leggings.png",
      "ascent": 7,
      "height": 16,
      "chars": [
        "\u80c7"
      ]
    },
    {
      "type": "bitmap",
      "file": "stardust:font/high_res/reinforced_stardust_boots.png",
      "ascent": 7,
      "height": 16,
      "chars": [
        "\u80c9"
      ]
    },
    {
      "type": "bitmap",
      "file": "stardust:font/high_res/reinforced_stardust_sword.png",
      "ascent": 7,
      "height": 16,
      "chars": [
        "\u80cb"
      ]
    },
    {
      "type": "bitmap",
      "file": "stardust:font/high_res/reinforced_stardust_pickaxe.png",
      "ascent": 7,
      "height": 16,
      "chars": [
        "\u80cd"
      ]
    },
    {
      "type": "bitmap",
      "file": "stardust:font/high_res/reinforced_stardust_axe.png",
      "ascent": 7,
      "height": 16,
      "chars": [
        "\u80cf"
      ]
    },
    {
      "type": "bitmap",
      "file": "stardust:font/high_res/original_stardust_helmet.png",
      "ascent": 7,
      "height": 16,
      "chars": [
        "\u80d1"
      ]
    },
    {
      "type": "bitmap",
      "file": "stardust:font/high_res/original_stardust_chestplate.png",
      "ascent": 7,
      "height": 16,
      "chars": [
        "\u80d3"
      ]
    },
    {
      "type": "bitmap",
      "file": "stardust:font/high_res/original_stardust_leggings.png",
      "ascent": 7,
      "height": 16,
      "chars": [
        "\u80d5"
      ]
    },
    {
      "type": "bitmap",
      "file": "stardust:font/high_res/original_stardust_boots.png",
      "ascent": 7,
      "height": 16,
      "chars": [
        "\u80d7"
      ]
    },
    {
      "type": "bitmap",
      "file": "stardust:font/high_res/original_stardust_sword.png",
      "ascent": 7,
      "height": 16,
      "chars": [
        "\u80d9"
      ]
    },
    {
      "type": "bitmap",
      "file": "stardust:font/high_res/original_stardust_pickaxe.png",
      "ascent": 7,
      "height": 16,
      "chars": [
        "\u80db"
      ]
    },
    {
      "type": "bitmap",
      "file": "stardust:font/high_res/original_stardust_axe.png",
      "ascent": 7,
      "height": 16,
      "chars": [
        "\u80dd"
      ]
    },
    {
      "type": "bitmap",
      "file": "stardust:font/high_res/legendarium_helmet.png",
      "ascent": 7,
      "height": 16,
      "chars": [
        "\u80df"
      ]
    },
    {
      "type": "bitmap",
      "file": "stardust:font/high_res/legendarium_chestplate.png",
      "ascent": 7,
      "height": 16,
      "chars": [
        "\u80e1"
      ]
    },
    {
      "type": "bitmap",
      "file": "stardust:font/high_res/legendarium_leggings.png",
      "ascent": 7,
      "height": 16,
      "chars": [
        "\u80e3"
      ]
    },
    {
      "type": "bitmap",
      "file": "stardust:font/high_res/legendarium_boots.png",
      "ascent": 7,
      "height": 16,
      "chars": [
        "\u80e5"
      ]
    },
    {
      "type": "bitmap",
      "file": "stardust:font/category/equipment_2.png",
      "ascent": 1,
      "height": 131,
      "chars": [
        "\u1028"
      ]
    },
    {
      "type": "bitmap",
      "file": "stardust:font/high_res/legendarium_sword.png",
      "ascent": 7,
      "height": 16,
      "chars": [
        "\u80e7"
      ]
    },
    {
      "type": "bitmap",
      "file": "stardust:font/high_res/legendarium_pickaxe.png",
      "ascent": 7,
      "height": 16,
      "chars": [
        "\u80e9"
      ]
    },
    {
      "type": "bitmap",
      "file": "stardust:font/high_res/legendarium_axe.png",
      "ascent": 7,
      "height": 16,
      "chars": [
        "\u80eb"
      ]
    },
    {
      "type": "bitmap",
      "file": "stardust:font/high_res/solarium_helmet.png",
      "ascent": 7,
      "height": 16,
      "chars": [
        "\u80ed"
      ]
    },
    {
      "type": "bitmap",
      "file": "stardust:font/high_res/solarium_chestplate.png",
      "ascent": 7,
      "height": 16,
      "chars": [
        "\u80ef"
      ]
    },
    {
      "type": "bitmap",
      "file": "stardust:font/high_res/solarium_leggings.png",
      "ascent": 7,
      "height": 16,
      "chars": [
        "\u80f1"
      ]
    },
    {
      "type": "bitmap",
      "file": "stardust:font/high_res/solarium_boots.png",
      "ascent": 7,
      "height": 16,
      "chars": [
        "\u80f3"
      ]
    },
    {
      "type": "bitmap",
      "file": "stardust:font/high_res/solarium_sword.png",
      "ascent": 7,
      "height": 16,
      "chars": [
        "\u80f5"
      ]
    },
    {
      "type": "bitmap",
      "file": "stardust:font/high_res/solarium_pickaxe.png",
      "ascent": 7,
      "height": 16,
      "chars": [
        "\u80f7"
      ]
    },
    {
      "type": "bitmap",
      "file": "stardust:font/high_res/solarium_axe.png",
      "ascent": 7,
      "height": 16,
      "chars": [
        "\u80f9"
      ]
    },
    {
      "type": "bitmap",
      "file": "stardust:font/high_res/darkium_helmet.png",
      "ascent": 7,
      "height": 16,
      "chars": [
        "\u80fb"
      ]
    },
    {
      "type": "bitmap",
      "file": "stardust:font/high_res/darkium_chestplate.png",
      "ascent": 7,
      "height": 16,
      "chars": [
        "\u80fd"
      ]
    },
    {
      "type": "bitmap",
      "file": "stardust:font/high_res/darkium_leggings.png",
      "ascent": 7,
      "height": 16,
      "chars": [
        "\u80ff"
      ]
    },
    {
      "type": "bitmap",
      "file": "stardust:font/high_res/darkium_boots.png",
      "ascent": 7,
      "height": 16,
      "chars": [
        "\u8101"
      ]
    },
    {
      "type": "bitmap",
      "file": "stardust:font/high_res/darkium_sword.png",
      "ascent": 7,
      "height": 16,
      "chars": [
        "\u8103"
      ]
    },
    {
      "type": "bitmap",
      "file": "stardust:font/high_res/darkium_pickaxe.png",
      "ascent": 7,
      "height": 16,
      "chars": [
        "\u8105"
      ]
    },
    {
      "type": "bitmap",
      "file": "stardust:font/high_res/darkium_axe.png",
      "ascent": 7,
      "height": 16,
      "chars": [
        "\u8107"
      ]
    },
    {
      "type": "bitmap",
      "file": "stardust:font/high_res/ultimate_elytra.png",
      "ascent": 7,
      "height": 16,
      "chars": [
        "\u8109"
      ]
    },
    {
      "type": "bitmap",
      "file": "stardust:font/high_res/stardust_bow.png",
      "ascent": 7,
      "height": 16,
      "chars": [
        "\u810b"
      ]
    },
    {
      "type": "bitmap",
      "file": "stardust:font/high_res/awakened_stardust_bow.png",
      "ascent": 7,
      "height": 16,
      "chars": [
        "\u810d"
      ]
    },
    {
      "type": "bitmap",
      "file": "stardust:font/high_res/ultimate_bow.png",
      "ascent": 7,
      "height": 16,
      "chars": [
        "\u810f"
      ]
    },
    {
      "type": "bitmap",
      "file": "stardust:font/high_res/stardust_sniper.png",
      "ascent": 7,
      "height": 16,
      "chars": [
        "\u8111"
      ]
    },
    {
      "type": "bitmap",
      "file": "stardust:font/high_res/awakened_stardust_sniper.png",
      "ascent": 7,
      "height": 16,
      "chars": [
        "\u8113"
      ]
    },
    {
      "type": "bitmap",
      "file": "stardust:font/high_res/ultimate_sniper.png",
      "ascent": 7,
      "height": 16,
      "chars": [
        "\u8115"
      ]
    },
    {
      "type": "bitmap",
      "file": "stardust:font/high_res/ultimate_bullet.png",
      "ascent": 7,
      "height": 16,
      "chars": [
        "\u8117"
      ]
    },
    {
      "type": "bitmap",
      "file": "stardust:font/category/equipment_3.png",
      "ascent": 1,
      "height": 131,
      "chars": [
        "\u1029"
      ]
    },
    {
      "type": "bitmap",
      "file": "stardust:font/high_res/health_artifact_lv1.png",
      "ascent": 7,
      "height": 16,
      "chars": [
        "\u8119"
      ]
    },
    {
      "type": "bitmap",
      "file": "stardust:font/high_res/health_artifact_lv2.png",
      "ascent": 7,
      "height": 16,
      "chars": [
        "\u811b"
      ]
    },
    {
      "type": "bitmap",
      "file": "stardust:font/high_res/health_artifact_lv3.png",
      "ascent": 7,
      "height": 16,
      "chars": [
        "\u811d"
      ]
    },
    {
      "type": "bitmap",
      "file": "stardust:font/high_res/health_artifact_lvmax.png",
      "ascent": 7,
      "height": 16,
      "chars": [
        "\u811f"
      ]
    },
    {
      "type": "bitmap",
      "file": "stardust:font/high_res/damage_artifact_lv1.png",
      "ascent": 7,
      "height": 16,
      "chars": [
        "\u8121"
      ]
    },
    {
      "type": "bitmap",
      "file": "stardust:font/high_res/damage_artifact_lv2.png",
      "ascent": 7,
      "height": 16,
      "chars": [
        "\u8123"
      ]
    },
    {
      "type": "bitmap",
      "file": "stardust:font/high_res/damage_artifact_lv3.png",
      "ascent": 7,
      "height": 16,
      "chars": [
        "\u8125"
      ]
    },
    {
      "type": "bitmap",
      "file": "stardust:font/high_res/damage_artifact_lvmax.png",
      "ascent": 7,
      "height": 16,
      "chars": [
        "\u8127"
      ]
    },
    {
      "type": "bitmap",
      "file": "stardust:font/high_res/speed_artifact_lv1.png",
      "ascent": 7,
      "height": 16,
      "chars": [
        "\u8129"
      ]
    },
    {
      "type": "bitmap",
      "file": "stardust:font/high_res/speed_artifact_lv2.png",
      "ascent": 7,
      "height": 16,
      "chars": [
        "\u812b"
      ]
    },
    {
      "type": "bitmap",
      "file": "stardust:font/high_res/speed_artifact_lv3.png",
      "ascent": 7,
      "height": 16,
      "chars": [
        "\u812d"
      ]
    },
    {
      "type": "bitmap",
      "file": "stardust:font/high_res/speed_artifact_lvmax.png",
      "ascent": 7,
      "height": 16,
      "chars": [
        "\u812f"
      ]
    },
    {
      "type": "bitmap",
      "file": "stardust:font/high_res/lucky_artifact_bag.png",
      "ascent": 7,
      "height": 16,
      "chars": [
        "\u8131"
      ]
    },
    {
      "type": "bitmap",
      "file": "stardust:font/high_res/item_magnet.png",
      "ascent": 7,
      "height": 16,
      "chars": [
        "\u8133"
      ]
    },
    {
      "type": "bitmap",
      "file": "stardust:font/high_res/home_travel_staff.png",
      "ascent": 7,
      "height": 16,
      "chars": [
        "\u8135"
      ]
    },
    {
      "type": "bitmap",
      "file": "stardust:font/high_res/wormhole_potion.png",
      "ascent": 7,
      "height": 16,
      "chars": [
        "\u8137"
      ]
    },
    {
      "type": "bitmap",
      "file": "stardust:font/high_res/stardust_apple.png",
      "ascent": 7,
      "height": 16,
      "chars": [
        "\u8139"
      ]
    },
    {
      "type": "bitmap",
      "file": "stardust:font/high_res/life_crystal.png",
      "ascent": 7,
      "height": 16,
      "chars": [
        "\u813b"
      ]
    },
    {
      "type": "bitmap",
      "file": "stardust:font/high_res/life_crystal_block.png",
      "ascent": 7,
      "height": 16,
      "chars": [
        "\u813d"
      ]
    },
    {
      "type": "bitmap",
      "file": "stardust:font/category/miscellaneous.png",
      "ascent": 1,
      "height": 131,
      "chars": [
        "\u102a"
      ]
    },
    {
      "type": "bitmap",
      "file": "stardust:font/high_res/diamond_seed.png",
      "ascent": 7,
      "height": 16,
      "chars": [
        "\u813f"
      ]
    },
    {
      "type": "bitmap",
      "file": "stardust:font/high_res/advanced_diamond_seed.png",
      "ascent": 7,
      "height": 16,
      "chars": [
        "\u8141"
      ]
    },
    {
      "type": "bitmap",
      "file": "stardust:font/high_res/stardust_seed.png",
      "ascent": 7,
      "height": 16,
      "chars": [
        "\u8143"
      ]
    },
    {
      "type": "bitmap",
      "file": "stardust:font/high_res/advanced_stardust_seed.png",
      "ascent": 7,
      "height": 16,
      "chars": [
        "\u8145"
      ]
    },
    {
      "type": "bitmap",
      "file": "stardust:font/high_res/elite_stardust_seed.png",
      "ascent": 7,
      "height": 16,
      "chars": [
        "\u8147"
      ]
    },
    {
      "type": "bitmap",
      "file": "stardust:font/high_res/legendarium_seed.png",
      "ascent": 7,
      "height": 16,
      "chars": [
        "\u8149"
      ]
    },
    {
      "type": "bitmap",
      "file": "stardust:font/high_res/solarium_seed.png",
      "ascent": 7,
      "height": 16,
      "chars": [
        "\u814b"
      ]
    },
    {
      "type": "bitmap",
      "file": "stardust:font/high_res/darkium_seed.png",
      "ascent": 7,
      "height": 16,
      "chars": [
        "\u814d"
      ]
    },
    {
      "type": "bitmap",
      "file": "stardust:font/high_res/cobblestone_miner_lv1.png",
      "ascent": 7,
      "height": 16,
      "chars": [
        "\u814f"
      ]
    },
    {
      "type": "bitmap",
      "file": "stardust:font/high_res/cobblestone_miner_lv2.png",
      "ascent": 7,
      "height": 16,
      "chars": [
        "\u8151"
      ]
    },
    {
      "type": "bitmap",
      "file": "stardust:font/high_res/cobblestone_miner_lv3.png",
      "ascent": 7,
      "height": 16,
      "chars": [
        "\u8153"
      ]
    },
    {
      "type": "bitmap",
      "file": "stardust:font/high_res/cobblestone_miner_lv4.png",
      "ascent": 7,
      "height": 16,
      "chars": [
        "\u8155"
      ]
    },
    {
      "type": "bitmap",
      "file": "stardust:font/high_res/cobblestone_miner_lv5.png",
      "ascent": 7,
      "height": 16,
      "chars": [
        "\u8157"
      ]
    },
    {
      "type": "bitmap",
      "file": "stardust:font/high_res/cobblestone_miner_lv6.png",
      "ascent": 7,
      "height": 16,
      "chars": [
        "\u8159"
      ]
    },
    {
      "type": "bitmap",
      "file": "stardust:font/high_res/cobblestone_miner_lv7.png",
      "ascent": 7,
      "height": 16,
      "chars": [
        "\u815b"
      ]
    },
    {
      "type": "bitmap",
      "file": "stardust:font/high_res/cobblestone_miner_lv8.png",
      "ascent": 7,
      "height": 16,
      "chars": [
        "\u815d"
      ]
    },
    {
      "type": "bitmap",
      "file": "stardust:font/high_res/stoupegg.png",
      "ascent": 7,
      "height": 16,
      "chars": [
        "\u815f"
      ]
    },
    {
      "type": "bitmap",
      "file": "stardust:font/high_res/stardust_pillar.png",
      "ascent": 7,
      "height": 16,
      "chars": [
        "\u8161"
      ]
    },
    {
      "type": "bitmap",
      "file": "stardust:font/high_res/stardust_dungeon_key.png",
      "ascent": 7,
      "height": 16,
      "chars": [
        "\u8163"
      ]
    },
    {
      "type": "bitmap",
      "file": "stardust:font/high_res/quarry_configurator.png",
      "ascent": 7,
      "height": 16,
      "chars": [
        "\u8165"
      ]
    },
    {
      "type": "bitmap",
      "file": "stardust:font/high_res/fortune_module.png",
      "ascent": 7,
      "height": 16,
      "chars": [
        "\u8167"
      ]
    },
    {
      "type": "bitmap",
      "file": "stardust:font/high_res/silk_touch_module.png",
      "ascent": 7,
      "height": 16,
      "chars": [
        "\u8169"
      ]
    },
    {
      "type": "bitmap",
      "file": "stardust:font/high_res/manual.png",
      "ascent": 7,
      "height": 16,
      "chars": [
        "\u816b"
      ]
    },
    {
      "type": "bitmap",
      "file": "stardust:font/high_res/stardust_fragment_2_6.png",
      "ascent": 7,
      "height": 16,
      "chars": [
        "\u816d"
      ]
    },
    {
      "type": "bitmap",
      "file": "stardust:font/wiki_icons/stardust_stardust_fragment.png",
      "ascent": 8,
      "height": 16,
      "chars": [
        "\u8171"
      ]
    },
    {
      "type": "bitmap",
      "file": "stardust:font/high_res/stardust_fragment_1_4.png",
      "ascent": 7,
      "height": 16,
      "chars": [
        "\u8172"
      ]
    },
    {
      "type": "bitmap",
      "file": "stardust:font/wiki_icons/stardust_stardust_fragment.png",
      "ascent": 8,
      "height": 16,
      "chars": [
        "\u8174"
      ]
    },
    {
      "type": "bitmap",
      "file": "stardust:font/high_res/stardust_fragment_2.png",
      "ascent": 7,
      "height": 16,
      "chars": [
        "\u8175"
      ]
    },
    {
      "type": "bitmap",
      "file": "stardust:font/high_res/stardust_fragment_4.png",
      "ascent": 7,
      "height": 16,
      "chars": [
        "\u8177"
      ]
    },
    {
      "type": "bitmap",
      "file": "stardust:font/high_res/stardust_fragment_8.png",
      "ascent": 7,
      "height": 16,
      "chars": [
        "\u8179"
      ]
    },
    {
      "type": "bitmap",
      "file": "stardust:font/high_res/iron_ingot.png",
      "ascent": 7,
      "height": 16,
      "chars": [
        "\u817c"
      ]
    },
    {
      "type": "bitmap",
      "file": "stardust:font/wiki_icons/stardust_stardust_ingot.png",
      "ascent": 8,
      "height": 16,
      "chars": [
        "\u817e"
      ]
    },
    {
      "type": "bitmap",
      "file": "stardust:font/wiki_icons/stardust_stardust_photovoltaic_cell.png",
      "ascent": 8,
      "height": 16,
      "chars": [
        "\u8183"
      ]
    },
    {
      "type": "bitmap",
      "file": "stardust:font/high_res/book.png",
      "ascent": 7,
      "height": 16,
      "chars": [
        "\u8185"
      ]
    },
    {
      "type": "bitmap",
      "file": "stardust:font/wiki_icons/stardust_manual.png",
      "ascent": 8,
      "height": 16,
      "chars": [
        "\u8187"
      ]
    },
    {
      "type": "bitmap",
      "file": "stardust:font/high_res/stardust_ingot_1_3.png",
      "ascent": 7,
      "height": 16,
      "chars": [
        "\u8188"
      ]
    },
    {
      "type": "bitmap",
      "file": "stardust:font/wiki_icons/stardust_stardust_ingot.png",
      "ascent": 8,
      "height": 16,
      "chars": [
        "\u818c"
      ]
    },
    {
      "type": "bitmap",
      "file": "stardust:font/high_res/stardust_ingot_2.png",
      "ascent": 7,
      "height": 16,
      "chars": [
        "\u818d"
      ]
    },
    {
      "type": "bitmap",
      "file": "stardust:font/high_res/copper_ingot.png",
      "ascent": 7,
      "height": 16,
      "chars": [
        "\u8193"
      ]
    },
    {
      "type": "bitmap",
      "file": "stardust:font/high_res/gold_ingot.png",
      "ascent": 7,
      "height": 16,
      "chars": [
        "\u8196"
      ]
    },
    {
      "type": "bitmap",
      "file": "stardust:font/high_res/stardust_ingot_8.png",
      "ascent": 7,
      "height": 16,
      "chars": [
        "\u8198"
      ]
    },
    {
      "type": "bitmap",
      "file": "stardust:font/high_res/stardust_ingot_9.png",
      "ascent": 7,
      "height": 16,
      "chars": [
        "\u819a"
      ]
    },
    {
      "type": "bitmap",
      "file": "stardust:font/wiki_icons/stardust_stardust_fragment.png",
      "ascent": 8,
      "height": 16,
      "chars": [
        "\u819e"
      ]
    },
    {
      "type": "bitmap",
      "file": "stardust:font/high_res/blaze_powder.png",
      "ascent": 7,
      "height": 16,
      "chars": [
        "\u81a0"
      ]
    },
    {
      "type": "bitmap",
      "file": "stardust:font/wiki_icons/stardust_stardust_essence.png",
      "ascent": 8,
      "height": 16,
      "chars": [
        "\u81a2"
      ]
    },
    {
      "type": "bitmap",
      "file": "stardust:font/high_res/diamond_block.png",
      "ascent": 7,
      "height": 16,
      "chars": [
        "\u81a4"
      ]
    },
    {
      "type": "bitmap",
      "file": "stardust:font/wiki_icons/stardust_stardust_block.png",
      "ascent": 8,
      "height": 16,
      "chars": [
        "\u81a6"
      ]
    },
    {
      "type": "bitmap",
      "file": "stardust:font/wiki_icons/stardust_legendarium_ingot.png",
      "ascent": 8,
      "height": 16,
      "chars": [
        "\u81aa"
      ]
    },
    {
      "type": "bitmap",
      "file": "stardust:font/wiki_icons/stardust_solarium_ingot.png",
      "ascent": 8,
      "height": 16,
      "chars": [
        "\u81ae"
      ]
    },
    {
      "type": "bitmap",
      "file": "stardust:font/wiki_icons/stardust_darkium_ingot.png",
      "ascent": 8,
      "height": 16,
      "chars": [
        "\u81b2"
      ]
    },
    {
      "type": "bitmap",
      "file": "stardust:font/wiki_icons/stardust_stardust_photovoltaic_cell.png",
      "ascent": 8,
      "height": 16,
      "chars": [
        "\u81b7"
      ]
    },
    {
      "type": "bitmap",
      "file": "stardust:font/high_res/stardust_essence_1_2.png",
      "ascent": 7,
      "height": 16,
      "chars": [
        "\u81b8"
      ]
    },
    {
      "type": "bitmap",
      "file": "stardust:font/wiki_icons/stardust_stardust_essence.png",
      "ascent": 8,
      "height": 16,
      "chars": [
        "\u81bc"
      ]
    },
    {
      "type": "bitmap",
      "file": "stardust:font/high_res/wind_charge.png",
      "ascent": 7,
      "height": 16,
      "chars": [
        "\u81c3"
      ]
    },
    {
      "type": "bitmap",
      "file": "stardust:font/high_res/stardust_essence_8.png",
      "ascent": 7,
      "height": 16,
      "chars": [
        "\u81c5"
      ]
    },
    {
      "type": "bitmap",
      "file": "stardust:font/wiki_icons/stardust_stardust_ingot.png",
      "ascent": 8,
      "height": 16,
      "chars": [
        "\u81c9"
      ]
    },
    {
      "type": "bitmap",
      "file": "stardust:font/high_res/crafter.png",
      "ascent": 7,
      "height": 16,
      "chars": [
        "\u81cb"
      ]
    },
    {
      "type": "bitmap",
      "file": "stardust:font/wiki_icons/stardust_stardust_core.png",
      "ascent": 8,
      "height": 16,
      "chars": [
        "\u81cd"
      ]
    },
    {
      "type": "bitmap",
      "file": "stardust:font/high_res/observer.png",
      "ascent": 7,
      "height": 16,
      "chars": [
        "\u81d5"
      ]
    },
    {
      "type": "bitmap",
      "file": "stardust:font/wiki_icons/stardust_stardust_essence.png",
      "ascent": 8,
      "height": 16,
      "chars": [
        "\u81d9"
      ]
    },
    {
      "type": "bitmap",
      "file": "stardust:font/high_res/popped_chorus_fruit.png",
      "ascent": 7,
      "height": 16,
      "chars": [
        "\u81db"
      ]
    },
    {
      "type": "bitmap",
      "file": "stardust:font/high_res/echo_shard.png",
      "ascent": 7,
      "height": 16,
      "chars": [
        "\u81dd"
      ]
    },
    {
      "type": "bitmap",
      "file": "stardust:font/high_res/resin_brick.png",
      "ascent": 7,
      "height": 16,
      "chars": [
        "\u81e1"
      ]
    },
    {
      "type": "bitmap",
      "file": "stardust:font/high_res/turtle_scute.png",
      "ascent": 7,
      "height": 16,
      "chars": [
        "\u81e3"
      ]
    },
    {
      "type": "bitmap",
      "file": "stardust:font/wiki_icons/stardust_ultimate_shard.png",
      "ascent": 8,
      "height": 16,
      "chars": [
        "\u81e4"
      ]
    },
    {
      "type": "bitmap",
      "file": "stardust:font/high_res/amethyst_shard.png",
      "ascent": 7,
      "height": 16,
      "chars": [
        "\u81e6"
      ]
    },
    {
      "type": "bitmap",
      "file": "stardust:font/wiki_icons/stardust_ultimate_shard.png",
      "ascent": 8,
      "height": 16,
      "chars": [
        "\u81f5"
      ]
    },
    {
      "type": "bitmap",
      "file": "stardust:font/high_res/blue_glazed_terracotta.png",
      "ascent": 7,
      "height": 16,
      "chars": [
        "\u81f7"
      ]
    },
    {
      "type": "bitmap",
      "file": "stardust:font/high_res/machine_block.png",
      "ascent": 7,
      "height": 16,
      "chars": [
        "\u81f9"
      ]
    },
    {
      "type": "bitmap",
      "file": "stardust:font/wiki_icons/stardust_stardust_frame.png",
      "ascent": 8,
      "height": 16,
      "chars": [
        "\u81fb"
      ]
    },
    {
      "type": "bitmap",
      "file": "stardust:font/high_res/gold_block.png",
      "ascent": 7,
      "height": 16,
      "chars": [
        "\u8203"
      ]
    },
    {
      "type": "bitmap",
      "file": "stardust:font/wiki_icons/stardust_stardust_ingot.png",
      "ascent": 8,
      "height": 16,
      "chars": [
        "\u8207"
      ]
    },
    {
      "type": "bitmap",
      "file": "stardust:font/wiki_icons/stardust_compacted_stardust_shard.png",
      "ascent": 8,
      "height": 16,
      "chars": [
        "\u820b"
      ]
    },
    {
      "type": "bitmap",
      "file": "stardust:font/wiki_icons/stardust_legendarium_block.png",
      "ascent": 8,
      "height": 16,
      "chars": [
        "\u820f"
      ]
    },
    {
      "type": "bitmap",
      "file": "stardust:font/wiki_icons/stardust_solarium_block.png",
      "ascent": 8,
      "height": 16,
      "chars": [
        "\u8213"
      ]
    },
    {
      "type": "bitmap",
      "file": "stardust:font/wiki_icons/stardust_darkium_block.png",
      "ascent": 8,
      "height": 16,
      "chars": [
        "\u8217"
      ]
    },
    {
      "type": "bitmap",
      "file": "stardust:font/wiki_icons/stardust_stardust_frame.png",
      "ascent": 8,
      "height": 16,
      "chars": [
        "\u821d"
      ]
    },
    {
      "type": "bitmap",
      "file": "stardust:font/wiki_icons/stardust_stardust_fragment.png",
      "ascent": 8,
      "height": 16,
      "chars": [
        "\u8222"
      ]
    },
    {
      "type": "bitmap",
      "file": "stardust:font/wiki_icons/stardust_stardust_fragment.png",
      "ascent": 8,
      "height": 16,
      "chars": [
        "\u8225"
      ]
    },
    {
      "type": "bitmap",
      "file": "stardust:font/wiki_icons/stardust_stardust_fragment.png",
      "ascent": 8,
      "height": 16,
      "chars": [
        "\u822a"
      ]
    },
    {
      "type": "bitmap",
      "file": "stardust:font/wiki_icons/stardust_stardust_fragment.png",
      "ascent": 8,
      "height": 16,
      "chars": [
        "\u822d"
      ]
    },
    {
      "type": "bitmap",
      "file": "stardust:font/wiki_icons/stardust_stardust_ingot.png",
      "ascent": 8,
      "height": 16,
      "chars": [
        "\u8232"
      ]
    },
    {
      "type": "bitmap",
      "file": "stardust:font/wiki_icons/stardust_stardust_ingot.png",
      "ascent": 8,
      "height": 16,
      "chars": [
        "\u8235"
      ]
    },
    {
      "type": "bitmap",
      "file": "stardust:font/wiki_icons/stardust_stardust_essence.png",
      "ascent": 8,
      "height": 16,
      "chars": [
        "\u823a"
      ]
    },
    {
      "type": "bitmap",
      "file": "stardust:font/wiki_icons/stardust_stardust_essence.png",
      "ascent": 8,
      "height": 16,
      "chars": [
        "\u823d"
      ]
    },
    {
      "type": "bitmap",
      "file": "stardust:font/high_res/awakened_stardust_8.png",
      "ascent": 7,
      "height": 16,
      "chars": [
        "\u8244"
      ]
    },
    {
      "type": "bitmap",
      "file": "stardust:font/wiki_icons/stardust_awakened_stardust.png",
      "ascent": 8,
      "height": 16,
      "chars": [
        "\u8246"
      ]
    },
    {
      "type": "bitmap",
      "file": "stardust:font/high_res/nether_wart_block.png",
      "ascent": 7,
      "height": 16,
      "chars": [
        "\u8248"
      ]
    },
    {
      "type": "bitmap",
      "file": "stardust:font/wiki_icons/stardust_awakened_stardust_frame.png",
      "ascent": 8,
      "height": 16,
      "chars": [
        "\u824c"
      ]
    },
    {
      "type": "bitmap",
      "file": "stardust:font/high_res/awakened_stardust_2_8.png",
      "ascent": 7,
      "height": 16,
      "chars": [
        "\u824d"
      ]
    },
    {
      "type": "bitmap",
      "file": "stardust:font/wiki_icons/stardust_awakened_stardust.png",
      "ascent": 8,
      "height": 16,
      "chars": [
        "\u8251"
      ]
    },
    {
      "type": "bitmap",
      "file": "stardust:font/wiki_icons/stardust_awakened_stardust.png",
      "ascent": 8,
      "height": 16,
      "chars": [
        "\u8256"
      ]
    },
    {
      "type": "bitmap",
      "file": "stardust:font/wiki_icons/stardust_awakened_stardust_block.png",
      "ascent": 8,
      "height": 16,
      "chars": [
        "\u825c"
      ]
    },
    {
      "type": "bitmap",
      "file": "stardust:font/wiki_icons/stardust_awakened_stardust_frame.png",
      "ascent": 8,
      "height": 16,
      "chars": [
        "\u8262"
      ]
    },
    {
      "type": "bitmap",
      "file": "stardust:font/wiki_icons/stardust_awakened_photovoltaic_cell.png",
      "ascent": 8,
      "height": 16,
      "chars": [
        "\u8266"
      ]
    },
    {
      "type": "bitmap",
      "file": "stardust:font/high_res/legendarium_ingot_8.png",
      "ascent": 7,
      "height": 16,
      "chars": [
        "\u826d"
      ]
    },
    {
      "type": "bitmap",
      "file": "stardust:font/wiki_icons/stardust_legendarium_ingot.png",
      "ascent": 8,
      "height": 16,
      "chars": [
        "\u826f"
      ]
    },
    {
      "type": "bitmap",
      "file": "stardust:font/wiki_icons/stardust_ultimate_shard.png",
      "ascent": 8,
      "height": 16,
      "chars": [
        "\u827a"
      ]
    },
    {
      "type": "bitmap",
      "file": "stardust:font/high_res/stripped_pale_oak_wood.png",
      "ascent": 7,
      "height": 16,
      "chars": [
        "\u8281"
      ]
    },
    {
      "type": "bitmap",
      "file": "stardust:font/wiki_icons/stardust_ultimate_frame.png",
      "ascent": 8,
      "height": 16,
      "chars": [
        "\u8282"
      ]
    },
    {
      "type": "bitmap",
      "file": "stardust:font/wiki_icons/stardust_legendarium_block.png",
      "ascent": 8,
      "height": 16,
      "chars": [
        "\u828d"
      ]
    },
    {
      "type": "bitmap",
      "file": "stardust:font/high_res/legendarium_fragment_8.png",
      "ascent": 7,
      "height": 16,
      "chars": [
        "\u828e"
      ]
    },
    {
      "type": "bitmap",
      "file": "stardust:font/wiki_icons/stardust_legendarium_fragment.png",
      "ascent": 8,
      "height": 16,
      "chars": [
        "\u8290"
      ]
    },
    {
      "type": "bitmap",
      "file": "stardust:font/wiki_icons/stardust_legendarium_photovoltaic_cell.png",
      "ascent": 8,
      "height": 16,
      "chars": [
        "\u8294"
      ]
    },
    {
      "type": "bitmap",
      "file": "stardust:font/wiki_icons/stardust_legendarium_ingot.png",
      "ascent": 8,
      "height": 16,
      "chars": [
        "\u829c"
      ]
    },
    {
      "type": "bitmap",
      "file": "stardust:font/high_res/solarium_ingot_8.png",
      "ascent": 7,
      "height": 16,
      "chars": [
        "\u82a3"
      ]
    },
    {
      "type": "bitmap",
      "file": "stardust:font/wiki_icons/stardust_solarium_ingot.png",
      "ascent": 8,
      "height": 16,
      "chars": [
        "\u82a5"
      ]
    },
    {
      "type": "bitmap",
      "file": "stardust:font/wiki_icons/stardust_ultimate_shard.png",
      "ascent": 8,
      "height": 16,
      "chars": [
        "\u82b0"
      ]
    },
    {
      "type": "bitmap",
      "file": "stardust:font/wiki_icons/stardust_ultimate_frame.png",
      "ascent": 8,
      "height": 16,
      "chars": [
        "\u82b8"
      ]
    },
    {
      "type": "bitmap",
      "file": "stardust:font/wiki_icons/stardust_solarium_block.png",
      "ascent": 8,
      "height": 16,
      "chars": [
        "\u82c3"
      ]
    },
    {
      "type": "bitmap",
      "file": "stardust:font/high_res/solarium_fragment_8.png",
      "ascent": 7,
      "height": 16,
      "chars": [
        "\u82c4"
      ]
    },
    {
      "type": "bitmap",
      "file": "stardust:font/wiki_icons/stardust_solarium_fragment.png",
      "ascent": 8,
      "height": 16,
      "chars": [
        "\u82c6"
      ]
    },
    {
      "type": "bitmap",
      "file": "stardust:font/wiki_icons/stardust_solarium_photovoltaic_cell.png",
      "ascent": 8,
      "height": 16,
      "chars": [
        "\u82ca"
      ]
    },
    {
      "type": "bitmap",
      "file": "stardust:font/wiki_icons/stardust_solarium_ingot.png",
      "ascent": 8,
      "height": 16,
      "chars": [
        "\u82d2"
      ]
    },
    {
      "type": "bitmap",
      "file": "stardust:font/high_res/darkium_ingot_8.png",
      "ascent": 7,
      "height": 16,
      "chars": [
        "\u82d9"
      ]
    },
    {
      "type": "bitmap",
      "file": "stardust:font/wiki_icons/stardust_darkium_ingot.png",
      "ascent": 8,
      "height": 16,
      "chars": [
        "\u82db"
      ]
    },
    {
      "type": "bitmap",
      "file": "stardust:font/wiki_icons/stardust_ultimate_shard.png",
      "ascent": 8,
      "height": 16,
      "chars": [
        "\u82e6"
      ]
    },
    {
      "type": "bitmap",
      "file": "stardust:font/wiki_icons/stardust_ultimate_frame.png",
      "ascent": 8,
      "height": 16,
      "chars": [
        "\u82ee"
      ]
    },
    {
      "type": "bitmap",
      "file": "stardust:font/wiki_icons/stardust_darkium_block.png",
      "ascent": 8,
      "height": 16,
      "chars": [
        "\u82f9"
      ]
    },
    {
      "type": "bitmap",
      "file": "stardust:font/high_res/darkium_fragment_8.png",
      "ascent": 7,
      "height": 16,
      "chars": [
        "\u82fa"
      ]
    },
    {
      "type": "bitmap",
      "file": "stardust:font/wiki_icons/stardust_darkium_fragment.png",
      "ascent": 8,
      "height": 16,
      "chars": [
        "\u82fc"
      ]
    },
    {
      "type": "bitmap",
      "file": "stardust:font/wiki_icons/stardust_darkium_photovoltaic_cell.png",
      "ascent": 8,
      "height": 16,
      "chars": [
        "\u8300"
      ]
    },
    {
      "type": "bitmap",
      "file": "stardust:font/wiki_icons/stardust_darkium_ingot.png",
      "ascent": 8,
      "height": 16,
      "chars": [
        "\u8308"
      ]
    },
    {
      "type": "bitmap",
      "file": "stardust:font/high_res/ender_pearl.png",
      "ascent": 7,
      "height": 16,
      "chars": [
        "\u830a"
      ]
    },
    {
      "type": "bitmap",
      "file": "stardust:font/high_res/dragon_breath.png",
      "ascent": 7,
      "height": 16,
      "chars": [
        "\u830b"
      ]
    },
    {
      "type": "bitmap",
      "file": "stardust:font/wiki_icons/stardust_ender_dragon_pearl.png",
      "ascent": 8,
      "height": 16,
      "chars": [
        "\u8314"
      ]
    },
    {
      "type": "bitmap",
      "file": "stardust:font/wiki_icons/stardust_dragon_pearl.png",
      "ascent": 8,
      "height": 16,
      "chars": [
        "\u831d"
      ]
    },
    {
      "type": "bitmap",
      "file": "stardust:font/wiki_icons/stardust_ultimate_frame.png",
      "ascent": 8,
      "height": 16,
      "chars": [
        "\u8339"
      ]
    },
    {
      "type": "bitmap",
      "file": "stardust:font/wiki_icons/stardust_ultimate_photovoltaic_cell.png",
      "ascent": 8,
      "height": 16,
      "chars": [
        "\u833f"
      ]
    },
    {
      "type": "bitmap",
      "file": "stardust:font/page/dog_excrement.png",
      "ascent": 0,
      "height": 40,
      "chars": [
        "\u1044"
      ]
    },
    {
      "type": "bitmap",
      "file": "stardust:font/high_res/compressed_cobblestone_9.png",
      "ascent": 7,
      "height": 16,
      "chars": [
        "\u8341"
      ]
    },
    {
      "type": "bitmap",
      "file": "stardust:font/high_res/cobblestone.png",
      "ascent": 7,
      "height": 16,
      "chars": [
        "\u8344"
      ]
    },
    {
      "type": "bitmap",
      "file": "stardust:font/wiki_icons/stardust_double_compressed_cobblestone.png",
      "ascent": 8,
      "height": 16,
      "chars": [
        "\u8349"
      ]
    },
    {
      "type": "bitmap",
      "file": "stardust:font/high_res/double_compressed_cobblestone_9.png",
      "ascent": 7,
      "height": 16,
      "chars": [
        "\u834a"
      ]
    },
    {
      "type": "bitmap",
      "file": "stardust:font/wiki_icons/stardust_compressed_cobblestone.png",
      "ascent": 8,
      "height": 16,
      "chars": [
        "\u8352"
      ]
    },
    {
      "type": "bitmap",
      "file": "stardust:font/wiki_icons/stardust_triple_compressed_cobblestone.png",
      "ascent": 8,
      "height": 16,
      "chars": [
        "\u8355"
      ]
    },
    {
      "type": "bitmap",
      "file": "stardust:font/high_res/triple_compressed_cobblestone_9.png",
      "ascent": 7,
      "height": 16,
      "chars": [
        "\u8356"
      ]
    },
    {
      "type": "bitmap",
      "file": "stardust:font/wiki_icons/stardust_double_compressed_cobblestone.png",
      "ascent": 8,
      "height": 16,
      "chars": [
        "\u835e"
      ]
    },
    {
      "type": "bitmap",
      "file": "stardust:font/wiki_icons/stardust_quadruple_compressed_cobblestone.png",
      "ascent": 8,
      "height": 16,
      "chars": [
        "\u8361"
      ]
    },
    {
      "type": "bitmap",
      "file": "stardust:font/high_res/quadruple_compressed_cobblestone_9.png",
      "ascent": 7,
      "height": 16,
      "chars": [
        "\u8362"
      ]
    },
    {
      "type": "bitmap",
      "file": "stardust:font/wiki_icons/stardust_awakened_stardust_block.png",
      "ascent": 8,
      "height": 16,
      "chars": [
        "\u836b"
      ]
    },
    {
      "type": "bitmap",
      "file": "stardust:font/wiki_icons/stardust_triple_compressed_cobblestone.png",
      "ascent": 8,
      "height": 16,
      "chars": [
        "\u836e"
      ]
    },
    {
      "type": "bitmap",
      "file": "stardust:font/wiki_icons/stardust_quintuple_compressed_cobblestone.png",
      "ascent": 8,
      "height": 16,
      "chars": [
        "\u8371"
      ]
    },
    {
      "type": "bitmap",
      "file": "stardust:font/high_res/quintuple_compressed_cobblestone_9.png",
      "ascent": 7,
      "height": 16,
      "chars": [
        "\u8372"
      ]
    },
    {
      "type": "bitmap",
      "file": "stardust:font/wiki_icons/stardust_quadruple_compressed_cobblestone.png",
      "ascent": 8,
      "height": 16,
      "chars": [
        "\u837a"
      ]
    },
    {
      "type": "bitmap",
      "file": "stardust:font/wiki_icons/stardust_sextuple_compressed_cobblestone.png",
      "ascent": 8,
      "height": 16,
      "chars": [
        "\u837d"
      ]
    },
    {
      "type": "bitmap",
      "file": "stardust:font/high_res/sextuple_compressed_cobblestone_9.png",
      "ascent": 7,
      "height": 16,
      "chars": [
        "\u837e"
      ]
    },
    {
      "type": "bitmap",
      "file": "stardust:font/wiki_icons/stardust_quintuple_compressed_cobblestone.png",
      "ascent": 8,
      "height": 16,
      "chars": [
        "\u8386"
      ]
    },
    {
      "type": "bitmap",
      "file": "stardust:font/wiki_icons/stardust_septuple_compressed_cobblestone.png",
      "ascent": 8,
      "height": 16,
      "chars": [
        "\u8389"
      ]
    },
    {
      "type": "bitmap",
      "file": "stardust:font/high_res/septuple_compressed_cobblestone_9.png",
      "ascent": 7,
      "height": 16,
      "chars": [
        "\u838a"
      ]
    },
    {
      "type": "bitmap",
      "file": "stardust:font/wiki_icons/stardust_sextuple_compressed_cobblestone.png",
      "ascent": 8,
      "height": 16,
      "chars": [
        "\u8392"
      ]
    },
    {
      "type": "bitmap",
      "file": "stardust:font/wiki_icons/stardust_octuple_compressed_cobblestone.png",
      "ascent": 8,
      "height": 16,
      "chars": [
        "\u8395"
      ]
    },
    {
      "type": "bitmap",
      "file": "stardust:font/wiki_icons/stardust_septuple_compressed_cobblestone.png",
      "ascent": 8,
      "height": 16,
      "chars": [
        "\u839c"
      ]
    },
    {
      "type": "bitmap",
      "file": "stardust:font/wiki_icons/stardust_awakened_stardust_frame.png",
      "ascent": 8,
      "height": 16,
      "chars": [
        "\u83b1"
      ]
    },
    {
      "type": "bitmap",
      "file": "stardust:font/wiki_icons/stardust_ultimate_frame.png",
      "ascent": 8,
      "height": 16,
      "chars": [
        "\u83c8"
      ]
    },
    {
      "type": "bitmap",
      "file": "stardust:font/high_res/black_stained_glass.png",
      "ascent": 7,
      "height": 16,
      "chars": [
        "\u83df"
      ]
    },
    {
      "type": "bitmap",
      "file": "stardust:font/high_res/quartz_block.png",
      "ascent": 7,
      "height": 16,
      "chars": [
        "\u83e0"
      ]
    },
    {
      "type": "bitmap",
      "file": "stardust:font/high_res/tinted_glass.png",
      "ascent": 7,
      "height": 16,
      "chars": [
        "\u83e5"
      ]
    },
    {
      "type": "bitmap",
      "file": "stardust:font/wiki_icons/stardust_stardust_photovoltaic_cell.png",
      "ascent": 8,
      "height": 16,
      "chars": [
        "\u83eb"
      ]
    },
    {
      "type": "bitmap",
      "file": "stardust:font/wiki_icons/stardust_awakened_photovoltaic_cell.png",
      "ascent": 8,
      "height": 16,
      "chars": [
        "\u83f7"
      ]
    },
    {
      "type": "bitmap",
      "file": "stardust:font/wiki_icons/stardust_legendarium_photovoltaic_cell.png",
      "ascent": 8,
      "height": 16,
      "chars": [
        "\u8404"
      ]
    },
    {
      "type": "bitmap",
      "file": "stardust:font/wiki_icons/stardust_solarium_photovoltaic_cell.png",
      "ascent": 8,
      "height": 16,
      "chars": [
        "\u8408"
      ]
    },
    {
      "type": "bitmap",
      "file": "stardust:font/wiki_icons/stardust_darkium_photovoltaic_cell.png",
      "ascent": 8,
      "height": 16,
      "chars": [
        "\u840c"
      ]
    },
    {
      "type": "bitmap",
      "file": "stardust:font/wiki_icons/stardust_ultimate_photovoltaic_cell.png",
      "ascent": 8,
      "height": 16,
      "chars": [
        "\u841b"
      ]
    },
    {
      "type": "bitmap",
      "file": "stardust:font/wiki_icons/stardust_ultimate_photovoltaic_cell.png",
      "ascent": 8,
      "height": 16,
      "chars": [
        "\u842a"
      ]
    },
    {
      "type": "bitmap",
      "file": "stardust:font/wiki_icons/stardust_ultimate_photovoltaic_cell.png",
      "ascent": 8,
      "height": 16,
      "chars": [
        "\u8439"
      ]
    },
    {
      "type": "bitmap",
      "file": "stardust:font/high_res/map.png",
      "ascent": 7,
      "height": 16,
      "chars": [
        "\u844a"
      ]
    },
    {
      "type": "bitmap",
      "file": "stardust:font/high_res/simplunium_ingot.png",
      "ascent": 7,
      "height": 16,
      "chars": [
        "\u844b"
      ]
    },
    {
      "type": "bitmap",
      "file": "stardust:font/high_res/emerald.png",
      "ascent": 7,
      "height": 16,
      "chars": [
        "\u8450"
      ]
    },
    {
      "type": "bitmap",
      "file": "stardust:font/high_res/diamond.png",
      "ascent": 7,
      "height": 16,
      "chars": [
        "\u8451"
      ]
    },
    {
      "type": "bitmap",
      "file": "stardust:font/wiki_icons/stardust_fortune_module.png",
      "ascent": 8,
      "height": 16,
      "chars": [
        "\u8453"
      ]
    },
    {
      "type": "bitmap",
      "file": "stardust:font/high_res/iron_ore.png",
      "ascent": 7,
      "height": 16,
      "chars": [
        "\u8455"
      ]
    },
    {
      "type": "bitmap",
      "file": "stardust:font/wiki_icons/stardust_silk_touch_module.png",
      "ascent": 8,
      "height": 16,
      "chars": [
        "\u8457"
      ]
    },
    {
      "type": "bitmap",
      "file": "stardust:font/page/stardust_cable.png",
      "ascent": 0,
      "height": 40,
      "chars": [
        "\u1058"
      ]
    },
    {
      "type": "bitmap",
      "file": "stardust:font/page/awakened_stardust_cable.png",
      "ascent": 0,
      "height": 40,
      "chars": [
        "\u1059"
      ]
    },
    {
      "type": "bitmap",
      "file": "stardust:font/page/ultimate_cable.png",
      "ascent": 0,
      "height": 40,
      "chars": [
        "\u105a"
      ]
    },
    {
      "type": "bitmap",
      "file": "stardust:font/page/stardust_battery.png",
      "ascent": 0,
      "height": 40,
      "chars": [
        "\u105b"
      ]
    },
    {
      "type": "bitmap",
      "file": "stardust:font/page/awakened_stardust_battery.png",
      "ascent": 0,
      "height": 40,
      "chars": [
        "\u105c"
      ]
    },
    {
      "type": "bitmap",
      "file": "stardust:font/page/ultimate_battery.png",
      "ascent": 0,
      "height": 40,
      "chars": [
        "\u105d"
      ]
    },
    {
      "type": "bitmap",
      "file": "stardust:font/page/stardust_solar_panel.png",
      "ascent": 0,
      "height": 40,
      "chars": [
        "\u105e"
      ]
    },
    {
      "type": "bitmap",
      "file": "stardust:font/page/awakened_solar_panel.png",
      "ascent": 0,
      "height": 40,
      "chars": [
        "\u105f"
      ]
    },
    {
      "type": "bitmap",
      "file": "stardust:font/page/legendarium_solar_panel.png",
      "ascent": 0,
      "height": 40,
      "chars": [
        "\u1060"
      ]
    },
    {
      "type": "bitmap",
      "file": "stardust:font/page/solarium_solar_panel.png",
      "ascent": 0,
      "height": 40,
      "chars": [
        "\u1061"
      ]
    },
    {
      "type": "bitmap",
      "file": "stardust:font/page/darkium_solar_panel.png",
      "ascent": 0,
      "height": 40,
      "chars": [
        "\u1062"
      ]
    },
    {
      "type": "bitmap",
      "file": "stardust:font/page/ultimate_solar_panel.png",
      "ascent": 0,
      "height": 40,
      "chars": [
        "\u1063"
      ]
    },
    {
      "type": "bitmap",
      "file": "stardust:font/page/quarry_lv1.png",
      "ascent": 0,
      "height": 40,
      "chars": [
        "\u1064"
      ]
    },
    {
      "type": "bitmap",
      "file": "stardust:font/page/quarry_lv2.png",
      "ascent": 0,
      "height": 40,
      "chars": [
        "\u1065"
      ]
    },
    {
      "type": "bitmap",
      "file": "stardust:font/page/quarry_lv3.png",
      "ascent": 0,
      "height": 40,
      "chars": [
        "\u1066"
      ]
    },
    {
      "type": "bitmap",
      "file": "stardust:font/page/quarry_lv4.png",
      "ascent": 0,
      "height": 40,
      "chars": [
        "\u1067"
      ]
    },
    {
      "type": "bitmap",
      "file": "stardust:font/page/quarry_lv5.png",
      "ascent": 0,
      "height": 40,
      "chars": [
        "\u1068"
      ]
    },
    {
      "type": "bitmap",
      "file": "stardust:font/page/quarry_creative.png",
      "ascent": 0,
      "height": 40,
      "chars": [
        "\u1069"
      ]
    },
    {
      "type": "bitmap",
      "file": "stardust:font/page/cavern_portal.png",
      "ascent": 0,
      "height": 40,
      "chars": [
        "\u106a"
      ]
    },
    {
      "type": "bitmap",
      "file": "stardust:font/page/celestial_portal.png",
      "ascent": 0,
      "height": 40,
      "chars": [
        "\u106b"
      ]
    },
    {
      "type": "bitmap",
      "file": "stardust:font/page/stardust_portal.png",
      "ascent": 0,
      "height": 40,
      "chars": [
        "\u106c"
      ]
    },
    {
      "type": "bitmap",
      "file": "stardust:font/page/stardust_dungeon_portal.png",
      "ascent": 0,
      "height": 40,
      "chars": [
        "\u106d"
      ]
    },
    {
      "type": "bitmap",
      "file": "stardust:font/page/ultimate_portal.png",
      "ascent": 0,
      "height": 40,
      "chars": [
        "\u106e"
      ]
    },
    {
      "type": "bitmap",
      "file": "stardust:font/page/growth_accelerator.png",
      "ascent": 0,
      "height": 40,
      "chars": [
        "\u106f"
      ]
    },
    {
      "type": "bitmap",
      "file": "stardust:font/page/mob_grinder.png",
      "ascent": 0,
      "height": 40,
      "chars": [
        "\u1070"
      ]
    },
    {
      "type": "bitmap",
      "file": "stardust:font/page/nether_star_generator.png",
      "ascent": 0,
      "height": 40,
      "chars": [
        "\u1071"
      ]
    },
    {
      "type": "bitmap",
      "file": "stardust:font/page/advanced_furnace_generator.png",
      "ascent": 0,
      "height": 40,
      "chars": [
        "\u1072"
      ]
    },
    {
      "type": "bitmap",
      "file": "stardust:font/page/stardust_furnace_generator.png",
      "ascent": 0,
      "height": 40,
      "chars": [
        "\u1073"
      ]
    },
    {
      "type": "bitmap",
      "file": "stardust:font/page/awakened_furnace_generator.png",
      "ascent": 0,
      "height": 40,
      "chars": [
        "\u1074"
      ]
    },
    {
      "type": "bitmap",
      "file": "stardust:font/page/damaged_stardust_helmet.png",
      "ascent": 0,
      "height": 40,
      "chars": [
        "\u1075"
      ]
    },
    {
      "type": "bitmap",
      "file": "stardust:font/page/damaged_stardust_chestplate.png",
      "ascent": 0,
      "height": 40,
      "chars": [
        "\u1076"
      ]
    },
    {
      "type": "bitmap",
      "file": "stardust:font/page/damaged_stardust_leggings.png",
      "ascent": 0,
      "height": 40,
      "chars": [
        "\u1077"
      ]
    },
    {
      "type": "bitmap",
      "file": "stardust:font/page/damaged_stardust_boots.png",
      "ascent": 0,
      "height": 40,
      "chars": [
        "\u1078"
      ]
    },
    {
      "type": "bitmap",
      "file": "stardust:font/page/damaged_stardust_sword.png",
      "ascent": 0,
      "height": 40,
      "chars": [
        "\u1079"
      ]
    },
    {
      "type": "bitmap",
      "file": "stardust:font/page/damaged_stardust_pickaxe.png",
      "ascent": 0,
      "height": 40,
      "chars": [
        "\u107a"
      ]
    },
    {
      "type": "bitmap",
      "file": "stardust:font/page/damaged_stardust_axe.png",
      "ascent": 0,
      "height": 40,
      "chars": [
        "\u107b"
      ]
    },
    {
      "type": "bitmap",
      "file": "stardust:font/page/reinforced_stardust_helmet.png",
      "ascent": 0,
      "height": 40,
      "chars": [
        "\u107c"
      ]
    },
    {
      "type": "bitmap",
      "file": "stardust:font/page/reinforced_stardust_chestplate.png",
      "ascent": 0,
      "height": 40,
      "chars": [
        "\u107d"
      ]
    },
    {
      "type": "bitmap",
      "file": "stardust:font/page/reinforced_stardust_leggings.png",
      "ascent": 0,
      "height": 40,
      "chars": [
        "\u107e"
      ]
    },
    {
      "type": "bitmap",
      "file": "stardust:font/page/reinforced_stardust_boots.png",
      "ascent": 0,
      "height": 40,
      "chars": [
        "\u107f"
      ]
    },
    {
      "type": "bitmap",
      "file": "stardust:font/page/reinforced_stardust_sword.png",
      "ascent": 0,
      "height": 40,
      "chars": [
        "\u1080"
      ]
    },
    {
      "type": "bitmap",
      "file": "stardust:font/page/reinforced_stardust_pickaxe.png",
      "ascent": 0,
      "height": 40,
      "chars": [
        "\u1081"
      ]
    },
    {
      "type": "bitmap",
      "file": "stardust:font/page/reinforced_stardust_axe.png",
      "ascent": 0,
      "height": 40,
      "chars": [
        "\u1082"
      ]
    },
    {
      "type": "bitmap",
      "file": "stardust:font/page/original_stardust_helmet.png",
      "ascent": 0,
      "height": 40,
      "chars": [
        "\u1083"
      ]
    },
    {
      "type": "bitmap",
      "file": "stardust:font/page/original_stardust_chestplate.png",
      "ascent": 0,
      "height": 40,
      "chars": [
        "\u1084"
      ]
    },
    {
      "type": "bitmap",
      "file": "stardust:font/page/original_stardust_leggings.png",
      "ascent": 0,
      "height": 40,
      "chars": [
        "\u1085"
      ]
    },
    {
      "type": "bitmap",
      "file": "stardust:font/page/original_stardust_boots.png",
      "ascent": 0,
      "height": 40,
      "chars": [
        "\u1086"
      ]
    },
    {
      "type": "bitmap",
      "file": "stardust:font/page/original_stardust_sword.png",
      "ascent": 0,
      "height": 40,
      "chars": [
        "\u1087"
      ]
    },
    {
      "type": "bitmap",
      "file": "stardust:font/page/original_stardust_pickaxe.png",
      "ascent": 0,
      "height": 40,
      "chars": [
        "\u1088"
      ]
    },
    {
      "type": "bitmap",
      "file": "stardust:font/page/original_stardust_axe.png",
      "ascent": 0,
      "height": 40,
      "chars": [
        "\u1089"
      ]
    },
    {
      "type": "bitmap",
      "file": "stardust:font/page/legendarium_helmet.png",
      "ascent": 0,
      "height": 40,
      "chars": [
        "\u108a"
      ]
    },
    {
      "type": "bitmap",
      "file": "stardust:font/page/legendarium_chestplate.png",
      "ascent": 0,
      "height": 40,
      "chars": [
        "\u108b"
      ]
    },
    {
      "type": "bitmap",
      "file": "stardust:font/page/legendarium_leggings.png",
      "ascent": 0,
      "height": 40,
      "chars": [
        "\u108c"
      ]
    },
    {
      "type": "bitmap",
      "file": "stardust:font/page/legendarium_boots.png",
      "ascent": 0,
      "height": 40,
      "chars": [
        "\u108d"
      ]
    },
    {
      "type": "bitmap",
      "file": "stardust:font/page/legendarium_sword.png",
      "ascent": 0,
      "height": 40,
      "chars": [
        "\u108e"
      ]
    },
    {
      "type": "bitmap",
      "file": "stardust:font/page/legendarium_pickaxe.png",
      "ascent": 0,
      "height": 40,
      "chars": [
        "\u108f"
      ]
    },
    {
      "type": "bitmap",
      "file": "stardust:font/page/legendarium_axe.png",
      "ascent": 0,
      "height": 40,
      "chars": [
        "\u1090"
      ]
    },
    {
      "type": "bitmap",
      "file": "stardust:font/page/solarium_helmet.png",
      "ascent": 0,
      "height": 40,
      "chars": [
        "\u1091"
      ]
    },
    {
      "type": "bitmap",
      "file": "stardust:font/page/solarium_chestplate.png",
      "ascent": 0,
      "height": 40,
      "chars": [
        "\u1092"
      ]
    },
    {
      "type": "bitmap",
      "file": "stardust:font/page/solarium_leggings.png",
      "ascent": 0,
      "height": 40,
      "chars": [
        "\u1093"
      ]
    },
    {
      "type": "bitmap",
      "file": "stardust:font/page/solarium_boots.png",
      "ascent": 0,
      "height": 40,
      "chars": [
        "\u1094"
      ]
    },
    {
      "type": "bitmap",
      "file": "stardust:font/page/solarium_sword.png",
      "ascent": 0,
      "height": 40,
      "chars": [
        "\u1095"
      ]
    },
    {
      "type": "bitmap",
      "file": "stardust:font/page/solarium_pickaxe.png",
      "ascent": 0,
      "height": 40,
      "chars": [
        "\u1096"
      ]
    },
    {
      "type": "bitmap",
      "file": "stardust:font/page/solarium_axe.png",
      "ascent": 0,
      "height": 40,
      "chars": [
        "\u1097"
      ]
    },
    {
      "type": "bitmap",
      "file": "stardust:font/page/darkium_helmet.png",
      "ascent": 0,
      "height": 40,
      "chars": [
        "\u1098"
      ]
    },
    {
      "type": "bitmap",
      "file": "stardust:font/page/darkium_chestplate.png",
      "ascent": 0,
      "height": 40,
      "chars": [
        "\u1099"
      ]
    },
    {
      "type": "bitmap",
      "file": "stardust:font/page/darkium_leggings.png",
      "ascent": 0,
      "height": 40,
      "chars": [
        "\u109a"
      ]
    },
    {
      "type": "bitmap",
      "file": "stardust:font/page/darkium_boots.png",
      "ascent": 0,
      "height": 40,
      "chars": [
        "\u109b"
      ]
    },
    {
      "type": "bitmap",
      "file": "stardust:font/page/darkium_sword.png",
      "ascent": 0,
      "height": 40,
      "chars": [
        "\u109c"
      ]
    },
    {
      "type": "bitmap",
      "file": "stardust:font/page/darkium_pickaxe.png",
      "ascent": 0,
      "height": 40,
      "chars": [
        "\u109d"
      ]
    },
    {
      "type": "bitmap",
      "file": "stardust:font/page/darkium_axe.png",
      "ascent": 0,
      "height": 40,
      "chars": [
        "\u109e"
      ]
    },
    {
      "type": "bitmap",
      "file": "stardust:font/page/ultimate_elytra.png",
      "ascent": 0,
      "height": 40,
      "chars": [
        "\u109f"
      ]
    },
    {
      "type": "bitmap",
      "file": "stardust:font/page/stardust_bow.png",
      "ascent": 0,
      "height": 40,
      "chars": [
        "\u10a0"
      ]
    },
    {
      "type": "bitmap",
      "file": "stardust:font/page/awakened_stardust_bow.png",
      "ascent": 0,
      "height": 40,
      "chars": [
        "\u10a1"
      ]
    },
    {
      "type": "bitmap",
      "file": "stardust:font/page/ultimate_bow.png",
      "ascent": 0,
      "height": 40,
      "chars": [
        "\u10a2"
      ]
    },
    {
      "type": "bitmap",
      "file": "stardust:font/page/stardust_sniper.png",
      "ascent": 0,
      "height": 40,
      "chars": [
        "\u10a3"
      ]
    },
    {
      "type": "bitmap",
      "file": "stardust:font/page/awakened_stardust_sniper.png",
      "ascent": 0,
      "height": 40,
      "chars": [
        "\u10a4"
      ]
    },
    {
      "type": "bitmap",
      "file": "stardust:font/page/ultimate_sniper.png",
      "ascent": 0,
      "height": 40,
      "chars": [
        "\u10a5"
      ]
    },
    {
      "type": "bitmap",
      "file": "stardust:font/page/ultimate_bullet.png",
      "ascent": 0,
      "height": 40,
      "chars": [
        "\u10a6"
      ]
    },
    {
      "type": "bitmap",
      "file": "stardust:font/page/health_artifact_lv1.png",
      "ascent": 0,
      "height": 40,
      "chars": [
        "\u10a7"
      ]
    },
    {
      "type": "bitmap",
      "file": "stardust:font/page/health_artifact_lv2.png",
      "ascent": 0,
      "height": 40,
      "chars": [
        "\u10a8"
      ]
    },
    {
      "type": "bitmap",
      "file": "stardust:font/page/health_artifact_lv3.png",
      "ascent": 0,
      "height": 40,
      "chars": [
        "\u10a9"
      ]
    },
    {
      "type": "bitmap",
      "file": "stardust:font/page/health_artifact_lvmax.png",
      "ascent": 0,
      "height": 40,
      "chars": [
        "\u10aa"
      ]
    },
    {
      "type": "bitmap",
      "file": "stardust:font/page/damage_artifact_lv1.png",
      "ascent": 0,
      "height": 40,
      "chars": [
        "\u10ab"
      ]
    },
    {
      "type": "bitmap",
      "file": "stardust:font/page/damage_artifact_lv2.png",
      "ascent": 0,
      "height": 40,
      "chars": [
        "\u10ac"
      ]
    },
    {
      "type": "bitmap",
      "file": "stardust:font/page/damage_artifact_lv3.png",
      "ascent": 0,
      "height": 40,
      "chars": [
        "\u10ad"
      ]
    },
    {
      "type": "bitmap",
      "file": "stardust:font/page/damage_artifact_lvmax.png",
      "ascent": 0,
      "height": 40,
      "chars": [
        "\u10ae"
      ]
    },
    {
      "type": "bitmap",
      "file": "stardust:font/page/speed_artifact_lv1.png",
      "ascent": 0,
      "height": 40,
      "chars": [
        "\u10af"
      ]
    },
    {
      "type": "bitmap",
      "file": "stardust:font/page/speed_artifact_lv2.png",
      "ascent": 0,
      "height": 40,
      "chars": [
        "\u10b0"
      ]
    },
    {
      "type": "bitmap",
      "file": "stardust:font/page/speed_artifact_lv3.png",
      "ascent": 0,
      "height": 40,
      "chars": [
        "\u10b1"
      ]
    },
    {
      "type": "bitmap",
      "file": "stardust:font/page/speed_artifact_lvmax.png",
      "ascent": 0,
      "height": 40,
      "chars": [
        "\u10b2"
      ]
    },
    {
      "type": "bitmap",
      "file": "stardust:font/page/lucky_artifact_bag.png",
      "ascent": 0,
      "height": 40,
      "chars": [
        "\u10b3"
      ]
    },
    {
      "type": "bitmap",
      "file": "stardust:font/page/item_magnet.png",
      "ascent": 0,
      "height": 40,
      "chars": [
        "\u10b4"
      ]
    },
    {
      "type": "bitmap",
      "file": "stardust:font/page/home_travel_staff.png",
      "ascent": 0,
      "height": 40,
      "chars": [
        "\u10b5"
      ]
    },
    {
      "type": "bitmap",
      "file": "stardust:font/page/wormhole_potion.png",
      "ascent": 0,
      "height": 40,
      "chars": [
        "\u10b6"
      ]
    },
    {
      "type": "bitmap",
      "file": "stardust:font/page/stardust_apple.png",
      "ascent": 0,
      "height": 40,
      "chars": [
        "\u10b7"
      ]
    },
    {
      "type": "bitmap",
      "file": "stardust:font/high_res/life_crystal_1.png",
      "ascent": 7,
      "height": 16,
      "chars": [
        "\u84b8"
      ]
    },
    {
      "type": "bitmap",
      "file": "stardust:font/wiki_icons/stardust_life_crystal.png",
      "ascent": 8,
      "height": 16,
      "chars": [
        "\u84bc"
      ]
    },
    {
      "type": "bitmap",
      "file": "stardust:font/wiki_icons/stardust_life_crystal.png",
      "ascent": 8,
      "height": 16,
      "chars": [
        "\u84c1"
      ]
    },
    {
      "type": "bitmap",
      "file": "stardust:font/page/diamond_seed.png",
      "ascent": 0,
      "height": 40,
      "chars": [
        "\u10ba"
      ]
    },
    {
      "type": "bitmap",
      "file": "stardust:font/page/advanced_diamond_seed.png",
      "ascent": 0,
      "height": 40,
      "chars": [
        "\u10bb"
      ]
    },
    {
      "type": "bitmap",
      "file": "stardust:font/page/stardust_seed.png",
      "ascent": 0,
      "height": 40,
      "chars": [
        "\u10bc"
      ]
    },
    {
      "type": "bitmap",
      "file": "stardust:font/page/advanced_stardust_seed.png",
      "ascent": 0,
      "height": 40,
      "chars": [
        "\u10bd"
      ]
    },
    {
      "type": "bitmap",
      "file": "stardust:font/page/elite_stardust_seed.png",
      "ascent": 0,
      "height": 40,
      "chars": [
        "\u10be"
      ]
    },
    {
      "type": "bitmap",
      "file": "stardust:font/page/legendarium_seed.png",
      "ascent": 0,
      "height": 40,
      "chars": [
        "\u10bf"
      ]
    },
    {
      "type": "bitmap",
      "file": "stardust:font/page/solarium_seed.png",
      "ascent": 0,
      "height": 40,
      "chars": [
        "\u10c0"
      ]
    },
    {
      "type": "bitmap",
      "file": "stardust:font/page/darkium_seed.png",
      "ascent": 0,
      "height": 40,
      "chars": [
        "\u10c1"
      ]
    },
    {
      "type": "bitmap",
      "file": "stardust:font/page/cobblestone_miner_lv1.png",
      "ascent": 0,
      "height": 40,
      "chars": [
        "\u10c2"
      ]
    },
    {
      "type": "bitmap",
      "file": "stardust:font/page/cobblestone_miner_lv2.png",
      "ascent": 0,
      "height": 40,
      "chars": [
        "\u10c3"
      ]
    },
    {
      "type": "bitmap",
      "file": "stardust:font/page/cobblestone_miner_lv3.png",
      "ascent": 0,
      "height": 40,
      "chars": [
        "\u10c4"
      ]
    },
    {
      "type": "bitmap",
      "file": "stardust:font/page/cobblestone_miner_lv4.png",
      "ascent": 0,
      "height": 40,
      "chars": [
        "\u10c5"
      ]
    },
    {
      "type": "bitmap",
      "file": "stardust:font/page/cobblestone_miner_lv5.png",
      "ascent": 0,
      "height": 40,
      "chars": [
        "\u10c6"
      ]
    },
    {
      "type": "bitmap",
      "file": "stardust:font/page/cobblestone_miner_lv6.png",
      "ascent": 0,
      "height": 40,
      "chars": [
        "\u10c7"
      ]
    },
    {
      "type": "bitmap",
      "file": "stardust:font/page/cobblestone_miner_lv7.png",
      "ascent": 0,
      "height": 40,
      "chars": [
        "\u10c8"
      ]
    },
    {
      "type": "bitmap",
      "file": "stardust:font/page/cobblestone_miner_lv8.png",
      "ascent": 0,
      "height": 40,
      "chars": [
        "\u10c9"
      ]
    },
    {
      "type": "bitmap",
      "file": "stardust:font/page/stoupegg.png",
      "ascent": 0,
      "height": 40,
      "chars": [
        "\u10ca"
      ]
    },
    {
      "type": "bitmap",
      "file": "stardust:font/page/stardust_pillar.png",
      "ascent": 0,
      "height": 40,
      "chars": [
        "\u10cb"
      ]
    },
    {
      "type": "bitmap",
      "file": "stardust:font/page/stardust_dungeon_key.png",
      "ascent": 0,
      "height": 40,
      "chars": [
        "\u10cc"
      ]
    },
    {
      "type": "bitmap",
      "file": "stardust:font/page/quarry_configurator.png",
      "ascent": 0,
      "height": 40,
      "chars": [
        "\u10cd"
      ]
    },
    {
      "type": "bitmap",
      "file": "stardust:font/high_res/deepslate_iron_ore.png",
      "ascent": 7,
      "height": 16,
      "chars": [
        "\u84e9"
      ]
    },
    {
      "type": "bitmap",
      "file": "stardust:font/high_res/heavy_workbench.png",
      "ascent": 7,
      "height": 16,
      "chars": [
        "\u84f3"
      ]
    },
    {
      "type": "bitmap",
      "file": "stardust:font/high_res/oak_log.png",
      "ascent": 7,
      "height": 16,
      "chars": [
        "\u84f4"
      ]
    },
    {
      "type": "bitmap",
      "file": "stardust:font/high_res/crafting_table.png",
      "ascent": 7,
      "height": 16,
      "chars": [
        "\u84f5"
      ]
    },
    {
      "type": "bitmap",
      "file": "stardust:font/high_res/smooth_stone.png",
      "ascent": 7,
      "height": 16,
      "chars": [
        "\u84f6"
      ]
    },
    {
      "type": "bitmap",
      "file": "stardust:font/category/categories_page.png",
      "ascent": 1,
      "height": 131,
      "chars": [
        "\u1021"
      ]
    },
    {
      "type": "bitmap",
      "file": "stardust:font/page/_logo.png",
      "ascent": 0,
      "height": 40,
      "chars": [
        "\u1020"
      ]
    },
    {
      "type": "bitmap",
      "file": "stardust:font/none.png",
      "ascent": 8,
      "height": 20,
      "chars": [
        " "
      ]
    },
    {
      "type": "bitmap",
      "file": "stardust:font/none.png",
      "ascent": 8,
      "height": 18,
      "chars": [
        "!"
      ]
    },
    {
      "type": "bitmap",
      "file": "stardust:font/none.png",
      "ascent": 7,
      "height": 7,
      "chars": [
        "\""
      ]
    },
    {
      "type": "bitmap",
      "file": "stardust:font/none.png",
      "ascent": 0,
      "height": 2,
      "chars": [
        "#"
      ]
    },
    {
      "type": "bitmap",
      "file": "stardust:font/none.png",
      "ascent": 0,
      "height": 1,
      "chars": [
        "$"
      ]
    },
    {
      "type": "bitmap",
      "file": "stardust:font/none.png",
      "ascent": 7,
      "height": 16,
      "chars": [
        "0"
      ]
    },
    {
      "type": "bitmap",
      "file": "stardust:font/invisible_item.png",
      "ascent": 7,
      "height": 16,
      "chars": [
        "`"
      ]
    },
    {
      "type": "bitmap",
      "file": "stardust:font/wiki_information.png",
      "ascent": 8,
      "height": 16,
      "chars": [
        "1"
      ]
    },
    {
      "type": "bitmap",
      "file": "stardust:font/wiki_result_of_craft.png",
      "ascent": 8,
      "height": 16,
      "chars": [
        "2"
      ]
    },
    {
      "type": "bitmap",
      "file": "stardust:font/wiki_ingredient_of_craft.png",
      "ascent": 8,
      "height": 16,
      "chars": [
        "3"
      ]
    },
    {
      "type": "bitmap",
      "file": "stardust:font/shaped_3x3.png",
      "ascent": 1,
      "height": 58,
      "chars": [
        "A"
      ]
    },
    {
      "type": "bitmap",
      "file": "stardust:font/shaped_2x2.png",
      "ascent": 1,
      "height": 58,
      "chars": [
        "@"
      ]
    },
    {
      "type": "bitmap",
      "file": "stardust:font/furnace.png",
      "ascent": 1,
      "height": 58,
      "chars": [
        "B"
      ]
    },
    {
      "type": "bitmap",
      "file": "stardust:font/stonecutting.png",
      "ascent": 4,
      "height": 58,
      "chars": [
        "C"
      ]
    },
    {
      "type": "bitmap",
      "file": "stardust:font/pulverizing.png",
      "ascent": 4,
      "height": 58,
      "chars": [
        "D"
      ]
    },
    {
      "type": "bitmap",
      "file": "stardust:font/mining.png",
      "ascent": 4,
      "height": 58,
      "chars": [
        "E"
      ]
    },
    {
      "type": "bitmap",
      "file": "stardust:font/shaped_3x3.png",
      "ascent": -4,
      "height": 58,
      "chars": [
        "Q"
      ]
    },
    {
      "type": "bitmap",
      "file": "stardust:font/shaped_2x2.png",
      "ascent": -2,
      "height": 58,
      "chars": [
        "P"
      ]
    },
    {
      "type": "bitmap",
      "file": "stardust:font/furnace.png",
      "ascent": -3,
      "height": 58,
      "chars": [
        "R"
      ]
    },
    {
      "type": "bitmap",
      "file": "stardust:font/stonecutting.png",
      "ascent": -3,
      "height": 58,
      "chars": [
        "S"
      ]
    },
    {
      "type": "bitmap",
      "file": "stardust:font/pulverizing.png",
      "ascent": -3,
      "height": 58,
      "chars": [
        "T"
      ]
    },
    {
      "type": "bitmap",
      "file": "stardust:font/mining.png",
      "ascent": -3,
      "height": 58,
      "chars": [
        "U"
      ]
    }
  ]
}
