{
	"textures": {
		"1": "block/emerald_block",
		"2": "stardust:item/seeds/legendarium_stage_1",
		"particle": "block/emerald_block"
	},
	"elements": [
		{
			"name": "seed",
			"from": [
				0,
				1,
				4
			],
			"to": [
				16,
				17,
				4
			],
			"faces": {
				"north": {"uv": [0,0,16,16],"texture": "#2"},
				"south": {"uv": [16,0,0,16],"texture": "#2"}
			}
		},
		{
			"name": "seed",
			"from": [
				12,
				1,
				0
			],
			"to": [
				12,
				17,
				16
			],
			"faces": {
				"east": {"uv": [0,0,16,16],"texture": "#2"},
				"west": {"uv": [16,0,0,16],"texture": "#2"}
			}
		},
		{
			"name": "seed",
			"from": [
				0,
				1,
				12
			],
			"to": [
				16,
				17,
				12
			],
			"faces": {
				"north": {"uv": [16,0,0,16],"texture": "#2"},
				"south": {"uv": [0,0,16,16],"texture": "#2"}
			}
		},
		{
			"name": "seed",
			"from": [
				4,
				1,
				0
			],
			"to": [
				4,
				17,
				16
			],
			"faces": {
				"east": {"uv": [16,0,0,16],"texture": "#2"},
				"west": {"uv": [0,0,16,16],"texture": "#2"}
			}
		},
		{
			"name": "base",
			"from": [
				0,
				0,
				0
			],
			"to": [
				16,
				1.05,
				16
			],
			"faces": {
				"north": {"uv": [0,0,16,1],"texture": "#1"},
				"east": {"uv": [0,0,16,1],"texture": "#1"},
				"south": {"uv": [0,0,16,1],"texture": "#1"},
				"west": {"uv": [0,0,16,1],"texture": "#1"},
				"up": {"uv": [0,0,16,16],"texture": "#1"},
				"down": {"uv": [0,0,16,16],"texture": "#1"}
			}
		}
	]
}
