{
	"type": "minecraft:block",
	"pools": [
		{
			"rolls": {
				"type": "minecraft:uniform",
				"min": 1,
				"max": 2
			},
			"bonus_rolls": 0,
			"entries": [
				{
					"type": "minecraft:loot_table",
					"value": "stardust:i/darkium_fragment",
					"functions": [
						{
							"function": "minecraft:apply_bonus",
							"enchantment": "minecraft:fortune",
							"formula": "minecraft:binomial_with_bonus_count",
							"parameters": {
								"extra": 0,
								"probability": 0.1
							}
						}
					]
				}
			]
		}
	]
}
