{
	"parent": "minecraft:block/cube_all",
	"textures": {
		"down": "simplenergy:blocks/solar_panel_bottom",
		"up": "simplenergy:blocks/solar_panel_top",
		"north": "simplenergy:blocks/solar_panel_side",
		"south": "simplenergy:blocks/solar_panel_side",
		"west": "simplenergy:blocks/solar_panel_side",
		"east": "simplenergy:blocks/solar_panel_side"
	},
	"elements": [{
		"from": [ 0, 0, 0 ],
		"to": [ 16, 6, 16 ],
		"faces": {
			"down":  { "texture": "#down", "cullface": "down" },
			"up":    { "texture": "#up", "cullface": "up" },
			"north": { "texture": "#north", "cullface": "north" },
			"south": { "texture": "#south", "cullface": "south" },
			"west":  { "texture": "#west", "cullface": "west" },
			"east":  { "texture": "#east", "cullface": "east" }
		}
	}],
	"display": {
		"head": {
			"rotation": [ 0, 0, 0 ],
			"translation": [ 0, -30.42, 0 ],
			"scale": [ 1.605, 1.605, 1.605 ]
		},
		"fixed": {
            "rotation": [ -90, 0, 0 ],
            "translation": [ 0, 0, -16.005 ],
            "scale": [ 2.001, 2.001, 2.001 ]
        }
	}
}