{
	"type": "minecraft:chest",
	"pools": [
		{
			"rolls": {
				"type": "minecraft:uniform",
				"min": 8,
				"max": 16
			},
			"bonus_rolls": 0,
			"entries": [
				{
					"type": "minecraft:item",
					"weight": 10,
					"name": "minecraft:book",
					"functions": [
						{
							"function": "minecraft:enchant_with_levels",
							"levels": {
								"min": 25,
								"max": 35
							},
							"treasure": true
						}
					]
				},
				{
					"type": "minecraft:item",
					"weight": 100,
					"name": "minecraft:redstone"
				},
				{
					"type": "minecraft:item",
					"weight": 50,
					"name": "minecraft:diamond"
				},
				{
					"type": "minecraft:loot_table",
					"weight": 10,
					"value": "stardust:i/lucky_artifact_bag"
				},
				{
					"type": "minecraft:loot_table",
					"weight": 100,
					"value": "stardust:i/awakened_stardust"
				},
				{
					"type": "minecraft:loot_table",
					"weight": 10,
					"value": "stardust:random_seed",
					"functions": [
						{
							"function": "minecraft:set_count",
							"count": {
								"type": "minecraft:uniform",
								"min": 1,
								"max": 4
							}
						}
					]
				},
				{
					"type": "minecraft:loot_table",
					"weight": 10,
					"value": "stardust:i/stardust_apple"
				}
			]
		}
	]
}
