{
	"display": {
		"icon": {
			"id": "minecraft:command_block",
			"components": {
				"minecraft:item_model": "stardust:health_artifact_lv3"
			}
		},
		"title": {
			"translate": "stardust.increasing_max_health_iii",
			"color": "aqua"
		},
		"description": [
			{
				"translate": "stardust.obtain_a",
				"color": "green"
			},
			{
				"translate": "stardust.health_artifact_lv_3"
			}
		],
		"frame": "task",
		"show_toast": true,
		"announce_to_chat": true,
		"hidden": false
	},
	"criteria": {
		"requirement": {
			"trigger": "minecraft:inventory_changed",
			"conditions": {
				"items": [
					{
						"predicates": {
							"minecraft:custom_data": {"stardust": {"health_artifact_lv3": true}}
						}
					}
				]
			}
		}
	},
	"requirements": [
		[
			"requirement"
		]
	],
	"parent": "stardust:visible/adventure/artifacts/health_artifact_lv2"
}
