{
	"display": {
		"icon": {
			"id": "minecraft:command_block",
			"components": {
				"minecraft:item_model": "stardust:speed_artifact_lvmax"
			}
		},
		"title": {
			"translate": "stardust.increasing_movement_speed_iv",
			"color": "aqua"
		},
		"description": {
			"translate": "stardust.obtain_a_level_4_speed_artifact",
			"color": "green"
		},
		"frame": "task",
		"show_toast": true,
		"announce_to_chat": true,
		"hidden": false
	},
	"criteria": {
		"requirement": {
			"trigger": "minecraft:inventory_changed",
			"conditions": {
				"items": [
					{
						"predicates": {
							"minecraft:custom_data": {"stardust": {"speed_artifact_lvmax": true}}
						}
					}
				]
			}
		}
	},
	"requirements": [
		[
			"requirement"
		]
	],
	"parent": "stardust:visible/adventure/artifacts/speed_artifact_lv3"
}
