{
  "type": "minecraft:crafting_shapeless",
  "category": "misc",
  "ingredients": [
    "minecraft:barrel",
    "minecraft:crafter",
    "minecraft:barrel",
    "minecraft:observer",
    "minecraft:amethyst_shard",
    "minecraft:observer",
    "minecraft:diamond_pickaxe",
    "minecraft:diamond_axe",
    "minecraft:diamond_shovel"
  ],
  "result": {
    "id": "minecraft:furnace",
    "count": 1,
    "components": {
      "minecraft:custom_data": {
        "energy": {
          "usage": 125,
          "max_storage": 20000
        },
        "stardust": {
          "quarry": {
            "block_per_second": 1
          },
          "quarry_lv1": true
        },
        "smithed": {
          "ignore": {
            "functionality": true,
            "crafting": true
          }
        }
      },
      "minecraft:item_name": {
        "translate": "stardust.quarry_lv_1",
        "italic": false
      },
      "minecraft:lore": [
        {
          "translate": "stardust.speed_1_block_s",
          "italic": false,
          "color": "gray"
        },
        {
          "translate": "stardust.power_usage_125_kw",
          "italic": false,
          "color": "gray"
        },
        {
          "translate": "stardust.energy_buffer_20_mj",
          "italic": false,
          "color": "gray"
        },
        [
          "",
          {
            "text": "I",
            "color": "white",
            "italic": false,
            "font": "stardust:icons"
          },
          {
            "translate": "stardustfragment",
            "italic": true,
            "color": "blue"
          }
        ]
      ],
      "minecraft:item_model": "stardust:quarry_lv1",
      "minecraft:container": [
        {
          "slot": 0,
          "item": {
            "id": "minecraft:stone",
            "count": 1,
            "components": {
              "minecraft:custom_data": {
                "smithed": {
                  "block": {
                    "id": "stardust:quarry_lv1",
                    "from": "stardust"
                  }
                }
              }
            }
          }
        }
      ],
      "minecraft:tooltip_display": {
        "hidden_components": [
          "minecraft:container"
        ]
      }
    }
  }
}
