{
	"type": "minecraft:waterlogged_vegetation_patch",
	"config": {
		"surface": "floor",
		"depth": 3,
		"vertical_range": 5,
		"extra_bottom_block_chance": 0.4,
		"extra_edge_column_chance": 0.35,
		"vegetation_chance": 0.1,
		"xz_radius": {
			"type": "minecraft:uniform",
			"min_inclusive": 6,
			"max_inclusive": 9
		},
		"replaceable": "#minecraft:lush_ground_replaceable",
		"ground_state": {
			"type": "minecraft:simple_state_provider",
			"state": {
				"Name": "minecraft:stone"
			}
		},
		"vegetation_feature": {
			"feature": "minecraft:dripleaf",
			"placement": []
		}
	}
}