{
	"type": "minecraft:vegetation_patch",
	"config": {
		"depth": 1,
		"extra_bottom_block_chance": 0,
		"extra_edge_column_chance": 0.3,
		"ground_state": {
			"type": "minecraft:simple_state_provider",
			"state": {
				"Name": "minecraft:grass_block"
			}
		},
		"replaceable": "#minecraft:moss_replaceable",
		"surface": "floor",
		"vegetation_chance": 0.8,
		"vegetation_feature": {
			"feature": "stardust:moss_vegetation",
			"placement": []
		},
		"vertical_range": 5,
		"xz_radius": {
			"type": "minecraft:uniform",
			"max_inclusive": 7,
			"min_inclusive": 4
		}
	}
}
