{"providers": [
	{ "type": "bitmap", "file": "simplenergy:font/none.png",	"ascent": 8, "height": 19, "chars": ["\uec00"] },
	{ "type": "bitmap", "file": "simplenergy:font/none.png",	"ascent": 8, "height": 13, "chars": ["\uec01\uec01"] },
	{ "type": "bitmap", "file": "simplenergy:font/none.png",	"ascent": 0, "height": 5, "chars": ["\uec02"] },

	{ "type": "bitmap", "file": "stardust:font/page_1.png",							"ascent": 12, "height": 139, "chars": ["\uec20"] },
	{ "type": "bitmap", "file": "stardust:font/page_2.png",							"ascent": 12, "height": 139, "chars": ["\uec21"] },
	{ "type": "bitmap", "file": "stardust:font/page_3.png",							"ascent": 12, "height": 139, "chars": ["\uec22"] },
	{ "type": "bitmap", "file": "stardust:font/page_4.png",							"ascent": 12, "height": 139, "chars": ["\uec23"] },
	{ "type": "bitmap", "file": "stardust:font/i/stardust_fragment.png",			"ascent": 12, "height": 139, "chars": ["\uec24"] },
	{ "type": "bitmap", "file": "stardust:font/i/stardust_ingot.png",				"ascent": 12, "height": 139, "chars": ["\uec25"] },
	{ "type": "bitmap", "file": "stardust:font/i/stardust_essence.png",				"ascent": 12, "height": 139, "chars": ["\uec26"] },
	{ "type": "bitmap", "file": "stardust:font/i/stardust_config.png",				"ascent": 12, "height": 139, "chars": ["\uec27"] },
	{ "type": "bitmap", "file": "stardust:font/i/awakened_stardust.png",			"ascent": 12, "height": 139, "chars": ["\uec28"] },
	{ "type": "bitmap", "file": "stardust:font/i/awakened_stardust_block.png",		"ascent": 12, "height": 139, "chars": ["\uec29"] },
	{ "type": "bitmap", "file": "stardust:font/i/dragon_pearl.png",					"ascent": 12, "height": 139, "chars": ["\uec2A"] },
	{ "type": "bitmap", "file": "stardust:font/i/ender_dragon_pearl.png",			"ascent": 12, "height": 139, "chars": ["\uec2B"] },
	{ "type": "bitmap", "file": "stardust:font/i/compacted_stardust.png",			"ascent": 12, "height": 139, "chars": ["\uec2C"] },
	{ "type": "bitmap", "file": "stardust:font/i/very_compacted_stardust.png",		"ascent": 12, "height": 139, "chars": ["\uec2D"] },
	{ "type": "bitmap", "file": "stardust:font/i/stardust_ore.png",					"ascent": 12, "height": 139, "chars": ["\uec2E"] },
	{ "type": "bitmap", "file": "stardust:font/i/awakened_stardust_ore.png",		"ascent": 12, "height": 139, "chars": ["\uec2F"] },
	{ "type": "bitmap", "file": "stardust:font/i/stardust_block.png",				"ascent": 12, "height": 139, "chars": ["\uec30"] },
	{ "type": "bitmap", "file": "stardust:font/i/machine_frame.png",				"ascent": 12, "height": 139, "chars": ["\uec31"] },
	{ "type": "bitmap", "file": "stardust:font/i/stardust_frame.png",				"ascent": 12, "height": 139, "chars": ["\uec32"] },
	{ "type": "bitmap", "file": "stardust:font/i/awakened_stardust_frame.png",		"ascent": 12, "height": 139, "chars": ["\uec33"] },
	{ "type": "bitmap", "file": "stardust:font/i/ultimate_frame.png",				"ascent": 12, "height": 139, "chars": ["\uec34"] },
	{ "type": "bitmap", "file": "stardust:font/i/mirror.png",						"ascent": 12, "height": 139, "chars": ["\uec35"] },
	{ "type": "bitmap", "file": "stardust:font/i/stardust_photovoltaic_cell.png",	"ascent": 12, "height": 139, "chars": ["\uec36"] },
	{ "type": "bitmap", "file": "stardust:font/i/awakened_photovoltaic_cell.png",	"ascent": 12, "height": 139, "chars": ["\uec37"] },
	{ "type": "bitmap", "file": "stardust:font/i/legendary_photovoltaic_cell.png",	"ascent": 12, "height": 139, "chars": ["\uec38"] },
	{ "type": "bitmap", "file": "stardust:font/i/solar_photovoltaic_cell.png",		"ascent": 12, "height": 139, "chars": ["\uec39"] },
	{ "type": "bitmap", "file": "stardust:font/i/dark_photovoltaic_cell.png",		"ascent": 12, "height": 139, "chars": ["\uec3A"] },
	{ "type": "bitmap", "file": "stardust:font/i/empty_module.png",					"ascent": 12, "height": 139, "chars": ["\uec3B"] },
	{ "type": "bitmap", "file": "stardust:font/i/ultimate_fragment.png",			"ascent": 12, "height": 139, "chars": ["\uec3C"] },
	{ "type": "bitmap", "file": "stardust:font/i/damaged_stardust_stuff.png",		"ascent": 12, "height": 139, "chars": ["\uec3D"] },
	{ "type": "bitmap", "file": "stardust:font/i/reinforced_stardust_stuff.png",	"ascent": 12, "height": 139, "chars": ["\uec3E"] },
	{ "type": "bitmap", "file": "stardust:font/i/original_stardust_stuff.png",		"ascent": 12, "height": 139, "chars": ["\uec3F"] },
	{ "type": "bitmap", "file": "stardust:font/i/wormhole_potion.png",				"ascent": 12, "height": 139, "chars": ["\uec40"] },
	{ "type": "bitmap", "file": "stardust:font/i/travel_staff.png",					"ascent": 12, "height": 139, "chars": ["\uec41"] },
	{ "type": "bitmap", "file": "stardust:font/i/ultimate_bullet.png",				"ascent": 12, "height": 139, "chars": ["\uec42"] },
	{ "type": "bitmap", "file": "stardust:font/i/stardust_apple.png",				"ascent": 12, "height": 139, "chars": ["\uec43"] },
	{ "type": "bitmap", "file": "stardust:font/i/wither_killer.png",				"ascent": 12, "height": 139, "chars": ["\uec44"] },
	{ "type": "bitmap", "file": "stardust:font/i/stardust_pillar.png",				"ascent": 12, "height": 139, "chars": ["\uec45"] },
	{ "type": "bitmap", "file": "stardust:font/i/diamond_seed.png",					"ascent": 12, "height": 139, "chars": ["\uec46"] },
	{ "type": "bitmap", "file": "stardust:font/i/advanced_diamond_seed.png",		"ascent": 12, "height": 139, "chars": ["\uec47"] },
	{ "type": "bitmap", "file": "stardust:font/i/stardust_seed.png",				"ascent": 12, "height": 139, "chars": ["\uec48"] },
	{ "type": "bitmap", "file": "stardust:font/i/advanced_stardust_seed.png",		"ascent": 12, "height": 139, "chars": ["\uec49"] },
	{ "type": "bitmap", "file": "stardust:font/i/elite_stardust_seed.png",			"ascent": 12, "height": 139, "chars": ["\uec4A"] },
	{ "type": "bitmap", "file": "stardust:font/i/legendary_seed.png",				"ascent": 12, "height": 139, "chars": ["\uec4B"] },
	{ "type": "bitmap", "file": "stardust:font/i/solar_seed.png",					"ascent": 12, "height": 139, "chars": ["\uec4C"] },
	{ "type": "bitmap", "file": "stardust:font/i/dark_seed.png",					"ascent": 12, "height": 139, "chars": ["\uec4D"] },
	{ "type": "bitmap", "file": "stardust:font/i/cavern_portal.png",				"ascent": 12, "height": 139, "chars": ["\uec4E"] },
	{ "type": "bitmap", "file": "stardust:font/i/celestial_portal.png",				"ascent": 12, "height": 139, "chars": ["\uec4F"] },
	{ "type": "bitmap", "file": "stardust:font/i/stardust_portal.png",				"ascent": 12, "height": 139, "chars": ["\uec50"] },
	{ "type": "bitmap", "file": "stardust:font/i/stardust_dungeon_portal.png",		"ascent": 12, "height": 139, "chars": ["\uec51"] },
	{ "type": "bitmap", "file": "stardust:font/i/silk_touch_module.png",			"ascent": 12, "height": 139, "chars": ["\uec52"] },
	{ "type": "bitmap", "file": "stardust:font/i/fortune_module.png",				"ascent": 12, "height": 139, "chars": ["\uec53"] },
	{ "type": "bitmap", "file": "stardust:font/i/stoup_egg.png",					"ascent": 12, "height": 139, "chars": ["\uec54"] },
	{ "type": "bitmap", "file": "stardust:font/i/lucky_artifact_bag.png",			"ascent": 12, "height": 139, "chars": ["\uec55"] },
	{ "type": "bitmap", "file": "stardust:font/i/cobblestone_miner_lv1.png",		"ascent": 12, "height": 139, "chars": ["\uec56"] },
	{ "type": "bitmap", "file": "stardust:font/i/cobblestone_miner_lv2.png",		"ascent": 12, "height": 139, "chars": ["\uec57"] },
	{ "type": "bitmap", "file": "stardust:font/i/cobblestone_miner_lv3.png",		"ascent": 12, "height": 139, "chars": ["\uec58"] },
	{ "type": "bitmap", "file": "stardust:font/i/cobblestone_miner_lv4.png",		"ascent": 12, "height": 139, "chars": ["\uec59"] },
	{ "type": "bitmap", "file": "stardust:font/i/cobblestone_miner_lv5.png",		"ascent": 12, "height": 139, "chars": ["\uec5A"] },
	{ "type": "bitmap", "file": "stardust:font/i/quarry_lv1.png",					"ascent": 12, "height": 139, "chars": ["\uec5B"] },
	{ "type": "bitmap", "file": "stardust:font/i/quarry_lv2.png",					"ascent": 12, "height": 139, "chars": ["\uec5C"] },
	{ "type": "bitmap", "file": "stardust:font/i/quarry_lv3.png",					"ascent": 12, "height": 139, "chars": ["\uec5D"] },
	{ "type": "bitmap", "file": "stardust:font/i/quarry_lv4.png",					"ascent": 12, "height": 139, "chars": ["\uec5E"] },
	{ "type": "bitmap", "file": "stardust:font/i/quarry_lv5.png",					"ascent": 12, "height": 139, "chars": ["\uec5F"] },
	{ "type": "bitmap", "file": "stardust:font/i/mob_grinder.png",					"ascent": 12, "height": 139, "chars": ["\uec60"] },
	{ "type": "bitmap", "file": "stardust:font/i/elevator.png",						"ascent": 12, "height": 139, "chars": ["\uec61"] },
	{ "type": "bitmap", "file": "stardust:font/i/redstone_generator.png",			"ascent": 12, "height": 139, "chars": ["\uec62"] },
	{ "type": "bitmap", "file": "stardust:font/i/nether_star_generator.png",		"ascent": 12, "height": 139, "chars": ["\uec63"] },
	{ "type": "bitmap", "file": "stardust:font/i/heat_generator.png",				"ascent": 12, "height": 139, "chars": ["\uec64"] },
	{ "type": "bitmap", "file": "stardust:font/i/wind_turbine.png",					"ascent": 12, "height": 139, "chars": ["\uec65"] },
	{ "type": "bitmap", "file": "stardust:font/i/advanced_furnace_generator.png",	"ascent": 12, "height": 139, "chars": ["\uec66"] },
	{ "type": "bitmap", "file": "stardust:font/i/stardust_furnace_generator.png",	"ascent": 12, "height": 139, "chars": ["\uec67"] },
	{ "type": "bitmap", "file": "stardust:font/i/awakened_furnace_generator.png",	"ascent": 12, "height": 139, "chars": ["\uec68"] },
	{ "type": "bitmap", "file": "stardust:font/i/stardust_photovoltaic_panel.png",	"ascent": 12, "height": 139, "chars": ["\uec69"] },
	{ "type": "bitmap", "file": "stardust:font/i/awakened_photovoltaic_panel.png",	"ascent": 12, "height": 139, "chars": ["\uec6A"] },
	{ "type": "bitmap", "file": "stardust:font/i/legendary_photovoltaic_panel.png",	"ascent": 12, "height": 139, "chars": ["\uec6B"] },
	{ "type": "bitmap", "file": "stardust:font/i/solar_photovoltaic_panel.png",		"ascent": 12, "height": 139, "chars": ["\uec6C"] },
	{ "type": "bitmap", "file": "stardust:font/i/dark_photovoltaic_panel.png",		"ascent": 12, "height": 139, "chars": ["\uec6D"] },
	{ "type": "bitmap", "file": "stardust:font/i/stardust_battery.png",				"ascent": 12, "height": 139, "chars": ["\uec6E"] },
	{ "type": "bitmap", "file": "stardust:font/i/awakened_stardust_battery.png",	"ascent": 12, "height": 139, "chars": ["\uec6F"] },
	{ "type": "bitmap", "file": "stardust:font/i/ultimate_battery.png",				"ascent": 12, "height": 139, "chars": ["\uec70"] },
	{ "type": "bitmap", "file": "stardust:font/i/stardust_wire.png",				"ascent": 12, "height": 139, "chars": ["\uec71"] },
	{ "type": "bitmap", "file": "stardust:font/i/awakened_stardust_wire.png",		"ascent": 12, "height": 139, "chars": ["\uec72"] },
	{ "type": "bitmap", "file": "stardust:font/i/ultimate_wire.png",				"ascent": 12, "height": 139, "chars": ["\uec73"] },
	{ "type": "bitmap", "file": "stardust:font/i/quarry_configurator.png",			"ascent": 12, "height": 139, "chars": ["\uec74"] },
	{ "type": "bitmap", "file": "stardust:font/awakened_forge.png",					"ascent": 12, "height": 139, "chars": ["\uec75"] },
	{ "type": "bitmap", "file": "stardust:font/awakened_forge_structure_1.png",		"ascent": -39, "height": 42, "chars": ["\uec76"] },
	{ "type": "bitmap", "file": "stardust:font/awakened_forge_structure_2.png",		"ascent": -39, "height": 42, "chars": ["\uec77"] },
	{ "type": "bitmap", "file": "stardust:font/awakened_forge_crafts_1.png",		"ascent": 12, "height": 139, "chars": ["\uec78"] },
	{ "type": "bitmap", "file": "stardust:font/awakened_forge_crafts_2.png",		"ascent": 12, "height": 139, "chars": ["\uec79"] },
	{ "type": "bitmap", "file": "stardust:font/awakened_forge_crafts_3.png",		"ascent": 12, "height": 139, "chars": ["\uec7A"] },
	{ "type": "bitmap", "file": "stardust:font/awakened_forge_crafts_4.png",		"ascent": 12, "height": 139, "chars": ["\uec7B"] },
	{ "type": "bitmap", "file": "stardust:font/awakened_forge_crafts_5.png",		"ascent": 12, "height": 139, "chars": ["\uec7C"] },
	{ "type": "bitmap", "file": "stardust:font/awakened_forge_crafts_6.png",		"ascent": 12, "height": 139, "chars": ["\uec7D"] },
	{ "type": "bitmap", "file": "stardust:font/awakened_forge_crafts_7.png",		"ascent": 12, "height": 139, "chars": ["\uec7E"] },
	{ "type": "bitmap", "file": "stardust:font/ultimate_forge.png",					"ascent": 12, "height": 139, "chars": ["\uec7F"] },
	{ "type": "bitmap", "file": "stardust:font/ultimate_forge_structure_1.png",		"ascent": -39, "height": 42, "chars": ["\uec80"] },
	{ "type": "bitmap", "file": "stardust:font/ultimate_forge_structure_2.png",		"ascent": -39, "height": 42, "chars": ["\uec81"] },
	{ "type": "bitmap", "file": "stardust:font/ultimate_forge_crafts_1.png",		"ascent": 12, "height": 139, "chars": ["\uec82"] },
	{ "type": "bitmap", "file": "stardust:font/ultimate_forge_crafts_2.png",		"ascent": 12, "height": 139, "chars": ["\uec83"] },
	{ "type": "bitmap", "file": "stardust:font/ultimate_forge_crafts_3.png",		"ascent": 12, "height": 139, "chars": ["\uec84"] },
	{ "type": "bitmap", "file": "stardust:font/ultimate_forge_crafts_4.png",		"ascent": 12, "height": 139, "chars": ["\uec85"] }
]}
