{
	"pools": [
		{"rolls": 1,"entries": [{"type": "minecraft:loot_table","value": "stardust:i/awakened_stardust_block"}]},
		{"rolls": 1,"entries": [{"type": "minecraft:loot_table","value": "stardust:i/awakened_stardust_ore"}]},
		{"rolls": 1,"entries": [{"type": "minecraft:loot_table","value": "stardust:i/awakened_stardust"}]},
		{"rolls": 1,"entries": [{"type": "minecraft:loot_table","value": "stardust:i/legendarium_block"}]},
		{"rolls": 1,"entries": [{"type": "minecraft:loot_table","value": "stardust:i/legendarium_ingot"}]},
		{"rolls": 1,"entries": [{"type": "minecraft:loot_table","value": "stardust:i/legendarium_fragment"}]},
		{"rolls": 1,"entries": [{"type": "minecraft:loot_table","value": "stardust:i/solarium_block"}]},
		{"rolls": 1,"entries": [{"type": "minecraft:loot_table","value": "stardust:i/solarium_ingot"}]},
		{"rolls": 1,"entries": [{"type": "minecraft:loot_table","value": "stardust:i/solarium_fragment"}]},
		{"rolls": 1,"entries": [{"type": "minecraft:loot_table","value": "stardust:i/darkium_block"}]},
		{"rolls": 1,"entries": [{"type": "minecraft:loot_table","value": "stardust:i/darkium_ingot"}]},
		{"rolls": 1,"entries": [{"type": "minecraft:loot_table","value": "stardust:i/darkium_fragment"}]},
		{"rolls": 1,"entries": [{"type": "minecraft:loot_table","value": "stardust:i/ultimate_ingot"}]},
		{"rolls": 1,"entries": [{"type": "minecraft:loot_table","value": "stardust:i/ultimate_fragment"}]},
		{"rolls": 1,"entries": [{"type": "minecraft:loot_table","value": "stardust:i/stardust_ore"}]},
		{"rolls": 1,"entries": [{"type": "minecraft:loot_table","value": "stardust:i/deepslate_stardust_ore"}]},
		{"rolls": 1,"entries": [{"type": "minecraft:loot_table","value": "stardust:i/nether_stardust_ore"}]},
		{"rolls": 1,"entries": [{"type": "minecraft:loot_table","value": "stardust:i/ender_stardust_ore"}]},
		{"rolls": 1,"entries": [{"type": "minecraft:loot_table","value": "stardust:i/stardust_fragment"}]},
		{"rolls": 1,"entries": [{"type": "minecraft:loot_table","value": "stardust:i/stardust_ingot"}]},
		{"rolls": 1,"entries": [{"type": "minecraft:loot_table","value": "stardust:i/stardust_block"}]},
		{"rolls": 1,"entries": [{"type": "minecraft:loot_table","value": "stardust:i/stardust_essence"}]},
		{"rolls": 1,"entries": [{"type": "minecraft:loot_table","value": "stardust:i/stardust_core"}]},
		{"rolls": 1,"entries": [{"type": "minecraft:loot_table","value": "stardust:i/compacted_stardust"}]},
		{"rolls": 1,"entries": [{"type": "minecraft:loot_table","value": "stardust:i/very_compacted_stardust"}]},
		{"rolls": 1,"entries": [{"type": "minecraft:loot_table","value": "stardust:i/dragon_pearl"}]},
		{"rolls": 1,"entries": [{"type": "minecraft:loot_table","value": "stardust:i/ender_dragon_pearl"}]},
		{"rolls": 1,"entries": [{"type": "minecraft:loot_table","value": "stardust:i/ultimate_core"}]},
		{"rolls": 1,"entries": [{"type": "minecraft:loot_table","value": "stardust:i/compressed_cobblestone"}]},
		{"rolls": 1,"entries": [{"type": "minecraft:loot_table","value": "stardust:i/double_compressed_cobblestone"}]},
		{"rolls": 1,"entries": [{"type": "minecraft:loot_table","value": "stardust:i/triple_compressed_cobblestone"}]},
		{"rolls": 1,"entries": [{"type": "minecraft:loot_table","value": "stardust:i/quadruple_compressed_cobblestone"}]},
		{"rolls": 1,"entries": [{"type": "minecraft:loot_table","value": "stardust:i/quintuple_compressed_cobblestone"}]},
		{"rolls": 1,"entries": [{"type": "minecraft:loot_table","value": "stardust:i/sextuple_compressed_cobblestone"}]},
		{"rolls": 1,"entries": [{"type": "minecraft:loot_table","value": "stardust:i/septuple_compressed_cobblestone"}]},
		{"rolls": 1,"entries": [{"type": "minecraft:loot_table","value": "stardust:i/octuple_compressed_cobblestone"}]},
		{"rolls": 1,"entries": [{"type": "minecraft:loot_table","value": "stardust:i/stardust_frame"}]},
		{"rolls": 1,"entries": [{"type": "minecraft:loot_table","value": "stardust:i/awakened_stardust_frame"}]},
		{"rolls": 1,"entries": [{"type": "minecraft:loot_table","value": "stardust:i/ultimate_frame"}]},
		{"rolls": 1,"entries": [{"type": "minecraft:loot_table","value": "stardust:i/mirror"}]},
		{"rolls": 1,"entries": [{"type": "minecraft:loot_table","value": "stardust:i/stardust_photovoltaic_cell"}]},
		{"rolls": 1,"entries": [{"type": "minecraft:loot_table","value": "stardust:i/awakened_photovoltaic_cell"}]},
		{"rolls": 1,"entries": [{"type": "minecraft:loot_table","value": "stardust:i/legendarium_photovoltaic_cell"}]},
		{"rolls": 1,"entries": [{"type": "minecraft:loot_table","value": "stardust:i/solarium_photovoltaic_cell"}]},
		{"rolls": 1,"entries": [{"type": "minecraft:loot_table","value": "stardust:i/darkium_photovoltaic_cell"}]},
		{"rolls": 1,"entries": [{"type": "minecraft:loot_table","value": "stardust:i/ultimate_photovoltaic_cell"}]},
		{"rolls": 1,"entries": [{"type": "minecraft:loot_table","value": "stardust:i/empty_module"}]},
		{"rolls": 1,"entries": [{"type": "minecraft:loot_table","value": "stardust:i/stardust_cable"}]},
		{"rolls": 1,"entries": [{"type": "minecraft:loot_table","value": "stardust:i/awakened_stardust_cable"}]},
		{"rolls": 1,"entries": [{"type": "minecraft:loot_table","value": "stardust:i/ultimate_cable"}]},
		{"rolls": 1,"entries": [{"type": "minecraft:loot_table","value": "stardust:i/stardust_battery"}]},
		{"rolls": 1,"entries": [{"type": "minecraft:loot_table","value": "stardust:i/awakened_stardust_battery"}]},
		{"rolls": 1,"entries": [{"type": "minecraft:loot_table","value": "stardust:i/ultimate_battery"}]},
		{"rolls": 1,"entries": [{"type": "minecraft:loot_table","value": "stardust:i/stardust_solar_panel"}]},
		{"rolls": 1,"entries": [{"type": "minecraft:loot_table","value": "stardust:i/awakened_solar_panel"}]},
		{"rolls": 1,"entries": [{"type": "minecraft:loot_table","value": "stardust:i/legendarium_solar_panel"}]},
		{"rolls": 1,"entries": [{"type": "minecraft:loot_table","value": "stardust:i/solarium_solar_panel"}]},
		{"rolls": 1,"entries": [{"type": "minecraft:loot_table","value": "stardust:i/darkium_solar_panel"}]},
		{"rolls": 1,"entries": [{"type": "minecraft:loot_table","value": "stardust:i/ultimate_solar_panel"}]},
		{"rolls": 1,"entries": [{"type": "minecraft:loot_table","value": "stardust:i/growth_accelerator"}]},
		{"rolls": 1,"entries": [{"type": "minecraft:loot_table","value": "stardust:i/damaged_stardust_helmet"}]},
		{"rolls": 1,"entries": [{"type": "minecraft:loot_table","value": "stardust:i/damaged_stardust_chestplate"}]},
		{"rolls": 1,"entries": [{"type": "minecraft:loot_table","value": "stardust:i/damaged_stardust_leggings"}]},
		{"rolls": 1,"entries": [{"type": "minecraft:loot_table","value": "stardust:i/damaged_stardust_boots"}]},
		{"rolls": 1,"entries": [{"type": "minecraft:loot_table","value": "stardust:i/damaged_stardust_sword"}]},
		{"rolls": 1,"entries": [{"type": "minecraft:loot_table","value": "stardust:i/damaged_stardust_pickaxe"}]},
		{"rolls": 1,"entries": [{"type": "minecraft:loot_table","value": "stardust:i/damaged_stardust_axe"}]},
		{"rolls": 1,"entries": [{"type": "minecraft:loot_table","value": "stardust:i/reinforced_stardust_helmet"}]},
		{"rolls": 1,"entries": [{"type": "minecraft:loot_table","value": "stardust:i/reinforced_stardust_chestplate"}]},
		{"rolls": 1,"entries": [{"type": "minecraft:loot_table","value": "stardust:i/reinforced_stardust_leggings"}]},
		{"rolls": 1,"entries": [{"type": "minecraft:loot_table","value": "stardust:i/reinforced_stardust_boots"}]},
		{"rolls": 1,"entries": [{"type": "minecraft:loot_table","value": "stardust:i/reinforced_stardust_sword"}]},
		{"rolls": 1,"entries": [{"type": "minecraft:loot_table","value": "stardust:i/reinforced_stardust_pickaxe"}]},
		{"rolls": 1,"entries": [{"type": "minecraft:loot_table","value": "stardust:i/reinforced_stardust_axe"}]},
		{"rolls": 1,"entries": [{"type": "minecraft:loot_table","value": "stardust:i/original_stardust_helmet"}]},
		{"rolls": 1,"entries": [{"type": "minecraft:loot_table","value": "stardust:i/original_stardust_chestplate"}]},
		{"rolls": 1,"entries": [{"type": "minecraft:loot_table","value": "stardust:i/original_stardust_leggings"}]},
		{"rolls": 1,"entries": [{"type": "minecraft:loot_table","value": "stardust:i/original_stardust_boots"}]},
		{"rolls": 1,"entries": [{"type": "minecraft:loot_table","value": "stardust:i/original_stardust_sword"}]},
		{"rolls": 1,"entries": [{"type": "minecraft:loot_table","value": "stardust:i/original_stardust_pickaxe"}]},
		{"rolls": 1,"entries": [{"type": "minecraft:loot_table","value": "stardust:i/original_stardust_axe"}]},
		{"rolls": 1,"entries": [{"type": "minecraft:loot_table","value": "stardust:i/legendarium_helmet"}]},
		{"rolls": 1,"entries": [{"type": "minecraft:loot_table","value": "stardust:i/legendarium_chestplate"}]},
		{"rolls": 1,"entries": [{"type": "minecraft:loot_table","value": "stardust:i/legendarium_leggings"}]},
		{"rolls": 1,"entries": [{"type": "minecraft:loot_table","value": "stardust:i/legendarium_boots"}]},
		{"rolls": 1,"entries": [{"type": "minecraft:loot_table","value": "stardust:i/legendarium_sword"}]},
		{"rolls": 1,"entries": [{"type": "minecraft:loot_table","value": "stardust:i/legendarium_pickaxe"}]},
		{"rolls": 1,"entries": [{"type": "minecraft:loot_table","value": "stardust:i/legendarium_axe"}]},
		{"rolls": 1,"entries": [{"type": "minecraft:loot_table","value": "stardust:i/solarium_helmet"}]},
		{"rolls": 1,"entries": [{"type": "minecraft:loot_table","value": "stardust:i/solarium_chestplate"}]},
		{"rolls": 1,"entries": [{"type": "minecraft:loot_table","value": "stardust:i/solarium_leggings"}]},
		{"rolls": 1,"entries": [{"type": "minecraft:loot_table","value": "stardust:i/solarium_boots"}]},
		{"rolls": 1,"entries": [{"type": "minecraft:loot_table","value": "stardust:i/solarium_sword"}]},
		{"rolls": 1,"entries": [{"type": "minecraft:loot_table","value": "stardust:i/solarium_pickaxe"}]},
		{"rolls": 1,"entries": [{"type": "minecraft:loot_table","value": "stardust:i/solarium_axe"}]},
		{"rolls": 1,"entries": [{"type": "minecraft:loot_table","value": "stardust:i/darkium_helmet"}]},
		{"rolls": 1,"entries": [{"type": "minecraft:loot_table","value": "stardust:i/darkium_chestplate"}]},
		{"rolls": 1,"entries": [{"type": "minecraft:loot_table","value": "stardust:i/darkium_leggings"}]},
		{"rolls": 1,"entries": [{"type": "minecraft:loot_table","value": "stardust:i/darkium_boots"}]},
		{"rolls": 1,"entries": [{"type": "minecraft:loot_table","value": "stardust:i/darkium_sword"}]},
		{"rolls": 1,"entries": [{"type": "minecraft:loot_table","value": "stardust:i/darkium_pickaxe"}]},
		{"rolls": 1,"entries": [{"type": "minecraft:loot_table","value": "stardust:i/darkium_axe"}]},
		{"rolls": 1,"entries": [{"type": "minecraft:loot_table","value": "stardust:i/dog_excrement"}]},
		{"rolls": 1,"entries": [{"type": "minecraft:loot_table","value": "stardust:i/manual"}]}
	]
}
