{
	"type": "minecraft:blasting",
	"ingredient": "minecraft:furnace",
	"result": {
		"id": "minecraft:command_block",
		"count": 1,
		"components": {
			"minecraft:custom_data": {
				"smithed": {
					"dict": {
						"fragment": {
							"stardust": true
						}
					},
					"ignore": {
						"functionality": true,
						"crafting": true
					}
				},
				"stardust": {
					"stardust_fragment": true
				}
			},
			"minecraft:item_model": "stardust:stardust_fragment",
			"minecraft:item_name": "Stardust Fragment",
			"minecraft:lore": [
				[
					"",
					{
						"text": "I",
						"color": "white",
						"italic": false,
						"font": "stardust:icons"
					},
					{
						"translate": "stardustfragment",
						"italic": true,
						"color": "blue"
					}
				]
			]
		}
	},
	"experience": 0.8,
	"cookingtime": 100
}
