{
	"type": "minecraft:crafting_shapeless",
	"category": "misc",
	"ingredients": [
		"minecraft:tinted_glass",
		"minecraft:tinted_glass",
		"minecraft:tinted_glass",
		"minecraft:tinted_glass",
		"minecraft:quartz_block"
	],
	"result": {
		"id": "minecraft:command_block",
		"count": 1,
		"components": {
			"minecraft:item_model": "stardust:mirror",
			"minecraft:item_name": {
				"translate": "stardust.mirror"
			},
			"minecraft:lore": [
				[
					"",
					{
						"text": "I",
						"color": "white",
						"italic": false,
						"font": "stardust:icons"
					},
					{
						"translate": "stardustfragment",
						"italic": true,
						"color": "blue"
					}
				]
			],
			"minecraft:custom_data": {
				"stardust": {
					"mirror": true
				},
				"smithed": {
					"ignore": {
						"functionality": true,
						"crafting": true
					}
				}
			}
		}
	}
}
