{
	"display": {
		"icon": {
			"id": "minecraft:item_frame",
			"components": {
				"minecraft:item_model": "stardust:stardust_seed"
			}
		},
		"title": {
			"translate": "stardust.farming_stardust",
			"color": "aqua"
		},
		"description": {
			"translate": "stardust.admire_this_stardust_seed_seed",
			"color": "green"
		},
		"frame": "task",
		"show_toast": true,
		"announce_to_chat": true,
		"hidden": false
	},
	"criteria": {
		"requirement": {
			"trigger": "minecraft:inventory_changed",
			"conditions": {
				"items": [
					{
						"predicates": {
							"minecraft:custom_data": {"stardust": {"stardust_seed": true}}
						}
					}
				]
			}
		}
	},
	"requirements": [
		[
			"requirement"
		]
	],
	"parent": "stardust:visible/adventure/seeds/advanced_diamond_seed"
}
