{
  "textures": {
    "layer0": "stardust:item/gui/advanced_furnace_generator_off",
    "particle": "stardust:item/gui/advanced_furnace_generator_off"
  },
  "display": {
    "firstperson_lefthand": {
      "rotation": [
        0,
        0,
        0
      ],
      "translation": [
        0,
        0,
        0
      ],
      "scale": [
        0,
        0,
        0
      ]
    },
    "ground": {
      "rotation": [
        0,
        0,
        0
      ],
      "translation": [
        0,
        0,
        0
      ],
      "scale": [
        0,
        0,
        0
      ]
    }
  },
  "gui_light": "front",
  "parent": "item/generated"
}
