{
  "display": {
    "icon": {
      "id": "minecraft:bow",
      "components": {
        "minecraft:item_model": "stardust:awakened_stardust_bow"
      }
    },
    "title": {
      "translate": "stardust.bowing_like_a_pro_ii",
      "color": "aqua"
    },
    "description": {
      "translate": "stardust.upgrade_your_stardust_bow_in_its_awakened_form",
      "color": "green"
    },
    "frame": "task",
    "show_toast": true,
    "announce_to_chat": true,
    "hidden": false
  },
  "criteria": {
    "requirement": {
      "trigger": "minecraft:inventory_changed",
      "conditions": {
        "items": [
          {
            "predicates": {
              "minecraft:custom_data": {
                "stardust": {
                  "awakened_stardust_bow": true
                }
              }
            }
          }
        ]
      }
    }
  },
  "requirements": [
    [
      "requirement"
    ]
  ],
  "parent": "stardust:visible/stuff/stardust_bow"
}
