{
  "display": {
    "icon": {
      "id": "minecraft:command_block",
      "components": {
        "minecraft:item_model": "stardust:darkium_ingot"
      }
    },
    "title": {
      "translate": "stardust.feeling_the_shadow_ii",
      "color": "aqua"
    },
    "description": [
      {
        "translate": "stardust.obtain_a",
        "color": "green"
      },
      {
        "translate": "stardust.darkium_ingot"
      }
    ],
    "frame": "task",
    "show_toast": true,
    "announce_to_chat": true,
    "hidden": false
  },
  "criteria": {
    "requirement": {
      "trigger": "minecraft:inventory_changed",
      "conditions": {
        "items": [
          {
            "predicates": {
              "minecraft:custom_data": {
                "stardust": {
                  "darkium_ingot": true
                }
              }
            }
          }
        ]
      }
    }
  },
  "requirements": [
    [
      "requirement"
    ]
  ],
  "parent": "stardust:visible/stuff/darkium_fragment"
}
