{
  "display": {
    "icon": {
      "id": "minecraft:goat_horn",
      "components": {
        "minecraft:item_model": "stardust:life_crystal",
        "minecraft:enchantment_glint_override": true
      }
    },
    "title": {
      "translate": "stardust.two_health_bars",
      "color": "aqua"
    },
    "description": {
      "translate": "stardust.consume_your_20th_and_final_life_crystal",
      "color": "green"
    },
    "frame": "task",
    "show_toast": true,
    "announce_to_chat": true,
    "hidden": false
  },
  "criteria": {
    "requirement": {
      "trigger": "minecraft:impossible",
      "conditions": {}
    }
  },
  "requirements": [
    [
      "requirement"
    ]
  ],
  "parent": "stardust:visible/stuff/life_crystal"
}
