{
	"feature": "stardust:glow_lichen",
	"placement": [
		{
			"type": "minecraft:count",
			"count": {
				"type": "minecraft:uniform",
				"min_inclusive": 200,
				"max_inclusive": 256
			}
		},
		{
			"type": "minecraft:height_range",
			"height": {
				"type": "minecraft:uniform",
				"min_inclusive": {
					"above_bottom": 0
				},
				"max_inclusive": {
					"absolute": 128
				}
			}
		},
		{
			"type": "minecraft:in_square"
		},
		{
			"type": "minecraft:biome"
		}
	]
}
