{
	"type": "minecraft:jigsaw",
	"biomes": "#stardust:floating_structure",
	"step": "surface_structures",
	"spawn_overrides": {},
	"terrain_adaptation": "none",
	"start_pool": "stardust:enchantment_floating_island",
	"size": 1,
	"start_height": {
		"type": "minecraft:uniform",
		"min_inclusive": {
			"absolute": 100
		},
		"max_inclusive": {
			"absolute": 150
		}
	},
	"project_start_to_heightmap": "WORLD_SURFACE_WG",
	"max_distance_from_center": 80,
	"use_expansion_hack": false
}
