{
	"display": {
		"icon": {
			"id": "minecraft:command_block",
			"components": {
				"minecraft:item_model": "stardust:ultimate_dragon_egg"
			}
		},
		"title": {
			"translate": "stardust.stardend",
			"color": "aqua"
		},
		"description": {
			"translate": "stardust.defeat_the_ultimate_boss",
			"color": "green"
		},
		"frame": "goal",
		"show_toast": true,
		"announce_to_chat": true,
		"hidden": false
	},
	"criteria": {
		"requirement": {
			"trigger": "minecraft:impossible",
			"conditions": {}
		}
	},
	"requirements": [
		[
			"requirement"
		]
	],
	"parent": "stardust:visible/adventure/summon_ultimate_boss"
}
