{
	"display": {
		"icon": {
			"id": "minecraft:command_block",
			"components": {
				"minecraft:item_model": "stardust:stardust_ingot"
			}
		},
		"title": {
			"translate": "stardust.i_feel_like_its_useful",
			"color": "aqua"
		},
		"description": {
			"translate": "stardust.obtain_a_stardust_ingot",
			"color": "green"
		},
		"frame": "task",
		"show_toast": true,
		"announce_to_chat": true,
		"hidden": false
	},
	"criteria": {
		"requirement": {
			"trigger": "minecraft:inventory_changed",
			"conditions": {
				"items": [
					{
						"predicates": {
							"minecraft:custom_data": {"stardust": {"stardust_ingot": true}}
						}
					}
				]
			}
		}
	},
	"requirements": [
		[
			"requirement"
		]
	],
	"parent": "stardust:visible/root"
}
