{
	"credit": "Made with Blockbench",
	"texture_size": [128, 128],
	"textures": {
		"3": "stardust:item/mobs/stardust_evoker_model"
	},
	"elements": [
		{
			"from": [4, 0, 8],
			"to": [12, 4, 12],
			"rotation": {"angle": 0, "axis": "y", "origin": [0, 0, 2]},
			"faces": {
				"north": {"uv": [3.25, 10.5, 4.25, 11], "texture": "#3"},
				"east": {"uv": [3, 12.75, 3.5, 13.25], "texture": "#3"},
				"south": {"uv": [3, 12.25, 4, 12.75], "texture": "#3"},
				"west": {"uv": [3.5, 12.75, 4, 13.25], "texture": "#3"},
				"up": {"uv": [5.25, 11.75, 4.25, 11.25], "texture": "#3"},
				"down": {"uv": [5.25, 11.75, 4.25, 12.25], "texture": "#3"}
			}
		},
		{
			"from": [3, 4, 7],
			"to": [13, 7, 13],
			"rotation": {"angle": 0, "axis": "y", "origin": [0, 0, 2]},
			"faces": {
				"north": {"uv": [4, 12.25, 5.25, 12.625], "texture": "#3"},
				"east": {"uv": [4.75, 8.875, 5.5, 9.25], "texture": "#3"},
				"south": {"uv": [4.5, 8, 5.75, 8.375], "texture": "#3"},
				"west": {"uv": [4.75, 9.75, 5.5, 10.125], "texture": "#3"},
				"up": {"uv": [1.25, 10.5, 0, 9.75], "texture": "#3"},
				"down": {"uv": [2.5, 10.25, 1.25, 11], "texture": "#3"}
			}
		},
		{
			"from": [3, 16, 7],
			"to": [13, 20, 13],
			"rotation": {"angle": 0, "axis": "y", "origin": [0, 0, 2]},
			"faces": {
				"north": {"uv": [0, 11.25, 1.25, 11.75], "texture": "#3"},
				"east": {"uv": [0, 12.5, 0.75, 13], "texture": "#3"},
				"south": {"uv": [3.25, 9.25, 4.5, 9.75], "texture": "#3"},
				"west": {"uv": [4.75, 8.375, 5.5, 8.875], "texture": "#3"},
				"up": {"uv": [1.25, 11.25, 0, 10.5], "texture": "#3"},
				"down": {"uv": [3.75, 8, 2.5, 8.75], "texture": "#3"}
			}
		},
		{
			"from": [3, 7, 7],
			"to": [4, 16, 13],
			"rotation": {"angle": 0, "axis": "y", "origin": [0, 0, 2]},
			"faces": {
				"north": {"uv": [2.625, 13, 2.75, 14.125], "texture": "#3"},
				"east": {"uv": [2.5, 8.75, 3.25, 9.875], "texture": "#3"},
				"south": {"uv": [2.75, 13, 2.875, 14.125], "texture": "#3"},
				"west": {"uv": [2.5, 9.875, 3.25, 11], "texture": "#3"},
				"up": {"uv": [1.75, 13.875, 1.625, 13.125], "texture": "#3"},
				"down": {"uv": [1.875, 13.125, 1.75, 13.875], "texture": "#3"}
			}
		},
		{
			"from": [12, 7, 7],
			"to": [13, 16, 13],
			"rotation": {"angle": 0, "axis": "y", "origin": [0, 0, 2]},
			"faces": {
				"north": {"uv": [2.875, 13, 3, 14.125], "texture": "#3"},
				"east": {"uv": [1.25, 11, 2, 12.125], "texture": "#3"},
				"south": {"uv": [0.75, 13.125, 0.875, 14.25], "texture": "#3"},
				"west": {"uv": [2, 11, 2.75, 12.125], "texture": "#3"},
				"up": {"uv": [2, 13.875, 1.875, 13.125], "texture": "#3"},
				"down": {"uv": [2.125, 13.125, 2, 13.875], "texture": "#3"}
			}
		},
		{
			"from": [4, 7, 12],
			"to": [12, 16, 13],
			"rotation": {"angle": 0, "axis": "y", "origin": [0, 0, 2]},
			"faces": {
				"north": {"uv": [1.5, 8, 2.5, 9.125], "texture": "#3"},
				"east": {"uv": [0.875, 13.125, 1, 14.25], "texture": "#3"},
				"south": {"uv": [1.5, 9.125, 2.5, 10.25], "texture": "#3"},
				"west": {"uv": [1, 13.125, 1.125, 14.25], "texture": "#3"},
				"up": {"uv": [5.75, 10.5, 4.75, 10.375], "texture": "#3"},
				"down": {"uv": [6, 10.5, 5, 10.625], "texture": "#3"}
			}
		},
		{
			"from": [2, 12, 12],
			"to": [14, 16, 19],
			"rotation": {"angle": -22.5, "axis": "x", "origin": [0, 0, 2]},
			"faces": {
				"north": {"uv": [2.75, 11, 4.25, 11.5], "texture": "#3"},
				"east": {"uv": [4.5, 9.25, 5.375, 9.75], "texture": "#3"},
				"south": {"uv": [3.25, 8.75, 4.75, 9.25], "texture": "#3"},
				"west": {"uv": [4, 12.625, 4.875, 13.125], "texture": "#3"},
				"up": {"uv": [1.5, 8.875, 0, 8], "texture": "#3"},
				"down": {"uv": [1.5, 8.875, 0, 9.75], "texture": "#3"}
			}
		},
		{
			"from": [7, 7, 8],
			"to": [9, 11, 10],
			"rotation": {"angle": 0, "axis": "y", "origin": [0, 0, 2]},
			"faces": {
				"north": {"uv": [1.25, 9.75, 1.5, 10.25], "texture": "#3"},
				"east": {"uv": [5, 10.625, 5.25, 11.125], "texture": "#3"},
				"south": {"uv": [1.125, 13.125, 1.375, 13.625], "texture": "#3"},
				"west": {"uv": [1.375, 13.125, 1.625, 13.625], "texture": "#3"},
				"up": {"uv": [4.75, 8.625, 4.5, 8.375], "texture": "#3"},
				"down": {"uv": [4.125, 13.25, 3.875, 13.5], "texture": "#3"}
			}
		},
		{
			"from": [7, 14, 8],
			"to": [9, 15, 10],
			"rotation": {"angle": 0, "axis": "y", "origin": [0, 0, 2]},
			"faces": {
				"north": {"uv": [4.125, 13.25, 4.375, 13.5], "texture": "#3"},
				"east": {"uv": [5.25, 12.125, 5.5, 12.375], "texture": "#3"},
				"south": {"uv": [4.375, 13.25, 4.625, 13.5], "texture": "#3"},
				"west": {"uv": [5.25, 12.375, 5.5, 12.625], "texture": "#3"},
				"up": {"uv": [5.5, 13.125, 5.25, 12.875], "texture": "#3"},
				"down": {"uv": [5.5, 13.125, 5.25, 13.375], "texture": "#3"}
			}
		},
		{
			"from": [7, 11, 9],
			"to": [9, 14, 10],
			"rotation": {"angle": 0, "axis": "y", "origin": [0, 0, 2]},
			"faces": {
				"north": {"uv": [0.75, 11.75, 1, 12.125], "texture": "#3"},
				"east": {"uv": [2.5, 13.5, 2.625, 13.875], "texture": "#3"},
				"south": {"uv": [1, 11.75, 1.25, 12.125], "texture": "#3"},
				"west": {"uv": [4.375, 13.5, 4.5, 13.875], "texture": "#3"},
				"up": {"uv": [4.75, 8.75, 4.5, 8.625], "texture": "#3"},
				"down": {"uv": [0.75, 13.625, 0.5, 13.75], "texture": "#3"}
			}
		},
		{
			"from": [9, 14, 8],
			"to": [11, 15, 9],
			"rotation": {"angle": 0, "axis": "y", "origin": [0, 0, 2]},
			"faces": {
				"north": {"uv": [5.625, 9.625, 5.875, 9.75], "texture": "#3"},
				"east": {"uv": [2.5, 13.875, 2.625, 14], "texture": "#3"},
				"south": {"uv": [5.625, 9.75, 5.875, 9.875], "texture": "#3"},
				"west": {"uv": [5.875, 12.625, 6, 12.75], "texture": "#3"},
				"up": {"uv": [5.875, 10, 5.625, 9.875], "texture": "#3"},
				"down": {"uv": [5.875, 10, 5.625, 10.125], "texture": "#3"}
			}
		},
		{
			"from": [9, 12, 9],
			"to": [11, 13, 10],
			"rotation": {"angle": 0, "axis": "y", "origin": [0, 0, 2]},
			"faces": {
				"north": {"uv": [5.625, 10.125, 5.875, 10.25], "texture": "#3"},
				"east": {"uv": [4.75, 13.875, 4.875, 14], "texture": "#3"},
				"south": {"uv": [3, 13.625, 3.25, 13.75], "texture": "#3"},
				"west": {"uv": [5.875, 12.75, 6, 12.875], "texture": "#3"},
				"up": {"uv": [3.5, 13.75, 3.25, 13.625], "texture": "#3"},
				"down": {"uv": [5.875, 11.375, 5.625, 11.5], "texture": "#3"}
			}
		},
		{
			"from": [9, 10, 8],
			"to": [11, 11, 9],
			"rotation": {"angle": 0, "axis": "y", "origin": [0, 0, 2]},
			"faces": {
				"north": {"uv": [3.5, 13.625, 3.75, 13.75], "texture": "#3"},
				"east": {"uv": [4.875, 13.875, 5, 14], "texture": "#3"},
				"south": {"uv": [5.625, 11.5, 5.875, 11.625], "texture": "#3"},
				"west": {"uv": [5, 13.875, 5.125, 14], "texture": "#3"},
				"up": {"uv": [5.875, 11.75, 5.625, 11.625], "texture": "#3"},
				"down": {"uv": [5.875, 11.75, 5.625, 11.875], "texture": "#3"}
			}
		},
		{
			"from": [5, 10, 8],
			"to": [7, 11, 9],
			"rotation": {"angle": 0, "axis": "y", "origin": [0, 0, 2]},
			"faces": {
				"north": {"uv": [3.875, 13.625, 4.125, 13.75], "texture": "#3"},
				"east": {"uv": [5.875, 13, 6, 13.125], "texture": "#3"},
				"south": {"uv": [5.625, 11.875, 5.875, 12], "texture": "#3"},
				"west": {"uv": [5.125, 13.875, 5.25, 14], "texture": "#3"},
				"up": {"uv": [5.875, 12.125, 5.625, 12], "texture": "#3"},
				"down": {"uv": [4.375, 13.625, 4.125, 13.75], "texture": "#3"}
			}
		},
		{
			"from": [5, 14, 8],
			"to": [7, 15, 9],
			"rotation": {"angle": 0, "axis": "y", "origin": [0, 0, 2]},
			"faces": {
				"north": {"uv": [5.625, 12.625, 5.875, 12.75], "texture": "#3"},
				"east": {"uv": [5.875, 13.125, 6, 13.25], "texture": "#3"},
				"south": {"uv": [5.625, 12.75, 5.875, 12.875], "texture": "#3"},
				"west": {"uv": [5.25, 13.875, 5.375, 14], "texture": "#3"},
				"up": {"uv": [5.125, 13.75, 4.875, 13.625], "texture": "#3"},
				"down": {"uv": [5.875, 13, 5.625, 13.125], "texture": "#3"}
			}
		},
		{
			"from": [5, 12, 9],
			"to": [7, 13, 10],
			"rotation": {"angle": 0, "axis": "y", "origin": [0, 0, 2]},
			"faces": {
				"north": {"uv": [5.125, 13.625, 5.375, 13.75], "texture": "#3"},
				"east": {"uv": [5.875, 13.25, 6, 13.375], "texture": "#3"},
				"south": {"uv": [5.625, 13.125, 5.875, 13.25], "texture": "#3"},
				"west": {"uv": [5.375, 13.875, 5.5, 14], "texture": "#3"},
				"up": {"uv": [5.875, 13.375, 5.625, 13.25], "texture": "#3"},
				"down": {"uv": [5.625, 13.625, 5.375, 13.75], "texture": "#3"}
			}
		},
		{
			"from": [5, 12, 7],
			"to": [7, 14, 9],
			"rotation": {"angle": 0, "axis": "y", "origin": [0, 0, 2]},
			"faces": {
				"north": {"uv": [5.375, 9.25, 5.625, 9.5], "texture": "#3"},
				"east": {"uv": [5.375, 9.5, 5.625, 9.75], "texture": "#3"},
				"south": {"uv": [3, 13.375, 3.25, 13.625], "texture": "#3"},
				"west": {"uv": [3.25, 13.375, 3.5, 13.625], "texture": "#3"},
				"up": {"uv": [5.625, 11.625, 5.375, 11.375], "texture": "#3"},
				"down": {"uv": [3.75, 13.375, 3.5, 13.625], "texture": "#3"}
			}
		},
		{
			"from": [9, 10, 9],
			"to": [10, 12, 10],
			"rotation": {"angle": 0, "axis": "y", "origin": [0, 0, 2]},
			"faces": {
				"north": {"uv": [1.5, 13.625, 1.625, 13.875], "texture": "#3"},
				"east": {"uv": [5.625, 13.375, 5.75, 13.625], "texture": "#3"},
				"south": {"uv": [5.625, 13.625, 5.75, 13.875], "texture": "#3"},
				"west": {"uv": [0, 13.75, 0.125, 14], "texture": "#3"},
				"up": {"uv": [6, 13.5, 5.875, 13.375], "texture": "#3"},
				"down": {"uv": [5.625, 13.875, 5.5, 14], "texture": "#3"}
			}
		},
		{
			"from": [10, 8, 9],
			"to": [11, 10, 10],
			"rotation": {"angle": 0, "axis": "y", "origin": [0, 0, 2]},
			"faces": {
				"north": {"uv": [5.75, 8, 5.875, 8.25], "texture": "#3"},
				"east": {"uv": [0.125, 13.75, 0.25, 14], "texture": "#3"},
				"south": {"uv": [0.5, 13.75, 0.625, 14], "texture": "#3"},
				"west": {"uv": [0.625, 13.75, 0.75, 14], "texture": "#3"},
				"up": {"uv": [6, 13.625, 5.875, 13.5], "texture": "#3"},
				"down": {"uv": [5.75, 13.875, 5.625, 14], "texture": "#3"}
			}
		},
		{
			"from": [11, 7, 9],
			"to": [12, 9, 10],
			"rotation": {"angle": 0, "axis": "y", "origin": [0, 0, 2]},
			"faces": {
				"north": {"uv": [1.125, 13.75, 1.25, 14], "texture": "#3"},
				"east": {"uv": [1.25, 13.75, 1.375, 14], "texture": "#3"},
				"south": {"uv": [1.375, 13.75, 1.5, 14], "texture": "#3"},
				"west": {"uv": [3, 13.75, 3.125, 14], "texture": "#3"},
				"up": {"uv": [6, 13.75, 5.875, 13.625], "texture": "#3"},
				"down": {"uv": [5.875, 13.875, 5.75, 14], "texture": "#3"}
			}
		},
		{
			"from": [6, 10, 7],
			"to": [7, 11, 8],
			"rotation": {"angle": 0, "axis": "y", "origin": [0, 0, 2]},
			"faces": {
				"north": {"uv": [5.875, 13.75, 6, 13.875], "texture": "#3"},
				"east": {"uv": [5.875, 13.875, 6, 14], "texture": "#3"},
				"south": {"uv": [0, 14, 0.125, 14.125], "texture": "#3"},
				"west": {"uv": [0.125, 14, 0.25, 14.125], "texture": "#3"},
				"up": {"uv": [0.375, 14.125, 0.25, 14], "texture": "#3"},
				"down": {"uv": [6.125, 8.25, 6, 8.375], "texture": "#3"}
			}
		},
		{
			"from": [5, 8, 6],
			"to": [6, 10, 7],
			"rotation": {"angle": 0, "axis": "y", "origin": [0, 0, 2]},
			"faces": {
				"north": {"uv": [3.125, 13.75, 3.25, 14], "texture": "#3"},
				"east": {"uv": [3.25, 13.75, 3.375, 14], "texture": "#3"},
				"south": {"uv": [3.375, 13.75, 3.5, 14], "texture": "#3"},
				"west": {"uv": [3.5, 13.75, 3.625, 14], "texture": "#3"},
				"up": {"uv": [0.5, 14.125, 0.375, 14], "texture": "#3"},
				"down": {"uv": [6.125, 8.375, 6, 8.5], "texture": "#3"}
			}
		},
		{
			"from": [3, 7, 6],
			"to": [5, 8, 7],
			"rotation": {"angle": 0, "axis": "y", "origin": [0, 0, 2]},
			"faces": {
				"north": {"uv": [5.75, 8.25, 6, 8.375], "texture": "#3"},
				"east": {"uv": [0.5, 14, 0.625, 14.125], "texture": "#3"},
				"south": {"uv": [5.75, 10.375, 6, 10.5], "texture": "#3"},
				"west": {"uv": [6, 8.5, 6.125, 8.625], "texture": "#3"},
				"up": {"uv": [6, 11.25, 5.75, 11.125], "texture": "#3"},
				"down": {"uv": [4.125, 13.75, 3.875, 13.875], "texture": "#3"}
			}
		},
		{
			"from": [6, 11, 8],
			"to": [7, 12, 9],
			"rotation": {"angle": 0, "axis": "y", "origin": [0, 0, 2]},
			"faces": {
				"north": {"uv": [0.625, 14, 0.75, 14.125], "texture": "#3"},
				"east": {"uv": [6, 8.625, 6.125, 8.75], "texture": "#3"},
				"south": {"uv": [6, 8.75, 6.125, 8.875], "texture": "#3"},
				"west": {"uv": [6, 8.875, 6.125, 9], "texture": "#3"},
				"up": {"uv": [6.125, 9.125, 6, 9], "texture": "#3"},
				"down": {"uv": [1.25, 14, 1.125, 14.125], "texture": "#3"}
			}
		},
		{
			"from": [7, 12, 8],
			"to": [9, 13, 9],
			"rotation": {"angle": 0, "axis": "y", "origin": [0, 0, 2]},
			"faces": {
				"north": {"uv": [4.125, 13.75, 4.375, 13.875], "texture": "#3"},
				"east": {"uv": [6, 9.125, 6.125, 9.25], "texture": "#3"},
				"south": {"uv": [4.875, 13.75, 5.125, 13.875], "texture": "#3"},
				"west": {"uv": [1.25, 14, 1.375, 14.125], "texture": "#3"},
				"up": {"uv": [5.375, 13.875, 5.125, 13.75], "texture": "#3"},
				"down": {"uv": [5.625, 13.75, 5.375, 13.875], "texture": "#3"}
			}
		},
		{
			"from": [5, 14, 7],
			"to": [6, 15, 8],
			"rotation": {"angle": 0, "axis": "y", "origin": [0, 0, 2]},
			"faces": {
				"north": {"uv": [3.625, 13.75, 3.75, 14], "texture": "#3"},
				"east": {"uv": [4.625, 13.75, 4.75, 14], "texture": "#3"},
				"south": {"uv": [5.75, 13.375, 5.875, 13.625], "texture": "#3"},
				"west": {"uv": [5.75, 13.625, 5.875, 13.875], "texture": "#3"},
				"up": {"uv": [6.125, 9.375, 6, 9.25], "texture": "#3"},
				"down": {"uv": [1.5, 14, 1.375, 14.125], "texture": "#3"}
			}
		},
		{
			"from": [5, 20, 7],
			"to": [11, 26, 13],
			"rotation": {"angle": 0, "axis": "y", "origin": [0, 0, 2]},
			"faces": {
				"north": {"uv": [3.25, 9.75, 4, 10.5], "texture": "#3"},
				"east": {"uv": [2.75, 11.5, 3.5, 12.25], "texture": "#3"},
				"south": {"uv": [3.5, 11.5, 4.25, 12.25], "texture": "#3"},
				"west": {"uv": [0, 11.75, 0.75, 12.5], "texture": "#3"},
				"up": {"uv": [4.5, 8.75, 3.75, 8], "texture": "#3"},
				"down": {"uv": [4.75, 9.75, 4, 10.5], "texture": "#3"}
			}
		},
		{
			"from": [7, 22, 5],
			"to": [9, 24, 7],
			"rotation": {"angle": 0, "axis": "y", "origin": [0, 0, 2]},
			"faces": {
				"north": {"uv": [5.375, 11.625, 5.625, 11.875], "texture": "#3"},
				"east": {"uv": [5.375, 11.875, 5.625, 12.125], "texture": "#3"},
				"south": {"uv": [4.875, 13.375, 5.125, 13.625], "texture": "#3"},
				"west": {"uv": [5.125, 13.375, 5.375, 13.625], "texture": "#3"},
				"up": {"uv": [5.625, 13.625, 5.375, 13.375], "texture": "#3"},
				"down": {"uv": [0.25, 13.5, 0, 13.75], "texture": "#3"}
			}
		},
		{
			"from": [7, 21, 5],
			"to": [8, 22, 6],
			"rotation": {"angle": 0, "axis": "y", "origin": [0, 0, 2]},
			"faces": {
				"north": {"uv": [6, 9.375, 6.125, 9.5], "texture": "#3"},
				"east": {"uv": [6, 9.5, 6.125, 9.625], "texture": "#3"},
				"south": {"uv": [1.75, 14, 1.875, 14.125], "texture": "#3"},
				"west": {"uv": [1.875, 14, 2, 14.125], "texture": "#3"},
				"up": {"uv": [2.125, 14.125, 2, 14], "texture": "#3"},
				"down": {"uv": [2.25, 14, 2.125, 14.125], "texture": "#3"}
			}
		},
		{
			"from": [8, 22, 4],
			"to": [9, 23, 5],
			"rotation": {"angle": 0, "axis": "y", "origin": [0, 0, 2]},
			"faces": {
				"north": {"uv": [2.25, 14, 2.375, 14.125], "texture": "#3"},
				"east": {"uv": [6, 10.25, 6.125, 10.375], "texture": "#3"},
				"south": {"uv": [2.375, 14, 2.5, 14.125], "texture": "#3"},
				"west": {"uv": [6, 10.375, 6.125, 10.5], "texture": "#3"},
				"up": {"uv": [2.625, 14.125, 2.5, 14], "texture": "#3"},
				"down": {"uv": [6.125, 10.5, 6, 10.625], "texture": "#3"}
			}
		},
		{
			"from": [7, 21, 4],
			"to": [8, 22, 5],
			"rotation": {"angle": 0, "axis": "y", "origin": [0, 0, 2]},
			"faces": {
				"north": {"uv": [6, 10.625, 6.125, 10.75], "texture": "#3"},
				"east": {"uv": [6, 10.75, 6.125, 10.875], "texture": "#3"},
				"south": {"uv": [6, 10.875, 6.125, 11], "texture": "#3"},
				"west": {"uv": [3, 14, 3.125, 14.125], "texture": "#3"},
				"up": {"uv": [6.125, 11.125, 6, 11], "texture": "#3"},
				"down": {"uv": [3.25, 14, 3.125, 14.125], "texture": "#3"}
			}
		},
		{
			"from": [8, 19, 4],
			"to": [9, 22, 5],
			"rotation": {"angle": 0, "axis": "y", "origin": [0, 0, 2]},
			"faces": {
				"north": {"uv": [4.5, 13.5, 4.625, 13.875], "texture": "#3"},
				"east": {"uv": [5.5, 13, 5.625, 13.375], "texture": "#3"},
				"south": {"uv": [0.25, 13.625, 0.375, 14], "texture": "#3"},
				"west": {"uv": [0.375, 13.625, 0.5, 14], "texture": "#3"},
				"up": {"uv": [3.875, 14.125, 3.75, 14], "texture": "#3"},
				"down": {"uv": [4, 14, 3.875, 14.125], "texture": "#3"}
			}
		},
		{
			"from": [8, 21, 5],
			"to": [9, 22, 7],
			"rotation": {"angle": 0, "axis": "y", "origin": [0, 0, 2]},
			"faces": {
				"north": {"uv": [4, 14, 4.125, 14.125], "texture": "#3"},
				"east": {"uv": [5.875, 8, 6.125, 8.125], "texture": "#3"},
				"south": {"uv": [4.125, 14, 4.25, 14.125], "texture": "#3"},
				"west": {"uv": [5.875, 8.125, 6.125, 8.25], "texture": "#3"},
				"up": {"uv": [1.625, 14.125, 1.5, 13.875], "texture": "#3"},
				"down": {"uv": [1.75, 13.875, 1.625, 14.125], "texture": "#3"}
			}
		},
		{
			"from": [9, 21, 5],
			"to": [10, 22, 6],
			"rotation": {"angle": 0, "axis": "y", "origin": [0, 0, 2]},
			"faces": {
				"north": {"uv": [6, 12.125, 6.125, 12.25], "texture": "#3"},
				"east": {"uv": [4.25, 14, 4.375, 14.125], "texture": "#3"},
				"south": {"uv": [6, 12.25, 6.125, 12.375], "texture": "#3"},
				"west": {"uv": [4.375, 14, 4.5, 14.125], "texture": "#3"},
				"up": {"uv": [6.125, 12.5, 6, 12.375], "texture": "#3"},
				"down": {"uv": [4.625, 14, 4.5, 14.125], "texture": "#3"}
			}
		},
		{
			"from": [5, 26, 7],
			"to": [11, 28, 13],
			"rotation": {"angle": 0, "axis": "y", "origin": [0, 0, 2]},
			"faces": {
				"north": {"uv": [4.75, 10.125, 5.5, 10.375], "texture": "#3"},
				"east": {"uv": [0.75, 12.875, 1.5, 13.125], "texture": "#3"},
				"south": {"uv": [1.5, 12.875, 2.25, 13.125], "texture": "#3"},
				"west": {"uv": [4.875, 12.625, 5.625, 12.875], "texture": "#3"},
				"up": {"uv": [1.5, 12.875, 0.75, 12.125], "texture": "#3"},
				"down": {"uv": [2.25, 12.125, 1.5, 12.875], "texture": "#3"}
			}
		},
		{
			"from": [5, 28, 7],
			"to": [11, 29, 13],
			"rotation": {"angle": 0, "axis": "y", "origin": [0, 0, 2]},
			"faces": {
				"north": {"uv": [5, 11.125, 5.75, 11.25], "texture": "#3"},
				"east": {"uv": [4, 13.125, 4.75, 13.25], "texture": "#3"},
				"south": {"uv": [5.25, 10.625, 6, 10.75], "texture": "#3"},
				"west": {"uv": [5.25, 10.75, 6, 10.875], "texture": "#3"},
				"up": {"uv": [3, 13, 2.25, 12.25], "texture": "#3"},
				"down": {"uv": [5, 10.5, 4.25, 11.25], "texture": "#3"}
			}
		},
		{
			"from": [9, 29, 8],
			"to": [12, 30, 12],
			"rotation": {"angle": 0, "axis": "y", "origin": [0, 0, 2]},
			"faces": {
				"north": {"uv": [1.125, 13.625, 1.5, 13.75], "texture": "#3"},
				"east": {"uv": [2.25, 12.125, 2.75, 12.25], "texture": "#3"},
				"south": {"uv": [5.625, 9.25, 6, 9.375], "texture": "#3"},
				"west": {"uv": [0.25, 13.5, 0.75, 13.625], "texture": "#3"},
				"up": {"uv": [5.25, 13.375, 4.875, 12.875], "texture": "#3"},
				"down": {"uv": [0.375, 13, 0, 13.5], "texture": "#3"}
			}
		},
		{
			"from": [9, 29, 7],
			"to": [11, 30, 8],
			"rotation": {"angle": 0, "axis": "y", "origin": [0, 0, 2]},
			"faces": {
				"north": {"uv": [5.875, 9.625, 6.125, 9.75], "texture": "#3"},
				"east": {"uv": [6, 12.5, 6.125, 12.625], "texture": "#3"},
				"south": {"uv": [1.75, 13.875, 2, 14], "texture": "#3"},
				"west": {"uv": [4.625, 14, 4.75, 14.125], "texture": "#3"},
				"up": {"uv": [6.125, 9.875, 5.875, 9.75], "texture": "#3"},
				"down": {"uv": [6.125, 9.875, 5.875, 10], "texture": "#3"}
			}
		},
		{
			"from": [9, 29, 12],
			"to": [11, 30, 13],
			"rotation": {"angle": 0, "axis": "y", "origin": [0, 0, 2]},
			"faces": {
				"north": {"uv": [2, 13.875, 2.25, 14], "texture": "#3"},
				"east": {"uv": [6, 12.625, 6.125, 12.75], "texture": "#3"},
				"south": {"uv": [5.875, 10, 6.125, 10.125], "texture": "#3"},
				"west": {"uv": [4.75, 14, 4.875, 14.125], "texture": "#3"},
				"up": {"uv": [6.125, 10.25, 5.875, 10.125], "texture": "#3"},
				"down": {"uv": [6.125, 11.375, 5.875, 11.5], "texture": "#3"}
			}
		},
		{
			"from": [4, 29, 8],
			"to": [7, 30, 12],
			"rotation": {"angle": 0, "axis": "y", "origin": [0, 0, 2]},
			"faces": {
				"north": {"uv": [5.625, 9.375, 6, 9.5], "texture": "#3"},
				"east": {"uv": [5.5, 8.375, 6, 8.5], "texture": "#3"},
				"south": {"uv": [5.625, 9.5, 6, 9.625], "texture": "#3"},
				"west": {"uv": [5.5, 8.5, 6, 8.625], "texture": "#3"},
				"up": {"uv": [0.75, 13.5, 0.375, 13], "texture": "#3"},
				"down": {"uv": [2.625, 13, 2.25, 13.5], "texture": "#3"}
			}
		},
		{
			"from": [5, 29, 7],
			"to": [7, 30, 8],
			"rotation": {"angle": 0, "axis": "y", "origin": [0, 0, 2]},
			"faces": {
				"north": {"uv": [5.875, 11.5, 6.125, 11.625], "texture": "#3"},
				"east": {"uv": [6, 12.75, 6.125, 12.875], "texture": "#3"},
				"south": {"uv": [5.875, 11.625, 6.125, 11.75], "texture": "#3"},
				"west": {"uv": [4.875, 14, 5, 14.125], "texture": "#3"},
				"up": {"uv": [6.125, 11.875, 5.875, 11.75], "texture": "#3"},
				"down": {"uv": [4.125, 13.875, 3.875, 14], "texture": "#3"}
			}
		},
		{
			"from": [5, 29, 12],
			"to": [7, 30, 13],
			"rotation": {"angle": 0, "axis": "y", "origin": [0, 0, 2]},
			"faces": {
				"north": {"uv": [5.875, 11.875, 6.125, 12], "texture": "#3"},
				"east": {"uv": [6, 12.875, 6.125, 13], "texture": "#3"},
				"south": {"uv": [5.875, 12, 6.125, 12.125], "texture": "#3"},
				"west": {"uv": [5, 14, 5.125, 14.125], "texture": "#3"},
				"up": {"uv": [4.375, 14, 4.125, 13.875], "texture": "#3"},
				"down": {"uv": [4.625, 13.875, 4.375, 14], "texture": "#3"}
			}
		},
		{
			"from": [4, 27, 8],
			"to": [5, 28, 12],
			"rotation": {"angle": 0, "axis": "y", "origin": [0, 0, 2]},
			"faces": {
				"north": {"uv": [6, 13, 6.125, 13.125], "texture": "#3"},
				"east": {"uv": [5.5, 8.625, 6, 8.75], "texture": "#3"},
				"south": {"uv": [5.125, 14, 5.25, 14.125], "texture": "#3"},
				"west": {"uv": [5.5, 8.75, 6, 8.875], "texture": "#3"},
				"up": {"uv": [4.75, 13.75, 4.625, 13.25], "texture": "#3"},
				"down": {"uv": [5.625, 9.75, 5.5, 10.25], "texture": "#3"}
			}
		},
		{
			"from": [4, 28, 7],
			"to": [5, 29, 13],
			"rotation": {"angle": 0, "axis": "y", "origin": [0, 0, 2]},
			"faces": {
				"north": {"uv": [6, 13.125, 6.125, 13.25], "texture": "#3"},
				"east": {"uv": [5.25, 10.875, 6, 11], "texture": "#3"},
				"south": {"uv": [5.25, 14, 5.375, 14.125], "texture": "#3"},
				"west": {"uv": [3, 13.25, 3.75, 13.375], "texture": "#3"},
				"up": {"uv": [2.25, 13.875, 2.125, 13.125], "texture": "#3"},
				"down": {"uv": [4.875, 13.125, 4.75, 13.875], "texture": "#3"}
			}
		},
		{
			"from": [11, 27, 8],
			"to": [12, 28, 12],
			"rotation": {"angle": 0, "axis": "y", "origin": [0, 0, 2]},
			"faces": {
				"north": {"uv": [6, 13.25, 6.125, 13.375], "texture": "#3"},
				"east": {"uv": [5.5, 8.875, 6, 9], "texture": "#3"},
				"south": {"uv": [5.375, 14, 5.5, 14.125], "texture": "#3"},
				"west": {"uv": [5.5, 9, 6, 9.125], "texture": "#3"},
				"up": {"uv": [2.375, 14, 2.25, 13.5], "texture": "#3"},
				"down": {"uv": [2.5, 13.5, 2.375, 14], "texture": "#3"}
			}
		},
		{
			"from": [6, 27, 6],
			"to": [10, 28, 7],
			"rotation": {"angle": 0, "axis": "y", "origin": [0, 0, 2]},
			"faces": {
				"north": {"uv": [5.5, 9.125, 6, 9.25], "texture": "#3"},
				"east": {"uv": [6, 13.375, 6.125, 13.5], "texture": "#3"},
				"south": {"uv": [5.5, 10.25, 6, 10.375], "texture": "#3"},
				"west": {"uv": [5.5, 14, 5.625, 14.125], "texture": "#3"},
				"up": {"uv": [4.375, 13.625, 3.875, 13.5], "texture": "#3"},
				"down": {"uv": [6, 12.125, 5.5, 12.25], "texture": "#3"}
			}
		},
		{
			"from": [6, 27, 13],
			"to": [10, 28, 14],
			"rotation": {"angle": 0, "axis": "y", "origin": [0, 0, 2]},
			"faces": {
				"north": {"uv": [5.5, 12.25, 6, 12.375], "texture": "#3"},
				"east": {"uv": [6, 13.5, 6.125, 13.625], "texture": "#3"},
				"south": {"uv": [5.5, 12.375, 6, 12.5], "texture": "#3"},
				"west": {"uv": [5.625, 14, 5.75, 14.125], "texture": "#3"},
				"up": {"uv": [6, 12.625, 5.5, 12.5], "texture": "#3"},
				"down": {"uv": [6, 12.875, 5.5, 13], "texture": "#3"}
			}
		},
		{
			"from": [11, 28, 7],
			"to": [12, 29, 13],
			"rotation": {"angle": 0, "axis": "y", "origin": [0, 0, 2]},
			"faces": {
				"north": {"uv": [6, 13.625, 6.125, 13.75], "texture": "#3"},
				"east": {"uv": [5.25, 11, 6, 11.125], "texture": "#3"},
				"south": {"uv": [5.75, 14, 5.875, 14.125], "texture": "#3"},
				"west": {"uv": [5.25, 11.25, 6, 11.375], "texture": "#3"},
				"up": {"uv": [5.375, 12.125, 5.25, 11.375], "texture": "#3"},
				"down": {"uv": [3.875, 13.25, 3.75, 14], "texture": "#3"}
			}
		},
		{
			"from": [5, 14, 13],
			"to": [7, 15, 14],
			"rotation": {"angle": 0, "axis": "y", "origin": [0, 0, 2]},
			"faces": {
				"north": {"uv": [0, 4, 1, 4.5], "texture": "#3"},
				"east": {"uv": [4.5, 5.5, 5, 6], "texture": "#3"},
				"south": {"uv": [4, 3, 5, 3.5], "texture": "#3"},
				"west": {"uv": [5.5, 4.5, 6, 5], "texture": "#3"},
				"up": {"uv": [1, 5, 0, 4.5], "texture": "#3"},
				"down": {"uv": [2.5, 4.5, 1.5, 5], "texture": "#3"}
			}
		},
		{
			"from": [4, 16, 13],
			"to": [6, 17, 14],
			"rotation": {"angle": 0, "axis": "y", "origin": [0, 0, 2]},
			"faces": {
				"north": {"uv": [4.5, 2, 5.5, 2.5], "texture": "#3"},
				"east": {"uv": [5.5, 5, 6, 5.5], "texture": "#3"},
				"south": {"uv": [2.5, 4.5, 3.5, 5], "texture": "#3"},
				"west": {"uv": [5.5, 5.5, 6, 6], "texture": "#3"},
				"up": {"uv": [4.5, 5, 3.5, 4.5], "texture": "#3"},
				"down": {"uv": [5.5, 3.5, 4.5, 4], "texture": "#3"}
			}
		},
		{
			"from": [4, 15, 13],
			"to": [7, 16, 14],
			"rotation": {"angle": 0, "axis": "y", "origin": [0, 0, 2]},
			"faces": {
				"north": {"uv": [0, 2, 1.5, 2.5], "texture": "#3"},
				"east": {"uv": [0, 6, 0.5, 6.5], "texture": "#3"},
				"south": {"uv": [2, 0, 3.5, 0.5], "texture": "#3"},
				"west": {"uv": [6, 0, 6.5, 0.5], "texture": "#3"},
				"up": {"uv": [3.5, 1, 2, 0.5], "texture": "#3"},
				"down": {"uv": [3.5, 1, 2, 1.5], "texture": "#3"}
			}
		},
		{
			"from": [4, 15, 14],
			"to": [5, 16, 15],
			"rotation": {"angle": 0, "axis": "y", "origin": [0, 0, 2]},
			"faces": {
				"north": {"uv": [0.5, 6, 1, 6.5], "texture": "#3"},
				"east": {"uv": [6, 0.5, 6.5, 1], "texture": "#3"},
				"south": {"uv": [1, 6, 1.5, 6.5], "texture": "#3"},
				"west": {"uv": [6, 1, 6.5, 1.5], "texture": "#3"},
				"up": {"uv": [2, 6.5, 1.5, 6], "texture": "#3"},
				"down": {"uv": [6.5, 2, 6, 2.5], "texture": "#3"}
			}
		},
		{
			"from": [5, 13, 13],
			"to": [6, 14, 14],
			"rotation": {"angle": 0, "axis": "y", "origin": [0, 0, 2]},
			"faces": {
				"north": {"uv": [2.5, 6, 3, 6.5], "texture": "#3"},
				"east": {"uv": [6, 2.5, 6.5, 3], "texture": "#3"},
				"south": {"uv": [3, 6, 3.5, 6.5], "texture": "#3"},
				"west": {"uv": [6, 3, 6.5, 3.5], "texture": "#3"},
				"up": {"uv": [4, 6.5, 3.5, 6], "texture": "#3"},
				"down": {"uv": [4.5, 6, 4, 6.5], "texture": "#3"}
			}
		},
		{
			"from": [5, 14, 14],
			"to": [6, 15, 15],
			"rotation": {"angle": 0, "axis": "y", "origin": [0, 0, 2]},
			"faces": {
				"north": {"uv": [4.5, 6, 5, 6.5], "texture": "#3"},
				"east": {"uv": [6, 4.5, 6.5, 5], "texture": "#3"},
				"south": {"uv": [5, 6, 5.5, 6.5], "texture": "#3"},
				"west": {"uv": [6, 5, 6.5, 5.5], "texture": "#3"},
				"up": {"uv": [6, 6.5, 5.5, 6], "texture": "#3"},
				"down": {"uv": [6.5, 5.5, 6, 6], "texture": "#3"}
			}
		},
		{
			"from": [6, 15, 14],
			"to": [7, 16, 16],
			"rotation": {"angle": 0, "axis": "y", "origin": [0, 0, 2]},
			"faces": {
				"north": {"uv": [6, 6, 6.5, 6.5], "texture": "#3"},
				"east": {"uv": [4.5, 4, 5.5, 4.5], "texture": "#3"},
				"south": {"uv": [0, 6.5, 0.5, 7], "texture": "#3"},
				"west": {"uv": [4.5, 4.5, 5.5, 5], "texture": "#3"},
				"up": {"uv": [0.5, 6, 0, 5], "texture": "#3"},
				"down": {"uv": [1, 5, 0.5, 6], "texture": "#3"}
			}
		},
		{
			"from": [5, 15, 14],
			"to": [6, 16, 17],
			"rotation": {"angle": 0, "axis": "y", "origin": [0, 0, 2]},
			"faces": {
				"north": {"uv": [6.5, 0, 7, 0.5], "texture": "#3"},
				"east": {"uv": [1.5, 2, 3, 2.5], "texture": "#3"},
				"south": {"uv": [0.5, 6.5, 1, 7], "texture": "#3"},
				"west": {"uv": [2, 1.5, 3.5, 2], "texture": "#3"},
				"up": {"uv": [0.5, 4, 0, 2.5], "texture": "#3"},
				"down": {"uv": [1, 2.5, 0.5, 4], "texture": "#3"}
			}
		},
		{
			"from": [0, 7, 18],
			"to": [2, 8, 19],
			"rotation": {"angle": 45, "axis": "y", "origin": [0, 0, 2]},
			"faces": {
				"north": {"uv": [5, 0, 6, 0.5], "texture": "#3"},
				"east": {"uv": [6.5, 0.5, 7, 1], "texture": "#3"},
				"south": {"uv": [1, 5, 2, 5.5], "texture": "#3"},
				"west": {"uv": [1, 6.5, 1.5, 7], "texture": "#3"},
				"up": {"uv": [3, 5.5, 2, 5], "texture": "#3"},
				"down": {"uv": [4, 5, 3, 5.5], "texture": "#3"}
			}
		},
		{
			"from": [1, 9, 18],
			"to": [2, 10, 19],
			"rotation": {"angle": 45, "axis": "y", "origin": [0, 0, 2]},
			"faces": {
				"north": {"uv": [6.5, 1, 7, 1.5], "texture": "#3"},
				"east": {"uv": [1.5, 6.5, 2, 7], "texture": "#3"},
				"south": {"uv": [6.5, 1.5, 7, 2], "texture": "#3"},
				"west": {"uv": [2, 6.5, 2.5, 7], "texture": "#3"},
				"up": {"uv": [7, 2.5, 6.5, 2], "texture": "#3"},
				"down": {"uv": [3, 6.5, 2.5, 7], "texture": "#3"}
			}
		},
		{
			"from": [0, 8, 18],
			"to": [3, 9, 19],
			"rotation": {"angle": 45, "axis": "y", "origin": [0, 0, 2]},
			"faces": {
				"north": {"uv": [1, 2.5, 2.5, 3], "texture": "#3"},
				"east": {"uv": [6.5, 2.5, 7, 3], "texture": "#3"},
				"south": {"uv": [2.5, 2.5, 4, 3], "texture": "#3"},
				"west": {"uv": [3, 6.5, 3.5, 7], "texture": "#3"},
				"up": {"uv": [2.5, 3.5, 1, 3], "texture": "#3"},
				"down": {"uv": [4.5, 2, 3, 2.5], "texture": "#3"}
			}
		},
		{
			"from": [1, 9, 19],
			"to": [2, 10, 20],
			"rotation": {"angle": 45, "axis": "y", "origin": [0, 0, 2]},
			"faces": {
				"north": {"uv": [6.5, 3, 7, 3.5], "texture": "#3"},
				"east": {"uv": [3.5, 6.5, 4, 7], "texture": "#3"},
				"south": {"uv": [6.5, 3.5, 7, 4], "texture": "#3"},
				"west": {"uv": [4, 6.5, 4.5, 7], "texture": "#3"},
				"up": {"uv": [7, 4.5, 6.5, 4], "texture": "#3"},
				"down": {"uv": [5, 6.5, 4.5, 7], "texture": "#3"}
			}
		},
		{
			"from": [1, 6, 18],
			"to": [2, 7, 19],
			"rotation": {"angle": 45, "axis": "y", "origin": [0, 0, 2]},
			"faces": {
				"north": {"uv": [6.5, 4.5, 7, 5], "texture": "#3"},
				"east": {"uv": [5, 6.5, 5.5, 7], "texture": "#3"},
				"south": {"uv": [6.5, 5, 7, 5.5], "texture": "#3"},
				"west": {"uv": [5.5, 6.5, 6, 7], "texture": "#3"},
				"up": {"uv": [7, 6, 6.5, 5.5], "texture": "#3"},
				"down": {"uv": [6.5, 6.5, 6, 7], "texture": "#3"}
			}
		},
		{
			"from": [1, 7, 19],
			"to": [2, 8, 20],
			"rotation": {"angle": 45, "axis": "y", "origin": [0, 0, 2]},
			"faces": {
				"north": {"uv": [6.5, 6, 7, 6.5], "texture": "#3"},
				"east": {"uv": [6.5, 6.5, 7, 7], "texture": "#3"},
				"south": {"uv": [0, 7, 0.5, 7.5], "texture": "#3"},
				"west": {"uv": [7, 0, 7.5, 0.5], "texture": "#3"},
				"up": {"uv": [1, 7.5, 0.5, 7], "texture": "#3"},
				"down": {"uv": [7.5, 0.5, 7, 1], "texture": "#3"}
			}
		},
		{
			"from": [2, 8, 19],
			"to": [3, 9, 21],
			"rotation": {"angle": 45, "axis": "y", "origin": [0, 0, 2]},
			"faces": {
				"north": {"uv": [1, 7, 1.5, 7.5], "texture": "#3"},
				"east": {"uv": [5, 3, 6, 3.5], "texture": "#3"},
				"south": {"uv": [7, 1, 7.5, 1.5], "texture": "#3"},
				"west": {"uv": [4, 5, 5, 5.5], "texture": "#3"},
				"up": {"uv": [5.5, 6, 5, 5], "texture": "#3"},
				"down": {"uv": [6, 0.5, 5.5, 1.5], "texture": "#3"}
			}
		},
		{
			"from": [0, 8, 19],
			"to": [1, 9, 22],
			"rotation": {"angle": 45, "axis": "y", "origin": [0, 0, 2]},
			"faces": {
				"north": {"uv": [1.5, 7, 2, 7.5], "texture": "#3"},
				"east": {"uv": [2.5, 3, 4, 3.5], "texture": "#3"},
				"south": {"uv": [7, 1.5, 7.5, 2], "texture": "#3"},
				"west": {"uv": [3.5, 0, 5, 0.5], "texture": "#3"},
				"up": {"uv": [4, 2, 3.5, 0.5], "texture": "#3"},
				"down": {"uv": [1.5, 3.5, 1, 5], "texture": "#3"}
			}
		},
		{
			"from": [5, 7, 13],
			"to": [9, 8, 14],
			"rotation": {"angle": 0, "axis": "y", "origin": [0, 0, 2]},
			"faces": {
				"north": {"uv": [0, 0, 2, 0.5], "texture": "#3"},
				"east": {"uv": [2, 7, 2.5, 7.5], "texture": "#3"},
				"south": {"uv": [0, 0.5, 2, 1], "texture": "#3"},
				"west": {"uv": [7, 2, 7.5, 2.5], "texture": "#3"},
				"up": {"uv": [2, 1.5, 0, 1], "texture": "#3"},
				"down": {"uv": [2, 1.5, 0, 2], "texture": "#3"}
			}
		},
		{
			"from": [5, 6, 13],
			"to": [8, 7, 14],
			"rotation": {"angle": 0, "axis": "y", "origin": [0, 0, 2]},
			"faces": {
				"north": {"uv": [1.5, 3.5, 3, 4], "texture": "#3"},
				"east": {"uv": [2.5, 7, 3, 7.5], "texture": "#3"},
				"south": {"uv": [3, 3.5, 4.5, 4], "texture": "#3"},
				"west": {"uv": [7, 2.5, 7.5, 3], "texture": "#3"},
				"up": {"uv": [5.5, 1, 4, 0.5], "texture": "#3"},
				"down": {"uv": [5.5, 1, 4, 1.5], "texture": "#3"}
			}
		},
		{
			"from": [6, 6, 14],
			"to": [7, 7, 15],
			"rotation": {"angle": 0, "axis": "y", "origin": [0, 0, 2]},
			"faces": {
				"north": {"uv": [3, 7, 3.5, 7.5], "texture": "#3"},
				"east": {"uv": [7, 3, 7.5, 3.5], "texture": "#3"},
				"south": {"uv": [3.5, 7, 4, 7.5], "texture": "#3"},
				"west": {"uv": [7, 3.5, 7.5, 4], "texture": "#3"},
				"up": {"uv": [4.5, 7.5, 4, 7], "texture": "#3"},
				"down": {"uv": [7.5, 4, 7, 4.5], "texture": "#3"}
			}
		},
		{
			"from": [7, 7, 15],
			"to": [8, 8, 17],
			"rotation": {"angle": 0, "axis": "y", "origin": [0, 0, 2]},
			"faces": {
				"north": {"uv": [4.5, 7, 5, 7.5], "texture": "#3"},
				"east": {"uv": [1, 5.5, 2, 6], "texture": "#3"},
				"south": {"uv": [7, 4.5, 7.5, 5], "texture": "#3"},
				"west": {"uv": [5.5, 1.5, 6.5, 2], "texture": "#3"},
				"up": {"uv": [2.5, 6.5, 2, 5.5], "texture": "#3"},
				"down": {"uv": [6, 2, 5.5, 3], "texture": "#3"}
			}
		},
		{
			"from": [6, 7, 14],
			"to": [9, 8, 15],
			"rotation": {"angle": 0, "axis": "y", "origin": [0, 0, 2]},
			"faces": {
				"north": {"uv": [1.5, 4, 3, 4.5], "texture": "#3"},
				"east": {"uv": [5, 7, 5.5, 7.5], "texture": "#3"},
				"south": {"uv": [4, 1.5, 5.5, 2], "texture": "#3"},
				"west": {"uv": [7, 5, 7.5, 5.5], "texture": "#3"},
				"up": {"uv": [5.5, 3, 4, 2.5], "texture": "#3"},
				"down": {"uv": [4.5, 4, 3, 4.5], "texture": "#3"}
			}
		},
		{
			"from": [7, 8, 14],
			"to": [8, 9, 15],
			"rotation": {"angle": 0, "axis": "y", "origin": [0, 0, 2]},
			"faces": {
				"north": {"uv": [5.5, 7, 6, 7.5], "texture": "#3"},
				"east": {"uv": [7, 5.5, 7.5, 6], "texture": "#3"},
				"south": {"uv": [6, 7, 6.5, 7.5], "texture": "#3"},
				"west": {"uv": [7, 6, 7.5, 6.5], "texture": "#3"},
				"up": {"uv": [7, 7.5, 6.5, 7], "texture": "#3"},
				"down": {"uv": [7.5, 6.5, 7, 7], "texture": "#3"}
			}
		},
		{
			"from": [7, 8, 13],
			"to": [9, 9, 14],
			"rotation": {"angle": 0, "axis": "y", "origin": [0, 0, 2]},
			"faces": {
				"north": {"uv": [2.5, 5.5, 3.5, 6], "texture": "#3"},
				"east": {"uv": [7, 7, 7.5, 7.5], "texture": "#3"},
				"south": {"uv": [3.5, 5.5, 4.5, 6], "texture": "#3"},
				"west": {"uv": [0, 7.5, 0.5, 8], "texture": "#3"},
				"up": {"uv": [6.5, 4, 5.5, 3.5], "texture": "#3"},
				"down": {"uv": [6.5, 4, 5.5, 4.5], "texture": "#3"}
			}
		},
		{
			"from": [3, 13, 5],
			"to": [7, 23, 6],
			"rotation": {"angle": -22.5, "axis": "x", "origin": [0, 0, 0]},
			"faces": {
				"north": {"uv": [8, 0, 9, 2.5], "texture": "#3"},
				"east": {"uv": [12.25, 2, 12.5, 4.5], "texture": "#3"},
				"south": {"uv": [9, 0, 10, 2.5], "texture": "#3"},
				"west": {"uv": [9, 4.5, 9.25, 7], "texture": "#3"},
				"up": {"uv": [12.5, 4.75, 11.5, 4.5], "texture": "#3"},
				"down": {"uv": [13.5, 4, 12.5, 4.25], "texture": "#3"}
			}
		},
		{
			"from": [4, 14, 6],
			"to": [7, 22, 7],
			"rotation": {"angle": -22.5, "axis": "x", "origin": [0, 0, 0]},
			"faces": {
				"north": {"uv": [9, 2.5, 9.75, 4.5], "texture": "#3"},
				"east": {"uv": [12.5, 2, 12.75, 4], "texture": "#3"},
				"south": {"uv": [9.75, 2.5, 10.5, 4.5], "texture": "#3"},
				"west": {"uv": [10.25, 4.5, 10.5, 6.5], "texture": "#3"},
				"up": {"uv": [13.5, 0.25, 12.75, 0], "texture": "#3"},
				"down": {"uv": [13.5, 0.25, 12.75, 0.5], "texture": "#3"}
			}
		},
		{
			"from": [9, 14, 6],
			"to": [12, 22, 7],
			"rotation": {"angle": -22.5, "axis": "x", "origin": [0, 0, 0]},
			"faces": {
				"north": {"uv": [10.5, 2.5, 11.25, 4.5], "texture": "#3"},
				"east": {"uv": [10.5, 4.5, 10.75, 6.5], "texture": "#3"},
				"south": {"uv": [11, 0, 11.75, 2], "texture": "#3"},
				"west": {"uv": [10.75, 4.5, 11, 6.5], "texture": "#3"},
				"up": {"uv": [13.5, 0.75, 12.75, 0.5], "texture": "#3"},
				"down": {"uv": [13.5, 0.75, 12.75, 1], "texture": "#3"}
			}
		},
		{
			"from": [9, 13, 5],
			"to": [13, 23, 6],
			"rotation": {"angle": -22.5, "axis": "x", "origin": [0, 0, 0]},
			"faces": {
				"north": {"uv": [10, 0, 11, 2.5], "texture": "#3"},
				"east": {"uv": [9.25, 4.5, 9.5, 7], "texture": "#3"},
				"south": {"uv": [8, 2.5, 9, 5], "texture": "#3"},
				"west": {"uv": [9.5, 4.5, 9.75, 7], "texture": "#3"},
				"up": {"uv": [13.5, 4.5, 12.5, 4.25], "texture": "#3"},
				"down": {"uv": [13.5, 4.5, 12.5, 4.75], "texture": "#3"}
			}
		},
		{
			"from": [7, 13, 4],
			"to": [9, 23, 5],
			"rotation": {"angle": -22.5, "axis": "x", "origin": [0, 0, 0]},
			"faces": {
				"north": {"uv": [11.25, 2, 11.75, 4.5], "texture": "#3"},
				"east": {"uv": [9.75, 4.5, 10, 7], "texture": "#3"},
				"south": {"uv": [11.75, 0, 12.25, 2.5], "texture": "#3"},
				"west": {"uv": [10, 4.5, 10.25, 7], "texture": "#3"},
				"up": {"uv": [13.25, 1.25, 12.75, 1], "texture": "#3"},
				"down": {"uv": [13.25, 1.25, 12.75, 1.5], "texture": "#3"}
			}
		},
		{
			"from": [7, 14, 5],
			"to": [9, 22, 6],
			"rotation": {"angle": -22.5, "axis": "x", "origin": [0, 0, 0]},
			"faces": {
				"north": {"uv": [11.75, 2.5, 12.25, 4.5], "texture": "#3"},
				"east": {"uv": [11, 4.5, 11.25, 6.5], "texture": "#3"},
				"south": {"uv": [12.25, 0, 12.75, 2], "texture": "#3"},
				"west": {"uv": [11.25, 4.5, 11.5, 6.5], "texture": "#3"},
				"up": {"uv": [13.25, 1.75, 12.75, 1.5], "texture": "#3"},
				"down": {"uv": [13.25, 1.75, 12.75, 2], "texture": "#3"}
			}
		}
	],
	"display": {
		"head": {
			"translation": [0, -69, -4],
			"scale": [2, 2, 2]
		}
	},
	"groups": [
		{
			"name": "INVOKER",
			"origin": [0, 0, 0],
			"color": 0,
			"children": [
				{
					"name": "CORPS",
					"origin": [0, 0, 0],
					"color": 0,
					"children": [
						{
							"name": "Jambes",
							"origin": [0, 0, 0],
							"color": 0,
							"children": [0]
						},
						{
							"name": "CORPS",
							"origin": [0, 0, 0],
							"color": 0,
							"children": [
								1,
								2,
								3,
								4,
								5,
								{
									"name": "BRAS",
									"origin": [0, 0, 0],
									"color": 0,
									"children": [6]
								}
							]
						},
						{
							"name": "Squelette",
							"origin": [0, 0, 0],
							"color": 0,
							"children": [
								7,
								8,
								9,
								10,
								11,
								12,
								13,
								14,
								15,
								{
									"name": "coeur",
									"origin": [0, 0, 0],
									"color": 0,
									"children": [16, 17, 18, 19, 20, 21, 22, 23, 24, 25]
								}
							]
						}
					]
				},
				{
					"name": "TETE",
					"origin": [0, 0, 0],
					"color": 0,
					"children": [
						26,
						27,
						28,
						29,
						30,
						31,
						32,
						33,
						{
							"name": "cerveau",
							"origin": [0, 0, 0],
							"color": 0,
							"children": [34, 35, 36, 37, 38, 39, 40, 41, 42, 43, 44, 45, 46, 47]
						}
					]
				}
			]
		},
		{
			"name": "pointes",
			"origin": [8, 8, 8],
			"color": 0,
			"children": [
				{
					"name": "1",
					"origin": [8, 8, 8],
					"color": 0,
					"children": [48, 49, 50, 51, 52, 53, 54, 55]
				},
				{
					"name": "2",
					"origin": [8, 8, 8],
					"color": 0,
					"children": [56, 57, 58, 59, 60, 61, 62, 63]
				},
				{
					"name": "3",
					"origin": [8, 8, 8],
					"color": 0,
					"children": [64, 65, 66, 67, 68, 69, 70]
				}
			]
		},
		{
			"name": "livre",
			"origin": [0, 0, 0],
			"color": 0,
			"children": [71, 72, 73, 74, 75, 76]
		}
	]
}