{
	"credit": "Made with Blockbench",
	"texture_size": [64, 64],
	"textures": {
		"0": "stardust:item/mobs/stardust_soldier_hurt_model"
	},
	"elements": [
		{
			"name": "jambe droite",
			"from": [4, 0, 7],
			"to": [6, 7, 9],
			"faces": {
				"north": {"uv": [5.5, 4.5, 6, 6.25], "texture": "#0"},
				"east": {"uv": [0, 6, 0.5, 7.75], "texture": "#0"},
				"south": {"uv": [0.5, 6, 1, 7.75], "texture": "#0"},
				"west": {"uv": [1, 6, 1.5, 7.75], "texture": "#0"},
				"up": {"uv": [5, 8.25, 4.5, 7.75], "texture": "#0"},
				"down": {"uv": [5.5, 7.75, 5, 8.25], "texture": "#0"}
			}
		},
		{
			"name": "jambe gauche",
			"from": [10, 0, 7],
			"to": [12, 7, 9],
			"faces": {
				"north": {"uv": [1.5, 6, 2, 7.75], "texture": "#0"},
				"east": {"uv": [2, 6, 2.5, 7.75], "texture": "#0"},
				"south": {"uv": [2.5, 6, 3, 7.75], "texture": "#0"},
				"west": {"uv": [3, 6, 3.5, 7.75], "texture": "#0"},
				"up": {"uv": [8.5, 5, 8, 4.5], "texture": "#0"},
				"down": {"uv": [8.5, 5, 8, 5.5], "texture": "#0"}
			}
		},
		{
			"name": "1",
			"from": [6, 6, 8],
			"to": [10, 7, 9],
			"faces": {
				"north": {"uv": [5.5, 8, 6.5, 8.25], "texture": "#0"},
				"east": {"uv": [10.25, 1.25, 10.5, 1.5], "texture": "#0"},
				"south": {"uv": [8, 5.5, 9, 5.75], "texture": "#0"},
				"west": {"uv": [10.25, 1.5, 10.5, 1.75], "texture": "#0"},
				"up": {"uv": [9, 6, 8, 5.75], "texture": "#0"},
				"down": {"uv": [9, 6, 8, 6.25], "texture": "#0"}
			}
		},
		{
			"name": "2",
			"from": [7, 6, 7],
			"to": [9, 7, 8],
			"faces": {
				"north": {"uv": [8, 7.25, 8.5, 7.5], "texture": "#0"},
				"east": {"uv": [10.25, 1.75, 10.5, 2], "texture": "#0"},
				"south": {"uv": [0, 9.5, 0.5, 9.75], "texture": "#0"},
				"west": {"uv": [2, 10.25, 2.25, 10.5], "texture": "#0"},
				"up": {"uv": [10, 0.25, 9.5, 0], "texture": "#0"},
				"down": {"uv": [10, 0.25, 9.5, 0.5], "texture": "#0"}
			}
		},
		{
			"name": "2",
			"from": [4, 7, 6],
			"to": [12, 9, 10],
			"faces": {
				"north": {"uv": [1.25, 5.5, 3.25, 6], "texture": "#0"},
				"east": {"uv": [1.25, 5, 2.25, 5.5], "texture": "#0"},
				"south": {"uv": [3.25, 5.5, 5.25, 6], "texture": "#0"},
				"west": {"uv": [5.75, 1, 6.75, 1.5], "texture": "#0"},
				"up": {"uv": [3.5, 4.5, 1.5, 3.5], "texture": "#0"},
				"down": {"uv": [5.5, 3.5, 3.5, 4.5], "texture": "#0"}
			}
		},
		{
			"name": "3",
			"from": [3, 7, 7],
			"to": [4, 9, 9],
			"faces": {
				"north": {"uv": [5.25, 5.5, 5.5, 6], "texture": "#0"},
				"east": {"uv": [8, 6.25, 8.5, 6.75], "texture": "#0"},
				"south": {"uv": [6.25, 9.25, 6.5, 9.75], "texture": "#0"},
				"west": {"uv": [8, 6.75, 8.5, 7.25], "texture": "#0"},
				"up": {"uv": [0.75, 10, 0.5, 9.5], "texture": "#0"},
				"down": {"uv": [1, 9.5, 0.75, 10], "texture": "#0"}
			}
		},
		{
			"name": "4",
			"from": [12, 7, 7],
			"to": [13, 9, 9],
			"faces": {
				"north": {"uv": [1, 9.5, 1.25, 10], "texture": "#0"},
				"east": {"uv": [7.5, 8, 8, 8.5], "texture": "#0"},
				"south": {"uv": [1.25, 9.5, 1.5, 10], "texture": "#0"},
				"west": {"uv": [8, 8, 8.5, 8.5], "texture": "#0"},
				"up": {"uv": [1.75, 10, 1.5, 9.5], "texture": "#0"},
				"down": {"uv": [2, 9.5, 1.75, 10], "texture": "#0"}
			}
		},
		{
			"from": [12, 8, 6],
			"to": [13, 9, 7],
			"faces": {
				"north": {"uv": [2.25, 10.25, 2.5, 10.5], "texture": "#0"},
				"east": {"uv": [2.5, 10.25, 2.75, 10.5], "texture": "#0"},
				"south": {"uv": [2.75, 10.25, 3, 10.5], "texture": "#0"},
				"west": {"uv": [3, 10.25, 3.25, 10.5], "texture": "#0"},
				"up": {"uv": [3.5, 10.5, 3.25, 10.25], "texture": "#0"},
				"down": {"uv": [10.5, 3.25, 10.25, 3.5], "texture": "#0"}
			}
		},
		{
			"from": [13, 8, 7],
			"to": [14, 9, 8],
			"faces": {
				"north": {"uv": [10.25, 3.5, 10.5, 3.75], "texture": "#0"},
				"east": {"uv": [10.25, 3.75, 10.5, 4], "texture": "#0"},
				"south": {"uv": [10.25, 4, 10.5, 4.25], "texture": "#0"},
				"west": {"uv": [10.25, 4.25, 10.5, 4.5], "texture": "#0"},
				"up": {"uv": [10.5, 4.75, 10.25, 4.5], "texture": "#0"},
				"down": {"uv": [5, 10.25, 4.75, 10.5], "texture": "#0"}
			}
		},
		{
			"from": [10, 8, 5],
			"to": [12, 9, 6],
			"faces": {
				"north": {"uv": [2, 9.5, 2.5, 9.75], "texture": "#0"},
				"east": {"uv": [10.25, 4.75, 10.5, 5], "texture": "#0"},
				"south": {"uv": [9.5, 2.25, 10, 2.5], "texture": "#0"},
				"west": {"uv": [5, 10.25, 5.25, 10.5], "texture": "#0"},
				"up": {"uv": [3, 9.75, 2.5, 9.5], "texture": "#0"},
				"down": {"uv": [10, 2.5, 9.5, 2.75], "texture": "#0"}
			}
		},
		{
			"from": [10, 9, 7],
			"to": [12, 10, 8],
			"faces": {
				"north": {"uv": [9.5, 2.75, 10, 3], "texture": "#0"},
				"east": {"uv": [10.25, 5, 10.5, 5.25], "texture": "#0"},
				"south": {"uv": [9.5, 3, 10, 3.25], "texture": "#0"},
				"west": {"uv": [5.25, 10.25, 5.5, 10.5], "texture": "#0"},
				"up": {"uv": [10, 3.5, 9.5, 3.25], "texture": "#0"},
				"down": {"uv": [10, 3.5, 9.5, 3.75], "texture": "#0"}
			}
		},
		{
			"from": [11, 9, 6],
			"to": [12, 11, 7],
			"faces": {
				"north": {"uv": [9.5, 3.75, 9.75, 4.25], "texture": "#0"},
				"east": {"uv": [9.5, 4.25, 9.75, 4.75], "texture": "#0"},
				"south": {"uv": [9.5, 4.75, 9.75, 5.25], "texture": "#0"},
				"west": {"uv": [7, 9.5, 7.25, 10], "texture": "#0"},
				"up": {"uv": [5.75, 10.5, 5.5, 10.25], "texture": "#0"},
				"down": {"uv": [10.5, 5.75, 10.25, 6], "texture": "#0"}
			}
		},
		{
			"from": [12, 10, 6],
			"to": [13, 11, 7],
			"faces": {
				"north": {"uv": [10.25, 6, 10.5, 6.25], "texture": "#0"},
				"east": {"uv": [6.25, 10.25, 6.5, 10.5], "texture": "#0"},
				"south": {"uv": [10.25, 6.25, 10.5, 6.5], "texture": "#0"},
				"west": {"uv": [6.5, 10.25, 6.75, 10.5], "texture": "#0"},
				"up": {"uv": [10.5, 6.75, 10.25, 6.5], "texture": "#0"},
				"down": {"uv": [7, 10.25, 6.75, 10.5], "texture": "#0"}
			}
		},
		{
			"from": [12, 9, 7],
			"to": [13, 13, 8],
			"faces": {
				"north": {"uv": [0, 8.25, 0.25, 9.25], "texture": "#0"},
				"east": {"uv": [0.25, 8.25, 0.5, 9.25], "texture": "#0"},
				"south": {"uv": [0.5, 8.25, 0.75, 9.25], "texture": "#0"},
				"west": {"uv": [0.75, 8.25, 1, 9.25], "texture": "#0"},
				"up": {"uv": [10.5, 7, 10.25, 6.75], "texture": "#0"},
				"down": {"uv": [10.5, 7, 10.25, 7.25], "texture": "#0"}
			}
		},
		{
			"name": "bas",
			"from": [7, 9, 7],
			"to": [9, 11, 9],
			"faces": {
				"north": {"uv": [1, 8.25, 1.5, 8.75], "texture": "#0"},
				"east": {"uv": [1.5, 8.25, 2, 8.75], "texture": "#0"},
				"south": {"uv": [2, 8.25, 2.5, 8.75], "texture": "#0"},
				"west": {"uv": [2.5, 8.25, 3, 8.75], "texture": "#0"},
				"up": {"uv": [3.5, 8.75, 3, 8.25], "texture": "#0"},
				"down": {"uv": [4, 8.25, 3.5, 8.75], "texture": "#0"}
			}
		},
		{
			"name": "bas",
			"from": [8, 11, 7],
			"to": [9, 12, 9],
			"faces": {
				"north": {"uv": [7.25, 10.25, 7.5, 10.5], "texture": "#0"},
				"east": {"uv": [7.25, 9.5, 7.75, 9.75], "texture": "#0"},
				"south": {"uv": [10.25, 7.25, 10.5, 7.5], "texture": "#0"},
				"west": {"uv": [7.75, 9.5, 8.25, 9.75], "texture": "#0"},
				"up": {"uv": [8.5, 10, 8.25, 9.5], "texture": "#0"},
				"down": {"uv": [8.75, 9.5, 8.5, 10], "texture": "#0"}
			}
		},
		{
			"from": [7, 18, 7],
			"to": [8, 19, 9],
			"faces": {
				"north": {"uv": [10.25, 7.5, 10.5, 7.75], "texture": "#0"},
				"east": {"uv": [8.75, 9.5, 9.25, 9.75], "texture": "#0"},
				"south": {"uv": [8, 10.25, 8.25, 10.5], "texture": "#0"},
				"west": {"uv": [9.5, 8.75, 10, 9], "texture": "#0"},
				"up": {"uv": [9.5, 10, 9.25, 9.5], "texture": "#0"},
				"down": {"uv": [9.75, 9.5, 9.5, 10], "texture": "#0"}
			}
		},
		{
			"from": [7, 19, 7],
			"to": [9, 20, 9],
			"faces": {
				"north": {"uv": [0, 9.75, 0.5, 10], "texture": "#0"},
				"east": {"uv": [2, 9.75, 2.5, 10], "texture": "#0"},
				"south": {"uv": [2.5, 9.75, 3, 10], "texture": "#0"},
				"west": {"uv": [9.75, 3.75, 10.25, 4], "texture": "#0"},
				"up": {"uv": [4.5, 8.75, 4, 8.25], "texture": "#0"},
				"down": {"uv": [5, 8.25, 4.5, 8.75], "texture": "#0"}
			}
		},
		{
			"from": [10, 14, 9],
			"to": [13, 15, 10],
			"faces": {
				"north": {"uv": [9, 5.5, 9.75, 5.75], "texture": "#0"},
				"east": {"uv": [10.25, 8, 10.5, 8.25], "texture": "#0"},
				"south": {"uv": [5.75, 9, 6.5, 9.25], "texture": "#0"},
				"west": {"uv": [10.25, 8.25, 10.5, 8.5], "texture": "#0"},
				"up": {"uv": [9.75, 6, 9, 5.75], "texture": "#0"},
				"down": {"uv": [9.75, 6, 9, 6.25], "texture": "#0"}
			}
		},
		{
			"from": [10, 16, 9],
			"to": [13, 17, 10],
			"faces": {
				"north": {"uv": [9, 6.25, 9.75, 6.5], "texture": "#0"},
				"east": {"uv": [10.25, 8.5, 10.5, 8.75], "texture": "#0"},
				"south": {"uv": [9, 6.5, 9.75, 6.75], "texture": "#0"},
				"west": {"uv": [8.75, 10.25, 9, 10.5], "texture": "#0"},
				"up": {"uv": [9.75, 7, 9, 6.75], "texture": "#0"},
				"down": {"uv": [7.75, 9, 7, 9.25], "texture": "#0"}
			}
		},
		{
			"from": [10, 18, 8],
			"to": [13, 19, 9],
			"faces": {
				"north": {"uv": [9, 7, 9.75, 7.25], "texture": "#0"},
				"east": {"uv": [10.25, 8.75, 10.5, 9], "texture": "#0"},
				"south": {"uv": [9, 7.25, 9.75, 7.5], "texture": "#0"},
				"west": {"uv": [9, 10.25, 9.25, 10.5], "texture": "#0"},
				"up": {"uv": [9.75, 7.75, 9, 7.5], "texture": "#0"},
				"down": {"uv": [8.5, 9, 7.75, 9.25], "texture": "#0"}
			}
		},
		{
			"from": [3, 14, 9],
			"to": [6, 15, 10],
			"faces": {
				"north": {"uv": [9, 7.75, 9.75, 8], "texture": "#0"},
				"east": {"uv": [10.25, 9, 10.5, 9.25], "texture": "#0"},
				"south": {"uv": [9, 8, 9.75, 8.25], "texture": "#0"},
				"west": {"uv": [9.25, 10.25, 9.5, 10.5], "texture": "#0"},
				"up": {"uv": [9.75, 8.5, 9, 8.25], "texture": "#0"},
				"down": {"uv": [9.25, 9, 8.5, 9.25], "texture": "#0"}
			}
		},
		{
			"from": [3, 16, 9],
			"to": [6, 17, 10],
			"faces": {
				"north": {"uv": [9, 8.5, 9.75, 8.75], "texture": "#0"},
				"east": {"uv": [9.5, 10.25, 9.75, 10.5], "texture": "#0"},
				"south": {"uv": [0, 9.25, 0.75, 9.5], "texture": "#0"},
				"west": {"uv": [9.75, 10.25, 10, 10.5], "texture": "#0"},
				"up": {"uv": [10, 0.75, 9.25, 0.5], "texture": "#0"},
				"down": {"uv": [1.5, 9.25, 0.75, 9.5], "texture": "#0"}
			}
		},
		{
			"from": [3, 18, 8],
			"to": [6, 19, 9],
			"faces": {
				"north": {"uv": [9.25, 0.75, 10, 1], "texture": "#0"},
				"east": {"uv": [10, 10.25, 10.25, 10.5], "texture": "#0"},
				"south": {"uv": [9.25, 1, 10, 1.25], "texture": "#0"},
				"west": {"uv": [10.25, 10, 10.5, 10.25], "texture": "#0"},
				"up": {"uv": [10, 1.5, 9.25, 1.25], "texture": "#0"},
				"down": {"uv": [2.25, 9.25, 1.5, 9.5], "texture": "#0"}
			}
		},
		{
			"from": [6, 14, 7],
			"to": [7, 16, 9],
			"faces": {
				"north": {"uv": [9.75, 4, 10, 4.5], "texture": "#0"},
				"east": {"uv": [5, 8.25, 5.5, 8.75], "texture": "#0"},
				"south": {"uv": [9.75, 4.5, 10, 5], "texture": "#0"},
				"west": {"uv": [5.5, 8.25, 6, 8.75], "texture": "#0"},
				"up": {"uv": [10, 6, 9.75, 5.5], "texture": "#0"},
				"down": {"uv": [10, 6, 9.75, 6.5], "texture": "#0"}
			}
		},
		{
			"from": [9, 14, 7],
			"to": [10, 16, 9],
			"faces": {
				"north": {"uv": [6.25, 9.75, 6.5, 10.25], "texture": "#0"},
				"east": {"uv": [6, 8.25, 6.5, 8.75], "texture": "#0"},
				"south": {"uv": [6.5, 9.75, 6.75, 10.25], "texture": "#0"},
				"west": {"uv": [6.5, 8.25, 7, 8.75], "texture": "#0"},
				"up": {"uv": [10, 7, 9.75, 6.5], "texture": "#0"},
				"down": {"uv": [7, 9.75, 6.75, 10.25], "texture": "#0"}
			}
		},
		{
			"from": [7, 14, 6],
			"to": [9, 16, 7],
			"faces": {
				"north": {"uv": [8.5, 4.5, 9, 5], "texture": "#0"},
				"east": {"uv": [9.75, 7, 10, 7.5], "texture": "#0"},
				"south": {"uv": [8.5, 5, 9, 5.5], "texture": "#0"},
				"west": {"uv": [7.25, 9.75, 7.5, 10.25], "texture": "#0"},
				"up": {"uv": [10.25, 5.25, 9.75, 5], "texture": "#0"},
				"down": {"uv": [8, 9.75, 7.5, 10], "texture": "#0"}
			}
		},
		{
			"from": [7, 14, 9],
			"to": [9, 16, 10],
			"faces": {
				"north": {"uv": [8.5, 6.25, 9, 6.75], "texture": "#0"},
				"east": {"uv": [9.75, 7.5, 10, 8], "texture": "#0"},
				"south": {"uv": [8.5, 6.75, 9, 7.25], "texture": "#0"},
				"west": {"uv": [8, 9.75, 8.25, 10.25], "texture": "#0"},
				"up": {"uv": [10.25, 8.25, 9.75, 8], "texture": "#0"},
				"down": {"uv": [10.25, 8.25, 9.75, 8.5], "texture": "#0"}
			}
		},
		{
			"from": [7, 13, 7],
			"to": [9, 17, 9],
			"faces": {
				"north": {"uv": [6.5, 6.25, 7, 7.25], "texture": "#0"},
				"east": {"uv": [7, 4.5, 7.5, 5.5], "texture": "#0"},
				"south": {"uv": [7, 5.5, 7.5, 6.5], "texture": "#0"},
				"west": {"uv": [7, 6.5, 7.5, 7.5], "texture": "#0"},
				"up": {"uv": [7.5, 9, 7, 8.5], "texture": "#0"},
				"down": {"uv": [9, 7.25, 8.5, 7.75], "texture": "#0"}
			}
		},
		{
			"from": [7, 12, 6],
			"to": [8, 14, 7],
			"faces": {
				"north": {"uv": [8.75, 9.75, 9, 10.25], "texture": "#0"},
				"east": {"uv": [9, 9.75, 9.25, 10.25], "texture": "#0"},
				"south": {"uv": [9.75, 9.5, 10, 10], "texture": "#0"},
				"west": {"uv": [0, 10, 0.25, 10.5], "texture": "#0"},
				"up": {"uv": [10.5, 10.5, 10.25, 10.25], "texture": "#0"},
				"down": {"uv": [0.25, 10.5, 0, 10.75], "texture": "#0"}
			}
		},
		{
			"from": [9, 15, 9],
			"to": [11, 16, 10],
			"faces": {
				"north": {"uv": [9.75, 8.5, 10.25, 8.75], "texture": "#0"},
				"east": {"uv": [10.5, 0, 10.75, 0.25], "texture": "#0"},
				"south": {"uv": [10, 0, 10.5, 0.25], "texture": "#0"},
				"west": {"uv": [0.25, 10.5, 0.5, 10.75], "texture": "#0"},
				"up": {"uv": [0.75, 10.25, 0.25, 10], "texture": "#0"},
				"down": {"uv": [10.5, 0.25, 10, 0.5], "texture": "#0"}
			}
		},
		{
			"from": [10, 16, 10],
			"to": [11, 17, 11],
			"faces": {
				"north": {"uv": [10.5, 0.25, 10.75, 0.5], "texture": "#0"},
				"east": {"uv": [0.5, 10.5, 0.75, 10.75], "texture": "#0"},
				"south": {"uv": [0.75, 10.5, 1, 10.75], "texture": "#0"},
				"west": {"uv": [1, 10.5, 1.25, 10.75], "texture": "#0"},
				"up": {"uv": [1.5, 10.75, 1.25, 10.5], "texture": "#0"},
				"down": {"uv": [10.75, 1.25, 10.5, 1.5], "texture": "#0"}
			}
		},
		{
			"from": [10, 19, 8],
			"to": [11, 20, 9],
			"faces": {
				"north": {"uv": [1.5, 10.5, 1.75, 10.75], "texture": "#0"},
				"east": {"uv": [10.5, 1.5, 10.75, 1.75], "texture": "#0"},
				"south": {"uv": [1.75, 10.5, 2, 10.75], "texture": "#0"},
				"west": {"uv": [10.5, 1.75, 10.75, 2], "texture": "#0"},
				"up": {"uv": [2.25, 10.75, 2, 10.5], "texture": "#0"},
				"down": {"uv": [10.75, 2, 10.5, 2.25], "texture": "#0"}
			}
		},
		{
			"from": [11, 17, 9],
			"to": [12, 19, 10],
			"faces": {
				"north": {"uv": [10, 0.5, 10.25, 1], "texture": "#0"},
				"east": {"uv": [0.75, 10, 1, 10.5], "texture": "#0"},
				"south": {"uv": [1, 10, 1.25, 10.5], "texture": "#0"},
				"west": {"uv": [10, 1, 10.25, 1.5], "texture": "#0"},
				"up": {"uv": [2.5, 10.75, 2.25, 10.5], "texture": "#0"},
				"down": {"uv": [10.75, 2.25, 10.5, 2.5], "texture": "#0"}
			}
		},
		{
			"from": [6, 11, 7],
			"to": [7, 13, 8],
			"faces": {
				"north": {"uv": [1.25, 10, 1.5, 10.5], "texture": "#0"},
				"east": {"uv": [1.5, 10, 1.75, 10.5], "texture": "#0"},
				"south": {"uv": [10, 1.5, 10.25, 2], "texture": "#0"},
				"west": {"uv": [1.75, 10, 2, 10.5], "texture": "#0"},
				"up": {"uv": [2.75, 10.75, 2.5, 10.5], "texture": "#0"},
				"down": {"uv": [10.75, 2.5, 10.5, 2.75], "texture": "#0"}
			}
		},
		{
			"from": [6, 10, 8],
			"to": [7, 11, 9],
			"faces": {
				"north": {"uv": [2.75, 10.5, 3, 10.75], "texture": "#0"},
				"east": {"uv": [10.5, 2.75, 10.75, 3], "texture": "#0"},
				"south": {"uv": [3, 10.5, 3.25, 10.75], "texture": "#0"},
				"west": {"uv": [10.5, 3, 10.75, 3.25], "texture": "#0"},
				"up": {"uv": [3.5, 10.75, 3.25, 10.5], "texture": "#0"},
				"down": {"uv": [10.75, 3.25, 10.5, 3.5], "texture": "#0"}
			}
		},
		{
			"from": [7, 9, 9],
			"to": [8, 10, 10],
			"faces": {
				"north": {"uv": [3.5, 10.5, 3.75, 10.75], "texture": "#0"},
				"east": {"uv": [10.5, 3.5, 10.75, 3.75], "texture": "#0"},
				"south": {"uv": [3.75, 10.5, 4, 10.75], "texture": "#0"},
				"west": {"uv": [10.5, 3.75, 10.75, 4], "texture": "#0"},
				"up": {"uv": [4.25, 10.75, 4, 10.5], "texture": "#0"},
				"down": {"uv": [10.75, 4, 10.5, 4.25], "texture": "#0"}
			}
		},
		{
			"from": [2, 21, 7],
			"to": [14, 22, 9],
			"faces": {
				"north": {"uv": [5.75, 0.5, 8.75, 0.75], "texture": "#0"},
				"east": {"uv": [2, 10, 2.5, 10.25], "texture": "#0"},
				"south": {"uv": [5.75, 0.75, 8.75, 1], "texture": "#0"},
				"west": {"uv": [10, 2, 10.5, 2.25], "texture": "#0"},
				"up": {"uv": [3, 5, 0, 4.5], "texture": "#0"},
				"down": {"uv": [7.5, 0, 4.5, 0.5], "texture": "#0"}
			}
		},
		{
			"from": [4, 20, 7],
			"to": [12, 21, 9],
			"faces": {
				"north": {"uv": [6, 3, 8, 3.25], "texture": "#0"},
				"east": {"uv": [10, 2.25, 10.5, 2.5], "texture": "#0"},
				"south": {"uv": [6, 3.25, 8, 3.5], "texture": "#0"},
				"west": {"uv": [2.5, 10, 3, 10.25], "texture": "#0"},
				"up": {"uv": [7.5, 4, 5.5, 3.5], "texture": "#0"},
				"down": {"uv": [7.5, 4, 5.5, 4.5], "texture": "#0"}
			}
		},
		{
			"from": [14, 18, 7],
			"to": [16, 22, 9],
			"faces": {
				"north": {"uv": [6.5, 7.25, 7, 8.25], "texture": "#0"},
				"east": {"uv": [7.5, 1, 8, 2], "texture": "#0"},
				"south": {"uv": [7.5, 2, 8, 3], "texture": "#0"},
				"west": {"uv": [7.5, 3.5, 8, 4.5], "texture": "#0"},
				"up": {"uv": [8, 9, 7.5, 8.5], "texture": "#0"},
				"down": {"uv": [9, 7.75, 8.5, 8.25], "texture": "#0"}
			}
		},
		{
			"from": [14, 11, 7],
			"to": [16, 18, 9],
			"faces": {
				"north": {"uv": [3.5, 6, 4, 7.75], "texture": "#0"},
				"east": {"uv": [4, 6, 4.5, 7.75], "texture": "#0"},
				"south": {"uv": [4.5, 6, 5, 7.75], "texture": "#0"},
				"west": {"uv": [6, 4.5, 6.5, 6.25], "texture": "#0"},
				"up": {"uv": [8.5, 9, 8, 8.5], "texture": "#0"},
				"down": {"uv": [9, 8.25, 8.5, 8.75], "texture": "#0"}
			}
		},
		{
			"from": [0, 11, 7],
			"to": [2, 18, 9],
			"faces": {
				"north": {"uv": [5, 6, 5.5, 7.75], "texture": "#0"},
				"east": {"uv": [5.5, 6.25, 6, 8], "texture": "#0"},
				"south": {"uv": [6, 6.25, 6.5, 8], "texture": "#0"},
				"west": {"uv": [6.5, 4.5, 7, 6.25], "texture": "#0"},
				"up": {"uv": [9.25, 1, 8.75, 0.5], "texture": "#0"},
				"down": {"uv": [1.5, 8.75, 1, 9.25], "texture": "#0"}
			}
		},
		{
			"from": [0, 18, 7],
			"to": [2, 22, 9],
			"faces": {
				"north": {"uv": [7.5, 4.5, 8, 5.5], "texture": "#0"},
				"east": {"uv": [7.5, 5.5, 8, 6.5], "texture": "#0"},
				"south": {"uv": [7.5, 6.5, 8, 7.5], "texture": "#0"},
				"west": {"uv": [7, 7.5, 7.5, 8.5], "texture": "#0"},
				"up": {"uv": [2, 9.25, 1.5, 8.75], "texture": "#0"},
				"down": {"uv": [2.5, 8.75, 2, 9.25], "texture": "#0"}
			}
		},
		{
			"from": [5, 22, 5],
			"to": [11, 28, 11],
			"faces": {
				"north": {"uv": [0, 0, 1.5, 1.5], "texture": "#0"},
				"east": {"uv": [0, 1.5, 1.5, 3], "texture": "#0"},
				"south": {"uv": [1.5, 0, 3, 1.5], "texture": "#0"},
				"west": {"uv": [1.5, 1.5, 3, 3], "texture": "#0"},
				"up": {"uv": [1.5, 4.5, 0, 3], "texture": "#0"},
				"down": {"uv": [4.5, 0, 3, 1.5], "texture": "#0"}
			}
		},
		{
			"from": [6, 26, 4],
			"to": [7, 29, 5],
			"faces": {
				"north": {"uv": [9.25, 2.25, 9.5, 3], "texture": "#0"},
				"east": {"uv": [3, 9.25, 3.25, 10], "texture": "#0"},
				"south": {"uv": [9.25, 3, 9.5, 3.75], "texture": "#0"},
				"west": {"uv": [3.25, 9.25, 3.5, 10], "texture": "#0"},
				"up": {"uv": [4.5, 10.75, 4.25, 10.5], "texture": "#0"},
				"down": {"uv": [10.75, 4.25, 10.5, 4.5], "texture": "#0"}
			}
		},
		{
			"from": [6, 28, 3],
			"to": [7, 29, 4],
			"faces": {
				"north": {"uv": [4.5, 10.5, 4.75, 10.75], "texture": "#0"},
				"east": {"uv": [10.5, 4.5, 10.75, 4.75], "texture": "#0"},
				"south": {"uv": [4.75, 10.5, 5, 10.75], "texture": "#0"},
				"west": {"uv": [10.5, 4.75, 10.75, 5], "texture": "#0"},
				"up": {"uv": [5.25, 10.75, 5, 10.5], "texture": "#0"},
				"down": {"uv": [10.75, 5, 10.5, 5.25], "texture": "#0"}
			}
		},
		{
			"from": [6, 29, 4],
			"to": [7, 31, 5],
			"faces": {
				"north": {"uv": [10, 3.25, 10.25, 3.75], "texture": "#0"},
				"east": {"uv": [3.5, 10, 3.75, 10.5], "texture": "#0"},
				"south": {"uv": [3.75, 10, 4, 10.5], "texture": "#0"},
				"west": {"uv": [4, 10, 4.25, 10.5], "texture": "#0"},
				"up": {"uv": [5.5, 10.75, 5.25, 10.5], "texture": "#0"},
				"down": {"uv": [10.75, 5.25, 10.5, 5.5], "texture": "#0"}
			}
		},
		{
			"from": [5, 27, 4],
			"to": [6, 29, 5],
			"faces": {
				"north": {"uv": [10, 4, 10.25, 4.5], "texture": "#0"},
				"east": {"uv": [4.25, 10, 4.5, 10.5], "texture": "#0"},
				"south": {"uv": [4.5, 10, 4.75, 10.5], "texture": "#0"},
				"west": {"uv": [10, 4.5, 10.25, 5], "texture": "#0"},
				"up": {"uv": [5.75, 10.75, 5.5, 10.5], "texture": "#0"},
				"down": {"uv": [10.75, 5.5, 10.5, 5.75], "texture": "#0"}
			}
		},
		{
			"from": [5, 28, 5],
			"to": [7, 29, 6],
			"faces": {
				"north": {"uv": [4.75, 10, 5.25, 10.25], "texture": "#0"},
				"east": {"uv": [5.75, 10.5, 6, 10.75], "texture": "#0"},
				"south": {"uv": [5.25, 10, 5.75, 10.25], "texture": "#0"},
				"west": {"uv": [10.5, 5.75, 10.75, 6], "texture": "#0"},
				"up": {"uv": [10.5, 5.5, 10, 5.25], "texture": "#0"},
				"down": {"uv": [10.5, 5.5, 10, 5.75], "texture": "#0"}
			}
		},
		{
			"from": [7, 27, 4],
			"to": [8, 29, 5],
			"faces": {
				"north": {"uv": [5.75, 10, 6, 10.5], "texture": "#0"},
				"east": {"uv": [10, 5.75, 10.25, 6.25], "texture": "#0"},
				"south": {"uv": [6, 10, 6.25, 10.5], "texture": "#0"},
				"west": {"uv": [10, 6.25, 10.25, 6.75], "texture": "#0"},
				"up": {"uv": [6.25, 10.75, 6, 10.5], "texture": "#0"},
				"down": {"uv": [10.75, 6, 10.5, 6.25], "texture": "#0"}
			}
		},
		{
			"from": [4, 26, 11],
			"to": [5, 28, 12],
			"faces": {
				"north": {"uv": [10, 6.75, 10.25, 7.25], "texture": "#0"},
				"east": {"uv": [7, 10, 7.25, 10.5], "texture": "#0"},
				"south": {"uv": [10, 7.25, 10.25, 7.75], "texture": "#0"},
				"west": {"uv": [7.5, 10, 7.75, 10.5], "texture": "#0"},
				"up": {"uv": [6.5, 10.75, 6.25, 10.5], "texture": "#0"},
				"down": {"uv": [10.75, 6.25, 10.5, 6.5], "texture": "#0"}
			}
		},
		{
			"from": [4, 27, 10],
			"to": [5, 30, 11],
			"faces": {
				"north": {"uv": [3.5, 9.25, 3.75, 10], "texture": "#0"},
				"east": {"uv": [3.75, 9.25, 4, 10], "texture": "#0"},
				"south": {"uv": [9.25, 3.75, 9.5, 4.5], "texture": "#0"},
				"west": {"uv": [4, 9.25, 4.25, 10], "texture": "#0"},
				"up": {"uv": [6.75, 10.75, 6.5, 10.5], "texture": "#0"},
				"down": {"uv": [10.75, 6.5, 10.5, 6.75], "texture": "#0"}
			}
		},
		{
			"from": [5, 27, 11],
			"to": [6, 29, 12],
			"faces": {
				"north": {"uv": [7.75, 10, 8, 10.5], "texture": "#0"},
				"east": {"uv": [8.25, 10, 8.5, 10.5], "texture": "#0"},
				"south": {"uv": [8.5, 10, 8.75, 10.5], "texture": "#0"},
				"west": {"uv": [10, 8.75, 10.25, 9.25], "texture": "#0"},
				"up": {"uv": [7, 10.75, 6.75, 10.5], "texture": "#0"},
				"down": {"uv": [10.75, 6.75, 10.5, 7], "texture": "#0"}
			}
		},
		{
			"from": [5, 28, 10],
			"to": [6, 31, 11],
			"faces": {
				"north": {"uv": [4.25, 9.25, 4.5, 10], "texture": "#0"},
				"east": {"uv": [4.5, 9.25, 4.75, 10], "texture": "#0"},
				"south": {"uv": [9.25, 4.5, 9.5, 5.25], "texture": "#0"},
				"west": {"uv": [4.75, 9.25, 5, 10], "texture": "#0"},
				"up": {"uv": [7.25, 10.75, 7, 10.5], "texture": "#0"},
				"down": {"uv": [10.75, 7, 10.5, 7.25], "texture": "#0"}
			}
		},
		{
			"from": [8, 28, 8],
			"to": [10, 29, 10],
			"faces": {
				"north": {"uv": [10, 7.75, 10.5, 8], "texture": "#0"},
				"east": {"uv": [9.25, 10, 9.75, 10.25], "texture": "#0"},
				"south": {"uv": [10, 9.25, 10.5, 9.5], "texture": "#0"},
				"west": {"uv": [10, 9.5, 10.5, 9.75], "texture": "#0"},
				"up": {"uv": [3, 9.25, 2.5, 8.75], "texture": "#0"},
				"down": {"uv": [3.5, 8.75, 3, 9.25], "texture": "#0"}
			}
		},
		{
			"from": [9, 28, 7],
			"to": [10, 29, 8],
			"faces": {
				"north": {"uv": [7.25, 10.5, 7.5, 10.75], "texture": "#0"},
				"east": {"uv": [10.5, 7.25, 10.75, 7.5], "texture": "#0"},
				"south": {"uv": [7.5, 10.5, 7.75, 10.75], "texture": "#0"},
				"west": {"uv": [10.5, 7.5, 10.75, 7.75], "texture": "#0"},
				"up": {"uv": [8, 10.75, 7.75, 10.5], "texture": "#0"},
				"down": {"uv": [10.75, 7.75, 10.5, 8], "texture": "#0"}
			}
		},
		{
			"from": [7, 28, 8],
			"to": [8, 29, 9],
			"faces": {
				"north": {"uv": [8, 10.5, 8.25, 10.75], "texture": "#0"},
				"east": {"uv": [10.5, 8, 10.75, 8.25], "texture": "#0"},
				"south": {"uv": [8.25, 10.5, 8.5, 10.75], "texture": "#0"},
				"west": {"uv": [10.5, 8.25, 10.75, 8.5], "texture": "#0"},
				"up": {"uv": [8.75, 10.75, 8.5, 10.5], "texture": "#0"},
				"down": {"uv": [10.75, 8.5, 10.5, 8.75], "texture": "#0"}
			}
		},
		{
			"from": [9, 29, 8],
			"to": [10, 30, 9],
			"faces": {
				"north": {"uv": [8.75, 10.5, 9, 10.75], "texture": "#0"},
				"east": {"uv": [10.5, 8.75, 10.75, 9], "texture": "#0"},
				"south": {"uv": [9, 10.5, 9.25, 10.75], "texture": "#0"},
				"west": {"uv": [10.5, 9, 10.75, 9.25], "texture": "#0"},
				"up": {"uv": [9.5, 10.75, 9.25, 10.5], "texture": "#0"},
				"down": {"uv": [10.75, 9.25, 10.5, 9.5], "texture": "#0"}
			}
		},
		{
			"from": [8, 29, 9],
			"to": [9, 30, 10],
			"faces": {
				"north": {"uv": [9.5, 10.5, 9.75, 10.75], "texture": "#0"},
				"east": {"uv": [10.5, 9.5, 10.75, 9.75], "texture": "#0"},
				"south": {"uv": [9.75, 10.5, 10, 10.75], "texture": "#0"},
				"west": {"uv": [10.5, 9.75, 10.75, 10], "texture": "#0"},
				"up": {"uv": [10.25, 10.75, 10, 10.5], "texture": "#0"},
				"down": {"uv": [10.75, 10, 10.5, 10.25], "texture": "#0"}
			}
		},
		{
			"from": [8, 29, 8],
			"to": [9, 32, 9],
			"faces": {
				"north": {"uv": [5, 9.25, 5.25, 10], "texture": "#0"},
				"east": {"uv": [5.25, 9.25, 5.5, 10], "texture": "#0"},
				"south": {"uv": [5.75, 9.25, 6, 10], "texture": "#0"},
				"west": {"uv": [6, 9.25, 6.25, 10], "texture": "#0"},
				"up": {"uv": [10.5, 10.75, 10.25, 10.5], "texture": "#0"},
				"down": {"uv": [10.75, 10.25, 10.5, 10.5], "texture": "#0"}
			}
		},
		{
			"from": [-1, 20, 6],
			"to": [17, 22, 6],
			"faces": {
				"north": {"uv": [1.5, 3, 6, 3.5], "texture": "#0"},
				"east": {"uv": [0, 0, 0, 0.5], "texture": "#0"},
				"south": {"uv": [3, 1.5, 7.5, 2], "texture": "#0"},
				"west": {"uv": [0, 0, 0, 0.5], "texture": "#0"},
				"up": {"uv": [4.5, 0, 0, 0], "texture": "#0"},
				"down": {"uv": [4.5, 0, 0, 0], "texture": "#0"}
			}
		},
		{
			"from": [9, 19, 6],
			"to": [17, 20, 6],
			"faces": {
				"north": {"uv": [7.5, 0, 9.5, 0.25], "texture": "#0"},
				"east": {"uv": [0, 0, 0, 0.25], "texture": "#0"},
				"south": {"uv": [7.5, 0.25, 9.5, 0.5], "texture": "#0"},
				"west": {"uv": [0, 0, 0, 0.25], "texture": "#0"},
				"up": {"uv": [2, 0, 0, 0], "texture": "#0"},
				"down": {"uv": [2, 0, 0, 0], "texture": "#0"}
			}
		},
		{
			"from": [12, 18, 6],
			"to": [17, 19, 6],
			"faces": {
				"north": {"uv": [8, 1, 9.25, 1.25], "texture": "#0"},
				"east": {"uv": [0, 0, 0, 0.25], "texture": "#0"},
				"south": {"uv": [8, 1.25, 9.25, 1.5], "texture": "#0"},
				"west": {"uv": [0, 0, 0, 0.25], "texture": "#0"},
				"up": {"uv": [1.25, 0, 0, 0], "texture": "#0"},
				"down": {"uv": [1.25, 0, 0, 0], "texture": "#0"}
			}
		},
		{
			"from": [16, 17, 6],
			"to": [17, 18, 6],
			"faces": {
				"north": {"uv": [10.5, 10.5, 10.75, 10.75], "texture": "#0"},
				"east": {"uv": [0, 0, 0, 0.25], "texture": "#0"},
				"south": {"uv": [0, 10.75, 0.25, 11], "texture": "#0"},
				"west": {"uv": [0, 0, 0, 0.25], "texture": "#0"},
				"up": {"uv": [0.25, 0, 0, 0], "texture": "#0"},
				"down": {"uv": [0.25, 0, 0, 0], "texture": "#0"}
			}
		},
		{
			"from": [-1, 19, 6],
			"to": [4, 20, 6],
			"faces": {
				"north": {"uv": [8, 1.5, 9.25, 1.75], "texture": "#0"},
				"east": {"uv": [0, 0, 0, 0.25], "texture": "#0"},
				"south": {"uv": [8, 1.75, 9.25, 2], "texture": "#0"},
				"west": {"uv": [0, 0, 0, 0.25], "texture": "#0"},
				"up": {"uv": [1.25, 0, 0, 0], "texture": "#0"},
				"down": {"uv": [1.25, 0, 0, 0], "texture": "#0"}
			}
		},
		{
			"from": [-1, 18, 6],
			"to": [2, 19, 6],
			"faces": {
				"north": {"uv": [9.25, 5.25, 10, 5.5], "texture": "#0"},
				"east": {"uv": [0, 0, 0, 0.25], "texture": "#0"},
				"south": {"uv": [7, 9.25, 7.75, 9.5], "texture": "#0"},
				"west": {"uv": [0, 0, 0, 0.25], "texture": "#0"},
				"up": {"uv": [0.75, 0, 0, 0], "texture": "#0"},
				"down": {"uv": [0.75, 0, 0, 0], "texture": "#0"}
			}
		},
		{
			"from": [2, 19, 10],
			"to": [7, 20, 10],
			"faces": {
				"north": {"uv": [8, 2, 9.25, 2.25], "texture": "#0"},
				"east": {"uv": [0, 0, 0, 0.25], "texture": "#0"},
				"south": {"uv": [8, 2.25, 9.25, 2.5], "texture": "#0"},
				"west": {"uv": [0, 0, 0, 0.25], "texture": "#0"},
				"up": {"uv": [1.25, 0, 0, 0], "texture": "#0"},
				"down": {"uv": [1.25, 0, 0, 0], "texture": "#0"}
			}
		},
		{
			"from": [4, 18, 10],
			"to": [6, 19, 10],
			"faces": {
				"north": {"uv": [9.75, 10, 10.25, 10.25], "texture": "#0"},
				"east": {"uv": [0, 0, 0, 0.25], "texture": "#0"},
				"south": {"uv": [10, 9.75, 10.5, 10], "texture": "#0"},
				"west": {"uv": [0, 0, 0, 0.25], "texture": "#0"},
				"up": {"uv": [0.5, 0, 0, 0], "texture": "#0"},
				"down": {"uv": [0.5, 0, 0, 0], "texture": "#0"}
			}
		},
		{
			"from": [14, 19, 10],
			"to": [17, 20, 10],
			"faces": {
				"north": {"uv": [7.75, 9.25, 8.5, 9.5], "texture": "#0"},
				"east": {"uv": [0, 0, 0, 0.25], "texture": "#0"},
				"south": {"uv": [8.5, 9.25, 9.25, 9.5], "texture": "#0"},
				"west": {"uv": [0, 0, 0, 0.25], "texture": "#0"},
				"up": {"uv": [0.75, 0, 0, 0], "texture": "#0"},
				"down": {"uv": [0.75, 0, 0, 0], "texture": "#0"}
			}
		},
		{
			"from": [-1, 20, 10],
			"to": [17, 22, 10],
			"faces": {
				"north": {"uv": [3, 2, 7.5, 2.5], "texture": "#0"},
				"east": {"uv": [0, 0, 0, 0.5], "texture": "#0"},
				"south": {"uv": [3, 2.5, 7.5, 3], "texture": "#0"},
				"west": {"uv": [0, 0, 0, 0.5], "texture": "#0"},
				"up": {"uv": [4.5, 0, 0, 0], "texture": "#0"},
				"down": {"uv": [4.5, 0, 0, 0], "texture": "#0"}
			}
		},
		{
			"from": [17, 20, 6],
			"to": [17, 22, 10],
			"faces": {
				"north": {"uv": [0, 0, 0, 0.5], "texture": "#0"},
				"east": {"uv": [7.5, 7.5, 8.5, 8], "texture": "#0"},
				"south": {"uv": [0, 0, 0, 0.5], "texture": "#0"},
				"west": {"uv": [0, 7.75, 1, 8.25], "texture": "#0"},
				"up": {"uv": [0, 1, 0, 0], "texture": "#0"},
				"down": {"uv": [0, 0, 0, 1], "texture": "#0"}
			}
		},
		{
			"from": [17, 19, 6],
			"to": [17, 20, 10],
			"faces": {
				"north": {"uv": [0, 0, 0, 0.25], "texture": "#0"},
				"east": {"uv": [3.5, 8.75, 4.5, 9], "texture": "#0"},
				"south": {"uv": [0, 0, 0, 0.25], "texture": "#0"},
				"west": {"uv": [4.5, 8.75, 5.5, 9], "texture": "#0"},
				"up": {"uv": [0, 1, 0, 0], "texture": "#0"},
				"down": {"uv": [0, 0, 0, 1], "texture": "#0"}
			}
		},
		{
			"from": [17, 18, 6],
			"to": [17, 19, 9],
			"faces": {
				"north": {"uv": [0, 0, 0, 0.25], "texture": "#0"},
				"east": {"uv": [9.25, 9, 10, 9.25], "texture": "#0"},
				"south": {"uv": [0, 0, 0, 0.25], "texture": "#0"},
				"west": {"uv": [9.25, 9.25, 10, 9.5], "texture": "#0"},
				"up": {"uv": [0, 0.75, 0, 0], "texture": "#0"},
				"down": {"uv": [0, 0, 0, 0.75], "texture": "#0"}
			}
		},
		{
			"from": [17, 17, 6],
			"to": [17, 18, 8],
			"faces": {
				"north": {"uv": [0, 0, 0, 0.25], "texture": "#0"},
				"east": {"uv": [0.25, 10.25, 0.75, 10.5], "texture": "#0"},
				"south": {"uv": [0, 0, 0, 0.25], "texture": "#0"},
				"west": {"uv": [10.25, 0.5, 10.75, 0.75], "texture": "#0"},
				"up": {"uv": [0, 0.5, 0, 0], "texture": "#0"},
				"down": {"uv": [0, 0, 0, 0.5], "texture": "#0"}
			}
		},
		{
			"from": [-1, 19, 6],
			"to": [-1, 20, 8],
			"faces": {
				"north": {"uv": [0, 0, 0, 0.25], "texture": "#0"},
				"east": {"uv": [10.25, 0.75, 10.75, 1], "texture": "#0"},
				"south": {"uv": [0, 0, 0, 0.25], "texture": "#0"},
				"west": {"uv": [10.25, 1, 10.75, 1.25], "texture": "#0"},
				"up": {"uv": [0, 0.5, 0, 0], "texture": "#0"},
				"down": {"uv": [0, 0, 0, 0.5], "texture": "#0"}
			}
		},
		{
			"from": [-1, 18, 6],
			"to": [-1, 19, 7],
			"faces": {
				"north": {"uv": [0, 0, 0, 0.25], "texture": "#0"},
				"east": {"uv": [10.75, 0, 11, 0.25], "texture": "#0"},
				"south": {"uv": [0, 0, 0, 0.25], "texture": "#0"},
				"west": {"uv": [0.25, 10.75, 0.5, 11], "texture": "#0"},
				"up": {"uv": [0, 0.25, 0, 0], "texture": "#0"},
				"down": {"uv": [0, 0, 0, 0.25], "texture": "#0"}
			}
		},
		{
			"from": [11, 22, 10],
			"to": [16, 23, 10],
			"faces": {
				"north": {"uv": [8, 2.5, 9.25, 2.75], "texture": "#0"},
				"east": {"uv": [0, 0, 0, 0.25], "texture": "#0"},
				"south": {"uv": [8, 2.75, 9.25, 3], "texture": "#0"},
				"west": {"uv": [0, 0, 0, 0.25], "texture": "#0"},
				"up": {"uv": [1.25, 0, 0, 0], "texture": "#0"},
				"down": {"uv": [1.25, 0, 0, 0], "texture": "#0"}
			}
		},
		{
			"from": [0, 22, 10],
			"to": [5, 23, 10],
			"faces": {
				"north": {"uv": [8, 3, 9.25, 3.25], "texture": "#0"},
				"east": {"uv": [0, 0, 0, 0.25], "texture": "#0"},
				"south": {"uv": [8, 3.25, 9.25, 3.5], "texture": "#0"},
				"west": {"uv": [0, 0, 0, 0.25], "texture": "#0"},
				"up": {"uv": [1.25, 0, 0, 0], "texture": "#0"},
				"down": {"uv": [1.25, 0, 0, 0], "texture": "#0"}
			}
		},
		{
			"from": [0, 22, 6],
			"to": [5, 23, 6],
			"faces": {
				"north": {"uv": [8, 3.5, 9.25, 3.75], "texture": "#0"},
				"east": {"uv": [0, 0, 0, 0.25], "texture": "#0"},
				"south": {"uv": [8, 3.75, 9.25, 4], "texture": "#0"},
				"west": {"uv": [0, 0, 0, 0.25], "texture": "#0"},
				"up": {"uv": [1.25, 0, 0, 0], "texture": "#0"},
				"down": {"uv": [1.25, 0, 0, 0], "texture": "#0"}
			}
		},
		{
			"from": [11, 22, 6],
			"to": [16, 23, 6],
			"faces": {
				"north": {"uv": [8, 4, 9.25, 4.25], "texture": "#0"},
				"east": {"uv": [0, 0, 0, 0.25], "texture": "#0"},
				"south": {"uv": [8, 4.25, 9.25, 4.5], "texture": "#0"},
				"west": {"uv": [0, 0, 0, 0.25], "texture": "#0"},
				"up": {"uv": [1.25, 0, 0, 0], "texture": "#0"},
				"down": {"uv": [1.25, 0, 0, 0], "texture": "#0"}
			}
		},
		{
			"from": [-1, 20, 6],
			"to": [-1, 22, 10],
			"faces": {
				"north": {"uv": [0, 0, 0, 0.5], "texture": "#0"},
				"east": {"uv": [1, 7.75, 2, 8.25], "texture": "#0"},
				"south": {"uv": [0, 0, 0, 0.5], "texture": "#0"},
				"west": {"uv": [2, 7.75, 3, 8.25], "texture": "#0"},
				"up": {"uv": [0, 1, 0, 0], "texture": "#0"},
				"down": {"uv": [0, 0, 0, 1], "texture": "#0"}
			}
		},
		{
			"from": [0, 22, 6],
			"to": [0, 23, 10],
			"faces": {
				"north": {"uv": [0, 0, 0, 0.25], "texture": "#0"},
				"east": {"uv": [5.5, 8.75, 6.5, 9], "texture": "#0"},
				"south": {"uv": [0, 0, 0, 0.25], "texture": "#0"},
				"west": {"uv": [8.5, 8.75, 9.5, 9], "texture": "#0"},
				"up": {"uv": [0, 1, 0, 0], "texture": "#0"},
				"down": {"uv": [0, 0, 0, 1], "texture": "#0"}
			}
		},
		{
			"from": [16, 22, 6],
			"to": [16, 23, 10],
			"faces": {
				"north": {"uv": [0, 0, 0, 0.25], "texture": "#0"},
				"east": {"uv": [3.5, 9, 4.5, 9.25], "texture": "#0"},
				"south": {"uv": [0, 0, 0, 0.25], "texture": "#0"},
				"west": {"uv": [4.5, 9, 5.5, 9.25], "texture": "#0"},
				"up": {"uv": [0, 1, 0, 0], "texture": "#0"},
				"down": {"uv": [0, 0, 0, 1], "texture": "#0"}
			}
		},
		{
			"from": [-1, 22, 6],
			"to": [0, 22, 10],
			"faces": {
				"north": {"uv": [0, 0, 0.25, 0], "texture": "#0"},
				"east": {"uv": [0, 0, 1, 0], "texture": "#0"},
				"south": {"uv": [0, 0, 0.25, 0], "texture": "#0"},
				"west": {"uv": [0, 0, 1, 0], "texture": "#0"},
				"up": {"uv": [6.75, 9.75, 6.5, 8.75], "texture": "#0"},
				"down": {"uv": [7, 8.75, 6.75, 9.75], "texture": "#0"}
			}
		},
		{
			"from": [16, 22, 6],
			"to": [17, 22, 10],
			"faces": {
				"north": {"uv": [0, 0, 0.25, 0], "texture": "#0"},
				"east": {"uv": [0, 0, 1, 0], "texture": "#0"},
				"south": {"uv": [0, 0, 0.25, 0], "texture": "#0"},
				"west": {"uv": [0, 0, 1, 0], "texture": "#0"},
				"up": {"uv": [9.25, 5.5, 9, 4.5], "texture": "#0"},
				"down": {"uv": [5.75, 9, 5.5, 10], "texture": "#0"}
			}
		},
		{
			"from": [11, 23, 6],
			"to": [16, 23, 10],
			"faces": {
				"north": {"uv": [0, 0, 1.25, 0], "texture": "#0"},
				"east": {"uv": [0, 0, 1, 0], "texture": "#0"},
				"south": {"uv": [0, 0, 1.25, 0], "texture": "#0"},
				"west": {"uv": [0, 0, 1, 0], "texture": "#0"},
				"up": {"uv": [5.75, 1.5, 4.5, 0.5], "texture": "#0"},
				"down": {"uv": [4.25, 4.5, 3, 5.5], "texture": "#0"}
			}
		},
		{
			"from": [0, 23, 6],
			"to": [5, 23, 10],
			"faces": {
				"north": {"uv": [0, 0, 1.25, 0], "texture": "#0"},
				"east": {"uv": [0, 0, 1, 0], "texture": "#0"},
				"south": {"uv": [0, 0, 1.25, 0], "texture": "#0"},
				"west": {"uv": [0, 0, 1, 0], "texture": "#0"},
				"up": {"uv": [5.5, 5.5, 4.25, 4.5], "texture": "#0"},
				"down": {"uv": [1.25, 5, 0, 6], "texture": "#0"}
			}
		}
	],
	"display": {
		"head": {
			"translation": [0, -69, 0],
			"scale": [2, 2, 2]
		}
	},
	"groups": [
		{
			"name": "SKELETON",
			"origin": [0, 0, 0],
			"color": 0,
			"children": [
				{
					"name": "jambes",
					"origin": [0, 0, 0],
					"color": 0,
					"children": [0, 1]
				},
				{
					"name": "fémur",
					"origin": [0, 0, 0],
					"color": 0,
					"children": [
						2,
						3,
						4,
						5,
						6,
						{
							"name": "pointe",
							"origin": [0, 0, 0],
							"color": 0,
							"children": [7, 8, 9, 10, 11, 12, 13]
						}
					]
				},
				{
					"name": "colonne vertebral",
					"origin": [8, 8, 8],
					"color": 0,
					"children": [
						{
							"name": "BAS",
							"origin": [8, 8, 8],
							"color": 0,
							"children": [14, 15]
						},
						{
							"name": "HAUT",
							"origin": [8, 8, 8],
							"color": 0,
							"children": [16, 17]
						},
						{
							"name": "GAUCHE",
							"origin": [8, 8, 8],
							"color": 0,
							"children": [18, 19, 20]
						},
						{
							"name": "DROITE",
							"origin": [8, 8, 8],
							"color": 0,
							"children": [21, 22, 23]
						},
						{
							"name": "DERRIERE",
							"origin": [8, 8, 8],
							"color": 0,
							"children": []
						}
					]
				},
				{
					"name": "COEUR",
					"origin": [0, 0, 0],
					"color": 0,
					"children": [
						24,
						25,
						26,
						27,
						28,
						{
							"name": "veines",
							"origin": [0, 0, 0],
							"color": 0,
							"children": [29, 30, 31, 32, 33, 34, 35, 36]
						}
					]
				},
				{
					"name": "EPAULES",
					"origin": [8, 8, 8],
					"color": 0,
					"children": [37, 38]
				},
				{
					"name": "BRAS",
					"origin": [0, 0, 0],
					"color": 0,
					"children": [
						{
							"name": "bras gauche",
							"origin": [0, 0, 0],
							"color": 0,
							"children": [39, 40, 41]
						},
						{
							"name": "bras droit",
							"origin": [0, 0, 0],
							"color": 0,
							"children": [42]
						}
					]
				},
				{
					"name": "Tete",
					"origin": [0, 0, 0],
					"color": 0,
					"children": [
						43,
						{
							"name": "pointe 1",
							"origin": [0, 0, 0],
							"color": 0,
							"children": [44, 45, 46, 47, 48, 49]
						},
						{
							"name": "pointe 2",
							"origin": [0, 0, 0],
							"color": 0,
							"children": [50, 51, 52, 53]
						},
						{
							"name": "pointe 3",
							"origin": [0, 0, 0],
							"color": 0,
							"children": [54, 55, 56, 57, 58, 59]
						}
					]
				},
				{
					"name": "habit",
					"origin": [0, 0, 0],
					"color": 0,
					"children": [60, 61, 62, 63, 64, 65, 66, 67, 68, 69, 70, 71, 72, 73, 74, 75, 76, 77, 78, 79, 80, 81, 82, 83, 84, 85, 86]
				}
			]
		}
	]
}