{
	"credit": "Made with Blockbench",
	"texture_size": [64, 64],
	"textures": {
		"0": "stardust:item/mobs/stardust_bat_model"
	},
	"elements": [
		{
			"name": "head",
			"from": [5, 21, -3],
			"to": [11, 27, 3],
			"faces": {
				"north": {"uv": [1.5, 1.5, 3, 3], "texture": "#0"},
				"east": {"uv": [0, 1.5, 1.5, 3], "texture": "#0"},
				"south": {"uv": [4.5, 1.5, 6, 3], "texture": "#0"},
				"west": {"uv": [3, 1.5, 4.5, 3], "texture": "#0"},
				"up": {"uv": [3, 1.5, 1.5, 0], "texture": "#0"},
				"down": {"uv": [4.5, 0, 3, 1.5], "texture": "#0"}
			}
		},
		{
			"name": "rightEar",
			"from": [9, 26, -6],
			"to": [12, 30, -5],
			"rotation": {"angle": -45, "axis": "y", "origin": [0, 0, 0]},
			"faces": {
				"north": {"uv": [6.25, 0.25, 7, 1.25], "texture": "#0"},
				"east": {"uv": [6, 0.25, 6.25, 1.25], "texture": "#0"},
				"south": {"uv": [7.25, 0.25, 8, 1.25], "texture": "#0"},
				"west": {"uv": [7, 0.25, 7.25, 1.25], "texture": "#0"},
				"up": {"uv": [7, 0.25, 6.25, 0], "texture": "#0"},
				"down": {"uv": [7.75, 0, 7, 0.25], "texture": "#0"}
			}
		},
		{
			"name": "leftEar",
			"from": [-1, 26, 5],
			"to": [2, 30, 6],
			"shade": false,
			"rotation": {"angle": 45, "axis": "y", "origin": [0, 0, 0]},
			"faces": {
				"north": {"uv": [7, 0.25, 6.25, 1.25], "texture": "#0"},
				"east": {"uv": [7.25, 0.25, 7, 1.25], "texture": "#0"},
				"south": {"uv": [8, 0.25, 7.25, 1.25], "texture": "#0"},
				"west": {"uv": [6.25, 0.25, 6, 1.25], "texture": "#0"},
				"up": {"uv": [6.25, 0.25, 7, 0], "texture": "#0"},
				"down": {"uv": [7, 0, 7.75, 0.25], "texture": "#0"}
			}
		},
		{
			"name": "body",
			"from": [5, 6, 7],
			"to": [11, 18, 13],
			"rotation": {"angle": -22.5, "axis": "x", "origin": [0, 0, 0]},
			"faces": {
				"north": {"uv": [1.5, 5.5, 3, 8.5], "texture": "#0"},
				"east": {"uv": [0, 5.5, 1.5, 8.5], "texture": "#0"},
				"south": {"uv": [4.5, 5.5, 6, 8.5], "texture": "#0"},
				"west": {"uv": [3, 5.5, 4.5, 8.5], "texture": "#0"},
				"up": {"uv": [3, 5.5, 1.5, 4], "texture": "#0"},
				"down": {"uv": [4.5, 4, 3, 5.5], "texture": "#0"}
			}
		},
		{
			"name": "body",
			"from": [3, -10, 10],
			"to": [13, 6, 11],
			"rotation": {"angle": -22.5, "axis": "x", "origin": [0, 0, 0]},
			"faces": {
				"north": {"uv": [0.25, 8.75, 2.75, 12.75], "texture": "#0"},
				"east": {"uv": [0, 8.75, 0.25, 12.75], "texture": "#0"},
				"south": {"uv": [3, 8.75, 5.5, 12.75], "texture": "#0"},
				"west": {"uv": [2.75, 8.75, 3, 12.75], "texture": "#0"},
				"up": {"uv": [2.75, 8.75, 0.25, 8.5], "texture": "#0"},
				"down": {"uv": [5.25, 8.5, 2.75, 8.75], "texture": "#0"}
			}
		},
		{
			"name": "rightWing",
			"from": [10, 5, 11.5],
			"to": [20, 21, 12.5],
			"rotation": {"angle": -22.5, "axis": "x", "origin": [0, 0, 0]},
			"faces": {
				"north": {"uv": [10.75, 0.25, 13.25, 4.25], "texture": "#0"},
				"east": {"uv": [10.5, 0.25, 10.75, 4.25], "texture": "#0"},
				"south": {"uv": [13.5, 0.25, 16, 4.25], "texture": "#0"},
				"west": {"uv": [13.25, 0.25, 13.5, 4.25], "texture": "#0"},
				"up": {"uv": [13.25, 0.25, 10.75, 0], "texture": "#0"},
				"down": {"uv": [15.75, 0, 13.25, 0.25], "texture": "#0"}
			}
		},
		{
			"name": "rightWingTip",
			"from": [20, 8, 11.5],
			"to": [28, 20, 12.5],
			"rotation": {"angle": -22.5, "axis": "x", "origin": [0, 0, 0]},
			"faces": {
				"north": {"uv": [6.25, 4.25, 8.25, 7.25], "texture": "#0"},
				"east": {"uv": [6, 4.25, 6.25, 7.25], "texture": "#0"},
				"south": {"uv": [8.5, 4.25, 10.5, 7.25], "texture": "#0"},
				"west": {"uv": [8.25, 4.25, 8.5, 7.25], "texture": "#0"},
				"up": {"uv": [8.25, 4.25, 6.25, 4], "texture": "#0"},
				"down": {"uv": [10.25, 4, 8.25, 4.25], "texture": "#0"}
			}
		},
		{
			"name": "leftWing",
			"from": [-4, 7, 5.5],
			"to": [6, 23, 6.5],
			"shade": false,
			"rotation": {"angle": -22.5, "axis": "x", "origin": [-4, 15, 2]},
			"faces": {
				"north": {"uv": [13.25, 0.25, 10.75, 4.25], "texture": "#0"},
				"east": {"uv": [13.5, 0.25, 13.25, 4.25], "texture": "#0"},
				"south": {"uv": [16, 0.25, 13.5, 4.25], "texture": "#0"},
				"west": {"uv": [10.75, 0.25, 10.5, 4.25], "texture": "#0"},
				"up": {"uv": [10.75, 0.25, 13.25, 0], "texture": "#0"},
				"down": {"uv": [13.25, 0, 15.75, 0.25], "texture": "#0"}
			}
		},
		{
			"name": "leftWingTip",
			"from": [-12, 8, 10.5],
			"to": [-4, 20, 11.5],
			"shade": false,
			"rotation": {"angle": -22.5, "axis": "x", "origin": [0, 0, 0]},
			"faces": {
				"north": {"uv": [8.25, 4.25, 6.25, 7.25], "texture": "#0"},
				"east": {"uv": [8.5, 4.25, 8.25, 7.25], "texture": "#0"},
				"south": {"uv": [10.5, 4.25, 8.5, 7.25], "texture": "#0"},
				"west": {"uv": [6.25, 4.25, 6, 7.25], "texture": "#0"},
				"up": {"uv": [6.25, 4.25, 8.25, 4], "texture": "#0"},
				"down": {"uv": [8.25, 4, 10.25, 4.25], "texture": "#0"}
			}
		}
	],
	"display": {
		"head": {
			"translation": [0, -49, 6.25]
		}
	},
	"groups": [
		{
			"name": "head",
			"origin": [0, 24, 0],
			"color": 0,
			"children": [
				0,
				{
					"name": "rightEar",
					"origin": [0, 24, 0],
					"rotation": [-10, -87.5, 0],
					"color": 0,
					"children": [1]
				},
				{
					"name": "leftEar",
					"origin": [0, 24, 0],
					"rotation": [165, 87.5, 180],
					"color": 0,
					"shade": false,
					"children": [2]
				}
			]
		},
		{
			"name": "body",
			"origin": [0, 24, 0],
			"rotation": [-30, 0, 0],
			"color": 0,
			"children": [
				3,
				4,
				{
					"name": "rightWing",
					"origin": [0, 24, 0],
					"rotation": [0, 10, 0],
					"color": 0,
					"children": [
						5,
						{
							"name": "rightWingTip",
							"origin": [12, 23, 1.5],
							"rotation": [0, 15, 0],
							"color": 0,
							"children": [6]
						}
					]
				},
				{
					"name": "leftWing",
					"origin": [0, 24, 0],
					"rotation": [0, -10, 0],
					"color": 0,
					"shade": false,
					"children": [
						7,
						{
							"name": "leftWingTip",
							"origin": [-12, 23, 1.5],
							"rotation": [0, -15, 0],
							"color": 0,
							"shade": false,
							"children": [8]
						}
					]
				}
			]
		}
	]
}