{
	"credit": "Made with Blockbench",
	"texture_size": [256, 192],
	"textures": {
		"0": "stardust:item/mobs/stardust_pillar_hurt_model"
	},
	"elements": [
		{
			"name": "Tete milieu",
			"from": [3, 17, 5],
			"to": [13, 27, 15],
			"faces": {
				"north": {"uv": [4, 10.66667, 5.25, 12.33333], "texture": "#0"},
				"east": {"uv": [4, 12.33333, 5.25, 14], "texture": "#0"},
				"south": {"uv": [5.25, 10.66667, 6.5, 12.33333], "texture": "#0"},
				"west": {"uv": [5.25, 12.33333, 6.5, 14], "texture": "#0"},
				"up": {"uv": [5.25, 15.66667, 4, 14], "texture": "#0"},
				"down": {"uv": [7.75, 10.66667, 6.5, 12.33333], "texture": "#0"}
			}
		},
		{
			"from": [2, 25, 14],
			"to": [4, 27, 16],
			"faces": {
				"north": {"uv": [0, 0, 0.5, 0.66667], "texture": "#0"},
				"east": {"uv": [0, 0.66667, 0.5, 1.33333], "texture": "#0"},
				"south": {"uv": [0.5, 0, 1, 0.66667], "texture": "#0"},
				"west": {"uv": [0.5, 0.66667, 1, 1.33333], "texture": "#0"},
				"up": {"uv": [0.5, 2, 0, 1.33333], "texture": "#0"},
				"down": {"uv": [1.5, 0, 1, 0.66667], "texture": "#0"}
			}
		},
		{
			"from": [3, 27, 15],
			"to": [4, 28, 16],
			"faces": {
				"north": {"uv": [1, 1.66667, 1.25, 2], "texture": "#0"},
				"east": {"uv": [1.25, 1.66667, 1.5, 2], "texture": "#0"},
				"south": {"uv": [0, 2, 0.25, 2.33333], "texture": "#0"},
				"west": {"uv": [1.5, 0, 1.75, 0.33333], "texture": "#0"},
				"up": {"uv": [0.5, 2.33333, 0.25, 2], "texture": "#0"},
				"down": {"uv": [1.75, 0.33333, 1.5, 0.66667], "texture": "#0"}
			}
		},
		{
			"from": [3, 27, 14],
			"to": [4, 30, 15],
			"faces": {
				"north": {"uv": [0.5, 1.33333, 0.75, 2.33333], "texture": "#0"},
				"east": {"uv": [1, 0.66667, 1.25, 1.66667], "texture": "#0"},
				"south": {"uv": [0.75, 1.33333, 1, 2.33333], "texture": "#0"},
				"west": {"uv": [1.25, 0.66667, 1.5, 1.66667], "texture": "#0"},
				"up": {"uv": [1.75, 1, 1.5, 0.66667], "texture": "#0"},
				"down": {"uv": [1.75, 1, 1.5, 1.33333], "texture": "#0"}
			}
		},
		{
			"from": [10, 26, 15],
			"to": [13, 27, 16],
			"faces": {
				"north": {"uv": [4.5, 0, 5.25, 0.33333], "texture": "#0"},
				"east": {"uv": [5, 1.33333, 5.25, 1.66667], "texture": "#0"},
				"south": {"uv": [4.5, 0.33333, 5.25, 0.66667], "texture": "#0"},
				"west": {"uv": [5.25, 0, 5.5, 0.33333], "texture": "#0"},
				"up": {"uv": [5.25, 1, 4.5, 0.66667], "texture": "#0"},
				"down": {"uv": [5.25, 1, 4.5, 1.33333], "texture": "#0"}
			}
		},
		{
			"from": [11, 25, 15],
			"to": [12, 26, 16],
			"faces": {
				"north": {"uv": [5.25, 0.33333, 5.5, 0.66667], "texture": "#0"},
				"east": {"uv": [5.25, 0.66667, 5.5, 1], "texture": "#0"},
				"south": {"uv": [5.25, 1, 5.5, 1.33333], "texture": "#0"},
				"west": {"uv": [5, 1.66667, 5.25, 2], "texture": "#0"},
				"up": {"uv": [5.5, 1.66667, 5.25, 1.33333], "texture": "#0"},
				"down": {"uv": [5.5, 1.66667, 5.25, 2], "texture": "#0"}
			}
		},
		{
			"from": [11, 26, 15],
			"to": [12, 28, 17],
			"faces": {
				"north": {"uv": [4, 1.33333, 4.25, 2], "texture": "#0"},
				"east": {"uv": [4, 0, 4.5, 0.66667], "texture": "#0"},
				"south": {"uv": [4.25, 1.33333, 4.5, 2], "texture": "#0"},
				"west": {"uv": [4, 0.66667, 4.5, 1.33333], "texture": "#0"},
				"up": {"uv": [4.75, 2, 4.5, 1.33333], "texture": "#0"},
				"down": {"uv": [5, 1.33333, 4.75, 2], "texture": "#0"}
			}
		},
		{
			"from": [11, 28, 15],
			"to": [12, 29, 16],
			"faces": {
				"north": {"uv": [4, 2, 4.25, 2.33333], "texture": "#0"},
				"east": {"uv": [5.5, 0, 5.75, 0.33333], "texture": "#0"},
				"south": {"uv": [4.25, 2, 4.5, 2.33333], "texture": "#0"},
				"west": {"uv": [5.5, 0.33333, 5.75, 0.66667], "texture": "#0"},
				"up": {"uv": [4.75, 2.33333, 4.5, 2], "texture": "#0"},
				"down": {"uv": [5.75, 0.66667, 5.5, 1], "texture": "#0"}
			}
		},
		{
			"from": [8, 27, 11],
			"to": [11, 28, 12],
			"faces": {
				"north": {"uv": [8.5, 0, 9.25, 0.33333], "texture": "#0"},
				"east": {"uv": [8, 2, 8.25, 2.33333], "texture": "#0"},
				"south": {"uv": [8.5, 0.33333, 9.25, 0.66667], "texture": "#0"},
				"west": {"uv": [9.5, 0, 9.75, 0.33333], "texture": "#0"},
				"up": {"uv": [9.25, 1, 8.5, 0.66667], "texture": "#0"},
				"down": {"uv": [9.25, 1, 8.5, 1.33333], "texture": "#0"}
			}
		},
		{
			"from": [9, 27, 10],
			"to": [10, 29, 12],
			"faces": {
				"north": {"uv": [8, 1.33333, 8.25, 2], "texture": "#0"},
				"east": {"uv": [8, 0, 8.5, 0.66667], "texture": "#0"},
				"south": {"uv": [8.25, 1.33333, 8.5, 2], "texture": "#0"},
				"west": {"uv": [8, 0.66667, 8.5, 1.33333], "texture": "#0"},
				"up": {"uv": [8.75, 2, 8.5, 1.33333], "texture": "#0"},
				"down": {"uv": [9, 1.33333, 8.75, 2], "texture": "#0"}
			}
		},
		{
			"from": [9, 29, 11],
			"to": [10, 31, 12],
			"faces": {
				"north": {"uv": [9, 1.33333, 9.25, 2], "texture": "#0"},
				"east": {"uv": [9.25, 0, 9.5, 0.66667], "texture": "#0"},
				"south": {"uv": [9.25, 0.66667, 9.5, 1.33333], "texture": "#0"},
				"west": {"uv": [9.25, 1.33333, 9.5, 2], "texture": "#0"},
				"up": {"uv": [8.5, 2.33333, 8.25, 2], "texture": "#0"},
				"down": {"uv": [9.75, 0.33333, 9.5, 0.66667], "texture": "#0"}
			}
		},
		{
			"from": [13, 24, 7],
			"to": [14, 26, 8],
			"faces": {
				"north": {"uv": [12.25, 2, 12.5, 2.66667], "texture": "#0"},
				"east": {"uv": [12.5, 2, 12.75, 2.66667], "texture": "#0"},
				"south": {"uv": [12.75, 2, 13, 2.66667], "texture": "#0"},
				"west": {"uv": [13.5, 1, 13.75, 1.66667], "texture": "#0"},
				"up": {"uv": [13.25, 2.66667, 13, 2.33333], "texture": "#0"},
				"down": {"uv": [14, 1.33333, 13.75, 1.66667], "texture": "#0"}
			}
		},
		{
			"from": [13, 25, 6],
			"to": [14, 26, 7],
			"faces": {
				"north": {"uv": [13.25, 2.33333, 13.5, 2.66667], "texture": "#0"},
				"east": {"uv": [13.75, 1.66667, 14, 2], "texture": "#0"},
				"south": {"uv": [13.5, 2.33333, 13.75, 2.66667], "texture": "#0"},
				"west": {"uv": [13.75, 2, 14, 2.33333], "texture": "#0"},
				"up": {"uv": [14, 2.66667, 13.75, 2.33333], "texture": "#0"},
				"down": {"uv": [14.25, 0, 14, 0.33333], "texture": "#0"}
			}
		},
		{
			"from": [13, 25, 7],
			"to": [15, 27, 9],
			"faces": {
				"north": {"uv": [12, 0, 12.5, 0.66667], "texture": "#0"},
				"east": {"uv": [12, 0.66667, 12.5, 1.33333], "texture": "#0"},
				"south": {"uv": [12.5, 0, 13, 0.66667], "texture": "#0"},
				"west": {"uv": [12.5, 0.66667, 13, 1.33333], "texture": "#0"},
				"up": {"uv": [12.5, 2, 12, 1.33333], "texture": "#0"},
				"down": {"uv": [13.5, 0, 13, 0.66667], "texture": "#0"}
			}
		},
		{
			"from": [14, 26, 7],
			"to": [16, 28, 8],
			"faces": {
				"north": {"uv": [12.5, 1.33333, 13, 2], "texture": "#0"},
				"east": {"uv": [13.5, 1.66667, 13.75, 2.33333], "texture": "#0"},
				"south": {"uv": [13, 0.66667, 13.5, 1.33333], "texture": "#0"},
				"west": {"uv": [13.75, 0, 14, 0.66667], "texture": "#0"},
				"up": {"uv": [14.25, 1, 13.75, 0.66667], "texture": "#0"},
				"down": {"uv": [14.25, 1, 13.75, 1.33333], "texture": "#0"}
			}
		},
		{
			"from": [14, 27, 6],
			"to": [15, 30, 7],
			"faces": {
				"north": {"uv": [13, 1.33333, 13.25, 2.33333], "texture": "#0"},
				"east": {"uv": [13.25, 1.33333, 13.5, 2.33333], "texture": "#0"},
				"south": {"uv": [12, 2, 12.25, 3], "texture": "#0"},
				"west": {"uv": [13.5, 0, 13.75, 1], "texture": "#0"},
				"up": {"uv": [12.5, 3, 12.25, 2.66667], "texture": "#0"},
				"down": {"uv": [14.25, 0.33333, 14, 0.66667], "texture": "#0"}
			}
		},
		{
			"from": [2, 26, 8],
			"to": [4, 28, 10],
			"faces": {
				"north": {"uv": [0, 5.33333, 0.5, 6], "texture": "#0"},
				"east": {"uv": [0, 6, 0.5, 6.66667], "texture": "#0"},
				"south": {"uv": [0.5, 5.33333, 1, 6], "texture": "#0"},
				"west": {"uv": [0.5, 6, 1, 6.66667], "texture": "#0"},
				"up": {"uv": [0.5, 7.33333, 0, 6.66667], "texture": "#0"},
				"down": {"uv": [1.5, 5.33333, 1, 6], "texture": "#0"}
			}
		},
		{
			"from": [1, 27, 8],
			"to": [3, 29, 9],
			"faces": {
				"north": {"uv": [0.5, 6.66667, 1, 7.33333], "texture": "#0"},
				"east": {"uv": [0.25, 7.33333, 0.5, 8], "texture": "#0"},
				"south": {"uv": [1, 6, 1.5, 6.66667], "texture": "#0"},
				"west": {"uv": [0.5, 7.33333, 0.75, 8], "texture": "#0"},
				"up": {"uv": [2, 6.66667, 1.5, 6.33333], "texture": "#0"},
				"down": {"uv": [2, 6.66667, 1.5, 7], "texture": "#0"}
			}
		},
		{
			"from": [1, 29, 9],
			"to": [2, 32, 10],
			"faces": {
				"north": {"uv": [1, 6.66667, 1.25, 7.66667], "texture": "#0"},
				"east": {"uv": [1.25, 6.66667, 1.5, 7.66667], "texture": "#0"},
				"south": {"uv": [0, 7.33333, 0.25, 8.33333], "texture": "#0"},
				"west": {"uv": [1.5, 5.33333, 1.75, 6.33333], "texture": "#0"},
				"up": {"uv": [1, 7.66667, 0.75, 7.33333], "texture": "#0"},
				"down": {"uv": [2, 6, 1.75, 6.33333], "texture": "#0"}
			}
		},
		{
			"from": [0, 28, 9],
			"to": [2, 29, 10],
			"faces": {
				"north": {"uv": [1.5, 7, 2, 7.33333], "texture": "#0"},
				"east": {"uv": [0.75, 7.66667, 1, 8], "texture": "#0"},
				"south": {"uv": [1.5, 7.33333, 2, 7.66667], "texture": "#0"},
				"west": {"uv": [1, 7.66667, 1.25, 8], "texture": "#0"},
				"up": {"uv": [2.25, 5.66667, 1.75, 5.33333], "texture": "#0"},
				"down": {"uv": [2.25, 5.66667, 1.75, 6], "texture": "#0"}
			}
		},
		{
			"from": [7, 25, 4],
			"to": [8, 29, 5],
			"faces": {
				"north": {"uv": [4.75, 5.33333, 5, 6.66667], "texture": "#0"},
				"east": {"uv": [4, 6.66667, 4.25, 8], "texture": "#0"},
				"south": {"uv": [5, 5.33333, 5.25, 6.66667], "texture": "#0"},
				"west": {"uv": [4.25, 6.66667, 4.5, 8], "texture": "#0"},
				"up": {"uv": [5.75, 6.66667, 5.5, 6.33333], "texture": "#0"},
				"down": {"uv": [6, 6.33333, 5.75, 6.66667], "texture": "#0"}
			}
		},
		{
			"from": [6, 26, 3],
			"to": [9, 27, 5],
			"faces": {
				"north": {"uv": [4.5, 6.66667, 5.25, 7], "texture": "#0"},
				"east": {"uv": [5.25, 6.66667, 5.75, 7], "texture": "#0"},
				"south": {"uv": [5.25, 5.33333, 6, 5.66667], "texture": "#0"},
				"west": {"uv": [5.25, 7, 5.75, 7.33333], "texture": "#0"},
				"up": {"uv": [4.75, 6, 4, 5.33333], "texture": "#0"},
				"down": {"uv": [4.75, 6, 4, 6.66667], "texture": "#0"}
			}
		},
		{
			"from": [7, 27, 5],
			"to": [8, 30, 6],
			"faces": {
				"north": {"uv": [5.25, 5.66667, 5.5, 6.66667], "texture": "#0"},
				"east": {"uv": [4.5, 7, 4.75, 8], "texture": "#0"},
				"south": {"uv": [4.75, 7, 5, 8], "texture": "#0"},
				"west": {"uv": [5, 7, 5.25, 8], "texture": "#0"},
				"up": {"uv": [6, 7, 5.75, 6.66667], "texture": "#0"},
				"down": {"uv": [6, 7, 5.75, 7.33333], "texture": "#0"}
			}
		},
		{
			"from": [8, 27, 4],
			"to": [9, 28, 6],
			"faces": {
				"north": {"uv": [5.75, 7.33333, 6, 7.66667], "texture": "#0"},
				"east": {"uv": [5.5, 5.66667, 6, 6], "texture": "#0"},
				"south": {"uv": [5.75, 7.66667, 6, 8], "texture": "#0"},
				"west": {"uv": [5.5, 6, 6, 6.33333], "texture": "#0"},
				"up": {"uv": [5.5, 8, 5.25, 7.33333], "texture": "#0"},
				"down": {"uv": [5.75, 7.33333, 5.5, 8], "texture": "#0"}
			}
		},
		{
			"name": "tete gauche",
			"from": [-4, 16, 6],
			"to": [2, 22, 12],
			"faces": {
				"north": {"uv": [8, 10.66667, 8.75, 11.66667], "texture": "#0"},
				"east": {"uv": [8, 11.66667, 8.75, 12.66667], "texture": "#0"},
				"south": {"uv": [8.75, 10.66667, 9.5, 11.66667], "texture": "#0"},
				"west": {"uv": [8.75, 11.66667, 9.5, 12.66667], "texture": "#0"},
				"up": {"uv": [8.75, 13.66667, 8, 12.66667], "texture": "#0"},
				"down": {"uv": [10.25, 10.66667, 9.5, 11.66667], "texture": "#0"}
			}
		},
		{
			"from": [-1, 21, 6],
			"to": [0, 23, 7],
			"faces": {
				"north": {"uv": [8, 14.66667, 8.125, 15.16667], "texture": "#0"},
				"east": {"uv": [10.25, 11.66667, 10.5, 12.16667], "texture": "#0"},
				"south": {"uv": [11, 10.66667, 11.125, 11.16667], "texture": "#0"},
				"west": {"uv": [10.25, 12.16667, 10.5, 12.66667], "texture": "#0"},
				"up": {"uv": [11.375, 14.83333, 11.25, 14.5], "texture": "#0"},
				"down": {"uv": [11.25, 15, 11.125, 15.33333], "texture": "#0"}
			}
		},
		{
			"from": [-2, 21, 4],
			"to": [1, 22, 6],
			"faces": {
				"north": {"uv": [8.125, 14.66667, 8.5, 14.83333], "texture": "#0"},
				"east": {"uv": [11.25, 14.83333, 11.5, 15], "texture": "#0"},
				"south": {"uv": [11, 11.16667, 11.375, 11.33333], "texture": "#0"},
				"west": {"uv": [11.25, 15, 11.5, 15.16667], "texture": "#0"},
				"up": {"uv": [9.875, 14, 9.5, 13.66667], "texture": "#0"},
				"down": {"uv": [10.625, 12.66667, 10.25, 13], "texture": "#0"}
			}
		},
		{
			"from": [-2, 22, 5],
			"to": [1, 23, 6],
			"faces": {
				"north": {"uv": [8.5, 14.66667, 8.875, 14.83333], "texture": "#0"},
				"east": {"uv": [11.125, 15.33333, 11.25, 15.5], "texture": "#0"},
				"south": {"uv": [11, 11.33333, 11.375, 11.5], "texture": "#0"},
				"west": {"uv": [11.5, 14.83333, 11.625, 15], "texture": "#0"},
				"up": {"uv": [11.375, 11.66667, 11, 11.5], "texture": "#0"},
				"down": {"uv": [11.375, 11.66667, 11, 11.83333], "texture": "#0"}
			}
		},
		{
			"from": [-1, 22, 4],
			"to": [0, 25, 5],
			"faces": {
				"north": {"uv": [8.875, 14.66667, 9, 15.16667], "texture": "#0"},
				"east": {"uv": [11, 11.83333, 11.125, 12.33333], "texture": "#0"},
				"south": {"uv": [9, 14.66667, 9.125, 15.16667], "texture": "#0"},
				"west": {"uv": [9.125, 14.66667, 9.25, 15.16667], "texture": "#0"},
				"up": {"uv": [11.375, 15.5, 11.25, 15.33333], "texture": "#0"},
				"down": {"uv": [11.625, 15, 11.5, 15.16667], "texture": "#0"}
			}
		},
		{
			"from": [-5, 21, 8],
			"to": [-2, 23, 9],
			"faces": {
				"north": {"uv": [10.25, 13, 10.625, 13.33333], "texture": "#0"},
				"east": {"uv": [8, 15.16667, 8.125, 15.5], "texture": "#0"},
				"south": {"uv": [9.875, 13.66667, 10.25, 14], "texture": "#0"},
				"west": {"uv": [8.125, 15.16667, 8.25, 15.5], "texture": "#0"},
				"up": {"uv": [11.375, 12.5, 11, 12.33333], "texture": "#0"},
				"down": {"uv": [11.375, 12.5, 11, 12.66667], "texture": "#0"}
			}
		},
		{
			"from": [-4, 22, 8],
			"to": [-3, 24, 10],
			"faces": {
				"north": {"uv": [8.25, 15.16667, 8.375, 15.5], "texture": "#0"},
				"east": {"uv": [10.5, 11.66667, 10.75, 12], "texture": "#0"},
				"south": {"uv": [8.375, 15.16667, 8.5, 15.5], "texture": "#0"},
				"west": {"uv": [10.5, 12, 10.75, 12.33333], "texture": "#0"},
				"up": {"uv": [11.5, 11.5, 11.375, 11.16667], "texture": "#0"},
				"down": {"uv": [11.5, 11.5, 11.375, 11.83333], "texture": "#0"}
			}
		},
		{
			"from": [-5, 22, 9],
			"to": [-1, 23, 10],
			"faces": {
				"north": {"uv": [10.5, 12.33333, 11, 12.5], "texture": "#0"},
				"east": {"uv": [11.375, 15.33333, 11.5, 15.5], "texture": "#0"},
				"south": {"uv": [10.5, 12.5, 11, 12.66667], "texture": "#0"},
				"west": {"uv": [11.5, 15.16667, 11.625, 15.33333], "texture": "#0"},
				"up": {"uv": [10, 14.16667, 9.5, 14], "texture": "#0"},
				"down": {"uv": [11, 13.33333, 10.5, 13.5], "texture": "#0"}
			}
		},
		{
			"from": [-4, 22, 10],
			"to": [-2, 23, 11],
			"faces": {
				"north": {"uv": [8.875, 15.16667, 9.125, 15.33333], "texture": "#0"},
				"east": {"uv": [11.5, 15.33333, 11.625, 15.5], "texture": "#0"},
				"south": {"uv": [9.125, 15.16667, 9.375, 15.33333], "texture": "#0"},
				"west": {"uv": [8, 15.5, 8.125, 15.66667], "texture": "#0"},
				"up": {"uv": [11.625, 12.5, 11.375, 12.33333], "texture": "#0"},
				"down": {"uv": [11.625, 12.5, 11.375, 12.66667], "texture": "#0"}
			}
		},
		{
			"from": [-3, 23, 9],
			"to": [-2, 26, 10],
			"faces": {
				"north": {"uv": [9.25, 14.66667, 9.375, 15.16667], "texture": "#0"},
				"east": {"uv": [9.375, 14.66667, 9.5, 15.16667], "texture": "#0"},
				"south": {"uv": [11, 12.66667, 11.125, 13.16667], "texture": "#0"},
				"west": {"uv": [11, 13.16667, 11.125, 13.66667], "texture": "#0"},
				"up": {"uv": [11.75, 10.83333, 11.625, 10.66667], "texture": "#0"},
				"down": {"uv": [8.25, 15.5, 8.125, 15.66667], "texture": "#0"}
			}
		},
		{
			"from": [-5, 18, 11],
			"to": [-3, 20, 13],
			"faces": {
				"north": {"uv": [10, 14, 10.25, 14.33333], "texture": "#0"},
				"east": {"uv": [10.5, 13.5, 10.75, 13.83333], "texture": "#0"},
				"south": {"uv": [10.5, 13.83333, 10.75, 14.16667], "texture": "#0"},
				"west": {"uv": [9.5, 14.16667, 9.75, 14.5], "texture": "#0"},
				"up": {"uv": [10.875, 13, 10.625, 12.66667], "texture": "#0"},
				"down": {"uv": [10, 14.16667, 9.75, 14.5], "texture": "#0"}
			}
		},
		{
			"from": [-5, 19, 12],
			"to": [-4, 21, 14],
			"faces": {
				"north": {"uv": [9.375, 15.16667, 9.5, 15.5], "texture": "#0"},
				"east": {"uv": [10.625, 13, 10.875, 13.33333], "texture": "#0"},
				"south": {"uv": [9.75, 15.16667, 9.875, 15.5], "texture": "#0"},
				"west": {"uv": [10.5, 14.16667, 10.75, 14.5], "texture": "#0"},
				"up": {"uv": [10, 15.5, 9.875, 15.16667], "texture": "#0"},
				"down": {"uv": [11.5, 13.16667, 11.375, 13.5], "texture": "#0"}
			}
		},
		{
			"from": [-6, 19, 12],
			"to": [-5, 22, 13],
			"faces": {
				"north": {"uv": [10, 14.66667, 10.125, 15.16667], "texture": "#0"},
				"east": {"uv": [10.125, 14.66667, 10.25, 15.16667], "texture": "#0"},
				"south": {"uv": [10.25, 14.66667, 10.375, 15.16667], "texture": "#0"},
				"west": {"uv": [11, 13.66667, 11.125, 14.16667], "texture": "#0"},
				"up": {"uv": [11.75, 11, 11.625, 10.83333], "texture": "#0"},
				"down": {"uv": [8.375, 15.5, 8.25, 15.66667], "texture": "#0"}
			}
		},
		{
			"name": "tete droite",
			"from": [14, 16, 6],
			"to": [20, 22, 12],
			"faces": {
				"north": {"uv": [8.75, 12.66667, 9.5, 13.66667], "texture": "#0"},
				"east": {"uv": [9.5, 11.66667, 10.25, 12.66667], "texture": "#0"},
				"south": {"uv": [9.5, 12.66667, 10.25, 13.66667], "texture": "#0"},
				"west": {"uv": [8, 13.66667, 8.75, 14.66667], "texture": "#0"},
				"up": {"uv": [11, 11.66667, 10.25, 10.66667], "texture": "#0"},
				"down": {"uv": [9.5, 13.66667, 8.75, 14.66667], "texture": "#0"}
			}
		},
		{
			"from": [20, 18, 8],
			"to": [21, 20, 10],
			"faces": {
				"north": {"uv": [10, 15.16667, 10.125, 15.5], "texture": "#0"},
				"east": {"uv": [10.75, 11.66667, 11, 12], "texture": "#0"},
				"south": {"uv": [10.125, 15.16667, 10.25, 15.5], "texture": "#0"},
				"west": {"uv": [10.75, 12, 11, 12.33333], "texture": "#0"},
				"up": {"uv": [11.5, 13.83333, 11.375, 13.5], "texture": "#0"},
				"down": {"uv": [10.375, 15.16667, 10.25, 15.5], "texture": "#0"}
			}
		},
		{
			"from": [20, 19, 7],
			"to": [21, 21, 9],
			"faces": {
				"north": {"uv": [10.375, 15.16667, 10.5, 15.5], "texture": "#0"},
				"east": {"uv": [10, 14.33333, 10.25, 14.66667], "texture": "#0"},
				"south": {"uv": [11.375, 13.83333, 11.5, 14.16667], "texture": "#0"},
				"west": {"uv": [10.75, 13.5, 11, 13.83333], "texture": "#0"},
				"up": {"uv": [10.625, 15.5, 10.5, 15.16667], "texture": "#0"},
				"down": {"uv": [11.5, 14.16667, 11.375, 14.5], "texture": "#0"}
			}
		},
		{
			"from": [21, 19, 7],
			"to": [22, 20, 10],
			"faces": {
				"north": {"uv": [11.625, 11, 11.75, 11.16667], "texture": "#0"},
				"east": {"uv": [11, 14.16667, 11.375, 14.33333], "texture": "#0"},
				"south": {"uv": [8.375, 15.5, 8.5, 15.66667], "texture": "#0"},
				"west": {"uv": [11, 14.33333, 11.375, 14.5], "texture": "#0"},
				"up": {"uv": [10.5, 15.16667, 10.375, 14.66667], "texture": "#0"},
				"down": {"uv": [11.25, 10.66667, 11.125, 11.16667], "texture": "#0"}
			}
		},
		{
			"from": [21, 20, 8],
			"to": [23, 21, 9],
			"faces": {
				"north": {"uv": [11.375, 14.5, 11.625, 14.66667], "texture": "#0"},
				"east": {"uv": [8.5, 15.5, 8.625, 15.66667], "texture": "#0"},
				"south": {"uv": [11.375, 14.66667, 11.625, 14.83333], "texture": "#0"},
				"west": {"uv": [11.625, 11.33333, 11.75, 11.5], "texture": "#0"},
				"up": {"uv": [11.5, 15.33333, 11.25, 15.16667], "texture": "#0"},
				"down": {"uv": [11.75, 11.16667, 11.5, 11.33333], "texture": "#0"}
			}
		},
		{
			"from": [22, 19, 8],
			"to": [25, 20, 9],
			"faces": {
				"north": {"uv": [8.125, 14.83333, 8.5, 15], "texture": "#0"},
				"east": {"uv": [8.625, 15.5, 8.75, 15.66667], "texture": "#0"},
				"south": {"uv": [8.5, 14.83333, 8.875, 15], "texture": "#0"},
				"west": {"uv": [11.625, 11.5, 11.75, 11.66667], "texture": "#0"},
				"up": {"uv": [11.5, 12, 11.125, 11.83333], "texture": "#0"},
				"down": {"uv": [11.5, 12, 11.125, 12.16667], "texture": "#0"}
			}
		},
		{
			"from": [16, 18, 5],
			"to": [18, 20, 6],
			"faces": {
				"north": {"uv": [10.25, 14.33333, 10.5, 14.66667], "texture": "#0"},
				"east": {"uv": [11.5, 11.33333, 11.625, 11.66667], "texture": "#0"},
				"south": {"uv": [10.75, 13.83333, 11, 14.16667], "texture": "#0"},
				"west": {"uv": [11.5, 11.66667, 11.625, 12], "texture": "#0"},
				"up": {"uv": [9.125, 15.5, 8.875, 15.33333], "texture": "#0"},
				"down": {"uv": [11.75, 12, 11.5, 12.16667], "texture": "#0"}
			}
		},
		{
			"from": [15, 19, 5],
			"to": [16, 20, 6],
			"faces": {
				"north": {"uv": [8.75, 15.5, 8.875, 15.66667], "texture": "#0"},
				"east": {"uv": [11.625, 11.66667, 11.75, 11.83333], "texture": "#0"},
				"south": {"uv": [8.875, 15.5, 9, 15.66667], "texture": "#0"},
				"west": {"uv": [11.625, 11.83333, 11.75, 12], "texture": "#0"},
				"up": {"uv": [9.125, 15.66667, 9, 15.5], "texture": "#0"},
				"down": {"uv": [11.75, 12.33333, 11.625, 12.5], "texture": "#0"}
			}
		},
		{
			"from": [16, 19, 4],
			"to": [17, 21, 6],
			"faces": {
				"north": {"uv": [9.125, 15.33333, 9.25, 15.66667], "texture": "#0"},
				"east": {"uv": [10.75, 14.16667, 11, 14.5], "texture": "#0"},
				"south": {"uv": [9.25, 15.33333, 9.375, 15.66667], "texture": "#0"},
				"west": {"uv": [9.5, 14.5, 9.75, 14.83333], "texture": "#0"},
				"up": {"uv": [9.625, 15.66667, 9.5, 15.33333], "texture": "#0"},
				"down": {"uv": [11.625, 12.66667, 11.5, 13], "texture": "#0"}
			}
		},
		{
			"from": [16, 20, 3],
			"to": [17, 24, 4],
			"faces": {
				"north": {"uv": [10.875, 12.66667, 11, 13.33333], "texture": "#0"},
				"east": {"uv": [9.75, 14.5, 9.875, 15.16667], "texture": "#0"},
				"south": {"uv": [9.875, 14.5, 10, 15.16667], "texture": "#0"},
				"west": {"uv": [10.5, 14.5, 10.625, 15.16667], "texture": "#0"},
				"up": {"uv": [9.5, 15.66667, 9.375, 15.5], "texture": "#0"},
				"down": {"uv": [11.75, 12.5, 11.625, 12.66667], "texture": "#0"}
			}
		},
		{
			"from": [17, 20, 4],
			"to": [18, 22, 5],
			"faces": {
				"north": {"uv": [9.625, 15.33333, 9.75, 15.66667], "texture": "#0"},
				"east": {"uv": [11.5, 13, 11.625, 13.33333], "texture": "#0"},
				"south": {"uv": [11.5, 13.33333, 11.625, 13.66667], "texture": "#0"},
				"west": {"uv": [11.5, 13.66667, 11.625, 14], "texture": "#0"},
				"up": {"uv": [11.75, 12.83333, 11.625, 12.66667], "texture": "#0"},
				"down": {"uv": [11.75, 12.83333, 11.625, 13], "texture": "#0"}
			}
		},
		{
			"from": [16, 22, 9],
			"to": [19, 23, 10],
			"faces": {
				"north": {"uv": [11.125, 12.16667, 11.5, 12.33333], "texture": "#0"},
				"east": {"uv": [9.75, 15.5, 9.875, 15.66667], "texture": "#0"},
				"south": {"uv": [11.125, 12.66667, 11.5, 12.83333], "texture": "#0"},
				"west": {"uv": [11.625, 13, 11.75, 13.16667], "texture": "#0"},
				"up": {"uv": [11.5, 13, 11.125, 12.83333], "texture": "#0"},
				"down": {"uv": [11.5, 13, 11.125, 13.16667], "texture": "#0"}
			}
		},
		{
			"from": [17, 23, 9],
			"to": [18, 26, 10],
			"faces": {
				"north": {"uv": [9.5, 14.83333, 9.625, 15.33333], "texture": "#0"},
				"east": {"uv": [9.625, 14.83333, 9.75, 15.33333], "texture": "#0"},
				"south": {"uv": [11.125, 13.16667, 11.25, 13.66667], "texture": "#0"},
				"west": {"uv": [11.125, 13.66667, 11.25, 14.16667], "texture": "#0"},
				"up": {"uv": [10, 15.66667, 9.875, 15.5], "texture": "#0"},
				"down": {"uv": [11.75, 13.16667, 11.625, 13.33333], "texture": "#0"}
			}
		},
		{
			"from": [17, 25, 10],
			"to": [18, 28, 11],
			"faces": {
				"north": {"uv": [10.625, 14.83333, 10.75, 15.33333], "texture": "#0"},
				"east": {"uv": [10.75, 14.83333, 10.875, 15.33333], "texture": "#0"},
				"south": {"uv": [10.875, 14.83333, 11, 15.33333], "texture": "#0"},
				"west": {"uv": [11.125, 14.5, 11.25, 15], "texture": "#0"},
				"up": {"uv": [10.125, 15.66667, 10, 15.5], "texture": "#0"},
				"down": {"uv": [11.75, 13.33333, 11.625, 13.5], "texture": "#0"}
			}
		},
		{
			"from": [17, 22, 8],
			"to": [19, 23, 11],
			"faces": {
				"north": {"uv": [11.5, 12.16667, 11.75, 12.33333], "texture": "#0"},
				"east": {"uv": [11.25, 10.66667, 11.625, 10.83333], "texture": "#0"},
				"south": {"uv": [11.5, 14, 11.75, 14.16667], "texture": "#0"},
				"west": {"uv": [8.125, 15, 8.5, 15.16667], "texture": "#0"},
				"up": {"uv": [10.5, 13.83333, 10.25, 13.33333], "texture": "#0"},
				"down": {"uv": [10.5, 13.83333, 10.25, 14.33333], "texture": "#0"}
			}
		},
		{
			"from": [18, 22, 7],
			"to": [19, 23, 10],
			"faces": {
				"north": {"uv": [10.125, 15.5, 10.25, 15.66667], "texture": "#0"},
				"east": {"uv": [11.25, 10.83333, 11.625, 11], "texture": "#0"},
				"south": {"uv": [11.625, 13.5, 11.75, 13.66667], "texture": "#0"},
				"west": {"uv": [11.25, 11, 11.625, 11.16667], "texture": "#0"},
				"up": {"uv": [11.125, 15.33333, 11, 14.83333], "texture": "#0"},
				"down": {"uv": [8.625, 15, 8.5, 15.5], "texture": "#0"}
			}
		},
		{
			"from": [17, 23, 8],
			"to": [19, 24, 10],
			"faces": {
				"north": {"uv": [10.625, 15.33333, 10.875, 15.5], "texture": "#0"},
				"east": {"uv": [11.5, 14.16667, 11.75, 14.33333], "texture": "#0"},
				"south": {"uv": [11.5, 14.33333, 11.75, 14.5], "texture": "#0"},
				"west": {"uv": [10.875, 15.33333, 11.125, 15.5], "texture": "#0"},
				"up": {"uv": [10.875, 14.83333, 10.625, 14.5], "texture": "#0"},
				"down": {"uv": [11.125, 14.5, 10.875, 14.83333], "texture": "#0"}
			}
		},
		{
			"from": [19, 22, 8],
			"to": [20, 25, 9],
			"faces": {
				"north": {"uv": [8.625, 15, 8.75, 15.5], "texture": "#0"},
				"east": {"uv": [8.75, 15, 8.875, 15.5], "texture": "#0"},
				"south": {"uv": [11.25, 13.16667, 11.375, 13.66667], "texture": "#0"},
				"west": {"uv": [11.25, 13.66667, 11.375, 14.16667], "texture": "#0"},
				"up": {"uv": [10.375, 15.66667, 10.25, 15.5], "texture": "#0"},
				"down": {"uv": [11.75, 13.66667, 11.625, 13.83333], "texture": "#0"}
			}
		},
		{
			"name": "Haut",
			"from": [-2, 15, 7],
			"to": [18, 18, 11],
			"faces": {
				"north": {"uv": [12.625, 11.33333, 13.875, 11.58333], "texture": "#0"},
				"east": {"uv": [13.5625, 11.08333, 13.8125, 11.33333], "texture": "#0"},
				"south": {"uv": [12.625, 11.58333, 13.875, 11.83333], "texture": "#0"},
				"west": {"uv": [13.125, 12.83333, 13.375, 13.08333], "texture": "#0"},
				"up": {"uv": [13.25, 11, 12, 10.66667], "texture": "#0"},
				"down": {"uv": [13.25, 11, 12, 11.33333], "texture": "#0"}
			}
		},
		{
			"name": "corps",
			"from": [6, 2, 7],
			"to": [10, 17, 12],
			"faces": {
				"north": {"uv": [12.625, 11.83333, 12.875, 13.08333], "texture": "#0"},
				"east": {"uv": [12, 11.33333, 12.3125, 12.58333], "texture": "#0"},
				"south": {"uv": [12.875, 11.83333, 13.125, 13.08333], "texture": "#0"},
				"west": {"uv": [12.3125, 11.33333, 12.625, 12.58333], "texture": "#0"},
				"up": {"uv": [12.25, 13, 12, 12.58333], "texture": "#0"},
				"down": {"uv": [12.5, 12.58333, 12.25, 13], "texture": "#0"}
			}
		},
		{
			"name": "bas queue",
			"from": [6, 0, 5],
			"to": [10, 7, 10],
			"rotation": {"angle": 22.5, "axis": "x", "origin": [0, 0, 0]},
			"faces": {
				"north": {"uv": [13.125, 12.33333, 13.375, 12.83333], "texture": "#0"},
				"east": {"uv": [13.125, 11.83333, 13.4375, 12.33333], "texture": "#0"},
				"south": {"uv": [13.375, 12.33333, 13.625, 12.83333], "texture": "#0"},
				"west": {"uv": [13.25, 10.66667, 13.5625, 11.16667], "texture": "#0"},
				"up": {"uv": [13.6875, 12.25, 13.4375, 11.83333], "texture": "#0"},
				"down": {"uv": [13.8125, 10.66667, 13.5625, 11.08333], "texture": "#0"}
			}
		},
		{
			"name": "1 gauche",
			"from": [3, 3, 8],
			"to": [6, 6, 11],
			"faces": {
				"north": {"uv": [13.625, 12.25, 13.8125, 12.5], "texture": "#0"},
				"east": {"uv": [13.375, 12.83333, 13.5625, 13.08333], "texture": "#0"},
				"south": {"uv": [13.625, 12.5, 13.8125, 12.75], "texture": "#0"},
				"west": {"uv": [13.5625, 12.83333, 13.75, 13.08333], "texture": "#0"},
				"up": {"uv": [13.875, 12.08333, 13.6875, 11.83333], "texture": "#0"},
				"down": {"uv": [12.1875, 13, 12, 13.25], "texture": "#0"}
			}
		},
		{
			"from": [5, 8, 8],
			"to": [6, 9, 11],
			"faces": {
				"north": {"uv": [8.75, 7.33333, 9, 7.66667], "texture": "#0"},
				"east": {"uv": [8, 5.33333, 8.75, 5.66667], "texture": "#0"},
				"south": {"uv": [8.5, 7.66667, 8.75, 8], "texture": "#0"},
				"west": {"uv": [8, 5.66667, 8.75, 6], "texture": "#0"},
				"up": {"uv": [8.25, 7, 8, 6], "texture": "#0"},
				"down": {"uv": [8.5, 6, 8.25, 7], "texture": "#0"}
			}
		},
		{
			"from": [5, 7, 8],
			"to": [6, 8, 10],
			"faces": {
				"north": {"uv": [9.75, 6, 10, 6.33333], "texture": "#0"},
				"east": {"uv": [9, 6.33333, 9.5, 6.66667], "texture": "#0"},
				"south": {"uv": [8.75, 7.66667, 9, 8], "texture": "#0"},
				"west": {"uv": [9, 6.66667, 9.5, 7], "texture": "#0"},
				"up": {"uv": [8.25, 7.66667, 8, 7], "texture": "#0"},
				"down": {"uv": [9.5, 5.33333, 9.25, 6], "texture": "#0"}
			}
		},
		{
			"from": [5, 9, 9],
			"to": [6, 10, 11],
			"faces": {
				"north": {"uv": [9, 7.66667, 9.25, 8], "texture": "#0"},
				"east": {"uv": [8.25, 7, 8.75, 7.33333], "texture": "#0"},
				"south": {"uv": [9.25, 7.66667, 9.5, 8], "texture": "#0"},
				"west": {"uv": [9.25, 6, 9.75, 6.33333], "texture": "#0"},
				"up": {"uv": [9.25, 7.66667, 9, 7], "texture": "#0"},
				"down": {"uv": [9.5, 7, 9.25, 7.66667], "texture": "#0"}
			}
		},
		{
			"from": [3, 8, 8],
			"to": [5, 9, 9],
			"faces": {
				"north": {"uv": [9.5, 5.33333, 10, 5.66667], "texture": "#0"},
				"east": {"uv": [9.5, 7.66667, 9.75, 8], "texture": "#0"},
				"south": {"uv": [8.25, 7.33333, 8.75, 7.66667], "texture": "#0"},
				"west": {"uv": [9.75, 7.66667, 10, 8], "texture": "#0"},
				"up": {"uv": [10, 6, 9.5, 5.66667], "texture": "#0"},
				"down": {"uv": [10, 6.33333, 9.5, 6.66667], "texture": "#0"}
			}
		},
		{
			"from": [2, 8, 9],
			"to": [4, 9, 10],
			"faces": {
				"north": {"uv": [9.5, 6.66667, 10, 7], "texture": "#0"},
				"east": {"uv": [8, 8, 8.25, 8.33333], "texture": "#0"},
				"south": {"uv": [9.5, 7, 10, 7.33333], "texture": "#0"},
				"west": {"uv": [10, 5.33333, 10.25, 5.66667], "texture": "#0"},
				"up": {"uv": [10, 7.66667, 9.5, 7.33333], "texture": "#0"},
				"down": {"uv": [8.5, 7.66667, 8, 8], "texture": "#0"}
			}
		},
		{
			"from": [4, 8, 10],
			"to": [5, 9, 11],
			"faces": {
				"north": {"uv": [8.25, 8, 8.5, 8.33333], "texture": "#0"},
				"east": {"uv": [10, 5.66667, 10.25, 6], "texture": "#0"},
				"south": {"uv": [8.5, 8, 8.75, 8.33333], "texture": "#0"},
				"west": {"uv": [10, 6, 10.25, 6.33333], "texture": "#0"},
				"up": {"uv": [9, 8.33333, 8.75, 8], "texture": "#0"},
				"down": {"uv": [10.25, 6.33333, 10, 6.66667], "texture": "#0"}
			}
		},
		{
			"from": [4, 7, 9],
			"to": [5, 10, 10],
			"faces": {
				"north": {"uv": [8.5, 6, 8.75, 7], "texture": "#0"},
				"east": {"uv": [8.75, 5.33333, 9, 6.33333], "texture": "#0"},
				"south": {"uv": [8.75, 6.33333, 9, 7.33333], "texture": "#0"},
				"west": {"uv": [9, 5.33333, 9.25, 6.33333], "texture": "#0"},
				"up": {"uv": [9.25, 8.33333, 9, 8], "texture": "#0"},
				"down": {"uv": [10.25, 6.66667, 10, 7], "texture": "#0"}
			}
		},
		{
			"name": "3 gauche",
			"from": [3, 11, 8],
			"to": [6, 14, 11],
			"faces": {
				"north": {"uv": [12.5625, 13.08333, 12.75, 13.33333], "texture": "#0"},
				"east": {"uv": [12.75, 13.08333, 12.9375, 13.33333], "texture": "#0"},
				"south": {"uv": [12.9375, 13.08333, 13.125, 13.33333], "texture": "#0"},
				"west": {"uv": [13.8125, 12.08333, 14, 12.33333], "texture": "#0"},
				"up": {"uv": [13.3125, 13.33333, 13.125, 13.08333], "texture": "#0"},
				"down": {"uv": [14, 12.33333, 13.8125, 12.58333], "texture": "#0"}
			}
		},
		{
			"from": [10, 4, 8],
			"to": [11, 6, 11],
			"faces": {
				"north": {"uv": [13.25, 6, 13.5, 6.66667], "texture": "#0"},
				"east": {"uv": [12, 5.33333, 12.75, 6], "texture": "#0"},
				"south": {"uv": [13.25, 6.66667, 13.5, 7.33333], "texture": "#0"},
				"west": {"uv": [12, 6, 12.75, 6.66667], "texture": "#0"},
				"up": {"uv": [12.25, 7.66667, 12, 6.66667], "texture": "#0"},
				"down": {"uv": [12.5, 6.66667, 12.25, 7.66667], "texture": "#0"}
			}
		},
		{
			"from": [10, 3, 8],
			"to": [11, 4, 10],
			"faces": {
				"north": {"uv": [12.5, 7.66667, 12.75, 8], "texture": "#0"},
				"east": {"uv": [12.5, 7.33333, 13, 7.66667], "texture": "#0"},
				"south": {"uv": [12.75, 7.66667, 13, 8], "texture": "#0"},
				"west": {"uv": [13.5, 6, 14, 6.33333], "texture": "#0"},
				"up": {"uv": [13.75, 7, 13.5, 6.33333], "texture": "#0"},
				"down": {"uv": [13.25, 7.33333, 13, 8], "texture": "#0"}
			}
		},
		{
			"from": [11, 4, 8],
			"to": [12, 6, 10],
			"faces": {
				"north": {"uv": [13.25, 7.33333, 13.5, 8], "texture": "#0"},
				"east": {"uv": [12.75, 5.33333, 13.25, 6], "texture": "#0"},
				"south": {"uv": [13.5, 7, 13.75, 7.66667], "texture": "#0"},
				"west": {"uv": [12.75, 6, 13.25, 6.66667], "texture": "#0"},
				"up": {"uv": [12.25, 8.33333, 12, 7.66667], "texture": "#0"},
				"down": {"uv": [12.5, 7.66667, 12.25, 8.33333], "texture": "#0"}
			}
		},
		{
			"from": [11, 4, 10],
			"to": [12, 5, 11],
			"faces": {
				"north": {"uv": [13.75, 6.33333, 14, 6.66667], "texture": "#0"},
				"east": {"uv": [13.75, 6.66667, 14, 7], "texture": "#0"},
				"south": {"uv": [13.75, 7, 14, 7.33333], "texture": "#0"},
				"west": {"uv": [13.5, 7.66667, 13.75, 8], "texture": "#0"},
				"up": {"uv": [14, 7.66667, 13.75, 7.33333], "texture": "#0"},
				"down": {"uv": [14, 7.66667, 13.75, 8], "texture": "#0"}
			}
		},
		{
			"from": [12, 4, 8],
			"to": [13, 5, 9],
			"faces": {
				"north": {"uv": [14, 5.33333, 14.25, 5.66667], "texture": "#0"},
				"east": {"uv": [14, 5.66667, 14.25, 6], "texture": "#0"},
				"south": {"uv": [12.5, 8, 12.75, 8.33333], "texture": "#0"},
				"west": {"uv": [14, 6, 14.25, 6.33333], "texture": "#0"},
				"up": {"uv": [13, 8.33333, 12.75, 8], "texture": "#0"},
				"down": {"uv": [14.25, 6.33333, 14, 6.66667], "texture": "#0"}
			}
		},
		{
			"from": [12, 4, 9],
			"to": [15, 5, 10],
			"faces": {
				"north": {"uv": [12.5, 6.66667, 13.25, 7], "texture": "#0"},
				"east": {"uv": [13, 8, 13.25, 8.33333], "texture": "#0"},
				"south": {"uv": [13.25, 5.33333, 14, 5.66667], "texture": "#0"},
				"west": {"uv": [14, 6.66667, 14.25, 7], "texture": "#0"},
				"up": {"uv": [14, 6, 13.25, 5.66667], "texture": "#0"},
				"down": {"uv": [13.25, 7, 12.5, 7.33333], "texture": "#0"}
			}
		},
		{
			"name": "2 droit",
			"from": [10, 7, 8],
			"to": [13, 10, 11],
			"faces": {
				"north": {"uv": [12.1875, 13.25, 12.375, 13.5], "texture": "#0"},
				"east": {"uv": [12.375, 13.25, 12.5625, 13.5], "texture": "#0"},
				"south": {"uv": [13.9375, 12.58333, 14.125, 12.83333], "texture": "#0"},
				"west": {"uv": [13.9375, 12.83333, 14.125, 13.08333], "texture": "#0"},
				"up": {"uv": [13.875, 13.5, 13.6875, 13.25], "texture": "#0"},
				"down": {"uv": [14.125, 13.08333, 13.9375, 13.33333], "texture": "#0"}
			}
		},
		{
			"name": "3 droit",
			"from": [10, 11, 8],
			"to": [13, 14, 11],
			"faces": {
				"north": {"uv": [14, 10.66667, 14.1875, 10.91667], "texture": "#0"},
				"east": {"uv": [14, 10.91667, 14.1875, 11.16667], "texture": "#0"},
				"south": {"uv": [12.5625, 13.33333, 12.75, 13.58333], "texture": "#0"},
				"west": {"uv": [12.75, 13.33333, 12.9375, 13.58333], "texture": "#0"},
				"up": {"uv": [13.125, 13.58333, 12.9375, 13.33333], "texture": "#0"},
				"down": {"uv": [14.1875, 11.91667, 14, 12.16667], "texture": "#0"}
			}
		},
		{
			"from": [0, 6, 2],
			"to": [1, 15, 3],
			"faces": {
				"north": {"uv": [0, 10.66667, 0.25, 13.66667], "texture": "#0"},
				"east": {"uv": [0.25, 10.66667, 0.5, 13.66667], "texture": "#0"},
				"south": {"uv": [0.5, 10.66667, 0.75, 13.66667], "texture": "#0"},
				"west": {"uv": [0.75, 10.66667, 1, 13.66667], "texture": "#0"},
				"up": {"uv": [3.25, 13, 3, 12.66667], "texture": "#0"},
				"down": {"uv": [3.25, 13, 3, 13.33333], "texture": "#0"}
			}
		},
		{
			"from": [0, 8, 3],
			"to": [1, 13, 4],
			"faces": {
				"north": {"uv": [1, 10.66667, 1.25, 12.33333], "texture": "#0"},
				"east": {"uv": [1.25, 10.66667, 1.5, 12.33333], "texture": "#0"},
				"south": {"uv": [1, 12.33333, 1.25, 14], "texture": "#0"},
				"west": {"uv": [1.25, 12.33333, 1.5, 14], "texture": "#0"},
				"up": {"uv": [3.25, 13.66667, 3, 13.33333], "texture": "#0"},
				"down": {"uv": [3.25, 13.66667, 3, 14], "texture": "#0"}
			}
		},
		{
			"from": [0, 8, 1],
			"to": [1, 13, 2],
			"faces": {
				"north": {"uv": [1.5, 10.66667, 1.75, 12.33333], "texture": "#0"},
				"east": {"uv": [1.5, 12.33333, 1.75, 14], "texture": "#0"},
				"south": {"uv": [1.75, 10.66667, 2, 12.33333], "texture": "#0"},
				"west": {"uv": [1.75, 12.33333, 2, 14], "texture": "#0"},
				"up": {"uv": [2.75, 15, 2.5, 14.66667], "texture": "#0"},
				"down": {"uv": [3.25, 14, 3, 14.33333], "texture": "#0"}
			}
		},
		{
			"from": [1, 8, 2],
			"to": [2, 13, 3],
			"faces": {
				"north": {"uv": [2, 10.66667, 2.25, 12.33333], "texture": "#0"},
				"east": {"uv": [2, 12.33333, 2.25, 14], "texture": "#0"},
				"south": {"uv": [0, 13.66667, 0.25, 15.33333], "texture": "#0"},
				"west": {"uv": [2.25, 10.66667, 2.5, 12.33333], "texture": "#0"},
				"up": {"uv": [3, 15, 2.75, 14.66667], "texture": "#0"},
				"down": {"uv": [3.25, 14.33333, 3, 14.66667], "texture": "#0"}
			}
		},
		{
			"from": [1, 9, 1],
			"to": [2, 12, 2],
			"faces": {
				"north": {"uv": [2.5, 10.66667, 2.75, 11.66667], "texture": "#0"},
				"east": {"uv": [2.5, 11.66667, 2.75, 12.66667], "texture": "#0"},
				"south": {"uv": [1, 14, 1.25, 15], "texture": "#0"},
				"west": {"uv": [1.25, 14, 1.5, 15], "texture": "#0"},
				"up": {"uv": [3.25, 15, 3, 14.66667], "texture": "#0"},
				"down": {"uv": [3.5, 10.66667, 3.25, 11], "texture": "#0"}
			}
		},
		{
			"from": [-1, 9, 1],
			"to": [0, 12, 2],
			"faces": {
				"north": {"uv": [1.5, 14, 1.75, 15], "texture": "#0"},
				"east": {"uv": [2.5, 12.66667, 2.75, 13.66667], "texture": "#0"},
				"south": {"uv": [1.75, 14, 2, 15], "texture": "#0"},
				"west": {"uv": [2, 14, 2.25, 15], "texture": "#0"},
				"up": {"uv": [3.5, 11.33333, 3.25, 11], "texture": "#0"},
				"down": {"uv": [3.5, 11.33333, 3.25, 11.66667], "texture": "#0"}
			}
		},
		{
			"from": [-1, 9, 3],
			"to": [0, 12, 4],
			"faces": {
				"north": {"uv": [2.25, 14, 2.5, 15], "texture": "#0"},
				"east": {"uv": [2.5, 13.66667, 2.75, 14.66667], "texture": "#0"},
				"south": {"uv": [2.75, 10.66667, 3, 11.66667], "texture": "#0"},
				"west": {"uv": [2.75, 11.66667, 3, 12.66667], "texture": "#0"},
				"up": {"uv": [3.5, 12, 3.25, 11.66667], "texture": "#0"},
				"down": {"uv": [1.25, 15, 1, 15.33333], "texture": "#0"}
			}
		},
		{
			"from": [1, 9, 3],
			"to": [2, 12, 4],
			"faces": {
				"north": {"uv": [2.75, 12.66667, 3, 13.66667], "texture": "#0"},
				"east": {"uv": [2.75, 13.66667, 3, 14.66667], "texture": "#0"},
				"south": {"uv": [3, 10.66667, 3.25, 11.66667], "texture": "#0"},
				"west": {"uv": [3, 11.66667, 3.25, 12.66667], "texture": "#0"},
				"up": {"uv": [3.5, 12.33333, 3.25, 12], "texture": "#0"},
				"down": {"uv": [1.5, 15, 1.25, 15.33333], "texture": "#0"}
			}
		},
		{
			"from": [0, 10, 3.9],
			"to": [1, 11, 4.9],
			"faces": {
				"north": {"uv": [3.25, 12.33333, 3.5, 12.66667], "texture": "#0"},
				"east": {"uv": [1.5, 15, 1.75, 15.33333], "texture": "#0"},
				"south": {"uv": [3.25, 12.66667, 3.5, 13], "texture": "#0"},
				"west": {"uv": [1.75, 15, 2, 15.33333], "texture": "#0"},
				"up": {"uv": [3.5, 13.33333, 3.25, 13], "texture": "#0"},
				"down": {"uv": [2.25, 15, 2, 15.33333], "texture": "#0"}
			}
		},
		{
			"from": [-2, 10, 1.9],
			"to": [-1, 11, 2.9],
			"faces": {
				"north": {"uv": [3.25, 13.33333, 3.5, 13.66667], "texture": "#0"},
				"east": {"uv": [2.25, 15, 2.5, 15.33333], "texture": "#0"},
				"south": {"uv": [3.25, 13.66667, 3.5, 14], "texture": "#0"},
				"west": {"uv": [2.5, 15, 2.75, 15.33333], "texture": "#0"},
				"up": {"uv": [3.5, 14.33333, 3.25, 14], "texture": "#0"},
				"down": {"uv": [3, 15, 2.75, 15.33333], "texture": "#0"}
			}
		},
		{
			"from": [2, 10, 1.9],
			"to": [3, 11, 2.9],
			"faces": {
				"north": {"uv": [3.25, 14.33333, 3.5, 14.66667], "texture": "#0"},
				"east": {"uv": [3, 15, 3.25, 15.33333], "texture": "#0"},
				"south": {"uv": [3.25, 14.66667, 3.5, 15], "texture": "#0"},
				"west": {"uv": [3.25, 15, 3.5, 15.33333], "texture": "#0"},
				"up": {"uv": [0.25, 15.66667, 0, 15.33333], "texture": "#0"},
				"down": {"uv": [3.75, 10.66667, 3.5, 11], "texture": "#0"}
			}
		},
		{
			"from": [0, 10, -0.1],
			"to": [1, 11, 0.9],
			"faces": {
				"north": {"uv": [0.25, 15.33333, 0.5, 15.66667], "texture": "#0"},
				"east": {"uv": [3.5, 11, 3.75, 11.33333], "texture": "#0"},
				"south": {"uv": [0.5, 15.33333, 0.75, 15.66667], "texture": "#0"},
				"west": {"uv": [3.5, 11.33333, 3.75, 11.66667], "texture": "#0"},
				"up": {"uv": [1, 15.66667, 0.75, 15.33333], "texture": "#0"},
				"down": {"uv": [3.75, 11.66667, 3.5, 12], "texture": "#0"}
			}
		},
		{
			"from": [-1, 8, 2],
			"to": [0, 13, 3],
			"faces": {
				"north": {"uv": [0.25, 13.66667, 0.5, 15.33333], "texture": "#0"},
				"east": {"uv": [0.5, 13.66667, 0.75, 15.33333], "texture": "#0"},
				"south": {"uv": [0.75, 13.66667, 1, 15.33333], "texture": "#0"},
				"west": {"uv": [2.25, 12.33333, 2.5, 14], "texture": "#0"},
				"up": {"uv": [1.25, 15.66667, 1, 15.33333], "texture": "#0"},
				"down": {"uv": [3.75, 12, 3.5, 12.33333], "texture": "#0"}
			}
		},
		{
			"from": [23, 12, 16],
			"to": [24, 21, 17],
			"faces": {
				"north": {"uv": [0, 10.66667, 0.25, 13.66667], "texture": "#0"},
				"east": {"uv": [0.25, 10.66667, 0.5, 13.66667], "texture": "#0"},
				"south": {"uv": [0.5, 10.66667, 0.75, 13.66667], "texture": "#0"},
				"west": {"uv": [0.75, 10.66667, 1, 13.66667], "texture": "#0"},
				"up": {"uv": [3.25, 13, 3, 12.66667], "texture": "#0"},
				"down": {"uv": [3.25, 13, 3, 13.33333], "texture": "#0"}
			}
		},
		{
			"from": [23, 14, 17],
			"to": [24, 19, 18],
			"faces": {
				"north": {"uv": [1, 10.66667, 1.25, 12.33333], "texture": "#0"},
				"east": {"uv": [1.25, 10.66667, 1.5, 12.33333], "texture": "#0"},
				"south": {"uv": [1, 12.33333, 1.25, 14], "texture": "#0"},
				"west": {"uv": [1.25, 12.33333, 1.5, 14], "texture": "#0"},
				"up": {"uv": [3.25, 13.66667, 3, 13.33333], "texture": "#0"},
				"down": {"uv": [3.25, 13.66667, 3, 14], "texture": "#0"}
			}
		},
		{
			"from": [23, 14, 15],
			"to": [24, 19, 16],
			"faces": {
				"north": {"uv": [1.5, 10.66667, 1.75, 12.33333], "texture": "#0"},
				"east": {"uv": [1.5, 12.33333, 1.75, 14], "texture": "#0"},
				"south": {"uv": [1.75, 10.66667, 2, 12.33333], "texture": "#0"},
				"west": {"uv": [1.75, 12.33333, 2, 14], "texture": "#0"},
				"up": {"uv": [2.75, 15, 2.5, 14.66667], "texture": "#0"},
				"down": {"uv": [3.25, 14, 3, 14.33333], "texture": "#0"}
			}
		},
		{
			"from": [24, 14, 16],
			"to": [25, 19, 17],
			"faces": {
				"north": {"uv": [2, 10.66667, 2.25, 12.33333], "texture": "#0"},
				"east": {"uv": [2, 12.33333, 2.25, 14], "texture": "#0"},
				"south": {"uv": [0, 13.66667, 0.25, 15.33333], "texture": "#0"},
				"west": {"uv": [2.25, 10.66667, 2.5, 12.33333], "texture": "#0"},
				"up": {"uv": [3, 15, 2.75, 14.66667], "texture": "#0"},
				"down": {"uv": [3.25, 14.33333, 3, 14.66667], "texture": "#0"}
			}
		},
		{
			"from": [24, 15, 15],
			"to": [25, 18, 16],
			"faces": {
				"north": {"uv": [2.5, 10.66667, 2.75, 11.66667], "texture": "#0"},
				"east": {"uv": [2.5, 11.66667, 2.75, 12.66667], "texture": "#0"},
				"south": {"uv": [1, 14, 1.25, 15], "texture": "#0"},
				"west": {"uv": [1.25, 14, 1.5, 15], "texture": "#0"},
				"up": {"uv": [3.25, 15, 3, 14.66667], "texture": "#0"},
				"down": {"uv": [3.5, 10.66667, 3.25, 11], "texture": "#0"}
			}
		},
		{
			"from": [22, 15, 15],
			"to": [23, 18, 16],
			"faces": {
				"north": {"uv": [1.5, 14, 1.75, 15], "texture": "#0"},
				"east": {"uv": [2.5, 12.66667, 2.75, 13.66667], "texture": "#0"},
				"south": {"uv": [1.75, 14, 2, 15], "texture": "#0"},
				"west": {"uv": [2, 14, 2.25, 15], "texture": "#0"},
				"up": {"uv": [3.5, 11.33333, 3.25, 11], "texture": "#0"},
				"down": {"uv": [3.5, 11.33333, 3.25, 11.66667], "texture": "#0"}
			}
		},
		{
			"from": [22, 15, 17],
			"to": [23, 18, 18],
			"faces": {
				"north": {"uv": [2.25, 14, 2.5, 15], "texture": "#0"},
				"east": {"uv": [2.5, 13.66667, 2.75, 14.66667], "texture": "#0"},
				"south": {"uv": [2.75, 10.66667, 3, 11.66667], "texture": "#0"},
				"west": {"uv": [2.75, 11.66667, 3, 12.66667], "texture": "#0"},
				"up": {"uv": [3.5, 12, 3.25, 11.66667], "texture": "#0"},
				"down": {"uv": [1.25, 15, 1, 15.33333], "texture": "#0"}
			}
		},
		{
			"from": [24, 15, 17],
			"to": [25, 18, 18],
			"faces": {
				"north": {"uv": [2.75, 12.66667, 3, 13.66667], "texture": "#0"},
				"east": {"uv": [2.75, 13.66667, 3, 14.66667], "texture": "#0"},
				"south": {"uv": [3, 10.66667, 3.25, 11.66667], "texture": "#0"},
				"west": {"uv": [3, 11.66667, 3.25, 12.66667], "texture": "#0"},
				"up": {"uv": [3.5, 12.33333, 3.25, 12], "texture": "#0"},
				"down": {"uv": [1.5, 15, 1.25, 15.33333], "texture": "#0"}
			}
		},
		{
			"from": [23, 16, 17.9],
			"to": [24, 17, 18.9],
			"faces": {
				"north": {"uv": [3.25, 12.33333, 3.5, 12.66667], "texture": "#0"},
				"east": {"uv": [1.5, 15, 1.75, 15.33333], "texture": "#0"},
				"south": {"uv": [3.25, 12.66667, 3.5, 13], "texture": "#0"},
				"west": {"uv": [1.75, 15, 2, 15.33333], "texture": "#0"},
				"up": {"uv": [3.5, 13.33333, 3.25, 13], "texture": "#0"},
				"down": {"uv": [2.25, 15, 2, 15.33333], "texture": "#0"}
			}
		},
		{
			"from": [21, 16, 15.9],
			"to": [22, 17, 16.9],
			"faces": {
				"north": {"uv": [3.25, 13.33333, 3.5, 13.66667], "texture": "#0"},
				"east": {"uv": [2.25, 15, 2.5, 15.33333], "texture": "#0"},
				"south": {"uv": [3.25, 13.66667, 3.5, 14], "texture": "#0"},
				"west": {"uv": [2.5, 15, 2.75, 15.33333], "texture": "#0"},
				"up": {"uv": [3.5, 14.33333, 3.25, 14], "texture": "#0"},
				"down": {"uv": [3, 15, 2.75, 15.33333], "texture": "#0"}
			}
		},
		{
			"from": [25, 16, 15.9],
			"to": [26, 17, 16.9],
			"faces": {
				"north": {"uv": [3.25, 14.33333, 3.5, 14.66667], "texture": "#0"},
				"east": {"uv": [3, 15, 3.25, 15.33333], "texture": "#0"},
				"south": {"uv": [3.25, 14.66667, 3.5, 15], "texture": "#0"},
				"west": {"uv": [3.25, 15, 3.5, 15.33333], "texture": "#0"},
				"up": {"uv": [0.25, 15.66667, 0, 15.33333], "texture": "#0"},
				"down": {"uv": [3.75, 10.66667, 3.5, 11], "texture": "#0"}
			}
		},
		{
			"from": [23, 16, 13.9],
			"to": [24, 17, 14.9],
			"faces": {
				"north": {"uv": [0.25, 15.33333, 0.5, 15.66667], "texture": "#0"},
				"east": {"uv": [3.5, 11, 3.75, 11.33333], "texture": "#0"},
				"south": {"uv": [0.5, 15.33333, 0.75, 15.66667], "texture": "#0"},
				"west": {"uv": [3.5, 11.33333, 3.75, 11.66667], "texture": "#0"},
				"up": {"uv": [1, 15.66667, 0.75, 15.33333], "texture": "#0"},
				"down": {"uv": [3.75, 11.66667, 3.5, 12], "texture": "#0"}
			}
		},
		{
			"from": [22, 14, 16],
			"to": [23, 19, 17],
			"faces": {
				"north": {"uv": [0.25, 13.66667, 0.5, 15.33333], "texture": "#0"},
				"east": {"uv": [0.5, 13.66667, 0.75, 15.33333], "texture": "#0"},
				"south": {"uv": [0.75, 13.66667, 1, 15.33333], "texture": "#0"},
				"west": {"uv": [2.25, 12.33333, 2.5, 14], "texture": "#0"},
				"up": {"uv": [1.25, 15.66667, 1, 15.33333], "texture": "#0"},
				"down": {"uv": [3.75, 12, 3.5, 12.33333], "texture": "#0"}
			}
		},
		{
			"from": [3, -2, 15],
			"to": [4, 7, 16],
			"faces": {
				"north": {"uv": [0, 10.66667, 0.25, 13.66667], "texture": "#0"},
				"east": {"uv": [0.25, 10.66667, 0.5, 13.66667], "texture": "#0"},
				"south": {"uv": [0.5, 10.66667, 0.75, 13.66667], "texture": "#0"},
				"west": {"uv": [0.75, 10.66667, 1, 13.66667], "texture": "#0"},
				"up": {"uv": [3.25, 13, 3, 12.66667], "texture": "#0"},
				"down": {"uv": [3.25, 13, 3, 13.33333], "texture": "#0"}
			}
		},
		{
			"from": [3, 0, 16],
			"to": [4, 5, 17],
			"faces": {
				"north": {"uv": [1, 10.66667, 1.25, 12.33333], "texture": "#0"},
				"east": {"uv": [1.25, 10.66667, 1.5, 12.33333], "texture": "#0"},
				"south": {"uv": [1, 12.33333, 1.25, 14], "texture": "#0"},
				"west": {"uv": [1.25, 12.33333, 1.5, 14], "texture": "#0"},
				"up": {"uv": [3.25, 13.66667, 3, 13.33333], "texture": "#0"},
				"down": {"uv": [3.25, 13.66667, 3, 14], "texture": "#0"}
			}
		},
		{
			"from": [3, 0, 14],
			"to": [4, 5, 15],
			"faces": {
				"north": {"uv": [1.5, 10.66667, 1.75, 12.33333], "texture": "#0"},
				"east": {"uv": [1.5, 12.33333, 1.75, 14], "texture": "#0"},
				"south": {"uv": [1.75, 10.66667, 2, 12.33333], "texture": "#0"},
				"west": {"uv": [1.75, 12.33333, 2, 14], "texture": "#0"},
				"up": {"uv": [2.75, 15, 2.5, 14.66667], "texture": "#0"},
				"down": {"uv": [3.25, 14, 3, 14.33333], "texture": "#0"}
			}
		},
		{
			"from": [4, 0, 15],
			"to": [5, 5, 16],
			"faces": {
				"north": {"uv": [2, 10.66667, 2.25, 12.33333], "texture": "#0"},
				"east": {"uv": [2, 12.33333, 2.25, 14], "texture": "#0"},
				"south": {"uv": [0, 13.66667, 0.25, 15.33333], "texture": "#0"},
				"west": {"uv": [2.25, 10.66667, 2.5, 12.33333], "texture": "#0"},
				"up": {"uv": [3, 15, 2.75, 14.66667], "texture": "#0"},
				"down": {"uv": [3.25, 14.33333, 3, 14.66667], "texture": "#0"}
			}
		},
		{
			"from": [4, 1, 14],
			"to": [5, 4, 15],
			"faces": {
				"north": {"uv": [2.5, 10.66667, 2.75, 11.66667], "texture": "#0"},
				"east": {"uv": [2.5, 11.66667, 2.75, 12.66667], "texture": "#0"},
				"south": {"uv": [1, 14, 1.25, 15], "texture": "#0"},
				"west": {"uv": [1.25, 14, 1.5, 15], "texture": "#0"},
				"up": {"uv": [3.25, 15, 3, 14.66667], "texture": "#0"},
				"down": {"uv": [3.5, 10.66667, 3.25, 11], "texture": "#0"}
			}
		},
		{
			"from": [2, 1, 14],
			"to": [3, 4, 15],
			"faces": {
				"north": {"uv": [1.5, 14, 1.75, 15], "texture": "#0"},
				"east": {"uv": [2.5, 12.66667, 2.75, 13.66667], "texture": "#0"},
				"south": {"uv": [1.75, 14, 2, 15], "texture": "#0"},
				"west": {"uv": [2, 14, 2.25, 15], "texture": "#0"},
				"up": {"uv": [3.5, 11.33333, 3.25, 11], "texture": "#0"},
				"down": {"uv": [3.5, 11.33333, 3.25, 11.66667], "texture": "#0"}
			}
		},
		{
			"from": [2, 1, 16],
			"to": [3, 4, 17],
			"faces": {
				"north": {"uv": [2.25, 14, 2.5, 15], "texture": "#0"},
				"east": {"uv": [2.5, 13.66667, 2.75, 14.66667], "texture": "#0"},
				"south": {"uv": [2.75, 10.66667, 3, 11.66667], "texture": "#0"},
				"west": {"uv": [2.75, 11.66667, 3, 12.66667], "texture": "#0"},
				"up": {"uv": [3.5, 12, 3.25, 11.66667], "texture": "#0"},
				"down": {"uv": [1.25, 15, 1, 15.33333], "texture": "#0"}
			}
		},
		{
			"from": [4, 1, 16],
			"to": [5, 4, 17],
			"faces": {
				"north": {"uv": [2.75, 12.66667, 3, 13.66667], "texture": "#0"},
				"east": {"uv": [2.75, 13.66667, 3, 14.66667], "texture": "#0"},
				"south": {"uv": [3, 10.66667, 3.25, 11.66667], "texture": "#0"},
				"west": {"uv": [3, 11.66667, 3.25, 12.66667], "texture": "#0"},
				"up": {"uv": [3.5, 12.33333, 3.25, 12], "texture": "#0"},
				"down": {"uv": [1.5, 15, 1.25, 15.33333], "texture": "#0"}
			}
		},
		{
			"from": [3, 2, 16.9],
			"to": [4, 3, 17.9],
			"faces": {
				"north": {"uv": [3.25, 12.33333, 3.5, 12.66667], "texture": "#0"},
				"east": {"uv": [1.5, 15, 1.75, 15.33333], "texture": "#0"},
				"south": {"uv": [3.25, 12.66667, 3.5, 13], "texture": "#0"},
				"west": {"uv": [1.75, 15, 2, 15.33333], "texture": "#0"},
				"up": {"uv": [3.5, 13.33333, 3.25, 13], "texture": "#0"},
				"down": {"uv": [2.25, 15, 2, 15.33333], "texture": "#0"}
			}
		},
		{
			"from": [1, 2, 14.9],
			"to": [2, 3, 15.9],
			"faces": {
				"north": {"uv": [3.25, 13.33333, 3.5, 13.66667], "texture": "#0"},
				"east": {"uv": [2.25, 15, 2.5, 15.33333], "texture": "#0"},
				"south": {"uv": [3.25, 13.66667, 3.5, 14], "texture": "#0"},
				"west": {"uv": [2.5, 15, 2.75, 15.33333], "texture": "#0"},
				"up": {"uv": [3.5, 14.33333, 3.25, 14], "texture": "#0"},
				"down": {"uv": [3, 15, 2.75, 15.33333], "texture": "#0"}
			}
		},
		{
			"from": [5, 2, 14.9],
			"to": [6, 3, 15.9],
			"faces": {
				"north": {"uv": [3.25, 14.33333, 3.5, 14.66667], "texture": "#0"},
				"east": {"uv": [3, 15, 3.25, 15.33333], "texture": "#0"},
				"south": {"uv": [3.25, 14.66667, 3.5, 15], "texture": "#0"},
				"west": {"uv": [3.25, 15, 3.5, 15.33333], "texture": "#0"},
				"up": {"uv": [0.25, 15.66667, 0, 15.33333], "texture": "#0"},
				"down": {"uv": [3.75, 10.66667, 3.5, 11], "texture": "#0"}
			}
		},
		{
			"from": [3, 2, 12.9],
			"to": [4, 3, 13.9],
			"faces": {
				"north": {"uv": [0.25, 15.33333, 0.5, 15.66667], "texture": "#0"},
				"east": {"uv": [3.5, 11, 3.75, 11.33333], "texture": "#0"},
				"south": {"uv": [0.5, 15.33333, 0.75, 15.66667], "texture": "#0"},
				"west": {"uv": [3.5, 11.33333, 3.75, 11.66667], "texture": "#0"},
				"up": {"uv": [1, 15.66667, 0.75, 15.33333], "texture": "#0"},
				"down": {"uv": [3.75, 11.66667, 3.5, 12], "texture": "#0"}
			}
		},
		{
			"from": [2, 0, 15],
			"to": [3, 5, 16],
			"faces": {
				"north": {"uv": [0.25, 13.66667, 0.5, 15.33333], "texture": "#0"},
				"east": {"uv": [0.5, 13.66667, 0.75, 15.33333], "texture": "#0"},
				"south": {"uv": [0.75, 13.66667, 1, 15.33333], "texture": "#0"},
				"west": {"uv": [2.25, 12.33333, 2.5, 14], "texture": "#0"},
				"up": {"uv": [1.25, 15.66667, 1, 15.33333], "texture": "#0"},
				"down": {"uv": [3.75, 12, 3.5, 12.33333], "texture": "#0"}
			}
		},
		{
			"from": [15, 7, -1],
			"to": [16, 16, 0],
			"faces": {
				"north": {"uv": [0, 10.66667, 0.25, 13.66667], "texture": "#0"},
				"east": {"uv": [0.25, 10.66667, 0.5, 13.66667], "texture": "#0"},
				"south": {"uv": [0.5, 10.66667, 0.75, 13.66667], "texture": "#0"},
				"west": {"uv": [0.75, 10.66667, 1, 13.66667], "texture": "#0"},
				"up": {"uv": [3.25, 13, 3, 12.66667], "texture": "#0"},
				"down": {"uv": [3.25, 13, 3, 13.33333], "texture": "#0"}
			}
		},
		{
			"from": [15, 9, 0],
			"to": [16, 14, 1],
			"faces": {
				"north": {"uv": [1, 10.66667, 1.25, 12.33333], "texture": "#0"},
				"east": {"uv": [1.25, 10.66667, 1.5, 12.33333], "texture": "#0"},
				"south": {"uv": [1, 12.33333, 1.25, 14], "texture": "#0"},
				"west": {"uv": [1.25, 12.33333, 1.5, 14], "texture": "#0"},
				"up": {"uv": [3.25, 13.66667, 3, 13.33333], "texture": "#0"},
				"down": {"uv": [3.25, 13.66667, 3, 14], "texture": "#0"}
			}
		},
		{
			"from": [15, 9, -2],
			"to": [16, 14, -1],
			"faces": {
				"north": {"uv": [1.5, 10.66667, 1.75, 12.33333], "texture": "#0"},
				"east": {"uv": [1.5, 12.33333, 1.75, 14], "texture": "#0"},
				"south": {"uv": [1.75, 10.66667, 2, 12.33333], "texture": "#0"},
				"west": {"uv": [1.75, 12.33333, 2, 14], "texture": "#0"},
				"up": {"uv": [2.75, 15, 2.5, 14.66667], "texture": "#0"},
				"down": {"uv": [3.25, 14, 3, 14.33333], "texture": "#0"}
			}
		},
		{
			"from": [16, 9, -1],
			"to": [17, 14, 0],
			"faces": {
				"north": {"uv": [2, 10.66667, 2.25, 12.33333], "texture": "#0"},
				"east": {"uv": [2, 12.33333, 2.25, 14], "texture": "#0"},
				"south": {"uv": [0, 13.66667, 0.25, 15.33333], "texture": "#0"},
				"west": {"uv": [2.25, 10.66667, 2.5, 12.33333], "texture": "#0"},
				"up": {"uv": [3, 15, 2.75, 14.66667], "texture": "#0"},
				"down": {"uv": [3.25, 14.33333, 3, 14.66667], "texture": "#0"}
			}
		},
		{
			"from": [16, 10, -2],
			"to": [17, 13, -1],
			"faces": {
				"north": {"uv": [2.5, 10.66667, 2.75, 11.66667], "texture": "#0"},
				"east": {"uv": [2.5, 11.66667, 2.75, 12.66667], "texture": "#0"},
				"south": {"uv": [1, 14, 1.25, 15], "texture": "#0"},
				"west": {"uv": [1.25, 14, 1.5, 15], "texture": "#0"},
				"up": {"uv": [3.25, 15, 3, 14.66667], "texture": "#0"},
				"down": {"uv": [3.5, 10.66667, 3.25, 11], "texture": "#0"}
			}
		},
		{
			"from": [14, 10, -2],
			"to": [15, 13, -1],
			"faces": {
				"north": {"uv": [1.5, 14, 1.75, 15], "texture": "#0"},
				"east": {"uv": [2.5, 12.66667, 2.75, 13.66667], "texture": "#0"},
				"south": {"uv": [1.75, 14, 2, 15], "texture": "#0"},
				"west": {"uv": [2, 14, 2.25, 15], "texture": "#0"},
				"up": {"uv": [3.5, 11.33333, 3.25, 11], "texture": "#0"},
				"down": {"uv": [3.5, 11.33333, 3.25, 11.66667], "texture": "#0"}
			}
		},
		{
			"from": [14, 10, 0],
			"to": [15, 13, 1],
			"faces": {
				"north": {"uv": [2.25, 14, 2.5, 15], "texture": "#0"},
				"east": {"uv": [2.5, 13.66667, 2.75, 14.66667], "texture": "#0"},
				"south": {"uv": [2.75, 10.66667, 3, 11.66667], "texture": "#0"},
				"west": {"uv": [2.75, 11.66667, 3, 12.66667], "texture": "#0"},
				"up": {"uv": [3.5, 12, 3.25, 11.66667], "texture": "#0"},
				"down": {"uv": [1.25, 15, 1, 15.33333], "texture": "#0"}
			}
		},
		{
			"from": [16, 10, 0],
			"to": [17, 13, 1],
			"faces": {
				"north": {"uv": [2.75, 12.66667, 3, 13.66667], "texture": "#0"},
				"east": {"uv": [2.75, 13.66667, 3, 14.66667], "texture": "#0"},
				"south": {"uv": [3, 10.66667, 3.25, 11.66667], "texture": "#0"},
				"west": {"uv": [3, 11.66667, 3.25, 12.66667], "texture": "#0"},
				"up": {"uv": [3.5, 12.33333, 3.25, 12], "texture": "#0"},
				"down": {"uv": [1.5, 15, 1.25, 15.33333], "texture": "#0"}
			}
		},
		{
			"from": [15, 11, 0.9],
			"to": [16, 12, 1.9],
			"faces": {
				"north": {"uv": [3.25, 12.33333, 3.5, 12.66667], "texture": "#0"},
				"east": {"uv": [1.5, 15, 1.75, 15.33333], "texture": "#0"},
				"south": {"uv": [3.25, 12.66667, 3.5, 13], "texture": "#0"},
				"west": {"uv": [1.75, 15, 2, 15.33333], "texture": "#0"},
				"up": {"uv": [3.5, 13.33333, 3.25, 13], "texture": "#0"},
				"down": {"uv": [2.25, 15, 2, 15.33333], "texture": "#0"}
			}
		},
		{
			"from": [13, 11, -1.1],
			"to": [14, 12, -0.1],
			"faces": {
				"north": {"uv": [3.25, 13.33333, 3.5, 13.66667], "texture": "#0"},
				"east": {"uv": [2.25, 15, 2.5, 15.33333], "texture": "#0"},
				"south": {"uv": [3.25, 13.66667, 3.5, 14], "texture": "#0"},
				"west": {"uv": [2.5, 15, 2.75, 15.33333], "texture": "#0"},
				"up": {"uv": [3.5, 14.33333, 3.25, 14], "texture": "#0"},
				"down": {"uv": [3, 15, 2.75, 15.33333], "texture": "#0"}
			}
		},
		{
			"from": [17, 11, -1.1],
			"to": [18, 12, -0.1],
			"faces": {
				"north": {"uv": [3.25, 14.33333, 3.5, 14.66667], "texture": "#0"},
				"east": {"uv": [3, 15, 3.25, 15.33333], "texture": "#0"},
				"south": {"uv": [3.25, 14.66667, 3.5, 15], "texture": "#0"},
				"west": {"uv": [3.25, 15, 3.5, 15.33333], "texture": "#0"},
				"up": {"uv": [0.25, 15.66667, 0, 15.33333], "texture": "#0"},
				"down": {"uv": [3.75, 10.66667, 3.5, 11], "texture": "#0"}
			}
		},
		{
			"from": [15, 11, -3.1],
			"to": [16, 12, -2.1],
			"faces": {
				"north": {"uv": [0.25, 15.33333, 0.5, 15.66667], "texture": "#0"},
				"east": {"uv": [3.5, 11, 3.75, 11.33333], "texture": "#0"},
				"south": {"uv": [0.5, 15.33333, 0.75, 15.66667], "texture": "#0"},
				"west": {"uv": [3.5, 11.33333, 3.75, 11.66667], "texture": "#0"},
				"up": {"uv": [1, 15.66667, 0.75, 15.33333], "texture": "#0"},
				"down": {"uv": [3.75, 11.66667, 3.5, 12], "texture": "#0"}
			}
		},
		{
			"from": [14, 9, -1],
			"to": [15, 14, 0],
			"faces": {
				"north": {"uv": [0.25, 13.66667, 0.5, 15.33333], "texture": "#0"},
				"east": {"uv": [0.5, 13.66667, 0.75, 15.33333], "texture": "#0"},
				"south": {"uv": [0.75, 13.66667, 1, 15.33333], "texture": "#0"},
				"west": {"uv": [2.25, 12.33333, 2.5, 14], "texture": "#0"},
				"up": {"uv": [1.25, 15.66667, 1, 15.33333], "texture": "#0"},
				"down": {"uv": [3.75, 12, 3.5, 12.33333], "texture": "#0"}
			}
		}
	],
	"display": {
		"gui": {
			"translation": [0, 2, 0]
		},
		"head": {
			"rotation": [0, -180, 0],
			"translation": [0, -80, 2],
			"scale": [4, 4, 4]
		},
		"fixed": {
			"translation": [0, 1.5, 0]
		}
	},
	"groups": [
		{
			"name": "TETE MILIEU",
			"origin": [8, 8, 8],
			"color": 0,
			"nbt": "{}",
			"armAnimationEnabled": false,
			"children": [
				0,
				{
					"name": "pointe 1",
					"origin": [0, 0, 0],
					"color": 0,
					"nbt": "{}",
					"armAnimationEnabled": false,
					"children": [1, 2, 3]
				},
				{
					"name": "pointe 2",
					"origin": [0, 0, 0],
					"color": 0,
					"nbt": "{}",
					"armAnimationEnabled": false,
					"children": [4, 5, 6, 7]
				},
				{
					"name": "pointe 3",
					"origin": [8, 8, 8],
					"color": 0,
					"nbt": "{}",
					"armAnimationEnabled": false,
					"children": [8, 9, 10]
				},
				{
					"name": "pointe 4",
					"origin": [8, 8, 8],
					"color": 0,
					"nbt": "{}",
					"armAnimationEnabled": false,
					"children": [11, 12, 13, 14, 15]
				},
				{
					"name": "pointe 5",
					"origin": [8, 8, 8],
					"color": 0,
					"nbt": "{}",
					"armAnimationEnabled": false,
					"children": [16, 17, 18, 19]
				},
				{
					"name": "pointe 6",
					"origin": [0, 0, 0],
					"color": 0,
					"nbt": "{}",
					"armAnimationEnabled": false,
					"children": [20, 21, 22, 23]
				}
			]
		},
		{
			"name": "tete gauche et droite",
			"origin": [0, 0, 0],
			"color": 0,
			"nbt": "{}",
			"armAnimationEnabled": false,
			"children": [
				{
					"name": "gauche",
					"origin": [0, 0, 0],
					"color": 0,
					"nbt": "{}",
					"armAnimationEnabled": false,
					"children": [
						24,
						{
							"name": "pointe 1",
							"origin": [0, 0, 0],
							"color": 0,
							"nbt": "{}",
							"armAnimationEnabled": false,
							"children": [25, 26, 27, 28]
						},
						{
							"name": "pointe 2",
							"origin": [0, 0, 0],
							"color": 0,
							"nbt": "{}",
							"armAnimationEnabled": false,
							"children": [29, 30, 31, 32, 33]
						},
						{
							"name": "pointe 3",
							"origin": [0, 0, 0],
							"color": 0,
							"nbt": "{}",
							"armAnimationEnabled": false,
							"children": [34, 35, 36]
						}
					]
				},
				{
					"name": "droite",
					"origin": [0, 0, 0],
					"color": 0,
					"nbt": "{}",
					"armAnimationEnabled": false,
					"children": [
						37,
						{
							"name": "pointe 1",
							"origin": [0, 0, 0],
							"color": 0,
							"nbt": "{}",
							"armAnimationEnabled": false,
							"children": [38, 39, 40, 41, 42]
						},
						{
							"name": "pointe 2",
							"origin": [0, 0, 0],
							"color": 0,
							"nbt": "{}",
							"armAnimationEnabled": false,
							"children": [43, 44, 45, 46, 47]
						},
						{
							"name": "pointe 3",
							"origin": [0, 0, 0],
							"color": 0,
							"nbt": "{}",
							"armAnimationEnabled": false,
							"children": [48, 49, 50, 51, 52, 53, 54]
						}
					]
				}
			]
		},
		{
			"name": "corps",
			"origin": [8, 8, 8],
			"color": 0,
			"nbt": "{}",
			"armAnimationEnabled": false,
			"children": [
				55,
				56,
				57,
				{
					"name": "gauche",
					"origin": [8, 8, 8],
					"color": 0,
					"nbt": "{}",
					"armAnimationEnabled": false,
					"children": [
						58,
						{
							"name": "2",
							"origin": [8, 8, 8],
							"color": 0,
							"nbt": "{}",
							"armAnimationEnabled": false,
							"children": [59, 60, 61, 62, 63, 64, 65]
						},
						66
					]
				},
				{
					"name": "droit",
					"origin": [8, 8, 8],
					"color": 0,
					"nbt": "{}",
					"armAnimationEnabled": false,
					"children": [
						{
							"name": "1 droit",
							"origin": [8, 8, 8],
							"color": 0,
							"nbt": "{}",
							"armAnimationEnabled": false,
							"children": [67, 68, 69, 70, 71, 72]
						},
						73,
						74
					]
				}
			]
		},
		{
			"name": "cristaux",
			"origin": [0, 0, 0],
			"color": 0,
			"nbt": "{}",
			"armAnimationEnabled": false,
			"children": [
				{
					"name": "1",
					"origin": [0, 0, 0],
					"color": 0,
					"nbt": "{}",
					"armAnimationEnabled": false,
					"children": [75, 76, 77, 78, 79, 80, 81, 82, 83, 84, 85, 86, 87]
				}
			]
		},
		{
			"name": "cristaux",
			"origin": [0, 0, 0],
			"color": 0,
			"nbt": "{}",
			"armAnimationEnabled": false,
			"children": [
				{
					"name": "1",
					"origin": [0, 0, 0],
					"color": 0,
					"nbt": "{}",
					"armAnimationEnabled": false,
					"children": [88, 89, 90, 91, 92, 93, 94, 95, 96, 97, 98, 99, 100]
				}
			]
		},
		{
			"name": "cristaux",
			"origin": [0, 0, 0],
			"color": 0,
			"nbt": "{}",
			"armAnimationEnabled": false,
			"children": [
				{
					"name": "1",
					"origin": [0, 0, 0],
					"color": 0,
					"nbt": "{}",
					"armAnimationEnabled": false,
					"children": [101, 102, 103, 104, 105, 106, 107, 108, 109, 110, 111, 112, 113]
				}
			]
		},
		{
			"name": "cristaux",
			"origin": [0, 0, 0],
			"color": 0,
			"nbt": "{}",
			"armAnimationEnabled": false,
			"children": [
				{
					"name": "1",
					"origin": [0, 0, 0],
					"color": 0,
					"nbt": "{}",
					"armAnimationEnabled": false,
					"children": [114, 115, 116, 117, 118, 119, 120, 121, 122, 123, 124, 125, 126]
				}
			]
		}
	]
}