{
	"pools": [
		{
			"rolls": 1,
			"entries": [
				{
					"type": "minecraft:item",
					"name": "minecraft:diamond_chestplate",
					"functions": [
						{
							"function": "minecraft:set_components",
							"components": {
								"minecraft:custom_data": {
									"smithed": {
										"dict": {"armor": {"ancient_stardust": true,"chestplate": true}},
										"ignore": {"functionality": true,"crafting": true}
									},
									"stardust": {
										"ancient_stardust_chestplate": true
									}
								},
								"minecraft:max_damage": 791,
								"minecraft:equippable": {
									"slot": "chest",
									"asset_id": "stardust:ancient_stardust"
								},
								"minecraft:attribute_modifiers": [
									{
										"type": "armor",
										"amount": 9.0,
										"operation": "add_value",
										"slot": "chest",
										"id": "stardust:armor.chest"
									},
									{
										"type": "armor_toughness",
										"amount": 3.0,
										"operation": "add_value",
										"slot": "chest",
										"id": "stardust:armor_toughness.chest"
									}
								],
								"minecraft:item_model": "stardust:ancient_stardust_chestplate",
								"minecraft:item_name": {
									"translate": "stardust.ancient_stardust_chestplate"
								},
								"minecraft:lore": [
									[
										"",
										{"text": "I","color": "white","italic": false,"font": "stardust:icons"},
										{"translate": "stardustfragment","italic": true,"color": "blue"}
									]
								]
							}
						}
					]
				}
			]
		}
	]
}
