{
	"pools": [
		{
			"rolls": 1,
			"entries": [
				{
					"type": "minecraft:item",
					"name": "minecraft:diamond_helmet",
					"functions": [
						{
							"function": "minecraft:set_components",
							"components": {
								"minecraft:custom_data": {
									"smithed": {
										"dict": {"armor": {"damaged_stardust": true,"helmet": true}},
										"ignore": {"functionality": true,"crafting": true}
									},
									"stardust": {
										"damaged_stardust_helmet": true
									}
								},
								"minecraft:max_damage": 453,
								"minecraft:attribute_modifiers": [
									{
										"type": "armor",
										"amount": 3.5,
										"operation": "add_value",
										"slot": "head",
										"id": "stardust:armor.head"
									},
									{
										"type": "armor_toughness",
										"amount": 2.5,
										"operation": "add_value",
										"slot": "head",
										"id": "stardust:armor_toughness.head"
									}
								],
								"minecraft:item_model": "stardust:damaged_stardust_helmet",
								"minecraft:item_name": {
									"translate": "stardust.damaged_stardust_helmet"
								},
								"minecraft:lore": [
									[
										"",
										{"text": "I","color": "white","italic": false,"font": "stardust:icons"},
										{"translate": "stardustfragment","italic": true,"color": "blue"}
									]
								]
							}
						}
					]
				}
			]
		}
	]
}
