{
	"pools": [
		{
			"rolls": 1,
			"entries": [
				{
					"type": "minecraft:item",
					"name": "minecraft:netherite_boots",
					"functions": [
						{
							"function": "minecraft:set_components",
							"components": {
								"minecraft:custom_data": {
									"smithed": {
										"dict": {"armor": {"darkium": true,"boots": true}},
										"ignore": {"functionality": true,"crafting": true}
									},
									"stardust": {
										"darkium_boots": true
									}
								},
								"minecraft:max_damage": 2033,
								"minecraft:equippable": {
									"slot": "feet",
									"asset_id": "stardust:darkium"
								},
								"minecraft:attribute_modifiers": [
									{
										"type": "armor",
										"amount": 9.5,
										"operation": "add_value",
										"slot": "feet",
										"id": "stardust:armor.feet"
									},
									{
										"type": "armor_toughness",
										"amount": 5.0,
										"operation": "add_value",
										"slot": "feet",
										"id": "stardust:armor_toughness.feet"
									},
									{
										"type": "knockback_resistance",
										"amount": 0.1,
										"operation": "add_value",
										"slot": "feet",
										"id": "stardust:knockback_resistance.feet"
									},
									{
										"type": "movement_speed",
										"amount": -0.005,
										"operation": "add_value",
										"slot": "feet",
										"id": "stardust:movement_speed.feet"
									}
								],
								"minecraft:item_model": "stardust:darkium_boots",
								"minecraft:item_name": {
									"translate": "stardust.darkium_boots"
								},
								"minecraft:lore": [
									[
										"",
										{"text": "I","color": "white","italic": false,"font": "stardust:icons"},
										{"translate": "stardustfragment","italic": true,"color": "blue"}
									]
								]
							}
						}
					]
				}
			]
		}
	]
}
