{
	"pools": [
		{
			"rolls": 1,
			"entries": [
				{
					"type": "minecraft:item",
					"name": "minecraft:leather_leggings",
					"functions": [
						{
							"function": "minecraft:set_components",
							"components": {
								"minecraft:custom_data": {
									"smithed": {
										"dict": {"armor": {"darkium": true,"leggings": true}},
										"ignore": {"functionality": true,"crafting": true}
									},
									"stardust": {
										"darkium_leggings": true
									}
								},
								"minecraft:max_damage": 2346,
								"minecraft:attribute_modifiers": [
									{
										"type": "armor",
										"amount": 12.5,
										"operation": "add_value",
										"slot": "legs",
										"id": "stardust:armor.legs"
									},
									{
										"type": "armor_toughness",
										"amount": 5.0,
										"operation": "add_value",
										"slot": "legs",
										"id": "stardust:armor_toughness.legs"
									},
									{
										"type": "knockback_resistance",
										"amount": 0.1,
										"operation": "add_value",
										"slot": "legs",
										"id": "stardust:knockback_resistance.legs"
									}
								],
								"minecraft:item_model": "stardust:darkium_leggings",
								"minecraft:item_name": {
									"translate": "stardust.darkium_leggings"
								},
								"minecraft:lore": [
									[
										"",
										{"text": "I","color": "white","italic": false,"font": "stardust:icons"},
										{"translate": "stardustfragment","italic": true,"color": "blue"}
									]
								]
							}
						}
					]
				}
			]
		}
	]
}
