{
	"pools": [
		{
			"rolls": 1,
			"entries": [
				{
					"type": "minecraft:item",
					"name": "minecraft:netherite_axe",
					"functions": [
						{
							"function": "minecraft:set_components",
							"components": {
								"minecraft:custom_data": {
									"smithed": {
										"dict": {"tools": {"darkium": true,"axe": true}},
										"ignore": {"functionality": true,"crafting": true}
									},
									"stardust": {
										"darkium_axe": true
									}
								},
								"minecraft:max_damage": 8585,
								"minecraft:attribute_modifiers": [
									{
										"type": "attack_damage",
										"amount": 26,
										"operation": "add_value",
										"slot": "mainhand",
										"id": "minecraft:base_attack_damage"
									},
									{
										"type": "attack_speed",
										"amount": -3.0,
										"operation": "add_value",
										"slot": "mainhand",
										"id": "minecraft:base_attack_speed"
									},
									{
										"type": "mining_efficiency",
										"amount": 3.0,
										"operation": "add_value",
										"slot": "mainhand",
										"id": "stardust:mining_efficiency.mainhand"
									}
								],
								"minecraft:item_model": "stardust:darkium_axe",
								"minecraft:item_name": {
									"translate": "stardust.darkium_axe"
								},
								"minecraft:lore": [
									[
										"",
										{"text": "I","color": "white","italic": false,"font": "stardust:icons"},
										{"translate": "stardustfragment","italic": true,"color": "blue"}
									]
								]
							}
						}
					]
				}
			]
		}
	]
}
