{
	"pools": [
		{
			"rolls": 1,
			"entries": [
				{
					"type": "minecraft:item",
					"name": "minecraft:furnace",
					"functions": [
						{
							"function": "minecraft:set_components",
							"components": {
								"minecraft:custom_data": {
									"energy": {
										"usage": 375,
										"max_storage": 100000
									},
									"stardust": {
										"quarry": {"block_per_second": 5},
										"quarry_lv3": true
									},
									"smithed": {
										"ignore": {"functionality": true,"crafting": true}
									}
								},
								"minecraft:item_name": {
									"translate": "stardust.quarry_lv_3",
									"italic": false
								},
								"minecraft:lore": [
									{
										"translate": "stardust.speed_5_block_s",
										"italic": false,
										"color": "gray"
									},
									{
										"translate": "stardust.power_usage_375_kw",
										"italic": false,
										"color": "gray"
									},
									{
										"translate": "stardust.energy_buffer_100_mj",
										"italic": false,
										"color": "gray"
									},
									[
										"",
										{"text": "I","color": "white","italic": false,"font": "stardust:icons"},
										{"translate": "stardustfragment","italic": true,"color": "blue"}
									]
								],
								"minecraft:item_model": "stardust:quarry_lv3",
								"minecraft:container": [
									{
										"slot": 0,
										"item": {"id": "minecraft:stone","count": 1,"components": {"minecraft:custom_data": {"smithed": {"block": {"id": "stardust:quarry_lv3","from": "stardust"}}}}}
									}
								],
								"minecraft:tooltip_display": {
									"hidden_components": [
										"minecraft:container"
									]
								}
							}
						}
					]
				}
			]
		}
	]
}
