{
	"pools": [
		{
			"rolls": 1,
			"entries": [
				{
					"type": "minecraft:item",
					"name": "minecraft:warped_fungus_on_a_stick",
					"functions": [
						{
							"function": "minecraft:set_components",
							"components": {
								"minecraft:max_damage": 672,
								"minecraft:custom_data": {
									"stardust": {
										"sniper": {"damage": 6,"cooldown": 20,"playsound": "stardust:stardust_sniper_shot"},
										"stardust_sniper": true
									},
									"smithed": {
										"ignore": {"functionality": true,"crafting": true}
									}
								},
								"minecraft:item_model": "stardust:stardust_sniper",
								"minecraft:item_name": {
									"translate": "stardust_sniper"
								},
								"minecraft:lore": [
									[
										"",
										{"text": "I","color": "white","italic": false,"font": "stardust:icons"},
										{"translate": "stardustfragment","italic": true,"color": "blue"}
									]
								]
							}
						}
					]
				}
			]
		}
	]
}
