{
	"pools": [
		{
			"rolls": 1,
			"entries": [
				{
					"type": "minecraft:item",
					"name": "minecraft:command_block",
					"functions": [
						{
							"function": "minecraft:set_components",
							"components": {
								"minecraft:consumable": {
									"animation": "bow",
									"has_consume_particles": false,
									"sound": {
										"sound_id": "stardust:starlight_infuser_consuming"
									}
								},
								"minecraft:rarity": "epic",
								"minecraft:lore": [
									{
										"translate": "stardust.summoner_of_the_stardust_pillar_boss",
										"italic": false,
										"color": "white"
									},
									[
										"",
										{"text": "I","color": "white","italic": false,"font": "stardust:icons"},
										{"translate": "stardustfragment","italic": true,"color": "blue"}
									]
								],
								"minecraft:item_model": "stardust:starlight_infuser",
								"minecraft:item_name": {
									"translate": "stardust.starlight_infuser"
								},
								"minecraft:custom_data": {
									"stardust": {
										"starlight_infuser": true
									},
									"smithed": {
										"ignore": {"functionality": true,"crafting": true}
									}
								}
							}
						}
					]
				}
			]
		}
	]
}
