{
	"stoupy_suno_cosmic_threat": {
		"subtitle": "stoupy_suno_cosmic_threat",
		"sounds": [{"name": "stardust:stoupy_suno_cosmic_threat","stream": true}]
	},
	"stoupy_suno_prismatic_devastation": {
		"subtitle": "stoupy_suno_prismatic_devastation",
		"sounds": [{"name": "stardust:stoupy_suno_prismatic_devastation","stream": true}]
	},
	"stoupy_suno_starfall_menace": {
		"subtitle": "stoupy_suno_starfall_menace",
		"sounds": [{"name": "stardust:stoupy_suno_starfall_menace","stream": true}]
	},
	"stoupy_suno_the_ultimate_ascension": {
		"subtitle": "stoupy_suno_the_ultimate_ascension",
		"sounds": [{"name": "stardust:stoupy_suno_the_ultimate_ascension","stream": true}]
	},
	"awakened_forge_crafting": {
		"subtitle": "Awakened Forge Crafting",
		"sounds": ["stardust:awakened_forge_crafting"]
	},
	"awakened_stardust_sniper_shot": {
		"subtitle": "Awakened Stardust Sniper Shot",
		"sounds": ["stardust:awakened_stardust_sniper_shot"]
	},
	"life_crystal": {
		"subtitle": "Life Crystal",
		"sounds": ["stardust:life_crystal"]
	},
	"nether_star_generator": {
		"subtitle": "Nether Star Generator",
		"sounds": ["stardust:nether_star_generator"]
	},
	"stardust_sniper_shot": {
		"subtitle": "Stardust Sniper Shot",
		"sounds": ["stardust:stardust_sniper_shot"]
	},
	"ultimate_sniper_shot": {
		"subtitle": "Ultimate Sniper Shot",
		"sounds": ["stardust:ultimate_sniper_shot"]
	},
	"wolf_howl": {
		"subtitle": "Wolf Howl",
		"sounds": ["stardust:wolf_howl_1","stardust:wolf_howl_2"]
	},
	"wormhole_potion": {
		"subtitle": "Wormhole Potion",
		"sounds": ["stardust:wormhole_potion"]
	}
}
