{
	"criteria": {
		"requirement": {
			"trigger": "minecraft:item_used_on_block",
			"conditions": {
				"location": [
					{
						"condition": "minecraft:match_tool",
						"predicate": {
							"items": [
								"minecraft:item_frame"
							],
							"predicates": {
								"minecraft:custom_data": {
									"stardust": {
										"stardust_seed": true
									}
								}
							}
						}
					}
				]
			}
		}
	},
	"requirements": [
		[
			"requirement"
		]
	],
	"rewards": {
		"function": "stardust:custom_blocks/stardust_seed/search"
	}
}
