{
	"display": {
		"icon": {
			"id": "minecraft:command_block",
			"components": {
				"minecraft:item_model": "stardust:lucky_artifact_bag"
			}
		},
		"title": {
			"translate": "stardust.what_am_i_going_to_take_out",
			"color": "aqua"
		},
		"description": {
			"translate": "stardust.find_a_lucky_artifact_bag",
			"color": "green"
		},
		"frame": "task",
		"show_toast": true,
		"announce_to_chat": true,
		"hidden": false
	},
	"criteria": {
		"requirement": {
			"trigger": "minecraft:inventory_changed",
			"conditions": {
				"items": [
					{
						"predicates": {
							"minecraft:custom_data": {"stardust": {"lucky_artifact_bag": true}}
						}
					}
				]
			}
		}
	},
	"requirements": [
		[
			"requirement"
		]
	],
	"parent": "stardust:visible/stardust_fragment"
}
