{
  "model": {
    "type": "minecraft:range_dispatch",
    "property": "minecraft:custom_model_data",
    "entries": [
      {
        "threshold": 0,
        "model": {
          "type": "minecraft:model",
          "model": "simplenergy:block/simple_cable/variant"
        }
      },
      {
        "threshold": 1,
        "model": {
          "type": "minecraft:model",
          "model": "simplenergy:block/simple_cable/variant_d"
        }
      },
      {
        "threshold": 2,
        "model": {
          "type": "minecraft:model",
          "model": "simplenergy:block/simple_cable/variant_u"
        }
      },
      {
        "threshold": 3,
        "model": {
          "type": "minecraft:model",
          "model": "simplenergy:block/simple_cable/variant_ud"
        }
      },
      {
        "threshold": 4,
        "model": {
          "type": "minecraft:model",
          "model": "simplenergy:block/simple_cable/variant_n"
        }
      },
      {
        "threshold": 5,
        "model": {
          "type": "minecraft:model",
          "model": "simplenergy:block/simple_cable/variant_dn"
        }
      },
      {
        "threshold": 6,
        "model": {
          "type": "minecraft:model",
          "model": "simplenergy:block/simple_cable/variant_un"
        }
      },
      {
        "threshold": 7,
        "model": {
          "type": "minecraft:model",
          "model": "simplenergy:block/simple_cable/variant_udn"
        }
      },
      {
        "threshold": 8,
        "model": {
          "type": "minecraft:model",
          "model": "simplenergy:block/simple_cable/variant_s"
        }
      },
      {
        "threshold": 9,
        "model": {
          "type": "minecraft:model",
          "model": "simplenergy:block/simple_cable/variant_ds"
        }
      },
      {
        "threshold": 10,
        "model": {
          "type": "minecraft:model",
          "model": "simplenergy:block/simple_cable/variant_us"
        }
      },
      {
        "threshold": 11,
        "model": {
          "type": "minecraft:model",
          "model": "simplenergy:block/simple_cable/variant_uds"
        }
      },
      {
        "threshold": 12,
        "model": {
          "type": "minecraft:model",
          "model": "simplenergy:block/simple_cable/variant_ns"
        }
      },
      {
        "threshold": 13,
        "model": {
          "type": "minecraft:model",
          "model": "simplenergy:block/simple_cable/variant_dns"
        }
      },
      {
        "threshold": 14,
        "model": {
          "type": "minecraft:model",
          "model": "simplenergy:block/simple_cable/variant_uns"
        }
      },
      {
        "threshold": 15,
        "model": {
          "type": "minecraft:model",
          "model": "simplenergy:block/simple_cable/variant_udns"
        }
      },
      {
        "threshold": 16,
        "model": {
          "type": "minecraft:model",
          "model": "simplenergy:block/simple_cable/variant_w"
        }
      },
      {
        "threshold": 17,
        "model": {
          "type": "minecraft:model",
          "model": "simplenergy:block/simple_cable/variant_dw"
        }
      },
      {
        "threshold": 18,
        "model": {
          "type": "minecraft:model",
          "model": "simplenergy:block/simple_cable/variant_uw"
        }
      },
      {
        "threshold": 19,
        "model": {
          "type": "minecraft:model",
          "model": "simplenergy:block/simple_cable/variant_udw"
        }
      },
      {
        "threshold": 20,
        "model": {
          "type": "minecraft:model",
          "model": "simplenergy:block/simple_cable/variant_nw"
        }
      },
      {
        "threshold": 21,
        "model": {
          "type": "minecraft:model",
          "model": "simplenergy:block/simple_cable/variant_dnw"
        }
      },
      {
        "threshold": 22,
        "model": {
          "type": "minecraft:model",
          "model": "simplenergy:block/simple_cable/variant_unw"
        }
      },
      {
        "threshold": 23,
        "model": {
          "type": "minecraft:model",
          "model": "simplenergy:block/simple_cable/variant_udnw"
        }
      },
      {
        "threshold": 24,
        "model": {
          "type": "minecraft:model",
          "model": "simplenergy:block/simple_cable/variant_sw"
        }
      },
      {
        "threshold": 25,
        "model": {
          "type": "minecraft:model",
          "model": "simplenergy:block/simple_cable/variant_dsw"
        }
      },
      {
        "threshold": 26,
        "model": {
          "type": "minecraft:model",
          "model": "simplenergy:block/simple_cable/variant_usw"
        }
      },
      {
        "threshold": 27,
        "model": {
          "type": "minecraft:model",
          "model": "simplenergy:block/simple_cable/variant_udsw"
        }
      },
      {
        "threshold": 28,
        "model": {
          "type": "minecraft:model",
          "model": "simplenergy:block/simple_cable/variant_nsw"
        }
      },
      {
        "threshold": 29,
        "model": {
          "type": "minecraft:model",
          "model": "simplenergy:block/simple_cable/variant_dnsw"
        }
      },
      {
        "threshold": 30,
        "model": {
          "type": "minecraft:model",
          "model": "simplenergy:block/simple_cable/variant_unsw"
        }
      },
      {
        "threshold": 31,
        "model": {
          "type": "minecraft:model",
          "model": "simplenergy:block/simple_cable/variant_udnsw"
        }
      },
      {
        "threshold": 32,
        "model": {
          "type": "minecraft:model",
          "model": "simplenergy:block/simple_cable/variant_e"
        }
      },
      {
        "threshold": 33,
        "model": {
          "type": "minecraft:model",
          "model": "simplenergy:block/simple_cable/variant_de"
        }
      },
      {
        "threshold": 34,
        "model": {
          "type": "minecraft:model",
          "model": "simplenergy:block/simple_cable/variant_ue"
        }
      },
      {
        "threshold": 35,
        "model": {
          "type": "minecraft:model",
          "model": "simplenergy:block/simple_cable/variant_ude"
        }
      },
      {
        "threshold": 36,
        "model": {
          "type": "minecraft:model",
          "model": "simplenergy:block/simple_cable/variant_ne"
        }
      },
      {
        "threshold": 37,
        "model": {
          "type": "minecraft:model",
          "model": "simplenergy:block/simple_cable/variant_dne"
        }
      },
      {
        "threshold": 38,
        "model": {
          "type": "minecraft:model",
          "model": "simplenergy:block/simple_cable/variant_une"
        }
      },
      {
        "threshold": 39,
        "model": {
          "type": "minecraft:model",
          "model": "simplenergy:block/simple_cable/variant_udne"
        }
      },
      {
        "threshold": 40,
        "model": {
          "type": "minecraft:model",
          "model": "simplenergy:block/simple_cable/variant_se"
        }
      },
      {
        "threshold": 41,
        "model": {
          "type": "minecraft:model",
          "model": "simplenergy:block/simple_cable/variant_dse"
        }
      },
      {
        "threshold": 42,
        "model": {
          "type": "minecraft:model",
          "model": "simplenergy:block/simple_cable/variant_use"
        }
      },
      {
        "threshold": 43,
        "model": {
          "type": "minecraft:model",
          "model": "simplenergy:block/simple_cable/variant_udse"
        }
      },
      {
        "threshold": 44,
        "model": {
          "type": "minecraft:model",
          "model": "simplenergy:block/simple_cable/variant_nse"
        }
      },
      {
        "threshold": 45,
        "model": {
          "type": "minecraft:model",
          "model": "simplenergy:block/simple_cable/variant_dnse"
        }
      },
      {
        "threshold": 46,
        "model": {
          "type": "minecraft:model",
          "model": "simplenergy:block/simple_cable/variant_unse"
        }
      },
      {
        "threshold": 47,
        "model": {
          "type": "minecraft:model",
          "model": "simplenergy:block/simple_cable/variant_udnse"
        }
      },
      {
        "threshold": 48,
        "model": {
          "type": "minecraft:model",
          "model": "simplenergy:block/simple_cable/variant_ew"
        }
      },
      {
        "threshold": 49,
        "model": {
          "type": "minecraft:model",
          "model": "simplenergy:block/simple_cable/variant_dew"
        }
      },
      {
        "threshold": 50,
        "model": {
          "type": "minecraft:model",
          "model": "simplenergy:block/simple_cable/variant_uew"
        }
      },
      {
        "threshold": 51,
        "model": {
          "type": "minecraft:model",
          "model": "simplenergy:block/simple_cable/variant_udew"
        }
      },
      {
        "threshold": 52,
        "model": {
          "type": "minecraft:model",
          "model": "simplenergy:block/simple_cable/variant_new"
        }
      },
      {
        "threshold": 53,
        "model": {
          "type": "minecraft:model",
          "model": "simplenergy:block/simple_cable/variant_dnew"
        }
      },
      {
        "threshold": 54,
        "model": {
          "type": "minecraft:model",
          "model": "simplenergy:block/simple_cable/variant_unew"
        }
      },
      {
        "threshold": 55,
        "model": {
          "type": "minecraft:model",
          "model": "simplenergy:block/simple_cable/variant_udnew"
        }
      },
      {
        "threshold": 56,
        "model": {
          "type": "minecraft:model",
          "model": "simplenergy:block/simple_cable/variant_sew"
        }
      },
      {
        "threshold": 57,
        "model": {
          "type": "minecraft:model",
          "model": "simplenergy:block/simple_cable/variant_dsew"
        }
      },
      {
        "threshold": 58,
        "model": {
          "type": "minecraft:model",
          "model": "simplenergy:block/simple_cable/variant_usew"
        }
      },
      {
        "threshold": 59,
        "model": {
          "type": "minecraft:model",
          "model": "simplenergy:block/simple_cable/variant_udsew"
        }
      },
      {
        "threshold": 60,
        "model": {
          "type": "minecraft:model",
          "model": "simplenergy:block/simple_cable/variant_nsew"
        }
      },
      {
        "threshold": 61,
        "model": {
          "type": "minecraft:model",
          "model": "simplenergy:block/simple_cable/variant_dnsew"
        }
      },
      {
        "threshold": 62,
        "model": {
          "type": "minecraft:model",
          "model": "simplenergy:block/simple_cable/variant_unsew"
        }
      },
      {
        "threshold": 63,
        "model": {
          "type": "minecraft:model",
          "model": "simplenergy:block/simple_cable/variant_udnsew"
        }
      }
    ]
  }
}
